sample_id,dataset,patient_id,protocol_role,locked,binary_label_id,fine_label_name,event_duration_seconds,target,probability_1_seed20260729,probability_1_seed20260730,probability_1_seed20260731,probability_1,probability_0,prediction
icbhi2017::111_1b2_Tc_sc_Meditron__cycle_000,icbhi2017,icbhi2017::111,calibration,False,0,normal,2.3280000000000003,0,0.31577483,0.13987249,0.29646447,0.25070392999999996,0.74929607,0
icbhi2017::111_1b2_Tc_sc_Meditron__cycle_001,icbhi2017,icbhi2017::111,calibration,False,0,normal,2.6569999999999996,0,0.067355804,0.026201546,0.08732197,0.06029310666666667,0.9397068933333333,0
icbhi2017::111_1b2_Tc_sc_Meditron__cycle_002,icbhi2017,icbhi2017::111,calibration,False,0,normal,2.5570000000000004,0,0.27373517,0.39851686,0.31724152,0.32983118333333333,0.6701688166666666,0
icbhi2017::111_1b2_Tc_sc_Meditron__cycle_003,icbhi2017,icbhi2017::111,calibration,False,0,normal,2.8000000000000007,0,0.08005317,0.11005991,0.08641544,0.09217617333333333,0.9078238266666667,0
icbhi2017::111_1b2_Tc_sc_Meditron__cycle_004,icbhi2017,icbhi2017::111,calibration,False,0,normal,2.671999999999999,0,0.1296223,0.07714857,0.2250377,0.14393619,0.85606381,0
icbhi2017::111_1b2_Tc_sc_Meditron__cycle_005,icbhi2017,icbhi2017::111,calibration,False,0,normal,2.4000000000000004,0,0.14200465,0.11077382,0.13560696,0.12946180999999998,0.87053819,0
icbhi2017::111_1b2_Tc_sc_Meditron__cycle_006,icbhi2017,icbhi2017::111,calibration,False,0,normal,2.657,0,0.22265373,0.28402728,0.23098958,0.24589019666666667,0.7541098033333333,0
icbhi2017::111_1b2_Tc_sc_Meditron__cycle_007,icbhi2017,icbhi2017::111,calibration,False,0,normal,1.8999999999999984,0,0.17472273,0.04138597,0.1032556,0.10645476666666666,0.8935452333333334,0
icbhi2017::111_1b3_Tc_sc_Meditron__cycle_000,icbhi2017,icbhi2017::111,calibration,False,0,normal,0.5569999999999999,0,0.8965709,0.8767435,0.91480017,0.89603819,0.10396181000000004,1
icbhi2017::111_1b3_Tc_sc_Meditron__cycle_001,icbhi2017,icbhi2017::111,calibration,False,0,normal,2.6710000000000003,0,0.079269364,0.046052374,0.060409162,0.061910299999999995,0.9380897,0
icbhi2017::111_1b3_Tc_sc_Meditron__cycle_002,icbhi2017,icbhi2017::111,calibration,False,0,normal,2.5,0,0.18760896,0.0655109,0.25317442,0.16876475999999999,0.83123524,0
icbhi2017::111_1b3_Tc_sc_Meditron__cycle_003,icbhi2017,icbhi2017::111,calibration,False,0,normal,2.6430000000000007,0,0.27211472,0.36914337,0.3795135,0.3402571966666667,0.6597428033333332,0
icbhi2017::111_1b3_Tc_sc_Meditron__cycle_004,icbhi2017,icbhi2017::111,calibration,False,0,normal,2.5,0,0.13450086,0.04715487,0.1630302,0.11489531000000001,0.88510469,0
icbhi2017::111_1b3_Tc_sc_Meditron__cycle_005,icbhi2017,icbhi2017::111,calibration,False,0,normal,2.6289999999999996,0,0.085634485,0.085033506,0.38029197,0.18365332033333334,0.8163466796666666,0
icbhi2017::111_1b3_Tc_sc_Meditron__cycle_006,icbhi2017,icbhi2017::111,calibration,False,0,normal,2.700000000000001,0,0.084289305,0.122683786,0.10331677,0.10342995366666667,0.8965700463333334,0
icbhi2017::111_1b3_Tc_sc_Meditron__cycle_007,icbhi2017,icbhi2017::111,calibration,False,0,normal,2.442,0,0.20592177,0.109748565,0.25914192,0.19160408500000004,0.808395915,0
icbhi2017::111_1b3_Tc_sc_Meditron__cycle_008,icbhi2017,icbhi2017::111,calibration,False,0,normal,1.3149999999999975,0,0.03340713,0.010597052,0.07608587,0.040030017333333334,0.9599699826666667,0
icbhi2017::116_1b2_Pl_sc_Meditron__cycle_000,icbhi2017,icbhi2017::116,calibration,False,0,normal,3.4280000000000004,0,0.50360125,0.1349909,0.31145424,0.31668213,0.68331787,0
icbhi2017::116_1b2_Pl_sc_Meditron__cycle_001,icbhi2017,icbhi2017::116,calibration,False,1,wheeze,7.0569999999999995,1,0.37537688,0.116848856,0.3180207,0.27008214533333336,0.7299178546666667,0
icbhi2017::116_1b2_Pl_sc_Meditron__cycle_002,icbhi2017,icbhi2017::116,calibration,False,1,wheeze,6.828999999999999,1,0.5852524,0.27530792,0.5084364,0.45633224000000006,0.5436677599999999,0
icbhi2017::116_1b2_Pl_sc_Meditron__cycle_003,icbhi2017,icbhi2017::116,calibration,False,0,normal,2.6140000000000008,0,0.049653165,0.0030197217,0.08904376,0.047238882233333335,0.9527611177666666,0
icbhi2017::116_1b2_Tc_sc_Meditron__cycle_000,icbhi2017,icbhi2017::116,calibration,False,0,normal,6.513999999999999,0,0.06353228,0.028435092,0.12046926,0.07081221066666667,0.9291877893333333,0
icbhi2017::116_1b2_Tc_sc_Meditron__cycle_001,icbhi2017,icbhi2017::116,calibration,False,0,normal,5.471,0,0.05543906,0.018919727,0.08503274,0.05313050899999999,0.946869491,0
icbhi2017::116_1b2_Tc_sc_Meditron__cycle_002,icbhi2017,icbhi2017::116,calibration,False,0,normal,6.615,0,0.04563221,0.027675537,0.11548434,0.06293069566666666,0.9370693043333334,0
icbhi2017::116_1b2_Tc_sc_Meditron__cycle_003,icbhi2017,icbhi2017::116,calibration,False,0,normal,1.3709999999999989,0,0.040525336,0.01132685,0.10124856,0.051033582,0.948966418,0
icbhi2017::125_1b1_Tc_sc_Meditron__cycle_000,icbhi2017,icbhi2017::125,calibration,False,0,normal,1.043,0,0.06585211,0.011518129,0.16418543,0.08051855633333334,0.9194814436666666,0
icbhi2017::125_1b1_Tc_sc_Meditron__cycle_001,icbhi2017,icbhi2017::125,calibration,False,0,normal,3.843,0,0.036603265,0.019351121,0.1488669,0.068273762,0.931726238,0
icbhi2017::125_1b1_Tc_sc_Meditron__cycle_002,icbhi2017,icbhi2017::125,calibration,False,1,crackle,4.271000000000001,1,0.040309794,0.011695495,0.17955106,0.07718544966666667,0.9228145503333334,0
icbhi2017::125_1b1_Tc_sc_Meditron__cycle_003,icbhi2017,icbhi2017::125,calibration,False,0,normal,2.828999999999999,0,0.08345978,0.009785633,0.10365227,0.06563256099999999,0.934367439,0
icbhi2017::125_1b1_Tc_sc_Meditron__cycle_004,icbhi2017,icbhi2017::125,calibration,False,1,crackle,3.785,1,0.20195612,0.022552446,0.13302755,0.11917870533333334,0.8808212946666667,0
icbhi2017::125_1b1_Tc_sc_Meditron__cycle_005,icbhi2017,icbhi2017::125,calibration,False,0,normal,4.142999999999999,0,0.13775632,0.045132596,0.11726608,0.10005166533333332,0.8999483346666667,0
icbhi2017::129_1b1_Ar_sc_Meditron__cycle_000,icbhi2017,icbhi2017::129,calibration,False,0,normal,1.286,0,0.023775537,0.052350566,0.064599566,0.04690855633333333,0.9530914436666666,0
icbhi2017::129_1b1_Ar_sc_Meditron__cycle_001,icbhi2017,icbhi2017::129,calibration,False,1,crackle,2.671,1,0.012218027,0.016915105,0.06789563,0.032342920666666664,0.9676570793333333,0
icbhi2017::129_1b1_Ar_sc_Meditron__cycle_002,icbhi2017,icbhi2017::129,calibration,False,0,normal,2.6,0,0.035034783,0.020384125,0.0825464,0.045988436,0.954011564,0
icbhi2017::129_1b1_Ar_sc_Meditron__cycle_003,icbhi2017,icbhi2017::129,calibration,False,1,crackle,2.228,1,0.042953104,0.21447314,0.11510958,0.12417860800000001,0.875821392,0
icbhi2017::129_1b1_Ar_sc_Meditron__cycle_004,icbhi2017,icbhi2017::129,calibration,False,1,crackle,2.4429999999999996,1,0.0939201,0.035126224,0.21563631,0.11489421133333333,0.8851057886666667,0
icbhi2017::129_1b1_Ar_sc_Meditron__cycle_005,icbhi2017,icbhi2017::129,calibration,False,1,crackle,2.572000000000001,1,0.018464,0.01944669,0.06437276,0.034094483333333335,0.9659055166666667,0
icbhi2017::129_1b1_Ar_sc_Meditron__cycle_006,icbhi2017,icbhi2017::129,calibration,False,1,crackle,2.543000000000001,1,0.0539873,0.011267226,0.12748984,0.064248122,0.935751878,0
icbhi2017::129_1b1_Ar_sc_Meditron__cycle_007,icbhi2017,icbhi2017::129,calibration,False,0,normal,2.456999999999997,0,0.029741611,0.019613573,0.23711815,0.09549111133333332,0.9045088886666667,0
icbhi2017::129_1b1_Ar_sc_Meditron__cycle_008,icbhi2017,icbhi2017::129,calibration,False,0,normal,0.7280000000000015,0,0.06591239,0.08566606,0.29199386,0.14785743666666665,0.8521425633333334,0
icbhi2017::140_2b2_Ll_mc_LittC2SE__cycle_000,icbhi2017,icbhi2017::140,calibration,False,0,normal,1.114,0,0.078829125,0.019279838,0.32078853,0.13963249766666666,0.8603675023333334,0
icbhi2017::140_2b2_Ll_mc_LittC2SE__cycle_001,icbhi2017,icbhi2017::140,calibration,False,0,normal,1.9710000000000003,0,0.059149135,0.08234646,0.098078884,0.07985815966666666,0.9201418403333333,0
icbhi2017::140_2b2_Ll_mc_LittC2SE__cycle_002,icbhi2017,icbhi2017::140,calibration,False,0,normal,2.072,0,0.18713917,0.040635996,0.19678584,0.14152033533333333,0.8584796646666667,0
icbhi2017::140_2b2_Ll_mc_LittC2SE__cycle_003,icbhi2017,icbhi2017::140,calibration,False,0,normal,1.928,0,0.039502617,0.016371688,0.05289883,0.036257711666666664,0.9637422883333333,0
icbhi2017::140_2b2_Ll_mc_LittC2SE__cycle_004,icbhi2017,icbhi2017::140,calibration,False,0,normal,2.457,0,0.016878184,0.016774869,0.04830794,0.027320331000000003,0.972679669,0
icbhi2017::140_2b2_Ll_mc_LittC2SE__cycle_005,icbhi2017,icbhi2017::140,calibration,False,0,normal,1.8859999999999992,0,0.13381238,0.022544837,0.13488474,0.09708065233333334,0.9029193476666667,0
icbhi2017::140_2b2_Ll_mc_LittC2SE__cycle_006,icbhi2017,icbhi2017::140,calibration,False,1,crackle,1.9860000000000009,1,0.33519578,0.20809644,0.40969655,0.3176629233333333,0.6823370766666668,0
icbhi2017::140_2b2_Ll_mc_LittC2SE__cycle_007,icbhi2017,icbhi2017::140,calibration,False,0,normal,2.0429999999999993,0,0.026598873,0.01719709,0.11712008,0.053638681,0.946361319,0
icbhi2017::140_2b2_Ll_mc_LittC2SE__cycle_008,icbhi2017,icbhi2017::140,calibration,False,0,normal,2.0,0,0.030345459,0.031700123,0.0834092,0.04848492733333334,0.9515150726666667,0
icbhi2017::140_2b2_Ll_mc_LittC2SE__cycle_009,icbhi2017,icbhi2017::140,calibration,False,0,normal,2.2570000000000014,0,0.030954557,0.018457314,0.1326778,0.060696557000000005,0.939303443,0
icbhi2017::140_2b2_Ll_mc_LittC2SE__cycle_010,icbhi2017,icbhi2017::140,calibration,False,0,normal,0.2569999999999979,0,0.15258783,0.1083323,0.26532054,0.17541355666666666,0.8245864433333333,0
icbhi2017::140_2b2_Tc_mc_LittC2SE__cycle_000,icbhi2017,icbhi2017::140,calibration,False,0,normal,1.814,0,0.104329176,0.011395657,0.07498186,0.06356889766666667,0.9364311023333334,0
icbhi2017::140_2b2_Tc_mc_LittC2SE__cycle_001,icbhi2017,icbhi2017::140,calibration,False,1,crackle,2.2289999999999996,1,0.41156167,0.16157681,0.2708288,0.2813224266666667,0.7186775733333333,0
icbhi2017::140_2b2_Tc_mc_LittC2SE__cycle_002,icbhi2017,icbhi2017::140,calibration,False,0,normal,2.357,0,0.3898483,0.25508827,0.20930795,0.28474817333333335,0.7152518266666666,0
icbhi2017::140_2b2_Tc_mc_LittC2SE__cycle_003,icbhi2017,icbhi2017::140,calibration,False,0,normal,2.0709999999999997,0,0.3568801,0.19027768,0.12097495,0.22271091,0.77728909,0
icbhi2017::140_2b2_Tc_mc_LittC2SE__cycle_004,icbhi2017,icbhi2017::140,calibration,False,0,normal,1.9139999999999997,0,0.24161723,0.14240867,0.29693738,0.22698775999999998,0.77301224,0
icbhi2017::140_2b2_Tc_mc_LittC2SE__cycle_005,icbhi2017,icbhi2017::140,calibration,False,0,normal,2.043000000000001,0,0.24310331,0.24635594,0.35233152,0.28059692333333336,0.7194030766666666,0
icbhi2017::140_2b2_Tc_mc_LittC2SE__cycle_006,icbhi2017,icbhi2017::140,calibration,False,0,normal,2.0570000000000004,0,0.45564196,0.41017795,0.24557437,0.37046476,0.62953524,0
icbhi2017::140_2b2_Tc_mc_LittC2SE__cycle_007,icbhi2017,icbhi2017::140,calibration,False,0,normal,1.7579999999999991,0,0.1691977,0.058086704,0.27170545,0.16632995133333334,0.8336700486666666,0
icbhi2017::140_2b2_Tc_mc_LittC2SE__cycle_008,icbhi2017,icbhi2017::140,calibration,False,0,normal,2.213999999999998,0,0.17309402,0.11726334,0.3662398,0.21886572,0.78113428,0
icbhi2017::140_2b2_Tc_mc_LittC2SE__cycle_009,icbhi2017,icbhi2017::140,calibration,False,0,normal,1.471,0,0.16027972,0.08950436,0.27314788,0.17431065333333332,0.8256893466666667,0
icbhi2017::140_2b3_Ll_mc_LittC2SE__cycle_000,icbhi2017,icbhi2017::140,calibration,False,0,normal,3.272,0,0.14608404,0.06349521,0.108305685,0.105961645,0.894038355,0
icbhi2017::140_2b3_Ll_mc_LittC2SE__cycle_001,icbhi2017,icbhi2017::140,calibration,False,1,wheeze,2.114,1,0.28322685,0.82233226,0.36813375,0.4912309533333333,0.5087690466666668,0
icbhi2017::140_2b3_Ll_mc_LittC2SE__cycle_002,icbhi2017,icbhi2017::140,calibration,False,1,wheeze,2.4000000000000004,1,0.14250067,0.034428068,0.21852466,0.13181779933333335,0.8681822006666666,0
icbhi2017::140_2b3_Ll_mc_LittC2SE__cycle_003,icbhi2017,icbhi2017::140,calibration,False,1,wheeze,1.770999999999999,1,0.24573188,0.10257522,0.25955614,0.20262107999999998,0.79737892,0
icbhi2017::140_2b3_Ll_mc_LittC2SE__cycle_004,icbhi2017,icbhi2017::140,calibration,False,0,normal,1.9430000000000016,0,0.030978067,0.022836242,0.040991344,0.03160188433333334,0.9683981156666667,0
icbhi2017::140_2b3_Ll_mc_LittC2SE__cycle_005,icbhi2017,icbhi2017::140,calibration,False,0,normal,2.213999999999998,0,0.07036107,0.024552226,0.09259411,0.06250246866666666,0.9374975313333334,0
icbhi2017::140_2b3_Ll_mc_LittC2SE__cycle_006,icbhi2017,icbhi2017::140,calibration,False,0,normal,2.243000000000002,0,0.05782665,0.014400374,0.16698806,0.07973836133333333,0.9202616386666667,0
icbhi2017::140_2b3_Ll_mc_LittC2SE__cycle_007,icbhi2017,icbhi2017::140,calibration,False,0,normal,2.1999999999999993,0,0.07336759,0.011323326,0.13425048,0.07298046533333334,0.9270195346666666,0
icbhi2017::140_2b3_Ll_mc_LittC2SE__cycle_008,icbhi2017,icbhi2017::140,calibration,False,0,normal,1.599999999999998,0,0.04367236,0.030314649,0.1404019,0.07146296966666667,0.9285370303333333,0
icbhi2017::140_2b3_Tc_mc_LittC2SE__cycle_000,icbhi2017,icbhi2017::140,calibration,False,0,normal,2.114,0,0.7167223,0.32858747,0.6556901,0.5669999566666667,0.4330000433333333,1
icbhi2017::140_2b3_Tc_mc_LittC2SE__cycle_001,icbhi2017,icbhi2017::140,calibration,False,1,wheeze,2.214,1,0.8899936,0.9931885,0.9324032,0.9385284333333334,0.061471566666666644,1
icbhi2017::140_2b3_Tc_mc_LittC2SE__cycle_002,icbhi2017,icbhi2017::140,calibration,False,1,wheeze,2.229,1,0.83137774,0.9939878,0.90932375,0.9115630966666667,0.08843690333333332,1
icbhi2017::140_2b3_Tc_mc_LittC2SE__cycle_003,icbhi2017,icbhi2017::140,calibration,False,1,wheeze,2.0999999999999996,1,0.6557662,0.8131563,0.653451,0.7074578333333333,0.29254216666666666,1
icbhi2017::140_2b3_Tc_mc_LittC2SE__cycle_004,icbhi2017,icbhi2017::140,calibration,False,1,wheeze,1.857000000000001,1,0.7228428,0.7648741,0.75279063,0.7468358433333334,0.2531641566666666,1
icbhi2017::140_2b3_Tc_mc_LittC2SE__cycle_005,icbhi2017,icbhi2017::140,calibration,False,0,normal,2.270999999999999,0,0.37410823,0.1740935,0.32431984,0.2908405233333333,0.7091594766666667,0
icbhi2017::140_2b3_Tc_mc_LittC2SE__cycle_006,icbhi2017,icbhi2017::140,calibration,False,0,normal,2.0999999999999996,0,0.28545827,0.07387411,0.37887594,0.24606944,0.75393056,0
icbhi2017::140_2b3_Tc_mc_LittC2SE__cycle_007,icbhi2017,icbhi2017::140,calibration,False,1,wheeze,2.286000000000002,1,0.37672296,0.30842614,0.3940405,0.3597298666666667,0.6402701333333334,0
icbhi2017::140_2b3_Tc_mc_LittC2SE__cycle_008,icbhi2017,icbhi2017::140,calibration,False,1,wheeze,2.099999999999998,1,0.35142204,0.20306808,0.7406963,0.43172880666666663,0.5682711933333333,0
icbhi2017::140_2b3_Tc_mc_LittC2SE__cycle_009,icbhi2017,icbhi2017::140,calibration,False,0,normal,0.6720000000000006,0,0.058329705,0.012133559,0.12733193,0.06593173133333334,0.9340682686666667,0
icbhi2017::158_1b3_Ar_mc_LittC2SE__cycle_000,icbhi2017,icbhi2017::158,calibration,False,0,normal,1.928,0,0.03240014,0.013857424,0.09450395,0.04692050466666667,0.9530794953333334,0
icbhi2017::158_1b3_Ar_mc_LittC2SE__cycle_001,icbhi2017,icbhi2017::158,calibration,False,0,normal,1.986,0,0.07056796,0.04818714,0.11004026,0.07626512,0.92373488,0
icbhi2017::158_1b3_Ar_mc_LittC2SE__cycle_002,icbhi2017,icbhi2017::158,calibration,False,0,normal,1.7710000000000004,0,0.059608836,0.009136527,0.12829177,0.06567904433333334,0.9343209556666666,0
icbhi2017::158_1b3_Ar_mc_LittC2SE__cycle_003,icbhi2017,icbhi2017::158,calibration,False,1,crackle,1.9289999999999992,1,0.09280386,0.050333656,0.08324803,0.07546184866666666,0.9245381513333333,0
icbhi2017::158_1b3_Ar_mc_LittC2SE__cycle_004,icbhi2017,icbhi2017::158,calibration,False,0,normal,1.4139999999999997,0,0.14989467,0.059738092,0.26363605,0.15775627066666667,0.8422437293333334,0
icbhi2017::158_1b3_Ar_mc_LittC2SE__cycle_005,icbhi2017,icbhi2017::158,calibration,False,1,crackle,1.7430000000000003,1,0.18007982,0.020040039,0.19892518,0.133015013,0.866984987,0
icbhi2017::158_1b3_Ar_mc_LittC2SE__cycle_006,icbhi2017,icbhi2017::158,calibration,False,1,crackle,1.5140000000000011,1,0.44035795,0.19464624,0.1611714,0.2653918633333333,0.7346081366666667,0
icbhi2017::158_1b3_Ar_mc_LittC2SE__cycle_007,icbhi2017,icbhi2017::158,calibration,False,1,crackle,2.657,1,0.13019963,0.18618919,0.143238,0.15320894,0.84679106,0
icbhi2017::158_1b3_Ar_mc_LittC2SE__cycle_008,icbhi2017,icbhi2017::158,calibration,False,1,crackle,1.529,1,0.2200526,0.06934609,0.11744119,0.1356132933333333,0.8643867066666667,0
icbhi2017::158_1b3_Ar_mc_LittC2SE__cycle_009,icbhi2017,icbhi2017::158,calibration,False,1,crackle,1.9289999999999985,1,0.7530748,0.7106269,0.46675712,0.6434862733333334,0.3565137266666666,1
icbhi2017::158_1b3_Ar_mc_LittC2SE__cycle_010,icbhi2017,icbhi2017::158,calibration,False,0,normal,1.471,0,0.3108244,0.23938756,0.29970834,0.28330676666666665,0.7166932333333333,0
icbhi2017::158_1p2_Al_mc_AKGC417L__cycle_000,icbhi2017,icbhi2017::158,calibration,False,1,both,1.737,1,0.8665502,0.8699959,0.7883953,0.8416471333333333,0.1583528666666667,1
icbhi2017::158_1p2_Al_mc_AKGC417L__cycle_001,icbhi2017,icbhi2017::158,calibration,False,1,both,2.8710000000000004,1,0.8269523,0.9753645,0.8375791,0.8799653,0.12003470000000005,1
icbhi2017::158_1p2_Al_mc_AKGC417L__cycle_002,icbhi2017,icbhi2017::158,calibration,False,0,normal,2.5039999999999996,0,0.2346451,0.48098397,0.55069333,0.42210746666666665,0.5778925333333333,0
icbhi2017::158_1p2_Al_mc_AKGC417L__cycle_003,icbhi2017,icbhi2017::158,calibration,False,1,both,2.388,1,0.8646183,0.66593266,0.83397204,0.7881743333333332,0.2118256666666668,1
icbhi2017::158_1p2_Al_mc_AKGC417L__cycle_004,icbhi2017,icbhi2017::158,calibration,False,0,normal,2.4540000000000006,0,0.5836272,0.73375636,0.32412848,0.54717068,0.45282932,1
icbhi2017::158_1p2_Al_mc_AKGC417L__cycle_005,icbhi2017,icbhi2017::158,calibration,False,0,normal,2.6210000000000004,0,0.35179928,0.5066014,0.65893847,0.5057797166666667,0.49422028333333334,1
icbhi2017::158_1p2_Al_mc_AKGC417L__cycle_006,icbhi2017,icbhi2017::158,calibration,False,0,normal,2.287000000000001,0,0.84641427,0.8763204,0.68841726,0.80371731,0.19628268999999998,1
icbhi2017::158_1p2_Al_mc_AKGC417L__cycle_007,icbhi2017,icbhi2017::158,calibration,False,0,normal,0.884999999999998,0,0.3413009,0.6108093,0.70759004,0.5532334133333333,0.4467665866666667,1
icbhi2017::158_1p2_Ar_mc_AKGC417L__cycle_000,icbhi2017,icbhi2017::158,calibration,False,1,both,1.737,1,0.76455534,0.8287264,0.82343024,0.80557066,0.19442934,1
icbhi2017::158_1p2_Ar_mc_AKGC417L__cycle_001,icbhi2017,icbhi2017::158,calibration,False,1,both,2.8710000000000004,1,0.6523835,0.79330134,0.72424096,0.7233086000000001,0.2766913999999999,1
icbhi2017::158_1p2_Ar_mc_AKGC417L__cycle_002,icbhi2017,icbhi2017::158,calibration,False,0,normal,2.5039999999999996,0,0.5242572,0.7324829,0.6129553,0.6232318,0.3767682,1
icbhi2017::158_1p2_Ar_mc_AKGC417L__cycle_003,icbhi2017,icbhi2017::158,calibration,False,1,both,2.388,1,0.8310128,0.876823,0.8593006,0.8557121333333333,0.1442878666666667,1
icbhi2017::158_1p2_Ar_mc_AKGC417L__cycle_004,icbhi2017,icbhi2017::158,calibration,False,0,normal,2.4540000000000006,0,0.45894313,0.42482394,0.7414905,0.5417525233333333,0.45824747666666665,1
icbhi2017::158_1p2_Ar_mc_AKGC417L__cycle_005,icbhi2017,icbhi2017::158,calibration,False,0,normal,2.6210000000000004,0,0.3513418,0.9113646,0.54689705,0.60320115,0.39679885000000004,1
icbhi2017::158_1p2_Ar_mc_AKGC417L__cycle_006,icbhi2017,icbhi2017::158,calibration,False,0,normal,2.287000000000001,0,0.93687654,0.9855828,0.87618005,0.9328797966666666,0.06712020333333335,1
icbhi2017::158_1p2_Ar_mc_AKGC417L__cycle_007,icbhi2017,icbhi2017::158,calibration,False,0,normal,0.884999999999998,0,0.7490332,0.79074454,0.91876906,0.8195155999999999,0.1804844000000001,1
icbhi2017::158_1p2_Ll_mc_AKGC417L__cycle_000,icbhi2017,icbhi2017::158,calibration,False,1,crackle,1.737,1,0.95066524,0.9563741,0.9668264,0.9579552466666666,0.04204475333333335,1
icbhi2017::158_1p2_Ll_mc_AKGC417L__cycle_001,icbhi2017,icbhi2017::158,calibration,False,1,crackle,2.8710000000000004,1,0.955155,0.981461,0.95482934,0.9638151133333333,0.03618488666666675,1
icbhi2017::158_1p2_Ll_mc_AKGC417L__cycle_002,icbhi2017,icbhi2017::158,calibration,False,1,crackle,2.5039999999999996,1,0.96565473,0.9696512,0.9352398,0.9568485766666667,0.04315142333333333,1
icbhi2017::158_1p2_Ll_mc_AKGC417L__cycle_003,icbhi2017,icbhi2017::158,calibration,False,1,both,2.388,1,0.97756076,0.98004353,0.95363647,0.9704135866666667,0.02958641333333334,1
icbhi2017::158_1p2_Ll_mc_AKGC417L__cycle_004,icbhi2017,icbhi2017::158,calibration,False,1,crackle,2.4540000000000006,1,0.92764026,0.94351417,0.91796166,0.9297053633333334,0.07029463666666658,1
icbhi2017::158_1p2_Ll_mc_AKGC417L__cycle_005,icbhi2017,icbhi2017::158,calibration,False,1,crackle,2.6210000000000004,1,0.7568693,0.7800256,0.9096494,0.8155147666666668,0.18448523333333322,1
icbhi2017::158_1p2_Ll_mc_AKGC417L__cycle_006,icbhi2017,icbhi2017::158,calibration,False,0,normal,2.287000000000001,0,0.78686243,0.5169841,0.7550544,0.68630031,0.31369969,1
icbhi2017::158_1p2_Ll_mc_AKGC417L__cycle_007,icbhi2017,icbhi2017::158,calibration,False,0,normal,0.884999999999998,0,0.06548868,0.18763794,0.3735952,0.20890727333333334,0.7910927266666666,0
icbhi2017::158_1p2_Lr_mc_AKGC417L__cycle_000,icbhi2017,icbhi2017::158,calibration,False,1,both,1.737,1,0.94912094,0.9672025,0.93671143,0.9510116233333333,0.048988376666666666,1
icbhi2017::158_1p2_Lr_mc_AKGC417L__cycle_001,icbhi2017,icbhi2017::158,calibration,False,1,both,2.8710000000000004,1,0.8746929,0.9600541,0.84907717,0.8946080566666668,0.10539194333333324,1
icbhi2017::158_1p2_Lr_mc_AKGC417L__cycle_002,icbhi2017,icbhi2017::158,calibration,False,1,both,2.5039999999999996,1,0.79956716,0.712975,0.7806813,0.7644078200000001,0.23559217999999993,1
icbhi2017::158_1p2_Lr_mc_AKGC417L__cycle_003,icbhi2017,icbhi2017::158,calibration,False,1,both,2.388,1,0.72044057,0.82981455,0.6798048,0.7433533066666667,0.25664669333333334,1
icbhi2017::158_1p2_Lr_mc_AKGC417L__cycle_004,icbhi2017,icbhi2017::158,calibration,False,0,normal,2.4540000000000006,0,0.5550274,0.9190168,0.744003,0.7393490666666667,0.26065093333333333,1
icbhi2017::158_1p2_Lr_mc_AKGC417L__cycle_005,icbhi2017,icbhi2017::158,calibration,False,0,normal,2.6210000000000004,0,0.47277746,0.9479179,0.7324348,0.7177100533333333,0.28228994666666674,1
icbhi2017::158_1p2_Lr_mc_AKGC417L__cycle_006,icbhi2017,icbhi2017::158,calibration,False,0,normal,2.287000000000001,0,0.5828319,0.95227796,0.534885,0.6899982866666666,0.3100017133333334,1
icbhi2017::158_1p2_Lr_mc_AKGC417L__cycle_007,icbhi2017,icbhi2017::158,calibration,False,1,wheeze,0.884999999999998,1,0.23275514,0.59141886,0.52325445,0.44914281666666667,0.5508571833333333,0
icbhi2017::158_1p2_Pl_mc_AKGC417L__cycle_000,icbhi2017,icbhi2017::158,calibration,False,1,both,1.737,1,0.9429682,0.96948516,0.91720265,0.9432186699999999,0.056781330000000074,1
icbhi2017::158_1p2_Pl_mc_AKGC417L__cycle_001,icbhi2017,icbhi2017::158,calibration,False,1,both,2.8710000000000004,1,0.7489798,0.74832284,0.8560316,0.7844447466666667,0.21555525333333325,1
icbhi2017::158_1p2_Pl_mc_AKGC417L__cycle_002,icbhi2017,icbhi2017::158,calibration,False,1,crackle,2.5039999999999996,1,0.70079756,0.9573735,0.7837516,0.81397422,0.18602578000000003,1
icbhi2017::158_1p2_Pl_mc_AKGC417L__cycle_003,icbhi2017,icbhi2017::158,calibration,False,1,both,2.388,1,0.74233717,0.6170125,0.7003615,0.68657039,0.31342961,1
icbhi2017::158_1p2_Pl_mc_AKGC417L__cycle_004,icbhi2017,icbhi2017::158,calibration,False,1,wheeze,2.4540000000000006,1,0.6889611,0.6435663,0.73518866,0.6892386866666667,0.31076131333333334,1
icbhi2017::158_1p2_Pl_mc_AKGC417L__cycle_005,icbhi2017,icbhi2017::158,calibration,False,1,wheeze,2.6210000000000004,1,0.5803996,0.73205453,0.7379608,0.6834716433333332,0.3165283566666668,1
icbhi2017::158_1p2_Pl_mc_AKGC417L__cycle_006,icbhi2017,icbhi2017::158,calibration,False,0,normal,2.287000000000001,0,0.6874599,0.9356338,0.6197336,0.7476091,0.2523909,1
icbhi2017::158_1p2_Pl_mc_AKGC417L__cycle_007,icbhi2017,icbhi2017::158,calibration,False,0,normal,0.884999999999998,0,0.25021577,0.5544639,0.47001123,0.42489696666666665,0.5751030333333333,0
icbhi2017::158_1p2_Pr_mc_AKGC417L__cycle_000,icbhi2017,icbhi2017::158,calibration,False,1,crackle,1.737,1,0.70045686,0.881496,0.7706656,0.7842061533333333,0.21579384666666668,1
icbhi2017::158_1p2_Pr_mc_AKGC417L__cycle_001,icbhi2017,icbhi2017::158,calibration,False,1,both,2.8710000000000004,1,0.9423605,0.9957301,0.87498707,0.9376925566666667,0.06230744333333327,1
icbhi2017::158_1p2_Pr_mc_AKGC417L__cycle_002,icbhi2017,icbhi2017::158,calibration,False,1,both,2.5039999999999996,1,0.87805325,0.9948336,0.73891073,0.8705991933333334,0.12940080666666665,1
icbhi2017::158_1p2_Pr_mc_AKGC417L__cycle_003,icbhi2017,icbhi2017::158,calibration,False,1,both,2.388,1,0.9439052,0.9906301,0.8982287,0.9442546666666667,0.05574533333333331,1
icbhi2017::158_1p2_Pr_mc_AKGC417L__cycle_004,icbhi2017,icbhi2017::158,calibration,False,1,both,2.4540000000000006,1,0.7981659,0.964522,0.7143697,0.8256858666666668,0.17431413333333323,1
icbhi2017::158_1p2_Pr_mc_AKGC417L__cycle_005,icbhi2017,icbhi2017::158,calibration,False,0,normal,2.6210000000000004,0,0.6937653,0.97960895,0.6575188,0.7769643500000001,0.22303564999999992,1
icbhi2017::158_1p2_Pr_mc_AKGC417L__cycle_006,icbhi2017,icbhi2017::158,calibration,False,1,crackle,2.287000000000001,1,0.61691576,0.85463333,0.37629828,0.6159491233333333,0.3840508766666667,1
icbhi2017::158_1p2_Pr_mc_AKGC417L__cycle_007,icbhi2017,icbhi2017::158,calibration,False,1,wheeze,0.884999999999998,1,0.8275562,0.9882819,0.8503357,0.8887246000000001,0.11127539999999991,1
icbhi2017::158_1p2_Tc_mc_AKGC417L__cycle_000,icbhi2017,icbhi2017::158,calibration,False,1,crackle,1.737,1,0.20025001,0.33814126,0.27081266,0.26973464333333336,0.7302653566666666,0
icbhi2017::158_1p2_Tc_mc_AKGC417L__cycle_001,icbhi2017,icbhi2017::158,calibration,False,1,crackle,2.8710000000000004,1,0.37425715,0.80048317,0.66506684,0.6132690533333333,0.38673094666666674,1
icbhi2017::158_1p2_Tc_mc_AKGC417L__cycle_002,icbhi2017,icbhi2017::158,calibration,False,0,normal,2.5039999999999996,0,0.05137195,0.015443276,0.29919273,0.122002652,0.877997348,0
icbhi2017::158_1p2_Tc_mc_AKGC417L__cycle_003,icbhi2017,icbhi2017::158,calibration,False,0,normal,2.388,0,0.28446046,0.6433947,0.31440288,0.41408601333333334,0.5859139866666667,0
icbhi2017::158_1p2_Tc_mc_AKGC417L__cycle_004,icbhi2017,icbhi2017::158,calibration,False,0,normal,2.4540000000000006,0,0.31889206,0.34778014,0.32070932,0.32912717333333336,0.6708728266666666,0
icbhi2017::158_1p2_Tc_mc_AKGC417L__cycle_005,icbhi2017,icbhi2017::158,calibration,False,0,normal,2.6210000000000004,0,0.068595566,0.039354518,0.27456868,0.12750625466666668,0.8724937453333333,0
icbhi2017::158_1p2_Tc_mc_AKGC417L__cycle_006,icbhi2017,icbhi2017::158,calibration,False,0,normal,2.287000000000001,0,0.39081565,0.1737641,0.4761199,0.3468998833333334,0.6531001166666666,0
icbhi2017::158_1p2_Tc_mc_AKGC417L__cycle_007,icbhi2017,icbhi2017::158,calibration,False,0,normal,0.884999999999998,0,0.031623475,0.017358119,0.40570596,0.151562518,0.848437482,0
icbhi2017::158_1p3_Al_mc_AKGC417L__cycle_000,icbhi2017,icbhi2017::158,calibration,False,1,wheeze,1.6030000000000002,1,0.93082035,0.51661944,0.78312004,0.7435199433333333,0.25648005666666673,1
icbhi2017::158_1p3_Al_mc_AKGC417L__cycle_001,icbhi2017,icbhi2017::158,calibration,False,1,both,2.8379999999999996,1,0.85258764,0.6540806,0.8995737,0.8020806466666667,0.19791935333333333,1
icbhi2017::158_1p3_Al_mc_AKGC417L__cycle_002,icbhi2017,icbhi2017::158,calibration,False,1,both,2.404,1,0.8953252,0.85317206,0.93647826,0.89499184,0.10500816000000002,1
icbhi2017::158_1p3_Al_mc_AKGC417L__cycle_003,icbhi2017,icbhi2017::158,calibration,False,1,crackle,2.354,1,0.8976413,0.9766212,0.81321985,0.89582745,0.10417255000000003,1
icbhi2017::158_1p3_Al_mc_AKGC417L__cycle_004,icbhi2017,icbhi2017::158,calibration,False,1,both,2.271000000000001,1,0.9238805,0.9026698,0.9151667,0.9139056666666666,0.08609433333333338,1
icbhi2017::158_1p3_Al_mc_AKGC417L__cycle_005,icbhi2017,icbhi2017::158,calibration,False,1,both,2.2029999999999994,1,0.9207268,0.9563561,0.8602133,0.9124320666666667,0.08756793333333335,1
icbhi2017::158_1p3_Al_mc_AKGC417L__cycle_006,icbhi2017,icbhi2017::158,calibration,False,1,wheeze,2.2540000000000013,1,0.623574,0.8927196,0.60688794,0.70772718,0.29227282,1
icbhi2017::158_1p3_Al_mc_AKGC417L__cycle_007,icbhi2017,icbhi2017::158,calibration,False,1,wheeze,2.286999999999999,1,0.7557907,0.8209091,0.87178224,0.81616068,0.18383932000000003,1
icbhi2017::158_1p3_Al_mc_AKGC417L__cycle_008,icbhi2017,icbhi2017::158,calibration,False,0,normal,0.8509999999999991,0,0.32613942,0.61445695,0.58254564,0.5077140033333333,0.4922859966666667,1
icbhi2017::158_1p3_Ar_mc_AKGC417L__cycle_000,icbhi2017,icbhi2017::158,calibration,False,1,both,1.6030000000000002,1,0.94898427,0.97309816,0.78682345,0.9029686266666667,0.09703137333333334,1
icbhi2017::158_1p3_Ar_mc_AKGC417L__cycle_001,icbhi2017,icbhi2017::158,calibration,False,1,wheeze,2.8379999999999996,1,0.8848699,0.9301454,0.91038877,0.9084680233333332,0.09153197666666679,1
icbhi2017::158_1p3_Ar_mc_AKGC417L__cycle_002,icbhi2017,icbhi2017::158,calibration,False,1,wheeze,2.404,1,0.94960463,0.9609402,0.76781964,0.8927881566666667,0.10721184333333333,1
icbhi2017::158_1p3_Ar_mc_AKGC417L__cycle_003,icbhi2017,icbhi2017::158,calibration,False,1,both,2.354,1,0.72683126,0.8827252,0.6684335,0.7593299866666666,0.24067001333333338,1
icbhi2017::158_1p3_Ar_mc_AKGC417L__cycle_004,icbhi2017,icbhi2017::158,calibration,False,1,both,2.271000000000001,1,0.84867436,0.8020304,0.8601416,0.8369487866666666,0.1630512133333334,1
icbhi2017::158_1p3_Ar_mc_AKGC417L__cycle_005,icbhi2017,icbhi2017::158,calibration,False,1,both,2.2029999999999994,1,0.92086333,0.87999624,0.8809973,0.89395229,0.10604771000000002,1
icbhi2017::158_1p3_Ar_mc_AKGC417L__cycle_006,icbhi2017,icbhi2017::158,calibration,False,1,wheeze,2.2540000000000013,1,0.58805424,0.9019422,0.90633017,0.7987755366666667,0.20122446333333333,1
icbhi2017::158_1p3_Ar_mc_AKGC417L__cycle_007,icbhi2017,icbhi2017::158,calibration,False,1,wheeze,2.286999999999999,1,0.8981265,0.9306985,0.91020244,0.9130091466666667,0.08699085333333334,1
icbhi2017::158_1p3_Ar_mc_AKGC417L__cycle_008,icbhi2017,icbhi2017::158,calibration,False,0,normal,0.8509999999999991,0,0.47329715,0.5317813,0.8501014,0.6183932833333333,0.3816067166666667,1
icbhi2017::158_1p3_Ll_mc_AKGC417L__cycle_000,icbhi2017,icbhi2017::158,calibration,False,1,wheeze,1.6030000000000002,1,0.9800301,0.997086,0.99132514,0.9894804133333333,0.010519586666666747,1
icbhi2017::158_1p3_Ll_mc_AKGC417L__cycle_001,icbhi2017,icbhi2017::158,calibration,False,1,wheeze,2.8379999999999996,1,0.7526515,0.7757456,0.81308794,0.7804950133333334,0.21950498666666662,1
icbhi2017::158_1p3_Ll_mc_AKGC417L__cycle_002,icbhi2017,icbhi2017::158,calibration,False,1,wheeze,2.404,1,0.9548832,0.9681543,0.92812824,0.9503885799999999,0.04961142000000007,1
icbhi2017::158_1p3_Ll_mc_AKGC417L__cycle_003,icbhi2017,icbhi2017::158,calibration,False,1,crackle,2.354,1,0.83893645,0.95743906,0.8222673,0.8728809366666667,0.12711906333333334,1
icbhi2017::158_1p3_Ll_mc_AKGC417L__cycle_004,icbhi2017,icbhi2017::158,calibration,False,1,wheeze,2.271000000000001,1,0.9286233,0.9622997,0.9342002,0.9417077333333334,0.05829226666666665,1
icbhi2017::158_1p3_Ll_mc_AKGC417L__cycle_005,icbhi2017,icbhi2017::158,calibration,False,1,both,2.2029999999999994,1,0.9585716,0.9647257,0.8703625,0.9312199333333333,0.0687800666666667,1
icbhi2017::158_1p3_Ll_mc_AKGC417L__cycle_006,icbhi2017,icbhi2017::158,calibration,False,1,both,2.2540000000000013,1,0.95599186,0.95464754,0.97714645,0.9625952833333334,0.03740471666666656,1
icbhi2017::158_1p3_Ll_mc_AKGC417L__cycle_007,icbhi2017,icbhi2017::158,calibration,False,1,wheeze,2.286999999999999,1,0.9506786,0.99441445,0.8932636,0.9461188833333334,0.05388111666666662,1
icbhi2017::158_1p3_Ll_mc_AKGC417L__cycle_008,icbhi2017,icbhi2017::158,calibration,False,0,normal,0.8509999999999991,0,0.4422498,0.951111,0.7749233,0.7227613666666667,0.2772386333333333,1
icbhi2017::158_1p3_Lr_mc_AKGC417L__cycle_000,icbhi2017,icbhi2017::158,calibration,False,1,both,1.6030000000000002,1,0.8931655,0.96722835,0.750193,0.8701956166666666,0.12980438333333344,1
icbhi2017::158_1p3_Lr_mc_AKGC417L__cycle_001,icbhi2017,icbhi2017::158,calibration,False,1,wheeze,2.8379999999999996,1,0.96993756,0.99226767,0.9381944,0.9667998766666667,0.03320012333333333,1
icbhi2017::158_1p3_Lr_mc_AKGC417L__cycle_002,icbhi2017,icbhi2017::158,calibration,False,1,wheeze,2.404,1,0.9782827,0.95970106,0.85274583,0.9302431966666665,0.06975680333333345,1
icbhi2017::158_1p3_Lr_mc_AKGC417L__cycle_003,icbhi2017,icbhi2017::158,calibration,False,1,wheeze,2.354,1,0.8400669,0.92515737,0.75594854,0.8403909366666666,0.15960906333333336,1
icbhi2017::158_1p3_Lr_mc_AKGC417L__cycle_004,icbhi2017,icbhi2017::158,calibration,False,1,both,2.271000000000001,1,0.9194312,0.9664945,0.91424984,0.9333918466666667,0.06660815333333325,1
icbhi2017::158_1p3_Lr_mc_AKGC417L__cycle_005,icbhi2017,icbhi2017::158,calibration,False,1,both,2.2029999999999994,1,0.9001607,0.95099014,0.8194304,0.8901937466666667,0.10980625333333327,1
icbhi2017::158_1p3_Lr_mc_AKGC417L__cycle_006,icbhi2017,icbhi2017::158,calibration,False,1,both,2.2540000000000013,1,0.95004493,0.9735242,0.9407969,0.9547886766666668,0.04521132333333322,1
icbhi2017::158_1p3_Lr_mc_AKGC417L__cycle_007,icbhi2017,icbhi2017::158,calibration,False,1,wheeze,2.286999999999999,1,0.967194,0.9872454,0.9731118,0.9758504,0.024149599999999993,1
icbhi2017::158_1p3_Lr_mc_AKGC417L__cycle_008,icbhi2017,icbhi2017::158,calibration,False,1,wheeze,0.8509999999999991,1,0.9150816,0.9512929,0.8942017,0.9201920666666666,0.07980793333333336,1
icbhi2017::158_1p3_Pl_mc_AKGC417L__cycle_000,icbhi2017,icbhi2017::158,calibration,False,1,wheeze,1.6030000000000002,1,0.38780785,0.33286184,0.36584374,0.3621711433333334,0.6378288566666666,0
icbhi2017::158_1p3_Pl_mc_AKGC417L__cycle_001,icbhi2017,icbhi2017::158,calibration,False,1,wheeze,2.8379999999999996,1,0.50451857,0.56978273,0.73543394,0.6032450800000001,0.3967549199999999,1
icbhi2017::158_1p3_Pl_mc_AKGC417L__cycle_002,icbhi2017,icbhi2017::158,calibration,False,1,wheeze,2.404,1,0.9165691,0.9839416,0.8504821,0.9169975999999999,0.08300240000000014,1
icbhi2017::158_1p3_Pl_mc_AKGC417L__cycle_003,icbhi2017,icbhi2017::158,calibration,False,1,wheeze,2.354,1,0.8412443,0.85756505,0.9146016,0.8711369833333333,0.12886301666666666,1
icbhi2017::158_1p3_Pl_mc_AKGC417L__cycle_004,icbhi2017,icbhi2017::158,calibration,False,1,both,2.271000000000001,1,0.87677884,0.9212456,0.9020297,0.9000180466666666,0.09998195333333337,1
icbhi2017::158_1p3_Pl_mc_AKGC417L__cycle_005,icbhi2017,icbhi2017::158,calibration,False,1,both,2.2029999999999994,1,0.8943832,0.8850257,0.816655,0.8653546333333333,0.1346453666666667,1
icbhi2017::158_1p3_Pl_mc_AKGC417L__cycle_006,icbhi2017,icbhi2017::158,calibration,False,1,both,2.2540000000000013,1,0.9384298,0.9860387,0.8905762,0.9383482333333334,0.06165176666666661,1
icbhi2017::158_1p3_Pl_mc_AKGC417L__cycle_007,icbhi2017,icbhi2017::158,calibration,False,1,wheeze,2.286999999999999,1,0.7412243,0.4778478,0.7161789,0.6450836666666667,0.3549163333333333,1
icbhi2017::158_1p3_Pl_mc_AKGC417L__cycle_008,icbhi2017,icbhi2017::158,calibration,False,0,normal,0.8509999999999991,0,0.18491825,0.4356324,0.2530953,0.29121531666666667,0.7087846833333333,0
icbhi2017::158_1p3_Pr_mc_AKGC417L__cycle_000,icbhi2017,icbhi2017::158,calibration,False,1,wheeze,1.6030000000000002,1,0.79170376,0.95379174,0.59835285,0.7812827833333333,0.21871721666666666,1
icbhi2017::158_1p3_Pr_mc_AKGC417L__cycle_001,icbhi2017,icbhi2017::158,calibration,False,1,wheeze,2.8379999999999996,1,0.97872823,0.99423087,0.916206,0.9630550333333333,0.03694496666666669,1
icbhi2017::158_1p3_Pr_mc_AKGC417L__cycle_002,icbhi2017,icbhi2017::158,calibration,False,1,wheeze,2.404,1,0.9358137,0.9331084,0.7987246,0.8892155666666666,0.11078443333333343,1
icbhi2017::158_1p3_Pr_mc_AKGC417L__cycle_003,icbhi2017,icbhi2017::158,calibration,False,1,both,2.354,1,0.9371519,0.99536514,0.84716403,0.9265603566666667,0.0734396433333333,1
icbhi2017::158_1p3_Pr_mc_AKGC417L__cycle_004,icbhi2017,icbhi2017::158,calibration,False,1,wheeze,2.271000000000001,1,0.9475817,0.996734,0.8685323,0.9376159999999999,0.062384000000000106,1
icbhi2017::158_1p3_Pr_mc_AKGC417L__cycle_005,icbhi2017,icbhi2017::158,calibration,False,1,both,2.2029999999999994,1,0.9462292,0.9804984,0.8895708,0.9387661333333334,0.061233866666666636,1
icbhi2017::158_1p3_Pr_mc_AKGC417L__cycle_006,icbhi2017,icbhi2017::158,calibration,False,1,wheeze,2.2540000000000013,1,0.92405367,0.9920134,0.75363594,0.8899010033333333,0.11009899666666667,1
icbhi2017::158_1p3_Pr_mc_AKGC417L__cycle_007,icbhi2017,icbhi2017::158,calibration,False,1,both,2.286999999999999,1,0.9856065,0.99840885,0.90503484,0.96301673,0.03698327000000001,1
icbhi2017::158_1p3_Pr_mc_AKGC417L__cycle_008,icbhi2017,icbhi2017::158,calibration,False,1,wheeze,0.8509999999999991,1,0.97181636,0.99394155,0.84420836,0.9366554233333333,0.06334457666666671,1
icbhi2017::158_1p3_Tc_mc_AKGC417L__cycle_000,icbhi2017,icbhi2017::158,calibration,False,1,wheeze,1.6030000000000002,1,0.22772433,0.030650161,0.39542973,0.2179347403333333,0.7820652596666667,0
icbhi2017::158_1p3_Tc_mc_AKGC417L__cycle_001,icbhi2017,icbhi2017::158,calibration,False,1,wheeze,2.8379999999999996,1,0.66573274,0.1023431,0.7614874,0.5098544133333334,0.49014558666666663,1
icbhi2017::158_1p3_Tc_mc_AKGC417L__cycle_002,icbhi2017,icbhi2017::158,calibration,False,1,wheeze,2.404,1,0.45859787,0.2503249,0.5843914,0.43110472333333333,0.5688952766666666,0
icbhi2017::158_1p3_Tc_mc_AKGC417L__cycle_003,icbhi2017,icbhi2017::158,calibration,False,0,normal,2.354,0,0.26265302,0.2308055,0.41050488,0.3013211333333334,0.6986788666666666,0
icbhi2017::158_1p3_Tc_mc_AKGC417L__cycle_004,icbhi2017,icbhi2017::158,calibration,False,1,wheeze,2.271000000000001,1,0.0553385,0.04189202,0.33766976,0.14496676,0.85503324,0
icbhi2017::158_1p3_Tc_mc_AKGC417L__cycle_005,icbhi2017,icbhi2017::158,calibration,False,1,wheeze,2.2029999999999994,1,0.17879662,0.21355872,0.2846658,0.22567371333333333,0.7743262866666667,0
icbhi2017::158_1p3_Tc_mc_AKGC417L__cycle_006,icbhi2017,icbhi2017::158,calibration,False,1,wheeze,2.2540000000000013,1,0.0966761,0.5003567,0.51223147,0.36975475666666674,0.6302452433333332,0
icbhi2017::158_1p3_Tc_mc_AKGC417L__cycle_007,icbhi2017,icbhi2017::158,calibration,False,1,wheeze,2.286999999999999,1,0.055876624,0.278401,0.59863853,0.31097205133333333,0.6890279486666666,0
icbhi2017::158_1p3_Tc_mc_AKGC417L__cycle_008,icbhi2017,icbhi2017::158,calibration,False,0,normal,0.8509999999999991,0,0.08730227,0.33841977,0.3944968,0.27340628,0.72659372,0
icbhi2017::158_1p4_Al_mc_AKGC417L__cycle_000,icbhi2017,icbhi2017::158,calibration,False,1,both,2.471,1,0.95057297,0.98411787,0.9616391,0.9654433133333334,0.03455668666666656,1
icbhi2017::158_1p4_Al_mc_AKGC417L__cycle_001,icbhi2017,icbhi2017::158,calibration,False,1,both,2.2369999999999997,1,0.9265775,0.9258976,0.9322133,0.9282294666666666,0.07177053333333339,1
icbhi2017::158_1p4_Al_mc_AKGC417L__cycle_002,icbhi2017,icbhi2017::158,calibration,False,1,crackle,2.17,1,0.94992185,0.9621979,0.81158876,0.9079028366666666,0.0920971633333334,1
icbhi2017::158_1p4_Al_mc_AKGC417L__cycle_003,icbhi2017,icbhi2017::158,calibration,False,0,normal,2.154000000000001,0,0.58598906,0.7253248,0.32677808,0.5460306466666666,0.45396935333333344,1
icbhi2017::158_1p4_Al_mc_AKGC417L__cycle_004,icbhi2017,icbhi2017::158,calibration,False,1,crackle,2.0700000000000003,1,0.8708111,0.98183686,0.66293067,0.83852621,0.16147378999999995,1
icbhi2017::158_1p4_Al_mc_AKGC417L__cycle_005,icbhi2017,icbhi2017::158,calibration,False,1,crackle,2.237,1,0.81663334,0.9624978,0.7037558,0.8276289800000001,0.17237101999999993,1
icbhi2017::158_1p4_Al_mc_AKGC417L__cycle_006,icbhi2017,icbhi2017::158,calibration,False,0,normal,2.0699999999999985,0,0.6233286,0.60138434,0.32200885,0.51557393,0.48442607000000004,1
icbhi2017::158_1p4_Al_mc_AKGC417L__cycle_007,icbhi2017,icbhi2017::158,calibration,False,1,both,2.054000000000002,1,0.84968424,0.87659717,0.5712759,0.7658524366666666,0.23414756333333342,1
icbhi2017::158_1p4_Al_mc_AKGC417L__cycle_008,icbhi2017,icbhi2017::158,calibration,False,0,normal,2.0199999999999996,0,0.84816253,0.88413113,0.7518822,0.8280586199999999,0.17194138000000014,1
icbhi2017::158_1p4_Ar_mc_AKGC417L__cycle_000,icbhi2017,icbhi2017::158,calibration,False,1,both,2.471,1,0.91647625,0.95141476,0.91099584,0.9262956166666667,0.07370438333333329,1
icbhi2017::158_1p4_Ar_mc_AKGC417L__cycle_001,icbhi2017,icbhi2017::158,calibration,False,1,crackle,2.2369999999999997,1,0.8022518,0.893078,0.8527817,0.8493705,0.15062949999999997,1
icbhi2017::158_1p4_Ar_mc_AKGC417L__cycle_002,icbhi2017,icbhi2017::158,calibration,False,1,crackle,2.17,1,0.9004687,0.6340914,0.83783054,0.7907968799999999,0.20920312000000008,1
icbhi2017::158_1p4_Ar_mc_AKGC417L__cycle_003,icbhi2017,icbhi2017::158,calibration,False,0,normal,2.154000000000001,0,0.7636747,0.8675277,0.87240756,0.8345366533333333,0.16546334666666673,1
icbhi2017::158_1p4_Ar_mc_AKGC417L__cycle_004,icbhi2017,icbhi2017::158,calibration,False,1,crackle,2.0700000000000003,1,0.88692844,0.9378284,0.78929853,0.87135179,0.12864821000000004,1
icbhi2017::158_1p4_Ar_mc_AKGC417L__cycle_005,icbhi2017,icbhi2017::158,calibration,False,1,crackle,2.237,1,0.8355789,0.93409413,0.811268,0.8603136766666667,0.1396863233333333,1
icbhi2017::158_1p4_Ar_mc_AKGC417L__cycle_006,icbhi2017,icbhi2017::158,calibration,False,0,normal,2.0699999999999985,0,0.6776437,0.92012674,0.7283245,0.77536498,0.22463502000000002,1
icbhi2017::158_1p4_Ar_mc_AKGC417L__cycle_007,icbhi2017,icbhi2017::158,calibration,False,1,crackle,2.054000000000002,1,0.89175946,0.8876529,0.88170016,0.8870375066666666,0.11296249333333341,1
icbhi2017::158_1p4_Ar_mc_AKGC417L__cycle_008,icbhi2017,icbhi2017::158,calibration,False,1,crackle,2.0199999999999996,1,0.8625897,0.8179481,0.71705925,0.7991990166666666,0.2008009833333334,1
icbhi2017::158_1p4_Lr_mc_AKGC417L__cycle_000,icbhi2017,icbhi2017::158,calibration,False,1,both,2.471,1,0.906912,0.820288,0.889874,0.8723580000000001,0.12764199999999992,1
icbhi2017::158_1p4_Lr_mc_AKGC417L__cycle_001,icbhi2017,icbhi2017::158,calibration,False,1,both,2.2369999999999997,1,0.8465206,0.9637872,0.8355405,0.8819494333333333,0.11805056666666669,1
icbhi2017::158_1p4_Lr_mc_AKGC417L__cycle_002,icbhi2017,icbhi2017::158,calibration,False,1,both,2.17,1,0.86240304,0.8907085,0.8536747,0.8689287466666666,0.13107125333333336,1
icbhi2017::158_1p4_Lr_mc_AKGC417L__cycle_003,icbhi2017,icbhi2017::158,calibration,False,1,wheeze,2.154000000000001,1,0.6182303,0.74092805,0.80114913,0.7201024933333334,0.2798975066666666,1
icbhi2017::158_1p4_Lr_mc_AKGC417L__cycle_004,icbhi2017,icbhi2017::158,calibration,False,1,wheeze,2.0700000000000003,1,0.9349979,0.94546384,0.80749416,0.8959853,0.10401470000000002,1
icbhi2017::158_1p4_Lr_mc_AKGC417L__cycle_005,icbhi2017,icbhi2017::158,calibration,False,1,wheeze,2.237,1,0.8542081,0.9574928,0.8697662,0.8938223666666666,0.10617763333333341,1
icbhi2017::158_1p4_Lr_mc_AKGC417L__cycle_006,icbhi2017,icbhi2017::158,calibration,False,1,wheeze,2.0699999999999985,1,0.46008196,0.70862764,0.7613868,0.6433654666666667,0.3566345333333333,1
icbhi2017::158_1p4_Lr_mc_AKGC417L__cycle_007,icbhi2017,icbhi2017::158,calibration,False,1,both,2.054000000000002,1,0.97311777,0.9776093,0.89255667,0.9477612466666668,0.052238753333333166,1
icbhi2017::158_1p4_Lr_mc_AKGC417L__cycle_008,icbhi2017,icbhi2017::158,calibration,False,1,both,2.0199999999999996,1,0.9619341,0.96617657,0.9437396,0.9572834233333335,0.042716576666666506,1
icbhi2017::158_1p4_Pl_mc_AKGC417L__cycle_000,icbhi2017,icbhi2017::158,calibration,False,1,wheeze,2.471,1,0.66403854,0.6056227,0.7660585,0.6785732466666667,0.32142675333333326,1
icbhi2017::158_1p4_Pl_mc_AKGC417L__cycle_001,icbhi2017,icbhi2017::158,calibration,False,1,both,2.2369999999999997,1,0.8965034,0.9661655,0.8409364,0.9012017666666666,0.09879823333333337,1
icbhi2017::158_1p4_Pl_mc_AKGC417L__cycle_002,icbhi2017,icbhi2017::158,calibration,False,1,crackle,2.17,1,0.7429993,0.8775715,0.6453579,0.7553095666666666,0.2446904333333334,1
icbhi2017::158_1p4_Pl_mc_AKGC417L__cycle_003,icbhi2017,icbhi2017::158,calibration,False,0,normal,2.154000000000001,0,0.8281792,0.93570894,0.7779075,0.8472652133333334,0.15273478666666662,1
icbhi2017::158_1p4_Pl_mc_AKGC417L__cycle_004,icbhi2017,icbhi2017::158,calibration,False,1,crackle,2.0700000000000003,1,0.7776859,0.8535264,0.7169011,0.7827044666666666,0.2172955333333334,1
icbhi2017::158_1p4_Pl_mc_AKGC417L__cycle_005,icbhi2017,icbhi2017::158,calibration,False,1,crackle,2.237,1,0.73620135,0.9621674,0.6602512,0.78620665,0.21379335,1
icbhi2017::158_1p4_Pl_mc_AKGC417L__cycle_006,icbhi2017,icbhi2017::158,calibration,False,0,normal,2.0699999999999985,0,0.9279992,0.98952895,0.87652564,0.9313512633333333,0.06864873666666671,1
icbhi2017::158_1p4_Pl_mc_AKGC417L__cycle_007,icbhi2017,icbhi2017::158,calibration,False,1,both,2.054000000000002,1,0.7255029,0.8096274,0.7718021,0.7689774666666667,0.23102253333333334,1
icbhi2017::158_1p4_Pl_mc_AKGC417L__cycle_008,icbhi2017,icbhi2017::158,calibration,False,1,both,2.0199999999999996,1,0.8803721,0.9752862,0.86961,0.9084227666666665,0.09157723333333345,1
icbhi2017::158_1p4_Pr_mc_AKGC417L__cycle_000,icbhi2017,icbhi2017::158,calibration,False,1,wheeze,2.471,1,0.9708402,0.9533428,0.9125642,0.9455824000000002,0.054417599999999844,1
icbhi2017::158_1p4_Pr_mc_AKGC417L__cycle_001,icbhi2017,icbhi2017::158,calibration,False,1,both,2.2369999999999997,1,0.92816085,0.9967533,0.80766195,0.9108587,0.08914129999999998,1
icbhi2017::158_1p4_Pr_mc_AKGC417L__cycle_002,icbhi2017,icbhi2017::158,calibration,False,1,both,2.17,1,0.9323302,0.98047775,0.83111924,0.9146423966666667,0.08535760333333331,1
icbhi2017::158_1p4_Pr_mc_AKGC417L__cycle_003,icbhi2017,icbhi2017::158,calibration,False,1,both,2.154000000000001,1,0.9281565,0.9977114,0.8863064,0.9373914333333334,0.06260856666666659,1
icbhi2017::158_1p4_Pr_mc_AKGC417L__cycle_004,icbhi2017,icbhi2017::158,calibration,False,1,both,2.0700000000000003,1,0.978578,0.99423826,0.83421123,0.9356758300000001,0.0643241699999999,1
icbhi2017::158_1p4_Pr_mc_AKGC417L__cycle_005,icbhi2017,icbhi2017::158,calibration,False,1,both,2.237,1,0.9892841,0.99969864,0.9532752,0.9807526466666667,0.019247353333333272,1
icbhi2017::158_1p4_Pr_mc_AKGC417L__cycle_006,icbhi2017,icbhi2017::158,calibration,False,1,wheeze,2.0699999999999985,1,0.9859805,0.9981013,0.8827065,0.9555961000000001,0.04440389999999994,1
icbhi2017::158_1p4_Pr_mc_AKGC417L__cycle_007,icbhi2017,icbhi2017::158,calibration,False,1,both,2.054000000000002,1,0.99032754,0.99960595,0.92231244,0.9707486433333333,0.029251356666666672,1
icbhi2017::158_1p4_Pr_mc_AKGC417L__cycle_008,icbhi2017,icbhi2017::158,calibration,False,1,both,2.0199999999999996,1,0.9810914,0.99642,0.86892223,0.94881121,0.051188789999999984,1
icbhi2017::158_1p4_Tc_mc_AKGC417L__cycle_000,icbhi2017,icbhi2017::158,calibration,False,1,crackle,2.471,1,0.77279717,0.72241974,0.84931374,0.7815102166666666,0.21848978333333335,1
icbhi2017::158_1p4_Tc_mc_AKGC417L__cycle_001,icbhi2017,icbhi2017::158,calibration,False,1,crackle,2.2369999999999997,1,0.24241152,0.33068165,0.3529696,0.30868758999999996,0.6913124100000001,0
icbhi2017::158_1p4_Tc_mc_AKGC417L__cycle_002,icbhi2017,icbhi2017::158,calibration,False,0,normal,2.17,0,0.37871206,0.6917322,0.36710373,0.4791826633333333,0.5208173366666666,0
icbhi2017::158_1p4_Tc_mc_AKGC417L__cycle_003,icbhi2017,icbhi2017::158,calibration,False,0,normal,2.154000000000001,0,0.0475623,0.070602626,0.2993396,0.13916817533333334,0.8608318246666666,0
icbhi2017::158_1p4_Tc_mc_AKGC417L__cycle_004,icbhi2017,icbhi2017::158,calibration,False,1,crackle,2.0700000000000003,1,0.3926255,0.6493989,0.53698444,0.5263362800000001,0.4736637199999999,1
icbhi2017::158_1p4_Tc_mc_AKGC417L__cycle_005,icbhi2017,icbhi2017::158,calibration,False,0,normal,2.237,0,0.11676554,0.526644,0.3450447,0.32948474666666666,0.6705152533333334,0
icbhi2017::158_1p4_Tc_mc_AKGC417L__cycle_006,icbhi2017,icbhi2017::158,calibration,False,0,normal,2.0699999999999985,0,0.07295779,0.66507065,0.44991237,0.39598026999999997,0.6040197300000001,0
icbhi2017::158_1p4_Tc_mc_AKGC417L__cycle_007,icbhi2017,icbhi2017::158,calibration,False,1,crackle,2.054000000000002,1,0.517994,0.97773963,0.8586285,0.7847873766666668,0.21521262333333324,1
icbhi2017::158_1p4_Tc_mc_AKGC417L__cycle_008,icbhi2017,icbhi2017::158,calibration,False,0,normal,2.0199999999999996,0,0.47893822,0.93082976,0.77515584,0.72830794,0.27169206,1
icbhi2017::158_2p2_Ar_mc_AKGC417L__cycle_000,icbhi2017,icbhi2017::158,calibration,False,1,crackle,2.254,1,0.91435206,0.9318385,0.90337604,0.9165222000000001,0.08347779999999994,1
icbhi2017::158_2p2_Ar_mc_AKGC417L__cycle_001,icbhi2017,icbhi2017::158,calibration,False,1,both,2.287,1,0.7471819,0.19777937,0.7305565,0.5585059233333333,0.44149407666666673,1
icbhi2017::158_2p2_Ar_mc_AKGC417L__cycle_002,icbhi2017,icbhi2017::158,calibration,False,1,wheeze,1.9200000000000008,1,0.920722,0.86642617,0.9147293,0.9006258233333333,0.0993741766666667,1
icbhi2017::158_2p2_Ar_mc_AKGC417L__cycle_003,icbhi2017,icbhi2017::158,calibration,False,0,normal,1.8359999999999983,0,0.51320356,0.55990976,0.5292847,0.5341326733333334,0.46586732666666664,1
icbhi2017::158_2p2_Ar_mc_AKGC417L__cycle_004,icbhi2017,icbhi2017::158,calibration,False,1,both,1.7200000000000006,1,0.48871586,0.80213475,0.70835185,0.6664008200000001,0.3335991799999999,1
icbhi2017::158_2p2_Ar_mc_AKGC417L__cycle_005,icbhi2017,icbhi2017::158,calibration,False,1,crackle,1.9860000000000009,1,0.45609742,0.39353362,0.58015627,0.47659577000000003,0.5234042299999999,0
icbhi2017::158_2p2_Ar_mc_AKGC417L__cycle_006,icbhi2017,icbhi2017::158,calibration,False,1,crackle,1.886999999999999,1,0.6131601,0.46877667,0.71809894,0.6000119033333333,0.3999880966666667,1
icbhi2017::158_2p2_Ar_mc_AKGC417L__cycle_007,icbhi2017,icbhi2017::158,calibration,False,1,crackle,2.1370000000000005,1,0.7500958,0.7465422,0.8403882,0.7790087333333333,0.22099126666666669,1
icbhi2017::158_2p2_Ar_mc_AKGC417L__cycle_008,icbhi2017,icbhi2017::158,calibration,False,1,crackle,2.120000000000001,1,0.77543706,0.51914513,0.7317831,0.6754550966666666,0.3245449033333334,1
icbhi2017::158_2p3_Lr_mc_AKGC417L__cycle_000,icbhi2017,icbhi2017::158,calibration,False,1,crackle,1.119,1,0.07465941,0.2400489,0.42561334,0.24677388333333336,0.7532261166666666,0
icbhi2017::158_2p3_Lr_mc_AKGC417L__cycle_001,icbhi2017,icbhi2017::158,calibration,False,1,crackle,2.087,1,0.24575706,0.5234609,0.57180786,0.4470086066666667,0.5529913933333332,0
icbhi2017::158_2p3_Lr_mc_AKGC417L__cycle_002,icbhi2017,icbhi2017::158,calibration,False,1,both,1.836,1,0.2172162,0.38840166,0.5963351,0.4006509866666666,0.5993490133333335,0
icbhi2017::158_2p3_Lr_mc_AKGC417L__cycle_003,icbhi2017,icbhi2017::158,calibration,False,1,crackle,1.636,1,0.43605918,0.8896491,0.9015912,0.74243316,0.25756683999999996,1
icbhi2017::158_2p3_Lr_mc_AKGC417L__cycle_004,icbhi2017,icbhi2017::158,calibration,False,1,crackle,1.5860000000000003,1,0.17729397,0.35309848,0.5232104,0.35120094999999996,0.64879905,0
icbhi2017::158_2p3_Lr_mc_AKGC417L__cycle_005,icbhi2017,icbhi2017::158,calibration,False,1,crackle,1.6359999999999992,1,0.24373172,0.36494666,0.5477416,0.3854733266666666,0.6145266733333334,0
icbhi2017::158_2p3_Lr_mc_AKGC417L__cycle_006,icbhi2017,icbhi2017::158,calibration,False,1,crackle,1.5690000000000008,1,0.43263426,0.25550085,0.6602474,0.44946083666666664,0.5505391633333334,0
icbhi2017::158_2p3_Lr_mc_AKGC417L__cycle_007,icbhi2017,icbhi2017::158,calibration,False,1,crackle,1.7199999999999989,1,0.34847414,0.9829108,0.6176367,0.64967388,0.35032611999999996,1
icbhi2017::158_2p3_Lr_mc_AKGC417L__cycle_008,icbhi2017,icbhi2017::158,calibration,False,1,both,1.502000000000001,1,0.2928059,0.70634186,0.85778946,0.6189790733333334,0.38102092666666665,1
icbhi2017::158_2p3_Lr_mc_AKGC417L__cycle_009,icbhi2017,icbhi2017::158,calibration,False,1,both,1.6199999999999992,1,0.9235626,0.9023827,0.9642509,0.9300654,0.06993459999999996,1
icbhi2017::158_2p3_Lr_mc_AKGC417L__cycle_010,icbhi2017,icbhi2017::158,calibration,False,1,both,1.568999999999999,1,0.8970434,0.8365093,0.9349525,0.8895017333333334,0.11049826666666662,1
icbhi2017::158_2p3_Lr_mc_AKGC417L__cycle_011,icbhi2017,icbhi2017::158,calibration,False,1,both,1.5690000000000026,1,0.9658644,0.9662446,0.981768,0.9712923333333334,0.028707666666666576,1
icbhi2017::158_2p3_Tc_mc_AKGC417L__cycle_000,icbhi2017,icbhi2017::158,calibration,False,1,wheeze,1.119,1,0.87613124,0.86260575,0.8465058,0.8617475966666667,0.13825240333333333,1
icbhi2017::158_2p3_Tc_mc_AKGC417L__cycle_001,icbhi2017,icbhi2017::158,calibration,False,1,both,2.087,1,0.93138653,0.861943,0.7522664,0.8485319766666667,0.1514680233333333,1
icbhi2017::158_2p3_Tc_mc_AKGC417L__cycle_002,icbhi2017,icbhi2017::158,calibration,False,1,wheeze,1.836,1,0.85365987,0.9629801,0.9004146,0.9056848566666668,0.09431514333333324,1
icbhi2017::158_2p3_Tc_mc_AKGC417L__cycle_003,icbhi2017,icbhi2017::158,calibration,False,1,wheeze,1.636,1,0.9199885,0.9857392,0.894869,0.9335322333333332,0.06646776666666676,1
icbhi2017::158_2p3_Tc_mc_AKGC417L__cycle_004,icbhi2017,icbhi2017::158,calibration,False,1,wheeze,1.5860000000000003,1,0.55119795,0.5487452,0.57897747,0.5596402066666667,0.4403597933333333,1
icbhi2017::158_2p3_Tc_mc_AKGC417L__cycle_005,icbhi2017,icbhi2017::158,calibration,False,1,both,1.6359999999999992,1,0.6201763,0.94909066,0.8811164,0.8167944533333333,0.18320554666666666,1
icbhi2017::158_2p3_Tc_mc_AKGC417L__cycle_006,icbhi2017,icbhi2017::158,calibration,False,1,wheeze,1.5690000000000008,1,0.90476704,0.9361641,0.86017543,0.9003688566666667,0.09963114333333334,1
icbhi2017::158_2p3_Tc_mc_AKGC417L__cycle_007,icbhi2017,icbhi2017::158,calibration,False,1,wheeze,1.7199999999999989,1,0.7985102,0.8492854,0.81857765,0.8221244166666666,0.17787558333333342,1
icbhi2017::158_2p3_Tc_mc_AKGC417L__cycle_008,icbhi2017,icbhi2017::158,calibration,False,1,wheeze,1.502000000000001,1,0.90330607,0.88551235,0.6612613,0.8166932399999999,0.18330676000000012,1
icbhi2017::158_2p3_Tc_mc_AKGC417L__cycle_009,icbhi2017,icbhi2017::158,calibration,False,1,wheeze,1.6199999999999992,1,0.75778466,0.88368297,0.84955835,0.8303419933333333,0.16965800666666675,1
icbhi2017::158_2p3_Tc_mc_AKGC417L__cycle_010,icbhi2017,icbhi2017::158,calibration,False,1,wheeze,1.568999999999999,1,0.89056635,0.90757906,0.81696117,0.8717021933333333,0.12829780666666668,1
icbhi2017::158_2p3_Tc_mc_AKGC417L__cycle_011,icbhi2017,icbhi2017::158,calibration,False,1,wheeze,1.5690000000000026,1,0.89839464,0.9132275,0.78976905,0.8671303966666666,0.13286960333333342,1
icbhi2017::163_2b2_Al_mc_AKGC417L__cycle_000,icbhi2017,icbhi2017::163,calibration,False,0,normal,3.74,0,0.046536867,0.10638993,0.15166134,0.10152937899999999,0.898470621,0
icbhi2017::163_2b2_Al_mc_AKGC417L__cycle_001,icbhi2017,icbhi2017::163,calibration,False,0,normal,4.788,0,0.115681574,0.36463356,0.22330505,0.23454006133333336,0.7654599386666666,0
icbhi2017::163_2b2_Al_mc_AKGC417L__cycle_002,icbhi2017,icbhi2017::163,calibration,False,0,normal,4.703999999999999,0,0.051167343,0.17698216,0.1741111,0.13408686766666666,0.8659131323333333,0
icbhi2017::163_2b2_Al_mc_AKGC417L__cycle_003,icbhi2017,icbhi2017::163,calibration,False,0,normal,4.112,0,0.080823004,0.029063199,0.25028837,0.120058191,0.879941809,0
icbhi2017::163_2b2_Al_mc_AKGC417L__cycle_004,icbhi2017,icbhi2017::163,calibration,False,0,normal,2.588999999999998,0,0.13532537,0.19035326,0.350306,0.22532821,0.77467179,0
icbhi2017::163_2b2_Ar_mc_AKGC417L__cycle_000,icbhi2017,icbhi2017::163,calibration,False,0,normal,3.74,0,0.02340473,0.006615693,0.14045782,0.056826081,0.943173919,0
icbhi2017::163_2b2_Ar_mc_AKGC417L__cycle_001,icbhi2017,icbhi2017::163,calibration,False,0,normal,4.788,0,0.025538025,0.004105529,0.122605704,0.05074975266666667,0.9492502473333333,0
icbhi2017::163_2b2_Ar_mc_AKGC417L__cycle_002,icbhi2017,icbhi2017::163,calibration,False,0,normal,4.703999999999999,0,0.017999237,0.003515041,0.153008,0.05817409266666667,0.9418259073333334,0
icbhi2017::163_2b2_Ar_mc_AKGC417L__cycle_003,icbhi2017,icbhi2017::163,calibration,False,0,normal,4.112,0,0.036321856,0.005474387,0.122730404,0.054842215666666666,0.9451577843333333,0
icbhi2017::163_2b2_Ar_mc_AKGC417L__cycle_004,icbhi2017,icbhi2017::163,calibration,False,0,normal,2.588999999999998,0,0.03609476,0.008042005,0.16662346,0.07025340833333334,0.9297465916666666,0
icbhi2017::163_2b2_Ll_mc_AKGC417L__cycle_000,icbhi2017,icbhi2017::163,calibration,False,0,normal,3.74,0,0.40401825,0.6931162,0.6204877,0.5725407166666666,0.4274592833333334,1
icbhi2017::163_2b2_Ll_mc_AKGC417L__cycle_001,icbhi2017,icbhi2017::163,calibration,False,1,crackle,4.788,1,0.53045714,0.8549827,0.7093941,0.69827798,0.30172202000000004,1
icbhi2017::163_2b2_Ll_mc_AKGC417L__cycle_002,icbhi2017,icbhi2017::163,calibration,False,1,crackle,4.703999999999999,1,0.15187427,0.11133195,0.4092319,0.22414604000000002,0.77585396,0
icbhi2017::163_2b2_Ll_mc_AKGC417L__cycle_003,icbhi2017,icbhi2017::163,calibration,False,0,normal,4.112,0,0.60946286,0.8249199,0.61963415,0.6846723033333334,0.3153276966666666,1
icbhi2017::163_2b2_Ll_mc_AKGC417L__cycle_004,icbhi2017,icbhi2017::163,calibration,False,0,normal,2.588999999999998,0,0.65831023,0.90055764,0.79538,0.78474929,0.21525070999999996,1
icbhi2017::163_2b2_Lr_mc_AKGC417L__cycle_000,icbhi2017,icbhi2017::163,calibration,False,1,crackle,3.74,1,0.22086991,0.12435835,0.41448125,0.2532365033333333,0.7467634966666667,0
icbhi2017::163_2b2_Lr_mc_AKGC417L__cycle_001,icbhi2017,icbhi2017::163,calibration,False,0,normal,4.788,0,0.20441832,0.20003834,0.5255689,0.31000852,0.68999148,0
icbhi2017::163_2b2_Lr_mc_AKGC417L__cycle_002,icbhi2017,icbhi2017::163,calibration,False,1,crackle,4.703999999999999,1,0.26764905,0.5225256,0.5950242,0.46173295000000003,0.53826705,0
icbhi2017::163_2b2_Lr_mc_AKGC417L__cycle_003,icbhi2017,icbhi2017::163,calibration,False,1,crackle,4.112,1,0.25822386,0.10807983,0.50305843,0.2897873733333333,0.7102126266666666,0
icbhi2017::163_2b2_Lr_mc_AKGC417L__cycle_004,icbhi2017,icbhi2017::163,calibration,False,0,normal,2.588999999999998,0,0.18189727,0.027525477,0.47841817,0.22928030566666666,0.7707196943333333,0
icbhi2017::163_2b2_Pl_mc_AKGC417L__cycle_000,icbhi2017,icbhi2017::163,calibration,False,1,crackle,3.74,1,0.55563855,0.7420627,0.34810203,0.5486010933333333,0.4513989066666667,1
icbhi2017::163_2b2_Pl_mc_AKGC417L__cycle_001,icbhi2017,icbhi2017::163,calibration,False,1,crackle,4.788,1,0.6873012,0.7366799,0.48535222,0.63644444,0.36355556,1
icbhi2017::163_2b2_Pl_mc_AKGC417L__cycle_002,icbhi2017,icbhi2017::163,calibration,False,0,normal,4.703999999999999,0,0.46848044,0.3960485,0.26009923,0.3748760566666667,0.6251239433333333,0
icbhi2017::163_2b2_Pl_mc_AKGC417L__cycle_003,icbhi2017,icbhi2017::163,calibration,False,0,normal,4.112,0,0.7720117,0.7511281,0.61036634,0.7111687133333334,0.2888312866666666,1
icbhi2017::163_2b2_Pl_mc_AKGC417L__cycle_004,icbhi2017,icbhi2017::163,calibration,False,0,normal,2.588999999999998,0,0.9458955,0.9958222,0.9367528,0.9594901666666665,0.04050983333333347,1
icbhi2017::163_2b2_Pr_mc_AKGC417L__cycle_000,icbhi2017,icbhi2017::163,calibration,False,0,normal,3.74,0,0.46194297,0.8639267,0.42879584,0.5848885033333334,0.4151114966666666,1
icbhi2017::163_2b2_Pr_mc_AKGC417L__cycle_001,icbhi2017,icbhi2017::163,calibration,False,0,normal,4.788,0,0.86388445,0.9004469,0.87492657,0.87975264,0.12024736000000003,1
icbhi2017::163_2b2_Pr_mc_AKGC417L__cycle_002,icbhi2017,icbhi2017::163,calibration,False,0,normal,4.703999999999999,0,0.6129937,0.81525445,0.8006643,0.7429708166666668,0.25702918333333324,1
icbhi2017::163_2b2_Pr_mc_AKGC417L__cycle_003,icbhi2017,icbhi2017::163,calibration,False,0,normal,4.112,0,0.91895235,0.97106564,0.8121283,0.90071543,0.09928457000000002,1
icbhi2017::163_2b2_Pr_mc_AKGC417L__cycle_004,icbhi2017,icbhi2017::163,calibration,False,0,normal,2.588999999999998,0,0.9238943,0.9703948,0.85339767,0.91589559,0.08410441000000002,1
icbhi2017::163_2b2_Tc_mc_AKGC417L__cycle_000,icbhi2017,icbhi2017::163,calibration,False,0,normal,3.74,0,0.04814746,0.035313107,0.10387085,0.062443805666666664,0.9375561943333334,0
icbhi2017::163_2b2_Tc_mc_AKGC417L__cycle_001,icbhi2017,icbhi2017::163,calibration,False,0,normal,4.788,0,0.057330456,0.035988696,0.114201844,0.06917366533333334,0.9308263346666666,0
icbhi2017::163_2b2_Tc_mc_AKGC417L__cycle_002,icbhi2017,icbhi2017::163,calibration,False,0,normal,4.703999999999999,0,0.031843495,0.0110596325,0.081583194,0.0414954405,0.9585045595,0
icbhi2017::163_2b2_Tc_mc_AKGC417L__cycle_003,icbhi2017,icbhi2017::163,calibration,False,0,normal,4.112,0,0.09880185,0.061173756,0.13243517,0.09747025866666666,0.9025297413333333,0
icbhi2017::163_2b2_Tc_mc_AKGC417L__cycle_004,icbhi2017,icbhi2017::163,calibration,False,0,normal,2.588999999999998,0,0.0505791,0.040765107,0.1323449,0.07456303566666667,0.9254369643333333,0
icbhi2017::163_8b3_Al_mc_AKGC417L__cycle_000,icbhi2017,icbhi2017::163,calibration,False,0,normal,3.333,0,0.18025205,0.05268818,0.4213849,0.2181083766666667,0.7818916233333333,0
icbhi2017::163_8b3_Al_mc_AKGC417L__cycle_001,icbhi2017,icbhi2017::163,calibration,False,0,normal,3.0289999999999995,0,0.10898051,0.016499223,0.27561727,0.133699001,0.866300999,0
icbhi2017::163_8b3_Al_mc_AKGC417L__cycle_002,icbhi2017,icbhi2017::163,calibration,False,0,normal,3.4850000000000003,0,0.24916948,0.19826134,0.27832747,0.24191943000000002,0.75808057,0
icbhi2017::163_8b3_Al_mc_AKGC417L__cycle_003,icbhi2017,icbhi2017::163,calibration,False,0,normal,3.3339999999999996,0,0.18176816,0.16034386,0.44071206,0.26094136,0.73905864,0
icbhi2017::163_8b3_Al_mc_AKGC417L__cycle_004,icbhi2017,icbhi2017::163,calibration,False,0,normal,2.724,0,0.42672658,0.37236258,0.62059575,0.4732283033333333,0.5267716966666667,0
icbhi2017::163_8b3_Al_mc_AKGC417L__cycle_005,icbhi2017,icbhi2017::163,calibration,False,0,normal,3.620999999999998,0,0.15583773,0.042705335,0.27528295,0.15794200500000002,0.842057995,0
icbhi2017::163_8b3_Ar_mc_AKGC417L__cycle_000,icbhi2017,icbhi2017::163,calibration,False,0,normal,3.333,0,0.08206772,0.014826489,0.36206394,0.15298604966666665,0.8470139503333334,0
icbhi2017::163_8b3_Ar_mc_AKGC417L__cycle_001,icbhi2017,icbhi2017::163,calibration,False,0,normal,3.0289999999999995,0,0.031376537,0.04198717,0.32184237,0.131735359,0.868264641,0
icbhi2017::163_8b3_Ar_mc_AKGC417L__cycle_002,icbhi2017,icbhi2017::163,calibration,False,0,normal,3.4850000000000003,0,0.11813418,0.090302,0.31997803,0.17613807,0.82386193,0
icbhi2017::163_8b3_Ar_mc_AKGC417L__cycle_003,icbhi2017,icbhi2017::163,calibration,False,0,normal,3.3339999999999996,0,0.07306356,0.04570012,0.33840734,0.15239033999999999,0.84760966,0
icbhi2017::163_8b3_Ar_mc_AKGC417L__cycle_004,icbhi2017,icbhi2017::163,calibration,False,0,normal,2.724,0,0.050615057,0.019684851,0.32915044,0.133150116,0.866849884,0
icbhi2017::163_8b3_Ar_mc_AKGC417L__cycle_005,icbhi2017,icbhi2017::163,calibration,False,0,normal,3.620999999999998,0,0.04471439,0.021377394,0.281012,0.11570126133333332,0.8842987386666666,0
icbhi2017::163_8b3_Ll_mc_AKGC417L__cycle_000,icbhi2017,icbhi2017::163,calibration,False,0,normal,3.333,0,0.8756737,0.9591906,0.8368385,0.8905676000000001,0.10943239999999987,1
icbhi2017::163_8b3_Ll_mc_AKGC417L__cycle_001,icbhi2017,icbhi2017::163,calibration,False,0,normal,3.0289999999999995,0,0.93219787,0.994348,0.7925006,0.9063488233333333,0.09365117666666667,1
icbhi2017::163_8b3_Ll_mc_AKGC417L__cycle_002,icbhi2017,icbhi2017::163,calibration,False,0,normal,3.4850000000000003,0,0.9526479,0.9888799,0.92465866,0.9553954866666666,0.04460451333333337,1
icbhi2017::163_8b3_Ll_mc_AKGC417L__cycle_003,icbhi2017,icbhi2017::163,calibration,False,0,normal,3.3339999999999996,0,0.82024884,0.94748396,0.8256386,0.8644571333333334,0.1355428666666666,1
icbhi2017::163_8b3_Ll_mc_AKGC417L__cycle_004,icbhi2017,icbhi2017::163,calibration,False,0,normal,2.724,0,0.9537856,0.98732483,0.8600473,0.9337192433333333,0.06628075666666666,1
icbhi2017::163_8b3_Ll_mc_AKGC417L__cycle_005,icbhi2017,icbhi2017::163,calibration,False,0,normal,3.620999999999998,0,0.9072092,0.98345226,0.82303655,0.9045660033333333,0.09543399666666674,1
icbhi2017::163_8b3_Lr_mc_AKGC417L__cycle_000,icbhi2017,icbhi2017::163,calibration,False,0,normal,3.333,0,0.17898725,0.124255404,0.3633128,0.22218515133333336,0.7778148486666666,0
icbhi2017::163_8b3_Lr_mc_AKGC417L__cycle_001,icbhi2017,icbhi2017::163,calibration,False,0,normal,3.0289999999999995,0,0.06479924,0.025271378,0.15398072,0.08135044599999999,0.918649554,0
icbhi2017::163_8b3_Lr_mc_AKGC417L__cycle_002,icbhi2017,icbhi2017::163,calibration,False,0,normal,3.4850000000000003,0,0.22993992,0.04278547,0.36079487,0.21117342000000003,0.7888265799999999,0
icbhi2017::163_8b3_Lr_mc_AKGC417L__cycle_003,icbhi2017,icbhi2017::163,calibration,False,0,normal,3.3339999999999996,0,0.14031518,0.030892925,0.25870433,0.143304145,0.856695855,0
icbhi2017::163_8b3_Lr_mc_AKGC417L__cycle_004,icbhi2017,icbhi2017::163,calibration,False,0,normal,2.724,0,0.058744974,0.027522702,0.4368942,0.174387292,0.825612708,0
icbhi2017::163_8b3_Lr_mc_AKGC417L__cycle_005,icbhi2017,icbhi2017::163,calibration,False,0,normal,3.620999999999998,0,0.10382325,0.023343945,0.1980652,0.10841079833333334,0.8915892016666667,0
icbhi2017::163_8b3_Pl_mc_AKGC417L__cycle_000,icbhi2017,icbhi2017::163,calibration,False,0,normal,3.333,0,0.29637897,0.0073434804,0.5152488,0.27299041679999997,0.7270095832000001,0
icbhi2017::163_8b3_Pl_mc_AKGC417L__cycle_001,icbhi2017,icbhi2017::163,calibration,False,0,normal,3.0289999999999995,0,0.755469,0.23880662,0.688921,0.56106554,0.43893446,1
icbhi2017::163_8b3_Pl_mc_AKGC417L__cycle_002,icbhi2017,icbhi2017::163,calibration,False,0,normal,3.4850000000000003,0,0.9159944,0.7195222,0.91629326,0.8506032866666665,0.1493967133333335,1
icbhi2017::163_8b3_Pl_mc_AKGC417L__cycle_003,icbhi2017,icbhi2017::163,calibration,False,0,normal,3.3339999999999996,0,0.8918442,0.37652755,0.8151104,0.69449405,0.30550595,1
icbhi2017::163_8b3_Pl_mc_AKGC417L__cycle_004,icbhi2017,icbhi2017::163,calibration,False,0,normal,2.724,0,0.81362706,0.17554791,0.88763267,0.6256025466666667,0.3743974533333333,1
icbhi2017::163_8b3_Pl_mc_AKGC417L__cycle_005,icbhi2017,icbhi2017::163,calibration,False,0,normal,3.620999999999998,0,0.45022732,0.032351274,0.6946441,0.39240756466666665,0.6075924353333333,0
icbhi2017::163_8b3_Pr_mc_AKGC417L__cycle_000,icbhi2017,icbhi2017::163,calibration,False,0,normal,3.333,0,0.50690526,0.4491276,0.4954241,0.4838189866666667,0.5161810133333333,0
icbhi2017::163_8b3_Pr_mc_AKGC417L__cycle_001,icbhi2017,icbhi2017::163,calibration,False,0,normal,3.0289999999999995,0,0.7873907,0.40755293,0.6219889,0.6056441766666666,0.3943558233333334,1
icbhi2017::163_8b3_Pr_mc_AKGC417L__cycle_002,icbhi2017,icbhi2017::163,calibration,False,0,normal,3.4850000000000003,0,0.8411103,0.89662915,0.85901517,0.8655848733333333,0.13441512666666666,1
icbhi2017::163_8b3_Pr_mc_AKGC417L__cycle_003,icbhi2017,icbhi2017::163,calibration,False,0,normal,3.3339999999999996,0,0.37940234,0.24895334,0.7578011,0.46205225999999994,0.5379477400000001,0
icbhi2017::163_8b3_Pr_mc_AKGC417L__cycle_004,icbhi2017,icbhi2017::163,calibration,False,0,normal,2.724,0,0.54748595,0.8452492,0.71807784,0.70360433,0.29639567,1
icbhi2017::163_8b3_Pr_mc_AKGC417L__cycle_005,icbhi2017,icbhi2017::163,calibration,False,0,normal,3.620999999999998,0,0.1451574,0.09569394,0.49121603,0.24402245666666667,0.7559775433333333,0
icbhi2017::192_2b1_Al_mc_LittC2SE__cycle_000,icbhi2017,icbhi2017::192,calibration,False,0,normal,0.985,0,0.044346903,0.016106121,0.1460279,0.06882697466666667,0.9311730253333333,0
icbhi2017::192_2b1_Al_mc_LittC2SE__cycle_001,icbhi2017,icbhi2017::192,calibration,False,1,wheeze,2.7,1,0.9921936,0.9989323,0.9911731,0.9940996666666667,0.005900333333333285,1
icbhi2017::192_2b1_Al_mc_LittC2SE__cycle_002,icbhi2017,icbhi2017::192,calibration,False,1,wheeze,3.272,1,0.99548846,0.9987348,0.96840566,0.9875429733333334,0.012457026666666593,1
icbhi2017::192_2b1_Al_mc_LittC2SE__cycle_003,icbhi2017,icbhi2017::192,calibration,False,1,wheeze,2.742,1,0.9921795,0.99611807,0.9257669,0.9713548233333332,0.028645176666666772,1
icbhi2017::192_2b1_Al_mc_LittC2SE__cycle_004,icbhi2017,icbhi2017::192,calibration,False,1,wheeze,2.843,1,0.97223604,0.9951815,0.8575935,0.9416703466666667,0.05832965333333329,1
icbhi2017::192_2b1_Al_mc_LittC2SE__cycle_005,icbhi2017,icbhi2017::192,calibration,False,1,both,2.9290000000000003,1,0.98396885,0.9954645,0.9322629,0.9705654166666666,0.029434583333333375,1
icbhi2017::192_2b1_Al_mc_LittC2SE__cycle_006,icbhi2017,icbhi2017::192,calibration,False,1,wheeze,2.9000000000000004,1,0.9792921,0.9968534,0.7393468,0.9051640999999999,0.09483590000000008,1
icbhi2017::192_2b1_Al_mc_LittC2SE__cycle_007,icbhi2017,icbhi2017::192,calibration,False,1,wheeze,1.5429999999999993,1,0.99762934,0.99844486,0.9942163,0.9967635,0.0032364999999999755,1
icbhi2017::192_2b1_Ar_mc_LittC2SE__cycle_000,icbhi2017,icbhi2017::192,calibration,False,0,normal,1.042,0,0.2848542,0.10793589,0.28293088,0.22524032333333333,0.7747596766666667,0
icbhi2017::192_2b1_Ar_mc_LittC2SE__cycle_001,icbhi2017,icbhi2017::192,calibration,False,1,wheeze,2.658,1,0.9920046,0.9959942,0.96374744,0.9839154133333334,0.016084586666666567,1
icbhi2017::192_2b1_Ar_mc_LittC2SE__cycle_002,icbhi2017,icbhi2017::192,calibration,False,1,wheeze,2.728,1,0.9894406,0.99692035,0.9519203,0.9794270833333334,0.020572916666666607,1
icbhi2017::192_2b1_Ar_mc_LittC2SE__cycle_003,icbhi2017,icbhi2017::192,calibration,False,1,wheeze,2.9289999999999994,1,0.94661576,0.97712266,0.86443496,0.9293911266666667,0.07060887333333332,1
icbhi2017::192_2b1_Ar_mc_LittC2SE__cycle_004,icbhi2017,icbhi2017::192,calibration,False,1,wheeze,3.157,1,0.9719795,0.99735045,0.9576931,0.9756743499999999,0.024325650000000087,1
icbhi2017::192_2b1_Ar_mc_LittC2SE__cycle_005,icbhi2017,icbhi2017::192,calibration,False,1,wheeze,2.928000000000001,1,0.95324963,0.97309846,0.77284706,0.8997317166666666,0.10026828333333337,1
icbhi2017::192_2b1_Ar_mc_LittC2SE__cycle_006,icbhi2017,icbhi2017::192,calibration,False,1,wheeze,3.028999999999998,1,0.9877579,0.99507034,0.93569344,0.97284056,0.027159440000000035,1
icbhi2017::192_2b1_Ar_mc_LittC2SE__cycle_007,icbhi2017,icbhi2017::192,calibration,False,1,wheeze,1.143000000000001,1,0.99025494,0.9921921,0.9948067,0.9924179133333334,0.007582086666666599,1
icbhi2017::192_2b2_Al_mc_LittC2SE__cycle_000,icbhi2017,icbhi2017::192,calibration,False,1,wheeze,2.528,1,0.47624025,0.5577125,0.43311357,0.4890221066666667,0.5109778933333333,0
icbhi2017::192_2b2_Al_mc_LittC2SE__cycle_001,icbhi2017,icbhi2017::192,calibration,False,1,both,2.5149999999999997,1,0.98038954,0.96858335,0.7624408,0.9038045633333333,0.09619543666666674,1
icbhi2017::192_2b2_Al_mc_LittC2SE__cycle_002,icbhi2017,icbhi2017::192,calibration,False,1,wheeze,2.9850000000000003,1,0.97706586,0.9905974,0.9421666,0.9699432866666666,0.030056713333333374,1
icbhi2017::192_2b2_Al_mc_LittC2SE__cycle_003,icbhi2017,icbhi2017::192,calibration,False,1,both,2.8859999999999992,1,0.98572356,0.9959974,0.97419554,0.9853055,0.014694500000000055,1
icbhi2017::192_2b2_Al_mc_LittC2SE__cycle_004,icbhi2017,icbhi2017::192,calibration,False,1,wheeze,2.9860000000000007,1,0.9394918,0.9759744,0.8264252,0.9139638,0.08603620000000001,1
icbhi2017::192_2b2_Al_mc_LittC2SE__cycle_005,icbhi2017,icbhi2017::192,calibration,False,1,wheeze,2.9140000000000015,1,0.9914619,0.99140596,0.90926087,0.96404291,0.035957090000000025,1
icbhi2017::192_2b2_Al_mc_LittC2SE__cycle_006,icbhi2017,icbhi2017::192,calibration,False,1,wheeze,2.799999999999997,1,0.99414426,0.9880949,0.93280196,0.9716803733333333,0.028319626666666653,1
icbhi2017::192_2b2_Al_mc_LittC2SE__cycle_007,icbhi2017,icbhi2017::192,calibration,False,1,wheeze,0.314,1,0.33585492,0.6204883,0.72639585,0.5609130233333333,0.43908697666666674,1
icbhi2017::192_2b2_Ar_mc_LittC2SE__cycle_000,icbhi2017,icbhi2017::192,calibration,False,0,normal,1.972,0,0.84830195,0.68924975,0.6982012,0.7452509666666666,0.25474903333333343,1
icbhi2017::192_2b2_Ar_mc_LittC2SE__cycle_001,icbhi2017,icbhi2017::192,calibration,False,1,wheeze,2.9280000000000004,1,0.953187,0.99348974,0.93906707,0.9619146033333333,0.03808539666666666,1
icbhi2017::192_2b2_Ar_mc_LittC2SE__cycle_002,icbhi2017,icbhi2017::192,calibration,False,1,wheeze,3.1710000000000003,1,0.97447217,0.9986337,0.95880324,0.9773030366666666,0.022696963333333375,1
icbhi2017::192_2b2_Ar_mc_LittC2SE__cycle_003,icbhi2017,icbhi2017::192,calibration,False,1,wheeze,3.1579999999999995,1,0.9413292,0.9912826,0.9692733,0.9672950333333334,0.03270496666666656,1
icbhi2017::192_2b2_Ar_mc_LittC2SE__cycle_004,icbhi2017,icbhi2017::192,calibration,False,1,wheeze,2.785,1,0.96287715,0.9762681,0.91532636,0.9514905366666667,0.04850946333333328,1
icbhi2017::192_2b2_Ar_mc_LittC2SE__cycle_005,icbhi2017,icbhi2017::192,calibration,False,1,wheeze,2.8290000000000006,1,0.9561879,0.99662846,0.9588167,0.9705443533333332,0.02945564666666678,1
icbhi2017::192_2b2_Ar_mc_LittC2SE__cycle_006,icbhi2017,icbhi2017::192,calibration,False,1,wheeze,2.785999999999998,1,0.86010754,0.92861736,0.9270317,0.9052522000000001,0.09474779999999994,1
icbhi2017::192_2b2_Ar_mc_LittC2SE__cycle_007,icbhi2017,icbhi2017::192,calibration,False,1,wheeze,0.3000000000000007,1,0.8854574,0.9496751,0.7181622,0.8510982333333333,0.14890176666666666,1
icbhi2017::192_2b3_Al_mc_LittC2SE__cycle_000,icbhi2017,icbhi2017::192,calibration,False,1,crackle,2.414,1,0.2788699,0.11349483,0.6315497,0.34130481,0.65869519,0
icbhi2017::192_2b3_Al_mc_LittC2SE__cycle_001,icbhi2017,icbhi2017::192,calibration,False,1,wheeze,3.1710000000000003,1,0.9832253,0.99604684,0.9538679,0.9777133466666666,0.02228665333333335,1
icbhi2017::192_2b3_Al_mc_LittC2SE__cycle_002,icbhi2017,icbhi2017::192,calibration,False,1,wheeze,3.4000000000000004,1,0.9928334,0.9982362,0.9614228,0.9841641333333332,0.01583586666666681,1
icbhi2017::192_2b3_Al_mc_LittC2SE__cycle_003,icbhi2017,icbhi2017::192,calibration,False,1,wheeze,2.9429999999999996,1,0.92632693,0.8909153,0.7431754,0.8534725433333333,0.14652745666666667,1
icbhi2017::192_2b3_Al_mc_LittC2SE__cycle_004,icbhi2017,icbhi2017::192,calibration,False,1,wheeze,3.343,1,0.9764997,0.9933351,0.77789485,0.9159098833333333,0.08409011666666666,1
icbhi2017::192_2b3_Al_mc_LittC2SE__cycle_005,icbhi2017,icbhi2017::192,calibration,False,1,wheeze,2.799999999999999,1,0.9862997,0.99097,0.93007314,0.96911428,0.030885720000000005,1
icbhi2017::192_2b3_Al_mc_LittC2SE__cycle_006,icbhi2017,icbhi2017::192,calibration,False,1,wheeze,1.7570000000000014,1,0.9895147,0.9584098,0.94819325,0.9653725833333334,0.03462741666666658,1
icbhi2017::192_2b3_Ar_mc_LittC2SE__cycle_000,icbhi2017,icbhi2017::192,calibration,False,0,normal,2.443,0,0.22031428,0.019112583,0.34735724,0.195594701,0.804405299,0
icbhi2017::192_2b3_Ar_mc_LittC2SE__cycle_001,icbhi2017,icbhi2017::192,calibration,False,1,wheeze,3.1570000000000005,1,0.97190315,0.99704105,0.93481416,0.9679194533333334,0.0320805466666666,1
icbhi2017::192_2b3_Ar_mc_LittC2SE__cycle_002,icbhi2017,icbhi2017::192,calibration,False,1,wheeze,3.2569999999999997,1,0.9860088,0.9962618,0.97129065,0.9845204166666667,0.015479583333333324,1
icbhi2017::192_2b3_Ar_mc_LittC2SE__cycle_003,icbhi2017,icbhi2017::192,calibration,False,1,wheeze,3.2140000000000004,1,0.9722493,0.98814476,0.86337554,0.9412565333333335,0.05874346666666652,1
icbhi2017::192_2b3_Ar_mc_LittC2SE__cycle_004,icbhi2017,icbhi2017::192,calibration,False,1,wheeze,3.115,1,0.86017317,0.9810222,0.9546345,0.93194329,0.06805671000000002,1
icbhi2017::192_2b3_Ar_mc_LittC2SE__cycle_005,icbhi2017,icbhi2017::192,calibration,False,1,wheeze,2.9570000000000007,1,0.9938259,0.9976089,0.96437556,0.98527012,0.014729879999999973,1
icbhi2017::192_2b3_Ar_mc_LittC2SE__cycle_006,icbhi2017,icbhi2017::192,calibration,False,1,wheeze,1.686,1,0.9891528,0.99567056,0.9732257,0.9860163533333334,0.013983646666666627,1
icbhi2017::197_1b1_Al_sc_Meditron__cycle_000,icbhi2017,icbhi2017::197,calibration,False,0,normal,7.157,0,0.13536805,0.043912668,0.12697071,0.10208380933333333,0.8979161906666666,0
icbhi2017::197_1b1_Al_sc_Meditron__cycle_001,icbhi2017,icbhi2017::197,calibration,False,0,normal,5.785,0,0.3046306,0.5310351,0.3349304,0.3901987,0.6098013,0
icbhi2017::197_1b1_Al_sc_Meditron__cycle_002,icbhi2017,icbhi2017::197,calibration,False,0,normal,6.999999999999998,0,0.31501403,0.2173601,0.40760633,0.31332682,0.68667318,0
icbhi2017::197_1b1_Tc_sc_Meditron__cycle_000,icbhi2017,icbhi2017::197,calibration,False,0,normal,4.9990000000000006,0,0.058948174,0.03477814,0.09662851,0.063451608,0.936548392,0
icbhi2017::197_1b1_Tc_sc_Meditron__cycle_001,icbhi2017,icbhi2017::197,calibration,False,1,crackle,4.515,1,0.04765582,0.04861825,0.064176805,0.053483625,0.946516375,0
icbhi2017::197_1b1_Tc_sc_Meditron__cycle_002,icbhi2017,icbhi2017::197,calibration,False,0,normal,3.943,0,0.13682146,0.07422849,0.11867304,0.10990766333333334,0.8900923366666667,0
icbhi2017::197_1b1_Tc_sc_Meditron__cycle_003,icbhi2017,icbhi2017::197,calibration,False,0,normal,3.757,0,0.2641211,0.08440847,0.110231705,0.152920425,0.847079575,0
icbhi2017::197_1b1_Tc_sc_Meditron__cycle_004,icbhi2017,icbhi2017::197,calibration,False,1,wheeze,2.3569999999999993,1,0.18770157,0.32398838,0.122797206,0.2114957186666667,0.7885042813333333,0
icbhi2017::204_2b5_Al_mc_AKGC417L__cycle_000,icbhi2017,icbhi2017::204,calibration,False,0,normal,0.762,0,0.6348484,0.27067858,0.74624014,0.5505890400000001,0.4494109599999999,1
icbhi2017::204_2b5_Al_mc_AKGC417L__cycle_001,icbhi2017,icbhi2017::204,calibration,False,1,wheeze,3.5709999999999997,1,0.96956044,0.9380212,0.9256115,0.9443977133333333,0.05560228666666667,1
icbhi2017::204_2b5_Al_mc_AKGC417L__cycle_002,icbhi2017,icbhi2017::204,calibration,False,1,wheeze,3.3099999999999996,1,0.9939101,0.99632,0.9832577,0.9911626,0.008837399999999995,1
icbhi2017::204_2b5_Al_mc_AKGC417L__cycle_003,icbhi2017,icbhi2017::204,calibration,False,1,wheeze,3.761,1,0.97393996,0.99369556,0.9328171,0.96681754,0.033182460000000025,1
icbhi2017::204_2b5_Al_mc_AKGC417L__cycle_004,icbhi2017,icbhi2017::204,calibration,False,0,normal,4.155000000000001,0,0.9822265,0.9518744,0.9412766,0.9584591666666666,0.04154083333333336,1
icbhi2017::204_2b5_Al_mc_AKGC417L__cycle_005,icbhi2017,icbhi2017::204,calibration,False,1,wheeze,2.892999999999999,1,0.99026006,0.99753547,0.97334325,0.9870462600000001,0.012953739999999936,1
icbhi2017::204_2b5_Al_mc_AKGC417L__cycle_006,icbhi2017,icbhi2017::204,calibration,False,0,normal,1.5,0,0.5959498,0.18000177,0.39531815,0.39042324,0.6095767599999999,0
icbhi2017::204_2b5_Ar_mc_AKGC417L__cycle_000,icbhi2017,icbhi2017::204,calibration,False,0,normal,0.7739999999999999,0,0.18290691,0.30189168,0.3643834,0.28306066333333335,0.7169393366666666,0
icbhi2017::204_2b5_Ar_mc_AKGC417L__cycle_001,icbhi2017,icbhi2017::204,calibration,False,1,wheeze,3.4400000000000004,1,0.6946482,0.7761505,0.58085984,0.68388618,0.31611382,1
icbhi2017::204_2b5_Ar_mc_AKGC417L__cycle_002,icbhi2017,icbhi2017::204,calibration,False,1,wheeze,3.5,1,0.57042086,0.8157425,0.608433,0.6648654533333334,0.33513454666666664,1
icbhi2017::204_2b5_Ar_mc_AKGC417L__cycle_003,icbhi2017,icbhi2017::204,calibration,False,0,normal,3.892999999999999,0,0.8758987,0.9841681,0.90901566,0.9230274866666667,0.07697251333333333,1
icbhi2017::204_2b5_Ar_mc_AKGC417L__cycle_004,icbhi2017,icbhi2017::204,calibration,False,0,normal,3.916,0,0.686329,0.8743248,0.8195838,0.7934125333333334,0.2065874666666666,1
icbhi2017::204_2b5_Ar_mc_AKGC417L__cycle_005,icbhi2017,icbhi2017::204,calibration,False,0,normal,2.953000000000001,0,0.6467896,0.92119133,0.52198714,0.6966560233333334,0.30334397666666657,1
icbhi2017::204_2b5_Ar_mc_AKGC417L__cycle_006,icbhi2017,icbhi2017::204,calibration,False,0,normal,1.4639999999999986,0,0.5879736,0.63712376,0.40010005,0.54173247,0.45826753,1
icbhi2017::204_2b5_Ll_mc_AKGC417L__cycle_000,icbhi2017,icbhi2017::204,calibration,False,0,normal,0.881,0,0.62245953,0.39490703,0.7666455,0.5946706866666666,0.40532931333333344,1
icbhi2017::204_2b5_Ll_mc_AKGC417L__cycle_001,icbhi2017,icbhi2017::204,calibration,False,0,normal,3.607,0,0.9911425,0.9759192,0.95989317,0.9756516233333333,0.02434837666666667,1
icbhi2017::204_2b5_Ll_mc_AKGC417L__cycle_002,icbhi2017,icbhi2017::204,calibration,False,0,normal,3.476,0,0.9787291,0.99744046,0.9696913,0.98195362,0.01804638000000003,1
icbhi2017::204_2b5_Ll_mc_AKGC417L__cycle_003,icbhi2017,icbhi2017::204,calibration,False,0,normal,3.810000000000001,0,0.99452305,0.99913317,0.9912321,0.9949627733333334,0.0050372266666666166,1
icbhi2017::204_2b5_Ll_mc_AKGC417L__cycle_004,icbhi2017,icbhi2017::204,calibration,False,0,normal,3.833,0,0.98968834,0.9510912,0.9428034,0.9611943133333334,0.03880568666666662,1
icbhi2017::204_2b5_Ll_mc_AKGC417L__cycle_005,icbhi2017,icbhi2017::204,calibration,False,0,normal,3.8930000000000007,0,0.9864417,0.99957675,0.94514287,0.9770537733333334,0.02294622666666657,1
icbhi2017::204_2b5_Ll_mc_AKGC417L__cycle_006,icbhi2017,icbhi2017::204,calibration,False,0,normal,0.4519999999999982,0,0.33897007,0.1444339,0.35233197,0.27857864666666665,0.7214213533333333,0
icbhi2017::204_7p5_Al_mc_AKGC417L__cycle_000,icbhi2017,icbhi2017::204,calibration,False,0,normal,2.798,0,0.27596366,0.6527122,0.781253,0.5699762866666667,0.43002371333333334,1
icbhi2017::204_7p5_Al_mc_AKGC417L__cycle_001,icbhi2017,icbhi2017::204,calibration,False,0,normal,2.952,0,0.32743844,0.6383255,0.78572136,0.5838284333333333,0.41617156666666666,1
icbhi2017::204_7p5_Al_mc_AKGC417L__cycle_002,icbhi2017,icbhi2017::204,calibration,False,0,normal,3.1910000000000007,0,0.30363208,0.47554842,0.76920336,0.5161279533333333,0.4838720466666667,1
icbhi2017::204_7p5_Al_mc_AKGC417L__cycle_003,icbhi2017,icbhi2017::204,calibration,False,0,normal,2.963999999999998,0,0.49217936,0.5873052,0.5004601,0.52664822,0.47335178,1
icbhi2017::204_7p5_Al_mc_AKGC417L__cycle_004,icbhi2017,icbhi2017::204,calibration,False,0,normal,3.0600000000000005,0,0.4191552,0.37957898,0.56216186,0.45363201333333336,0.5463679866666666,0
icbhi2017::204_7p5_Al_mc_AKGC417L__cycle_005,icbhi2017,icbhi2017::204,calibration,False,0,normal,3.1309999999999985,0,0.45034918,0.28008035,0.64206094,0.45749682333333336,0.5425031766666666,0
icbhi2017::204_7p5_Al_mc_AKGC417L__cycle_006,icbhi2017,icbhi2017::204,calibration,False,0,normal,1.785,0,0.18283123,0.30363402,0.3614146,0.28262661666666666,0.7173733833333333,0
icbhi2017::204_7p5_Ar_mc_AKGC417L__cycle_000,icbhi2017,icbhi2017::204,calibration,False,0,normal,2.702,0,0.13494496,0.46635237,0.5100818,0.37045971,0.62954029,0
icbhi2017::204_7p5_Ar_mc_AKGC417L__cycle_001,icbhi2017,icbhi2017::204,calibration,False,0,normal,3.048,0,0.24484052,0.2865517,0.23717313,0.25618845,0.74381155,0
icbhi2017::204_7p5_Ar_mc_AKGC417L__cycle_002,icbhi2017,icbhi2017::204,calibration,False,0,normal,3.0829999999999993,0,0.53717244,0.35809928,0.27416703,0.3898129166666666,0.6101870833333334,0
icbhi2017::204_7p5_Ar_mc_AKGC417L__cycle_003,icbhi2017,icbhi2017::204,calibration,False,0,normal,2.976000000000001,0,0.1937661,0.1294609,0.20407581,0.17576760333333333,0.8242323966666667,0
icbhi2017::204_7p5_Ar_mc_AKGC417L__cycle_004,icbhi2017,icbhi2017::204,calibration,False,0,normal,3.1430000000000007,0,0.22327349,0.10104298,0.24740073,0.19057239999999998,0.8094276,0
icbhi2017::204_7p5_Ar_mc_AKGC417L__cycle_005,icbhi2017,icbhi2017::204,calibration,False,0,normal,3.035999999999998,0,0.30691975,0.0724565,0.22324741,0.20087455333333334,0.7991254466666666,0
icbhi2017::204_7p5_Ar_mc_AKGC417L__cycle_006,icbhi2017,icbhi2017::204,calibration,False,0,normal,1.904,0,0.60958195,0.5227476,0.4482114,0.5268469833333334,0.47315301666666665,1
icbhi2017::204_7p5_Ll_mc_AKGC417L__cycle_000,icbhi2017,icbhi2017::204,calibration,False,0,normal,2.846,0,0.5487919,0.8469696,0.43606687,0.6106094566666666,0.38939054333333345,1
icbhi2017::204_7p5_Ll_mc_AKGC417L__cycle_001,icbhi2017,icbhi2017::204,calibration,False,0,normal,2.952,0,0.70533293,0.7788935,0.24956447,0.5779303,0.4220697,1
icbhi2017::204_7p5_Ll_mc_AKGC417L__cycle_002,icbhi2017,icbhi2017::204,calibration,False,0,normal,3.0359999999999996,0,0.58415294,0.34462044,0.16680922,0.36519419999999997,0.6348058000000001,0
icbhi2017::204_7p5_Ll_mc_AKGC417L__cycle_003,icbhi2017,icbhi2017::204,calibration,False,0,normal,3.202,0,0.6076159,0.7705672,0.24469087,0.54095799,0.45904201,1
icbhi2017::204_7p5_Ll_mc_AKGC417L__cycle_004,icbhi2017,icbhi2017::204,calibration,False,0,normal,3.072000000000001,0,0.8187276,0.44495767,0.17852965,0.48073830666666667,0.5192616933333334,0
icbhi2017::204_7p5_Ll_mc_AKGC417L__cycle_005,icbhi2017,icbhi2017::204,calibration,False,0,normal,3.022999999999998,0,0.77590555,0.5155563,0.17901503,0.49015896000000003,0.50984104,0
icbhi2017::204_7p5_Ll_mc_AKGC417L__cycle_006,icbhi2017,icbhi2017::204,calibration,False,0,normal,1.738000000000003,0,0.7436653,0.61156374,0.3259816,0.5604035466666667,0.4395964533333333,1
icbhi2017::204_7p5_Lr_mc_AKGC417L__cycle_000,icbhi2017,icbhi2017::204,calibration,False,0,normal,2.738,0,0.8799924,0.49240264,0.22372961,0.53204155,0.46795845,1
icbhi2017::204_7p5_Lr_mc_AKGC417L__cycle_001,icbhi2017,icbhi2017::204,calibration,False,0,normal,3.071,0,0.6198243,0.15603627,0.09080333,0.28888796666666666,0.7111120333333334,0
icbhi2017::204_7p5_Lr_mc_AKGC417L__cycle_002,icbhi2017,icbhi2017::204,calibration,False,0,normal,3.048,0,0.37447634,0.07235001,0.0731179,0.17331475,0.82668525,0
icbhi2017::204_7p5_Lr_mc_AKGC417L__cycle_003,icbhi2017,icbhi2017::204,calibration,False,0,normal,3.0950000000000006,0,0.34227043,0.07484262,0.06706872,0.16139392333333333,0.8386060766666666,0
icbhi2017::204_7p5_Lr_mc_AKGC417L__cycle_004,icbhi2017,icbhi2017::204,calibration,False,0,normal,3.0589999999999993,0,0.3376624,0.09189708,0.07968562,0.16974836666666668,0.8302516333333333,0
icbhi2017::204_7p5_Lr_mc_AKGC417L__cycle_005,icbhi2017,icbhi2017::204,calibration,False,0,normal,3.0840000000000014,0,0.47643733,0.01954852,0.08111032,0.19236539,0.80763461,0
icbhi2017::204_7p5_Lr_mc_AKGC417L__cycle_006,icbhi2017,icbhi2017::204,calibration,False,0,normal,1.796999999999997,0,0.70819026,0.052506797,0.23204283,0.33091329566666666,0.6690867043333333,0
icbhi2017::204_7p5_Pr_mc_AKGC417L__cycle_000,icbhi2017,icbhi2017::204,calibration,False,0,normal,2.905,0,0.41832805,0.43834814,0.49094984,0.4492086766666667,0.5507913233333332,0
icbhi2017::204_7p5_Pr_mc_AKGC417L__cycle_001,icbhi2017,icbhi2017::204,calibration,False,0,normal,2.881,0,0.65944856,0.06315198,0.1752458,0.2992821133333333,0.7007178866666667,0
icbhi2017::204_7p5_Pr_mc_AKGC417L__cycle_002,icbhi2017,icbhi2017::204,calibration,False,0,normal,3.249999999999999,0,0.7384202,0.17386903,0.4107488,0.44101267666666666,0.5589873233333333,0
icbhi2017::204_7p5_Pr_mc_AKGC417L__cycle_003,icbhi2017,icbhi2017::204,calibration,False,0,normal,3.119,0,0.58511263,0.46322933,0.37007436,0.4728054400000001,0.5271945599999999,0
icbhi2017::204_7p5_Pr_mc_AKGC417L__cycle_004,icbhi2017,icbhi2017::204,calibration,False,0,normal,2.881,0,0.5379109,0.44289374,0.5370187,0.5059411133333332,0.49405888666666675,1
icbhi2017::204_7p5_Pr_mc_AKGC417L__cycle_005,icbhi2017,icbhi2017::204,calibration,False,0,normal,3.190999999999999,0,0.43015411,0.36819598,0.40152347,0.3999578533333333,0.6000421466666668,0
icbhi2017::204_7p5_Pr_mc_AKGC417L__cycle_006,icbhi2017,icbhi2017::204,calibration,False,0,normal,1.654,0,0.68581194,0.7477294,0.65530694,0.69628276,0.30371724,1
icbhi2017::204_7p5_Tc_mc_AKGC417L__cycle_000,icbhi2017,icbhi2017::204,calibration,False,0,normal,2.941,0,0.114486024,0.5188332,0.23579659,0.2897052713333333,0.7102947286666668,0
icbhi2017::204_7p5_Tc_mc_AKGC417L__cycle_001,icbhi2017,icbhi2017::204,calibration,False,0,normal,2.7380000000000004,0,0.10669001,0.41181955,0.17390442,0.23080466,0.76919534,0
icbhi2017::204_7p5_Tc_mc_AKGC417L__cycle_002,icbhi2017,icbhi2017::204,calibration,False,0,normal,3.202,0,0.30116633,0.53505886,0.33561978,0.39061499,0.60938501,0
icbhi2017::204_7p5_Tc_mc_AKGC417L__cycle_003,icbhi2017,icbhi2017::204,calibration,False,0,normal,3.0,0,0.12307505,0.31795898,0.09240938,0.17781447000000003,0.8221855299999999,0
icbhi2017::204_7p5_Tc_mc_AKGC417L__cycle_004,icbhi2017,icbhi2017::204,calibration,False,0,normal,2.9879999999999995,0,0.20499492,0.09379462,0.17155486,0.15678146666666667,0.8432185333333333,0
icbhi2017::204_7p5_Tc_mc_AKGC417L__cycle_005,icbhi2017,icbhi2017::204,calibration,False,0,normal,3.238999999999999,0,0.19352613,0.22793035,0.19274756,0.20473468000000003,0.7952653199999999,0
icbhi2017::204_7p5_Tc_mc_AKGC417L__cycle_006,icbhi2017,icbhi2017::204,calibration,False,0,normal,1.7729999999999997,0,0.38353088,0.49929252,0.30385348,0.39555896,0.60444104,0
icbhi2017::222_1b1_Ar_sc_Meditron__cycle_000,icbhi2017,icbhi2017::222,calibration,False,0,normal,5.4518,0,0.3229015,0.27886975,0.23900601,0.2802590866666667,0.7197409133333332,0
icbhi2017::222_1b1_Ar_sc_Meditron__cycle_001,icbhi2017,icbhi2017::222,calibration,False,0,normal,4.743,0,0.020963712,0.061664056,0.25140634,0.11134470266666667,0.8886552973333334,0
icbhi2017::222_1b1_Ar_sc_Meditron__cycle_002,icbhi2017,icbhi2017::222,calibration,False,0,normal,5.908000000000001,0,0.014844712,0.106749326,0.08025053,0.06728152266666666,0.9327184773333334,0
icbhi2017::222_1b1_Ar_sc_Meditron__cycle_003,icbhi2017,icbhi2017::222,calibration,False,0,normal,6.027999999999999,0,0.02233573,0.11475352,0.18519479,0.10742801333333334,0.8925719866666667,0
icbhi2017::222_1b1_Ar_sc_Meditron__cycle_004,icbhi2017,icbhi2017::222,calibration,False,0,normal,9.438000000000002,0,0.031932365,0.22833122,0.17314701,0.14447019833333333,0.8555298016666667,0
icbhi2017::222_1b1_Ar_sc_Meditron__cycle_005,icbhi2017,icbhi2017::222,calibration,False,0,normal,8.25,0,0.05907447,0.020702327,0.16269182,0.08082287233333334,0.9191771276666667,0
icbhi2017::222_1b1_Ar_sc_Meditron__cycle_006,icbhi2017,icbhi2017::222,calibration,False,0,normal,8.068999999999996,0,0.020063857,0.018209571,0.17696404,0.07174582266666667,0.9282541773333334,0
icbhi2017::222_1b1_Ar_sc_Meditron__cycle_007,icbhi2017,icbhi2017::222,calibration,False,0,normal,8.178000000000004,0,0.09460208,0.23938057,0.2983258,0.21076948333333334,0.7892305166666667,0
icbhi2017::222_1b1_Ar_sc_Meditron__cycle_008,icbhi2017,icbhi2017::222,calibration,False,0,normal,8.140999999999998,0,0.075920664,0.15556759,0.22290252,0.15146359133333334,0.8485364086666667,0
icbhi2017::222_1b1_Ar_sc_Meditron__cycle_009,icbhi2017,icbhi2017::222,calibration,False,0,normal,2.426000000000002,0,0.012604185,0.006568561,0.16833013,0.06250095866666666,0.9374990413333333,0
icbhi2017::222_1b1_Lr_sc_Meditron__cycle_000,icbhi2017,icbhi2017::222,calibration,False,1,crackle,2.6267,1,0.72661173,0.8491423,0.4069513,0.6609017766666667,0.3390982233333333,1
icbhi2017::222_1b1_Lr_sc_Meditron__cycle_001,icbhi2017,icbhi2017::222,calibration,False,0,normal,2.9853000000000005,0,0.026357494,0.10589164,0.04626789,0.05950567466666667,0.9404943253333333,0
icbhi2017::222_1b1_Lr_sc_Meditron__cycle_002,icbhi2017,icbhi2017::222,calibration,False,1,crackle,3.1422999999999988,1,0.80991626,0.7785635,0.24971116,0.6127303066666666,0.3872696933333334,1
icbhi2017::222_1b1_Lr_sc_Meditron__cycle_003,icbhi2017,icbhi2017::222,calibration,False,0,normal,1.904,0,0.08336505,0.06303328,0.059347827,0.06858205233333332,0.9314179476666666,0
icbhi2017::222_1b1_Lr_sc_Meditron__cycle_004,icbhi2017,icbhi2017::222,calibration,False,0,normal,1.843,0,0.017556911,0.003597057,0.029990409,0.017048125666666667,0.9829518743333333,0
icbhi2017::222_1b1_Lr_sc_Meditron__cycle_005,icbhi2017,icbhi2017::222,calibration,False,1,crackle,3.327,1,0.51240975,0.67039895,0.24278189,0.4751968633333334,0.5248031366666666,0
icbhi2017::222_1b1_Lr_sc_Meditron__cycle_006,icbhi2017,icbhi2017::222,calibration,False,0,normal,2.3180000000000014,0,0.0352294,0.04833388,0.063211545,0.048924941666666666,0.9510750583333334,0
icbhi2017::222_1b1_Lr_sc_Meditron__cycle_007,icbhi2017,icbhi2017::222,calibration,False,1,crackle,3.064,1,0.7810297,0.8375331,0.41380343,0.67745541,0.32254459,1
icbhi2017::222_1b1_Lr_sc_Meditron__cycle_008,icbhi2017,icbhi2017::222,calibration,False,0,normal,2.088999999999998,0,0.023677522,0.012335119,0.06262229,0.032878310333333334,0.9671216896666667,0
icbhi2017::222_1b1_Lr_sc_Meditron__cycle_009,icbhi2017,icbhi2017::222,calibration,False,1,crackle,3.5169999999999995,1,0.39025202,0.70670074,0.09792787,0.3982935433333333,0.6017064566666668,0
icbhi2017::222_1b1_Lr_sc_Meditron__cycle_010,icbhi2017,icbhi2017::222,calibration,False,1,crackle,3.9209999999999994,1,0.08985263,0.09618161,0.12993032,0.10532152,0.89467848,0
icbhi2017::222_1b1_Lr_sc_Meditron__cycle_011,icbhi2017,icbhi2017::222,calibration,False,1,crackle,2.4980000000000047,1,0.22067115,0.01736703,0.14600766,0.12801528,0.8719847199999999,0
icbhi2017::222_1b1_Lr_sc_Meditron__cycle_012,icbhi2017,icbhi2017::222,calibration,False,1,crackle,3.747,1,0.09988039,0.0056253984,0.1934011,0.09963562946666667,0.9003643705333333,0
icbhi2017::222_1b1_Lr_sc_Meditron__cycle_013,icbhi2017,icbhi2017::222,calibration,False,1,crackle,3.8359999999999985,1,0.12741755,0.10215324,0.14135152,0.12364077,0.87635923,0
icbhi2017::222_1b1_Lr_sc_Meditron__cycle_014,icbhi2017,icbhi2017::222,calibration,False,1,crackle,4.256999999999998,1,0.50270766,0.25263655,0.15972877,0.3050243266666667,0.6949756733333333,0
icbhi2017::222_1b1_Lr_sc_Meditron__cycle_015,icbhi2017,icbhi2017::222,calibration,False,1,crackle,4.463999999999999,1,0.39418,0.71157306,0.24635537,0.45070281000000006,0.5492971899999999,0
icbhi2017::222_1b1_Lr_sc_Meditron__cycle_016,icbhi2017,icbhi2017::222,calibration,False,1,crackle,4.6200000000000045,1,0.1192752,0.056693748,0.09962279,0.09186391266666667,0.9081360873333333,0
icbhi2017::222_1b1_Lr_sc_Meditron__cycle_017,icbhi2017,icbhi2017::222,calibration,False,0,normal,3.960000000000001,0,0.16942824,0.11717349,0.07614342,0.12091505000000001,0.87908495,0
icbhi2017::222_1b1_Lr_sc_Meditron__cycle_018,icbhi2017,icbhi2017::222,calibration,False,1,crackle,4.850999999999992,1,0.3782509,0.26486227,0.1973648,0.2801593233333333,0.7198406766666667,0
icbhi2017::222_1b1_Lr_sc_Meditron__cycle_019,icbhi2017,icbhi2017::222,calibration,False,0,normal,3.332000000000008,0,0.60587424,0.5181309,0.14147283,0.42182599000000004,0.5781740099999999,0
icbhi2017::222_1b1_Pr_sc_Meditron__cycle_000,icbhi2017,icbhi2017::222,calibration,False,0,normal,5.14633,0,0.024302576,0.014333675,0.1589408,0.065859017,0.934140983,0
icbhi2017::222_1b1_Pr_sc_Meditron__cycle_001,icbhi2017,icbhi2017::222,calibration,False,0,normal,4.270900000000001,0,0.018737048,0.051165607,0.19919653,0.08969972833333334,0.9103002716666666,0
icbhi2017::222_1b1_Pr_sc_Meditron__cycle_002,icbhi2017,icbhi2017::222,calibration,False,0,normal,7.2758,0,0.022967685,0.14483291,0.17623103,0.11467720833333334,0.8853227916666666,0
icbhi2017::222_1b1_Pr_sc_Meditron__cycle_003,icbhi2017,icbhi2017::222,calibration,False,0,normal,5.442,0,0.10129053,0.68465394,0.34747538,0.3778066166666667,0.6221933833333333,0
icbhi2017::222_1b1_Pr_sc_Meditron__cycle_004,icbhi2017,icbhi2017::222,calibration,False,0,normal,5.045999999999999,0,0.031083887,0.0910324,0.18440327,0.10217318566666667,0.8978268143333333,0
icbhi2017::222_1b1_Pr_sc_Meditron__cycle_005,icbhi2017,icbhi2017::222,calibration,False,0,normal,4.111000000000001,0,0.01931271,0.13329859,0.15448187,0.10236439000000001,0.89763561,0
icbhi2017::222_1b1_Pr_sc_Meditron__cycle_006,icbhi2017,icbhi2017::222,calibration,False,0,normal,8.690000000000001,0,0.02006953,0.026203893,0.20126536,0.08251292766666667,0.9174870723333334,0
icbhi2017::222_1b1_Pr_sc_Meditron__cycle_007,icbhi2017,icbhi2017::222,calibration,False,1,wheeze,7.3459999999999965,1,0.05160557,0.30839112,0.6690037,0.34300013,0.6569998699999999,0
icbhi2017::222_1b1_Pr_sc_Meditron__cycle_008,icbhi2017,icbhi2017::222,calibration,False,1,wheeze,6.939,1,0.54081243,0.29927242,0.54522437,0.46176974,0.53823026,0
icbhi2017::222_1b1_Pr_sc_Meditron__cycle_009,icbhi2017,icbhi2017::222,calibration,False,1,wheeze,3.3659999999999997,1,0.091932155,0.392301,0.39004982,0.29142765833333334,0.7085723416666667,0
icbhi2017::222_1b1_Pr_sc_Meditron__cycle_010,icbhi2017,icbhi2017::222,calibration,False,1,wheeze,2.727000000000004,1,0.06772646,0.06080063,0.09454116,0.07435608333333334,0.9256439166666667,0
icbhi2017::222_1b1_Pr_sc_Meditron__cycle_011,icbhi2017,icbhi2017::222,calibration,False,1,wheeze,3.4540000000000006,1,0.8083979,0.98806715,0.7905131,0.8623260500000001,0.13767394999999993,1
icbhi2017::222_1b1_Pr_sc_Meditron__cycle_012,icbhi2017,icbhi2017::222,calibration,False,1,wheeze,3.3659999999999997,1,0.73279285,0.9544653,0.7809024,0.8227201833333333,0.1772798166666667,1
icbhi2017::222_1b1_Pr_sc_Meditron__cycle_013,icbhi2017,icbhi2017::222,calibration,False,1,wheeze,4.9339999999999975,1,0.81152284,0.97582823,0.6894989,0.8256166566666666,0.17438334333333338,1
icbhi2017::222_1b1_Pr_sc_Meditron__cycle_014,icbhi2017,icbhi2017::222,calibration,False,1,wheeze,1.093999999999994,1,0.6849771,0.94595265,0.7269229,0.7859508833333333,0.2140491166666667,1
icbhi2017::226_1b1_Al_sc_Meditron__cycle_000,icbhi2017,icbhi2017::226,calibration,False,0,normal,0.957,0,0.07746714,0.02103454,0.1752872,0.09126296,0.90873704,0
icbhi2017::226_1b1_Al_sc_Meditron__cycle_001,icbhi2017,icbhi2017::226,calibration,False,0,normal,1.885,0,0.12834425,0.03305811,0.13487045,0.09875760333333333,0.9012423966666667,0
icbhi2017::226_1b1_Al_sc_Meditron__cycle_002,icbhi2017,icbhi2017::226,calibration,False,1,crackle,2.0570000000000004,1,0.053733308,0.034356315,0.07776585,0.05528515766666667,0.9447148423333334,0
icbhi2017::226_1b1_Al_sc_Meditron__cycle_003,icbhi2017,icbhi2017::226,calibration,False,1,crackle,2.258,1,0.08318845,0.08760108,0.03486054,0.06855002333333333,0.9314499766666666,0
icbhi2017::226_1b1_Al_sc_Meditron__cycle_004,icbhi2017,icbhi2017::226,calibration,False,0,normal,2.157,0,0.03316125,0.013560823,0.043959696,0.03022725633333333,0.9697727436666667,0
icbhi2017::226_1b1_Al_sc_Meditron__cycle_005,icbhi2017,icbhi2017::226,calibration,False,0,normal,2.0570000000000004,0,0.12901792,0.09519714,0.08714467,0.10378657666666667,0.8962134233333333,0
icbhi2017::226_1b1_Al_sc_Meditron__cycle_006,icbhi2017,icbhi2017::226,calibration,False,0,normal,2.142999999999999,0,0.062761515,0.011503519,0.0761242,0.05012974466666667,0.9498702553333334,0
icbhi2017::226_1b1_Al_sc_Meditron__cycle_007,icbhi2017,icbhi2017::226,calibration,False,0,normal,2.3710000000000004,0,0.020576699,0.012108894,0.040655788,0.024447127,0.975552873,0
icbhi2017::226_1b1_Al_sc_Meditron__cycle_008,icbhi2017,icbhi2017::226,calibration,False,0,normal,2.3999999999999986,0,0.04280543,0.028593076,0.07992858,0.050442362,0.949557638,0
icbhi2017::226_1b1_Al_sc_Meditron__cycle_009,icbhi2017,icbhi2017::226,calibration,False,0,normal,1.657,0,0.020672979,0.0065794694,0.04413431,0.023795586133333334,0.9762044138666667,0
icbhi2017::226_1b1_Ll_sc_Meditron__cycle_000,icbhi2017,icbhi2017::226,calibration,False,0,normal,2.0999999999999996,0,0.044910982,0.027485054,0.035235446,0.035877160666666665,0.9641228393333333,0
icbhi2017::226_1b1_Ll_sc_Meditron__cycle_001,icbhi2017,icbhi2017::226,calibration,False,1,crackle,1.857,1,0.1226194,0.050912034,0.15444565,0.10932569466666668,0.8906743053333334,0
icbhi2017::226_1b1_Ll_sc_Meditron__cycle_002,icbhi2017,icbhi2017::226,calibration,False,1,crackle,1.8289999999999995,1,0.11171498,0.04299181,0.13032703,0.09501127333333333,0.9049887266666666,0
icbhi2017::226_1b1_Ll_sc_Meditron__cycle_003,icbhi2017,icbhi2017::226,calibration,False,1,crackle,1.957,1,0.056368187,0.018335288,0.039652962,0.038118812333333335,0.9618811876666666,0
icbhi2017::226_1b1_Ll_sc_Meditron__cycle_004,icbhi2017,icbhi2017::226,calibration,False,0,normal,2.014000000000001,0,0.040353876,0.06269886,0.047954682,0.050335806000000004,0.949664194,0
icbhi2017::226_1b1_Ll_sc_Meditron__cycle_005,icbhi2017,icbhi2017::226,calibration,False,1,crackle,1.9149999999999991,1,0.019127106,0.016880764,0.04468482,0.026897563333333332,0.9731024366666666,0
icbhi2017::226_1b1_Ll_sc_Meditron__cycle_006,icbhi2017,icbhi2017::226,calibration,False,1,crackle,1.971,1,0.030798431,0.04571649,0.033093818,0.036536246333333335,0.9634637536666667,0
icbhi2017::226_1b1_Ll_sc_Meditron__cycle_007,icbhi2017,icbhi2017::226,calibration,False,1,crackle,2.1999999999999993,1,0.027006878,0.02458865,0.10661518,0.05273690266666667,0.9472630973333334,0
icbhi2017::226_1b1_Ll_sc_Meditron__cycle_008,icbhi2017,icbhi2017::226,calibration,False,0,normal,2.0139999999999993,0,0.041195154,0.044978876,0.0471398,0.044437943333333334,0.9555620566666667,0
icbhi2017::226_1b1_Ll_sc_Meditron__cycle_009,icbhi2017,icbhi2017::226,calibration,False,0,normal,1.9860000000000009,0,0.024740787,0.026183251,0.059729747,0.036884595,0.963115405,0
icbhi2017::226_1b1_Pl_sc_LittC2SE__cycle_000,icbhi2017,icbhi2017::226,calibration,False,0,normal,1.171,0,0.30439803,0.5773791,0.38843882,0.4234053166666667,0.5765946833333333,0
icbhi2017::226_1b1_Pl_sc_LittC2SE__cycle_001,icbhi2017,icbhi2017::226,calibration,False,0,normal,2.343,0,0.020329902,0.04503376,0.02835502,0.031239560666666666,0.9687604393333333,0
icbhi2017::226_1b1_Pl_sc_LittC2SE__cycle_002,icbhi2017,icbhi2017::226,calibration,False,1,crackle,2.2,1,0.024137428,0.038568173,0.07688323,0.04652961033333333,0.9534703896666666,0
icbhi2017::226_1b1_Pl_sc_LittC2SE__cycle_003,icbhi2017,icbhi2017::226,calibration,False,1,crackle,2.1289999999999996,1,0.07411079,0.03874657,0.07989055,0.06424930333333333,0.9357506966666667,0
icbhi2017::226_1b1_Pl_sc_LittC2SE__cycle_004,icbhi2017,icbhi2017::226,calibration,False,0,normal,1.9570000000000007,0,0.013112827,0.020314243,0.048846036,0.02742436866666667,0.9725756313333334,0
icbhi2017::226_1b1_Pl_sc_LittC2SE__cycle_005,icbhi2017,icbhi2017::226,calibration,False,1,crackle,1.885,1,0.16690174,0.08431319,0.21618278,0.15579923666666665,0.8442007633333334,0
icbhi2017::226_1b1_Pl_sc_LittC2SE__cycle_006,icbhi2017,icbhi2017::226,calibration,False,1,crackle,1.9719999999999995,1,0.039727464,0.088026896,0.087894276,0.07188287866666666,0.9281171213333334,0
icbhi2017::226_1b1_Pl_sc_LittC2SE__cycle_007,icbhi2017,icbhi2017::226,calibration,False,0,normal,1.843,0,0.037605166,0.022741187,0.05130865,0.03721833433333333,0.9627816656666667,0
icbhi2017::226_1b1_Pl_sc_LittC2SE__cycle_008,icbhi2017,icbhi2017::226,calibration,False,0,normal,1.956999999999999,0,0.02970116,0.041807096,0.048685253,0.040064503,0.959935497,0
icbhi2017::226_1b1_Pl_sc_LittC2SE__cycle_009,icbhi2017,icbhi2017::226,calibration,False,1,crackle,1.9430000000000016,1,0.01569336,0.07835013,0.03287699,0.042306826666666665,0.9576931733333334,0
icbhi2017::226_1b1_Pl_sc_LittC2SE__cycle_010,icbhi2017,icbhi2017::226,calibration,False,0,normal,0.5429999999999993,0,0.014989655,0.0033869268,0.11440413,0.04426023726666667,0.9557397627333333,0
