sample_id,dataset,patient_id,protocol_role,locked,binary_label_id,fine_label_name,event_duration_seconds,target,probability_1_seed20260729,probability_1_seed20260730,probability_1_seed20260731,probability_1,probability_0,prediction
sprsound2022::40672181_13.1_0_p1_2728__event_000,sprsound2022,sprsound2022::40672181,calibration,False,0,normal,1.979,0,0.0045205303,0.00070197333,0.20140566,0.06887605454333333,0.9311239454566667,0
sprsound2022::40672181_13.1_0_p1_2728__event_001,sprsound2022,sprsound2022::40672181,calibration,False,0,normal,1.621,0,0.0025919813,0.00012351609,0.012376531,0.00503067613,0.99496932387,0
sprsound2022::40672181_13.1_0_p1_2728__event_002,sprsound2022,sprsound2022::40672181,calibration,False,0,normal,1.6320000000000006,0,0.006560218,0.00070521265,0.009032769,0.005432733216666666,0.9945672667833333,0
sprsound2022::40672181_13.1_0_p1_2728__event_003,sprsound2022,sprsound2022::40672181,calibration,False,0,normal,0.7459999999999987,0,0.21598832,0.042506017,0.8163002,0.35826484566666666,0.6417351543333334,0
sprsound2022::40672181_13.1_0_p4_2764__event_000,sprsound2022,sprsound2022::40672181,calibration,False,0,normal,4.074999999999999,0,0.018006267,0.0004334579,0.076605745,0.0316818233,0.9683181767,0
sprsound2022::40686765_6.7_1_p1_3025__event_000,sprsound2022,sprsound2022::40686765,calibration,False,0,normal,2.279000000000001,0,0.0011832083,0.00012885258,0.00765721,0.0029897569599999997,0.99701024304,0
sprsound2022::40686765_6.7_1_p1_3077__event_000,sprsound2022,sprsound2022::40686765,calibration,False,0,normal,1.618,0,0.0060912427,0.0010938456,0.03949369,0.015559592766666666,0.9844404072333334,0
sprsound2022::40686765_6.7_1_p2_2991__event_000,sprsound2022,sprsound2022::40686765,calibration,False,0,normal,1.267,0,0.03525549,0.0011419525,0.1224731,0.052956847499999994,0.9470431525,0
sprsound2022::40686765_6.7_1_p2_2991__event_001,sprsound2022,sprsound2022::40686765,calibration,False,0,normal,1.6189999999999989,0,0.0012714869,0.00015053267,0.020659342,0.007360453856666667,0.9926395461433334,0
sprsound2022::40686765_6.7_1_p2_2991__event_002,sprsound2022,sprsound2022::40686765,calibration,False,0,normal,1.481,0,0.8335948,0.4118964,0.8804766,0.7086559333333334,0.29134406666666657,1
sprsound2022::40686765_6.7_1_p2_3059__event_000,sprsound2022,sprsound2022::40686765,calibration,False,0,normal,2.609,0,0.00039068767,2.1679361e-05,0.0014228751,0.000611747377,0.999388252623,0
sprsound2022::40686765_6.7_1_p2_3059__event_001,sprsound2022,sprsound2022::40686765,calibration,False,0,normal,1.2989999999999997,0,0.0018330957,0.00016917718,0.008555408,0.00351922696,0.99648077304,0
sprsound2022::40686765_6.7_1_p3_3042__event_000,sprsound2022,sprsound2022::40686765,calibration,False,0,normal,1.798,0,0.031366143,0.00019368574,0.05202209,0.02786063958,0.97213936042,0
sprsound2022::40686765_6.7_1_p3_3042__event_001,sprsound2022,sprsound2022::40686765,calibration,False,0,normal,0.7469999999999999,0,0.0989781,0.022243688,0.41583833,0.17902003933333333,0.8209799606666667,0
sprsound2022::40686765_6.7_1_p4_3008__event_000,sprsound2022,sprsound2022::40686765,calibration,False,0,normal,1.497,0,0.24635057,0.0072798305,0.06642656,0.10668565349999999,0.8933143465,0
sprsound2022::40686765_6.7_1_p4_3008__event_001,sprsound2022,sprsound2022::40686765,calibration,False,0,normal,0.7690000000000001,0,0.9106218,0.8867232,0.98635155,0.92789885,0.07210114999999995,1
sprsound2022::40686765_6.7_1_p4_3095__event_000,sprsound2022,sprsound2022::40686765,calibration,False,0,normal,2.39,0,0.0044009574,0.00016558851,0.020830074,0.00846553997,0.99153446003,0
sprsound2022::40686765_6.7_1_p4_3095__event_001,sprsound2022,sprsound2022::40686765,calibration,False,0,normal,1.341000000000001,0,0.35404375,0.0016963336,0.23976393,0.19850133786666666,0.8014986621333333,0
sprsound2022::40686765_6.7_1_p4_3095__event_002,sprsound2022,sprsound2022::40686765,calibration,False,0,normal,1.8630000000000004,0,0.20359,0.0061921063,0.58728653,0.2656895454333333,0.7343104545666668,0
sprsound2022::40908606_3.7_1_p1_401__event_000,sprsound2022,sprsound2022::40908606,calibration,False,0,normal,0.8540000000000001,0,0.0012362684,0.0003304585,0.007368253,0.0029783266333333336,0.9970216733666667,0
sprsound2022::40908606_3.7_1_p1_401__event_001,sprsound2022,sprsound2022::40908606,calibration,False,0,normal,1.0059999999999998,0,0.0016629345,0.00018589456,0.00786953,0.0032394530199999997,0.99676054698,0
sprsound2022::40908606_3.7_1_p1_401__event_002,sprsound2022,sprsound2022::40908606,calibration,False,0,normal,1.053,0,0.21158178,0.006104583,0.2971874,0.17162458766666666,0.8283754123333333,0
sprsound2022::40908606_3.7_1_p1_401__event_003,sprsound2022,sprsound2022::40908606,calibration,False,0,normal,1.0659999999999998,0,0.000823618,0.00021054412,0.0068732267,0.002635796273333333,0.9973642037266667,0
sprsound2022::40908606_3.7_1_p1_401__event_004,sprsound2022,sprsound2022::40908606,calibration,False,0,normal,0.9260000000000002,0,0.0018146372,0.0005416346,0.024114646,0.008823639266666667,0.9911763607333334,0
sprsound2022::40908606_3.7_1_p1_401__event_005,sprsound2022,sprsound2022::40908606,calibration,False,0,normal,1.6010000000000004,0,0.0022495324,6.357431e-05,0.0055365795,0.00261656207,0.99738343793,0
sprsound2022::40908606_3.7_1_p2_402__event_000,sprsound2022,sprsound2022::40908606,calibration,False,0,normal,0.5589999999999999,0,0.0063210223,0.012212694,0.013631411,0.010721709099999999,0.9892782909,0
sprsound2022::40908606_3.7_1_p2_402__event_001,sprsound2022,sprsound2022::40908606,calibration,False,0,normal,0.8129999999999997,0,0.012115158,0.0031026378,0.017768087,0.010995294266666665,0.9890047057333333,0
sprsound2022::40908606_3.7_1_p2_402__event_002,sprsound2022,sprsound2022::40908606,calibration,False,0,normal,0.6310000000000002,0,0.00894046,0.007021556,0.015631171,0.010531062333333334,0.9894689376666667,0
sprsound2022::40908606_3.7_1_p2_402__event_003,sprsound2022,sprsound2022::40908606,calibration,False,0,normal,0.8129999999999997,0,0.0035300395,0.0014812513,0.006889827,0.0039670392666666665,0.9960329607333334,0
sprsound2022::40908606_3.7_1_p2_402__event_004,sprsound2022,sprsound2022::40908606,calibration,False,0,normal,0.9499999999999996,0,0.0015992534,0.0017323566,0.02901341,0.010781673333333333,0.9892183266666666,0
sprsound2022::40908606_3.7_1_p3_403__event_000,sprsound2022,sprsound2022::40908606,calibration,False,0,normal,0.5140000000000001,0,0.0043258136,0.0001727255,0.0071406458,0.0038797283,0.9961202717,0
sprsound2022::40908606_3.7_1_p3_403__event_001,sprsound2022,sprsound2022::40908606,calibration,False,0,normal,0.4879999999999995,0,0.0035348046,0.00067001523,0.020728217,0.008311012276666667,0.9916889877233334,0
sprsound2022::40908606_3.7_1_p4_404__event_000,sprsound2022,sprsound2022::40908606,calibration,False,0,normal,1.2560000000000002,0,0.0036034544,0.00018162112,0.014715017,0.006166697506666667,0.9938333024933333,0
sprsound2022::40908606_3.7_1_p4_404__event_001,sprsound2022,sprsound2022::40908606,calibration,False,0,normal,1.2390000000000008,0,0.0007468805,0.000120538105,0.0054570516,0.002108156735,0.997891843265,0
sprsound2022::40943224_9.7_0_p4_96__event_000,sprsound2022,sprsound2022::40943224,calibration,False,0,normal,1.0739999999999998,0,0.00066393206,0.00031792498,0.004042952,0.0016749363466666666,0.9983250636533333,0
sprsound2022::40943224_9.7_0_p4_96__event_001,sprsound2022,sprsound2022::40943224,calibration,False,0,normal,2.096,0,0.0126266265,0.00013322856,0.04018154,0.017647131686666668,0.9823528683133333,0
sprsound2022::41068313_6.1_1_p1_1980__event_000,sprsound2022,sprsound2022::41068313,calibration,False,0,normal,0.8980000000000006,0,0.033391926,0.008847101,0.30695772,0.11639891566666666,0.8836010843333333,0
sprsound2022::41068313_6.1_1_p1_1980__event_001,sprsound2022,sprsound2022::41068313,calibration,False,0,normal,0.6779999999999999,0,0.80397105,0.42403185,0.85729295,0.6950986166666667,0.3049013833333333,1
sprsound2022::41068313_6.1_1_p1_1984__event_000,sprsound2022,sprsound2022::41068313,calibration,False,0,normal,1.306,0,0.00426223,8.850726e-05,0.016431406,0.006927381086666666,0.9930726189133333,0
sprsound2022::41068313_6.1_1_p1_1989__event_000,sprsound2022,sprsound2022::41068313,calibration,False,0,normal,1.241,0,0.7510824,0.577102,0.8882067,0.7387970333333334,0.26120296666666665,1
sprsound2022::41068313_6.1_1_p1_1989__event_001,sprsound2022,sprsound2022::41068313,calibration,False,0,normal,0.7900000000000009,0,0.5162684,0.11012799,0.6696104,0.4320022633333333,0.5679977366666666,0
sprsound2022::41068313_6.1_1_p2_1985__event_000,sprsound2022,sprsound2022::41068313,calibration,False,0,normal,1.334,0,0.002771291,0.0003643413,0.0031990435,0.0021115586,0.9978884414,0
sprsound2022::41068313_6.1_1_p2_1985__event_001,sprsound2022,sprsound2022::41068313,calibration,False,0,normal,0.7749999999999995,0,0.005865639,0.0015247589,0.0243334,0.010574599300000001,0.9894254007,0
sprsound2022::41068313_6.1_1_p2_1985__event_002,sprsound2022,sprsound2022::41068313,calibration,False,0,normal,2.2750000000000004,0,0.0024468831,0.00021455587,0.005121418,0.002594285656666667,0.9974057143433334,0
sprsound2022::41068313_6.1_1_p2_1985__event_003,sprsound2022,sprsound2022::41068313,calibration,False,0,normal,1.3159999999999998,0,0.013805164,0.0014196729,0.023429686,0.012884840966666667,0.9871151590333334,0
sprsound2022::41068313_6.1_1_p2_1991__event_000,sprsound2022,sprsound2022::41068313,calibration,False,0,normal,1.1719999999999997,0,0.012228311,0.001136746,0.01568087,0.009681975666666667,0.9903180243333334,0
sprsound2022::41068313_6.1_1_p2_1991__event_001,sprsound2022,sprsound2022::41068313,calibration,False,0,normal,0.7509999999999994,0,0.015025386,0.0029824758,0.01254765,0.0101851706,0.9898148294,0
sprsound2022::41068313_6.1_1_p2_1991__event_002,sprsound2022,sprsound2022::41068313,calibration,False,0,normal,1.0910000000000002,0,0.01650289,0.0026342198,0.03756616,0.018901089933333334,0.9810989100666667,0
sprsound2022::41068313_6.1_1_p3_1981__event_000,sprsound2022,sprsound2022::41068313,calibration,False,0,normal,1.5499999999999998,0,0.0007516544,6.7709014e-05,0.0053914157,0.0020702597046666667,0.9979297402953333,0
sprsound2022::41068313_6.1_1_p3_1981__event_001,sprsound2022,sprsound2022::41068313,calibration,False,0,normal,1.0750000000000002,0,0.027074926,0.0019669647,0.23303966,0.0873605169,0.9126394831,0
sprsound2022::41068313_6.1_1_p3_1981__event_002,sprsound2022,sprsound2022::41068313,calibration,False,0,normal,0.7480000000000011,0,0.014476764,0.0064630276,0.042542312,0.021160701200000003,0.9788392988,0
sprsound2022::41068313_6.1_1_p3_1988__event_000,sprsound2022,sprsound2022::41068313,calibration,False,0,normal,1.5560000000000005,0,0.0019450727,4.262063e-05,0.0090005575,0.0036627502766666668,0.9963372497233334,0
sprsound2022::41068313_6.1_1_p4_1982__event_000,sprsound2022,sprsound2022::41068313,calibration,False,0,normal,0.7699999999999996,0,0.010867648,0.0018966954,0.032472845,0.015079062800000001,0.9849209372,0
sprsound2022::41068313_6.1_1_p4_1982__event_001,sprsound2022,sprsound2022::41068313,calibration,False,0,normal,0.4959999999999986,0,0.026148537,0.008731663,0.03279483,0.02255834333333333,0.9774416566666667,0
sprsound2022::41068313_6.1_1_p4_1982__event_002,sprsound2022,sprsound2022::41068313,calibration,False,0,normal,0.903,0,0.013019902,0.0048322342,0.009586743,0.009146293066666667,0.9908537069333333,0
sprsound2022::41068313_6.1_1_p4_3018__event_000,sprsound2022,sprsound2022::41068313,calibration,False,0,normal,1.54,0,0.013106534,0.0010434353,0.02235785,0.012169273099999997,0.9878307269,0
sprsound2022::41068313_6.1_1_p4_3018__event_001,sprsound2022,sprsound2022::41068313,calibration,False,0,normal,1.54,0,0.0015941878,9.401975e-05,0.008153441,0.0032805495166666667,0.9967194504833333,0
sprsound2022::41068313_6.1_1_p4_3018__event_002,sprsound2022,sprsound2022::41068313,calibration,False,0,normal,1.5630000000000006,0,0.0013847625,5.797152e-05,0.003306974,0.0015832360066666666,0.9984167639933333,0
sprsound2022::41068313_6.1_1_p4_3018__event_003,sprsound2022,sprsound2022::41068313,calibration,False,0,normal,1.2799999999999994,0,0.073354326,0.0081646815,0.24267808,0.10806569583333332,0.8919343041666666,0
sprsound2022::41068313_6.1_1_p4_3018__event_004,sprsound2022,sprsound2022::41068313,calibration,False,0,normal,2.322,0,0.008435519,9.116636e-05,0.0150933135,0.007873332953333334,0.9921266670466666,0
sprsound2022::41074281_5.0_1_p1_405__event_000,sprsound2022,sprsound2022::41074281,calibration,False,0,normal,1.7840000000000005,0,0.08703346,0.0029781177,0.014368121,0.034793232900000005,0.9652067671,0
sprsound2022::41074281_5.0_1_p1_405__event_001,sprsound2022,sprsound2022::41074281,calibration,False,0,normal,2.117,0,0.00055461214,4.253861e-05,0.0029203643,0.0011725050166666666,0.9988274949833333,0
sprsound2022::41074281_5.0_1_p1_405__event_002,sprsound2022,sprsound2022::41074281,calibration,False,0,normal,1.6479999999999997,0,0.0006873138,5.0671722e-05,0.0036684063,0.001468797274,0.998531202726,0
sprsound2022::41074281_5.0_1_p2_406__event_000,sprsound2022,sprsound2022::41074281,calibration,False,0,normal,1.809,0,0.0008627072,7.7529316e-05,0.0037684934,0.0015695766386666667,0.9984304233613334,0
sprsound2022::41074281_5.0_1_p2_406__event_001,sprsound2022,sprsound2022::41074281,calibration,False,0,normal,2.0630000000000006,0,0.0008576167,1.8440236e-05,0.0038226673,0.0015662414120000002,0.998433758588,0
sprsound2022::41074281_5.0_1_p2_406__event_002,sprsound2022,sprsound2022::41074281,calibration,False,0,normal,2.093,0,0.001373416,3.6183315e-05,0.004277244,0.0018956144383333335,0.9981043855616667,0
sprsound2022::41074281_5.0_1_p2_406__event_003,sprsound2022,sprsound2022::41074281,calibration,False,0,normal,0.9380000000000006,0,0.18553531,0.003477094,0.03748321,0.075498538,0.924501462,0
sprsound2022::41074281_5.0_1_p3_407__event_000,sprsound2022,sprsound2022::41074281,calibration,False,0,normal,1.889,0,0.011506966,9.710883e-05,0.007330575,0.006311549943333334,0.9936884500566666,0
sprsound2022::41074281_5.0_1_p3_407__event_001,sprsound2022,sprsound2022::41074281,calibration,False,0,normal,2.221,0,0.0074693062,0.00013794015,0.0061660954,0.004591113916666667,0.9954088860833333,0
sprsound2022::41074281_5.0_1_p3_407__event_002,sprsound2022,sprsound2022::41074281,calibration,False,0,normal,1.1479999999999997,0,0.08067481,0.016744971,0.099252634,0.06555747166666666,0.9344425283333333,0
sprsound2022::41074281_5.0_1_p3_407__event_003,sprsound2022,sprsound2022::41074281,calibration,False,0,normal,1.789,0,0.0037769973,5.742619e-05,0.020591844,0.008142089163333333,0.9918579108366666,0
sprsound2022::41074281_5.0_1_p4_408__event_000,sprsound2022,sprsound2022::41074281,calibration,False,0,normal,2.663000000000001,0,0.005050858,1.8101831e-05,0.0068489653,0.003972641710333334,0.9960273582896667,0
sprsound2022::41096663_5.5_1_p1_561__event_000,sprsound2022,sprsound2022::41096663,calibration,False,0,normal,2.1660000000000004,0,0.0072834967,0.00014768743,0.028088884,0.01184002271,0.98815997729,0
sprsound2022::41108858_5.0_0_p1_1152__event_000,sprsound2022,sprsound2022::41108858,calibration,False,0,normal,1.2999999999999998,0,0.00848451,4.144473e-05,0.006431511,0.00498582191,0.99501417809,0
sprsound2022::41108858_5.0_0_p1_1152__event_001,sprsound2022,sprsound2022::41108858,calibration,False,0,normal,0.7010000000000005,0,0.001495971,0.0005225547,0.008109632,0.003376052566666667,0.9966239474333334,0
sprsound2022::41108858_5.0_0_p1_1152__event_002,sprsound2022,sprsound2022::41108858,calibration,False,0,normal,1.1310000000000002,0,0.018936526,0.0037176022,0.018267136,0.0136404214,0.9863595786,0
sprsound2022::41108858_5.0_0_p1_1152__event_003,sprsound2022,sprsound2022::41108858,calibration,False,0,normal,1.245,0,0.035215754,0.00027490748,0.0721854,0.035892020493333336,0.9641079795066667,0
sprsound2022::41108858_5.0_0_p1_1152__event_004,sprsound2022,sprsound2022::41108858,calibration,False,0,normal,1.076,0,0.32532227,0.0002532462,0.048974324,0.12484994673333334,0.8751500532666666,0
sprsound2022::41108858_5.0_0_p1_1455__event_000,sprsound2022,sprsound2022::41108858,calibration,False,0,normal,0.816,0,0.001963325,0.00018121289,0.0050961813,0.0024135730633333334,0.9975864269366667,0
sprsound2022::41108858_5.0_0_p1_1455__event_001,sprsound2022,sprsound2022::41108858,calibration,False,0,normal,0.8040000000000003,0,0.0024263288,0.0017872306,0.019707412,0.007973657133333334,0.9920263428666667,0
sprsound2022::41108858_5.0_0_p1_1455__event_002,sprsound2022,sprsound2022::41108858,calibration,False,0,normal,0.8650000000000002,0,0.0020374078,0.00075227645,0.012167346,0.00498567675,0.99501432325,0
sprsound2022::41108858_5.0_0_p1_1455__event_003,sprsound2022,sprsound2022::41108858,calibration,False,0,normal,1.0060000000000002,0,0.0016053729,0.00010696424,0.005451653,0.0023879967133333332,0.9976120032866667,0
sprsound2022::41108858_5.0_0_p1_1455__event_004,sprsound2022,sprsound2022::41108858,calibration,False,0,normal,0.7519999999999998,0,0.0033194309,0.0023276173,0.012716654,0.006121234066666666,0.9938787659333334,0
sprsound2022::41108858_5.0_0_p1_1455__event_005,sprsound2022,sprsound2022::41108858,calibration,False,0,normal,1.0939999999999994,0,0.0048977863,6.956117e-05,0.013862,0.0062764491566666665,0.9937235508433333,0
sprsound2022::41108858_5.0_0_p1_1484__event_000,sprsound2022,sprsound2022::41108858,calibration,False,0,normal,0.8580000000000001,0,0.001116798,0.00032500178,0.00949631,0.0036460365933333335,0.9963539634066667,0
sprsound2022::41108858_5.0_0_p1_1484__event_001,sprsound2022,sprsound2022::41108858,calibration,False,0,normal,1.273,0,0.00076279277,6.502364e-05,0.02225676,0.007694858803333334,0.9923051411966667,0
sprsound2022::41108858_5.0_0_p2_1142__event_000,sprsound2022,sprsound2022::41108858,calibration,False,0,normal,1.1849999999999998,0,0.00055802637,0.00014726837,0.0056901276,0.0021318074466666666,0.9978681925533334,0
sprsound2022::41108858_5.0_0_p2_1142__event_001,sprsound2022,sprsound2022::41108858,calibration,False,0,normal,1.2329999999999997,0,0.005770738,0.00014479706,0.051598277,0.019171270686666665,0.9808287293133333,0
sprsound2022::41108858_5.0_0_p2_1142__event_002,sprsound2022,sprsound2022::41108858,calibration,False,0,normal,1.2279999999999998,0,0.0013349792,0.0001949096,0.009070715,0.0035335346000000003,0.9964664654,0
sprsound2022::41108858_5.0_0_p2_1142__event_003,sprsound2022,sprsound2022::41108858,calibration,False,0,normal,1.3129999999999995,0,0.24298197,0.00020271156,0.15638407,0.13318958385333332,0.8668104161466667,0
sprsound2022::41108858_5.0_0_p2_1142__event_004,sprsound2022,sprsound2022::41108858,calibration,False,0,normal,1.1800000000000006,0,0.17252961,0.0027773913,0.067871004,0.0810593351,0.9189406649,0
sprsound2022::41108858_5.0_0_p4_1161__event_000,sprsound2022,sprsound2022::41108858,calibration,False,0,normal,1.0040000000000004,0,0.53772646,0.021336382,0.8987985,0.48595378066666667,0.5140462193333333,0
sprsound2022::41108858_5.0_0_p4_1161__event_001,sprsound2022,sprsound2022::41108858,calibration,False,0,normal,1.4010000000000007,0,0.00075689005,0.0003819668,0.004079438,0.0017394316166666668,0.9982605683833333,0
sprsound2022::41108858_5.0_0_p4_1468__event_000,sprsound2022,sprsound2022::41108858,calibration,False,0,normal,1.423,0,0.0008907332,5.82632e-05,0.0046982677,0.0018824213666666664,0.9981175786333333,0
sprsound2022::41108858_5.0_0_p4_1468__event_001,sprsound2022,sprsound2022::41108858,calibration,False,0,normal,1.229,0,0.0006808223,0.00012923576,0.006749719,0.002519925686666667,0.9974800743133333,0
sprsound2022::41108858_5.0_0_p4_1468__event_002,sprsound2022,sprsound2022::41108858,calibration,False,0,normal,1.606,0,0.0012670079,7.153203e-05,0.007701184,0.00301324131,0.99698675869,0
sprsound2022::41108858_5.0_0_p4_1477__event_000,sprsound2022,sprsound2022::41108858,calibration,False,0,normal,1.0990000000000002,0,0.0010525371,0.00018968702,0.007923123,0.0030551157066666668,0.9969448842933333,0
sprsound2022::41108858_5.0_0_p4_1477__event_001,sprsound2022,sprsound2022::41108858,calibration,False,0,normal,0.8740000000000001,0,0.0016998694,0.00035180888,0.0048567266,0.0023028016266666666,0.9976971983733334,0
sprsound2022::41108858_5.0_0_p4_1477__event_002,sprsound2022,sprsound2022::41108858,calibration,False,0,normal,0.8730000000000002,0,0.00490823,0.0004910278,0.009942341,0.005113866266666667,0.9948861337333333,0
sprsound2022::41108858_5.0_0_p4_1477__event_003,sprsound2022,sprsound2022::41108858,calibration,False,0,normal,2.339,0,0.0056001176,0.00012719867,0.012554116,0.0060938107566666675,0.9939061892433333,0
sprsound2022::41108858_5.0_0_p4_1477__event_004,sprsound2022,sprsound2022::41108858,calibration,False,0,normal,1.0939999999999994,0,0.12416599,0.10350564,0.39000845,0.20589336,0.79410664,0
sprsound2022::41126642_8.8_0_p1_2461__event_000,sprsound2022,sprsound2022::41126642,calibration,False,0,normal,2.241,0,0.0016699672,3.0220279e-05,0.003560891,0.0017536928263333334,0.9982463071736667,0
sprsound2022::41126642_8.8_0_p1_2461__event_001,sprsound2022,sprsound2022::41126642,calibration,False,0,normal,2.3280000000000003,0,0.00039289973,2.6604672e-05,0.0021565773,0.0008586939006666666,0.9991413060993334,0
sprsound2022::41126642_8.8_0_p1_2461__event_002,sprsound2022,sprsound2022::41126642,calibration,False,0,normal,2.197,0,0.004010722,0.0002671594,0.009246847,0.0045082428,0.9954917572,0
sprsound2022::41126642_8.8_0_p1_2461__event_003,sprsound2022,sprsound2022::41126642,calibration,False,0,normal,1.048,0,0.5715578,0.0009710242,0.7078078,0.42677887473333326,0.5732211252666668,0
sprsound2022::41126642_8.8_0_p1_2485__event_000,sprsound2022,sprsound2022::41126642,calibration,False,0,normal,1.808,0,0.0019154232,4.361022e-05,0.019412743,0.007123925473333333,0.9928760745266667,0
sprsound2022::41126642_8.8_0_p2_2509__event_000,sprsound2022,sprsound2022::41126642,calibration,False,0,normal,1.902,0,0.007445606,0.0022464895,0.009785026,0.006492373833333333,0.9935076261666667,0
sprsound2022::41126642_8.8_0_p2_2509__event_001,sprsound2022,sprsound2022::41126642,calibration,False,0,normal,2.396000000000001,0,0.80274665,0.5018489,0.9223148,0.7423034500000001,0.2576965499999999,1
sprsound2022::41126642_8.8_0_p3_2521__event_000,sprsound2022,sprsound2022::41126642,calibration,False,0,normal,1.933,0,0.014352057,0.0018468528,0.013275275,0.009824728266666668,0.9901752717333333,0
sprsound2022::41126642_8.8_0_p3_2521__event_001,sprsound2022,sprsound2022::41126642,calibration,False,0,normal,2.654,0,0.011989704,0.0007820537,0.05180842,0.0215267259,0.9784732741,0
sprsound2022::41126642_8.8_0_p3_2521__event_002,sprsound2022,sprsound2022::41126642,calibration,False,0,normal,1.918,0,0.22292703,0.06622137,0.28631106,0.19181982,0.80818018,0
sprsound2022::41126642_8.8_0_p4_2436__event_000,sprsound2022,sprsound2022::41126642,calibration,False,0,normal,1.893,0,0.0043906416,0.0014628517,0.014825179,0.006892890766666666,0.9931071092333333,0
sprsound2022::41126642_8.8_0_p4_2436__event_001,sprsound2022,sprsound2022::41126642,calibration,False,0,normal,1.5459999999999994,0,0.017746346,0.000625112,0.023285775,0.013885744333333333,0.9861142556666667,0
sprsound2022::41126642_8.8_0_p4_2436__event_002,sprsound2022,sprsound2022::41126642,calibration,False,0,normal,2.0069999999999997,0,0.0019338212,8.825519e-05,0.0076248464,0.00321564093,0.99678435907,0
sprsound2022::41126642_8.8_0_p4_2436__event_003,sprsound2022,sprsound2022::41126642,calibration,False,0,normal,2.017,0,0.0057281745,0.000523791,0.0318912,0.0127143885,0.9872856115,0
sprsound2022::41159145_3.3_0_p1_189__event_000,sprsound2022,sprsound2022::41159145,calibration,False,1,fine_crackle,1.978,1,0.0060447543,0.0015772518,0.014810615,0.007477540366666667,0.9925224596333333,0
sprsound2022::41159145_3.3_0_p1_189__event_001,sprsound2022,sprsound2022::41159145,calibration,False,0,normal,2.0540000000000003,0,0.0022380094,8.145203e-05,0.26422772,0.08884906047666667,0.9111509395233334,0
sprsound2022::41159145_3.3_0_p1_193__event_000,sprsound2022,sprsound2022::41159145,calibration,False,0,normal,1.542,0,0.0015736232,0.00014844928,0.0166674,0.006129824159999999,0.99387017584,0
sprsound2022::41159145_3.3_0_p1_193__event_001,sprsound2022,sprsound2022::41159145,calibration,False,0,normal,1.543,0,0.0015946083,6.2712956e-05,0.010688704,0.004115341752,0.995884658248,0
sprsound2022::41159145_3.3_0_p1_193__event_002,sprsound2022,sprsound2022::41159145,calibration,False,0,normal,1.2990000000000013,0,0.014321999,0.008039733,0.57238734,0.19824969066666667,0.8017503093333334,0
sprsound2022::41159145_3.3_0_p2_194__event_000,sprsound2022,sprsound2022::41159145,calibration,False,0,normal,0.854,0,0.011386282,0.0028841319,0.013596257,0.0092888903,0.9907111097,0
sprsound2022::41159145_3.3_0_p2_194__event_001,sprsound2022,sprsound2022::41159145,calibration,False,0,normal,0.8249999999999993,0,0.0032880737,0.0005372488,0.0058820476,0.003235790033333333,0.9967642099666667,0
sprsound2022::41159145_3.3_0_p2_194__event_002,sprsound2022,sprsound2022::41159145,calibration,False,0,normal,0.7539999999999996,0,0.009787435,0.0018748206,0.033325233,0.014995829533333333,0.9850041704666667,0
sprsound2022::41159145_3.3_0_p2_194__event_003,sprsound2022,sprsound2022::41159145,calibration,False,0,normal,0.8900000000000006,0,0.0012496988,0.0003687065,0.0117362905,0.004451565266666666,0.9955484347333333,0
sprsound2022::41159145_3.3_0_p2_194__event_004,sprsound2022,sprsound2022::41159145,calibration,False,0,normal,1.142,0,0.0020413324,0.0006996315,0.0055654366,0.0027688001666666667,0.9972311998333333,0
sprsound2022::41159145_3.3_0_p2_194__event_005,sprsound2022,sprsound2022::41159145,calibration,False,0,normal,1.1710000000000005,0,0.001965073,0.0005798933,0.0055930293,0.0027126652,0.9972873348,0
sprsound2022::41159145_3.3_0_p2_194__event_006,sprsound2022,sprsound2022::41159145,calibration,False,0,normal,1.4299999999999995,0,0.001657545,0.000109765344,0.004464483,0.002077264448,0.997922735552,0
sprsound2022::41159145_3.3_0_p2_194__event_007,sprsound2022,sprsound2022::41159145,calibration,False,0,normal,1.016,0,0.80357546,0.2411424,0.7084652,0.5843943533333333,0.41560564666666666,1
sprsound2022::41159145_3.3_0_p2_730__event_000,sprsound2022,sprsound2022::41159145,calibration,False,0,normal,0.954,0,0.9465271,0.8900513,0.9193915,0.9186566333333334,0.08134336666666664,1
sprsound2022::41159145_3.3_0_p2_730__event_001,sprsound2022,sprsound2022::41159145,calibration,False,0,normal,1.0390000000000006,0,0.0013303056,0.0004957327,0.016103713,0.005976583766666666,0.9940234162333333,0
sprsound2022::41159145_3.3_0_p2_730__event_002,sprsound2022,sprsound2022::41159145,calibration,False,0,normal,1.344,0,0.0025648864,3.5400142e-05,0.01319792,0.005266068847333333,0.9947339311526666,0
sprsound2022::41159145_3.3_0_p3_191__event_000,sprsound2022,sprsound2022::41159145,calibration,False,1,fine_crackle,1.3579999999999997,1,0.97997576,0.985016,0.9772954,0.9807623866666667,0.019237613333333292,1
sprsound2022::41159145_3.3_0_p3_191__event_001,sprsound2022,sprsound2022::41159145,calibration,False,0,normal,1.423,0,0.5576967,0.0035834718,0.9548146,0.5053649239333333,0.4946350760666667,1
sprsound2022::41159145_3.3_0_p3_191__event_002,sprsound2022,sprsound2022::41159145,calibration,False,0,normal,2.1649999999999996,0,0.0013322822,3.2306434e-05,0.008669157,0.003344581878,0.996655418122,0
sprsound2022::41159145_3.3_0_p3_191__event_003,sprsound2022,sprsound2022::41159145,calibration,False,0,normal,1.584,0,0.011066069,0.0009760797,0.04391864,0.018653596233333333,0.9813464037666667,0
sprsound2022::41159145_3.3_0_p4_192__event_000,sprsound2022,sprsound2022::41159145,calibration,False,0,normal,1.035,0,0.9318972,0.07295934,0.35783544,0.45423066000000006,0.5457693399999999,0
sprsound2022::41159145_3.3_0_p4_192__event_001,sprsound2022,sprsound2022::41159145,calibration,False,0,normal,1.4399999999999995,0,0.0019715587,0.00020896377,0.005225606,0.0024687094899999997,0.99753129051,0
sprsound2022::41159145_3.3_0_p4_732__event_000,sprsound2022,sprsound2022::41159145,calibration,False,0,normal,0.7149999999999999,0,0.011285132,0.008642463,0.018727738,0.012885111,0.987114889,0
sprsound2022::41159145_3.3_0_p4_732__event_001,sprsound2022,sprsound2022::41159145,calibration,False,0,normal,0.952,0,0.0239904,0.010886811,0.030851858,0.021909689666666666,0.9780903103333334,0
sprsound2022::41159145_3.3_0_p4_732__event_002,sprsound2022,sprsound2022::41159145,calibration,False,0,normal,1.488,0,0.0010220942,0.00015802222,0.003831306,0.00167047414,0.99832952586,0
sprsound2022::41159145_3.3_0_p4_732__event_003,sprsound2022,sprsound2022::41159145,calibration,False,0,normal,1.213,0,0.0013999877,0.00013130871,0.0044980003,0.00200976557,0.99799023443,0
sprsound2022::41186340_6.6_0_p1_2105__event_000,sprsound2022,sprsound2022::41186340,calibration,False,1,fine_crackle,0.9060000000000006,1,0.9946396,0.99494135,0.9909949,0.9935252833333333,0.006474716666666658,1
sprsound2022::41186340_6.6_0_p1_2105__event_001,sprsound2022,sprsound2022::41186340,calibration,False,1,fine_crackle,0.7669999999999995,1,0.99669147,0.9970433,0.99327844,0.9956710700000001,0.004328929999999898,1
sprsound2022::41186340_6.6_0_p1_2105__event_002,sprsound2022,sprsound2022::41186340,calibration,False,1,fine_crackle,0.8009999999999993,1,0.9740502,0.9647011,0.98580474,0.9748520133333333,0.025147986666666733,1
sprsound2022::41186340_6.6_0_p1_2113__event_000,sprsound2022,sprsound2022::41186340,calibration,False,1,fine_crackle,0.7599999999999998,1,0.9667695,0.8887495,0.9273068,0.9276086,0.0723914,1
sprsound2022::41186340_6.6_0_p1_2113__event_001,sprsound2022,sprsound2022::41186340,calibration,False,1,fine_crackle,0.8899999999999997,1,0.9874343,0.9625621,0.98940545,0.9798006166666666,0.020199383333333376,1
sprsound2022::41186340_6.6_0_p1_2148__event_000,sprsound2022,sprsound2022::41186340,calibration,False,1,fine_crackle,1.0780000000000003,1,0.99386084,0.9976393,0.99565256,0.9957175666666666,0.004282433333333446,1
sprsound2022::41186340_6.6_0_p1_2148__event_001,sprsound2022,sprsound2022::41186340,calibration,False,1,fine_crackle,0.8389999999999986,1,0.9962514,0.99805474,0.9977387,0.9973482800000001,0.002651719999999913,1
sprsound2022::41186340_6.6_0_p1_2148__event_002,sprsound2022,sprsound2022::41186340,calibration,False,1,fine_crackle,0.579,1,0.9891454,0.97893643,0.9822353,0.9834390433333334,0.01656095666666657,1
sprsound2022::41186340_6.6_0_p1_2151__event_000,sprsound2022,sprsound2022::41186340,calibration,False,1,fine_crackle,0.975,1,0.9777885,0.9384132,0.9672792,0.9611603,0.03883970000000003,1
sprsound2022::41186340_6.6_0_p1_2151__event_001,sprsound2022,sprsound2022::41186340,calibration,False,0,normal,0.902,0,0.016484503,0.0016881485,0.021717988,0.013296879833333336,0.9867031201666666,0
sprsound2022::41186340_6.6_0_p1_2151__event_002,sprsound2022,sprsound2022::41186340,calibration,False,0,normal,1.104,0,0.10250078,0.018141361,0.050327707,0.05698994933333334,0.9430100506666667,0
sprsound2022::41186340_6.6_0_p1_2151__event_003,sprsound2022,sprsound2022::41186340,calibration,False,1,fine_crackle,0.902,1,0.9970816,0.9865106,0.9858766,0.9898229333333334,0.010177066666666623,1
sprsound2022::41186340_6.6_0_p1_2179__event_000,sprsound2022,sprsound2022::41186340,calibration,False,1,fine_crackle,0.9900000000000002,1,0.99617,0.99917394,0.9964629,0.9972689466666668,0.002731053333333233,1
sprsound2022::41186340_6.6_0_p1_2179__event_001,sprsound2022,sprsound2022::41186340,calibration,False,1,fine_crackle,0.9819999999999992,1,0.9968484,0.9983352,0.99275196,0.99597852,0.004021480000000022,1
sprsound2022::41186340_6.6_0_p1_2296__event_000,sprsound2022,sprsound2022::41186340,calibration,False,0,normal,1.122,0,0.96872497,0.71926725,0.5745372,0.7541764733333333,0.24582352666666674,1
sprsound2022::41186340_6.6_0_p1_2296__event_001,sprsound2022,sprsound2022::41186340,calibration,False,0,normal,2.1730000000000005,0,0.03891771,5.42022e-05,0.005169648,0.014713853399999999,0.9852861466,0
sprsound2022::41186340_6.6_0_p1_2326__event_000,sprsound2022,sprsound2022::41186340,calibration,False,1,fine_crackle,1.274,1,0.995635,0.9955617,0.99280363,0.9946667766666667,0.0053332233333333035,1
sprsound2022::41186340_6.6_0_p1_3039__event_000,sprsound2022,sprsound2022::41186340,calibration,False,1,fine_crackle,1.0359999999999996,1,0.9959229,0.98528963,0.98569775,0.9889700933333333,0.0110299066666667,1
sprsound2022::41186340_6.6_0_p1_3039__event_001,sprsound2022,sprsound2022::41186340,calibration,False,1,fine_crackle,1.09,1,0.9943171,0.97277474,0.8339576,0.9336831466666666,0.06631685333333337,1
sprsound2022::41186340_6.6_0_p1_3039__event_002,sprsound2022,sprsound2022::41186340,calibration,False,1,fine_crackle,1.007,1,0.99407613,0.98598504,0.99436414,0.9914751033333333,0.00852489666666667,1
sprsound2022::41186340_6.6_0_p1_3055__event_000,sprsound2022,sprsound2022::41186340,calibration,False,1,fine_crackle,0.993,1,0.9945044,0.9979569,0.98915744,0.9938729133333334,0.006127086666666615,1
sprsound2022::41186340_6.6_0_p1_3055__event_001,sprsound2022,sprsound2022::41186340,calibration,False,1,fine_crackle,0.928,1,0.9973379,0.9996352,0.99646324,0.9978121133333332,0.002187886666666805,1
sprsound2022::41186340_6.6_0_p1_3055__event_002,sprsound2022,sprsound2022::41186340,calibration,False,1,fine_crackle,0.37,1,0.99595106,0.9983329,0.99650913,0.9969310299999999,0.0030689700000000597,1
sprsound2022::41186340_6.6_0_p1_3109__event_000,sprsound2022,sprsound2022::41186340,calibration,False,1,fine_crackle,1.055,1,0.98737305,0.9864631,0.9728852,0.9822404499999999,0.01775955000000007,1
sprsound2022::41186340_6.6_0_p1_3109__event_001,sprsound2022,sprsound2022::41186340,calibration,False,1,fine_crackle,0.9650000000000004,1,0.99097025,0.99872786,0.9926853,0.9941278033333333,0.005872196666666718,1
sprsound2022::41186340_6.6_0_p1_3109__event_002,sprsound2022,sprsound2022::41186340,calibration,False,1,fine_crackle,0.8299999999999992,1,0.9970253,0.998528,0.9970488,0.9975340333333333,0.0024659666666666524,1
sprsound2022::41186340_6.6_0_p1_3109__event_003,sprsound2022,sprsound2022::41186340,calibration,False,1,fine_crackle,0.8219999999999992,1,0.9917949,0.8683781,0.9875437,0.9492389000000001,0.05076109999999989,1
sprsound2022::41186340_6.6_0_p1_3143__event_000,sprsound2022,sprsound2022::41186340,calibration,False,0,normal,1.2970000000000006,0,0.063208885,0.07760666,0.048039142,0.06295156233333334,0.9370484376666667,0
sprsound2022::41186340_6.6_0_p1_3143__event_001,sprsound2022,sprsound2022::41186340,calibration,False,0,normal,1.367,0,0.0063536535,0.00048490014,0.011659104,0.006165885879999999,0.99383411412,0
sprsound2022::41186340_6.6_0_p1_3158__event_000,sprsound2022,sprsound2022::41186340,calibration,False,0,normal,1.3290000000000002,0,0.034692917,0.001372689,0.086173706,0.04074643733333334,0.9592535626666666,0
sprsound2022::41186340_6.6_0_p1_3158__event_001,sprsound2022,sprsound2022::41186340,calibration,False,0,normal,1.189,0,0.62443227,0.16379929,0.21223238,0.33348797999999996,0.6665120200000001,0
sprsound2022::41186340_6.6_0_p1_3158__event_002,sprsound2022,sprsound2022::41186340,calibration,False,1,fine_crackle,0.9620000000000016,1,0.9488781,0.8793317,0.9373998,0.9218698666666666,0.0781301333333334,1
sprsound2022::41186340_6.6_0_p1_3189__event_000,sprsound2022,sprsound2022::41186340,calibration,False,0,normal,0.9819999999999998,0,0.16577156,0.0015761334,0.80605626,0.32446798446666664,0.6755320155333333,0
sprsound2022::41186340_6.6_0_p1_3189__event_001,sprsound2022,sprsound2022::41186340,calibration,False,0,normal,1.0070000000000006,0,0.050041765,0.019529225,0.20303705,0.09086934666666667,0.9091306533333333,0
sprsound2022::41186340_6.6_0_p2_2106__event_000,sprsound2022,sprsound2022::41186340,calibration,False,1,fine_crackle,1.13,1,0.9981482,0.9922994,0.99109215,0.9938465833333333,0.006153416666666689,1
sprsound2022::41186340_6.6_0_p2_2106__event_001,sprsound2022,sprsound2022::41186340,calibration,False,1,fine_crackle,1.049,1,0.9972299,0.98837227,0.98219335,0.9892651733333334,0.010734826666666586,1
sprsound2022::41186340_6.6_0_p2_2106__event_002,sprsound2022,sprsound2022::41186340,calibration,False,1,fine_crackle,1.391,1,0.99784017,0.98286706,0.9858956,0.9888676100000001,0.011132389999999881,1
sprsound2022::41186340_6.6_0_p2_2112__event_000,sprsound2022,sprsound2022::41186340,calibration,False,1,fine_crackle,0.942,1,0.9893225,0.75960934,0.9818355,0.91025578,0.08974422000000004,1
sprsound2022::41186340_6.6_0_p2_2112__event_001,sprsound2022,sprsound2022::41186340,calibration,False,0,normal,1.2800000000000002,0,0.96645385,0.1814849,0.15367709,0.4338719466666667,0.5661280533333333,0
sprsound2022::41186340_6.6_0_p2_2112__event_002,sprsound2022,sprsound2022::41186340,calibration,False,1,fine_crackle,1.1930000000000005,1,0.75688946,0.007898222,0.22838406,0.33105724733333336,0.6689427526666667,0
sprsound2022::41186340_6.6_0_p2_2112__event_003,sprsound2022,sprsound2022::41186340,calibration,False,0,normal,1.495,0,0.2299574,0.00014371617,0.050679598,0.09359357139,0.90640642861,0
sprsound2022::41186340_6.6_0_p2_2120__event_000,sprsound2022,sprsound2022::41186340,calibration,False,0,normal,1.824,0,0.0474209,0.00015345761,0.015241307,0.02093855487,0.97906144513,0
sprsound2022::41186340_6.6_0_p2_2120__event_001,sprsound2022,sprsound2022::41186340,calibration,False,1,fine_crackle,1.0130000000000008,1,0.9492866,0.89602506,0.75743234,0.8675813333333334,0.13241866666666657,1
sprsound2022::41186340_6.6_0_p2_2163__event_000,sprsound2022,sprsound2022::41186340,calibration,False,1,fine_crackle,0.8240000000000003,1,0.9971294,0.9964322,0.99569404,0.9964185466666667,0.003581453333333262,1
sprsound2022::41186340_6.6_0_p2_2166__event_000,sprsound2022,sprsound2022::41186340,calibration,False,1,fine_crackle,1.122,1,0.9915986,0.99700576,0.99152946,0.9933779399999999,0.006622060000000096,1
sprsound2022::41186340_6.6_0_p2_2166__event_001,sprsound2022,sprsound2022::41186340,calibration,False,1,fine_crackle,2.354,1,0.7640825,0.17403333,0.7940237,0.5773798433333334,0.42262015666666664,1
sprsound2022::41186340_6.6_0_p2_2221__event_000,sprsound2022,sprsound2022::41186340,calibration,False,1,fine_crackle,0.7089999999999996,1,0.99186826,0.99371946,0.84634185,0.9439765233333333,0.05602347666666674,1
sprsound2022::41186340_6.6_0_p2_2251__event_000,sprsound2022,sprsound2022::41186340,calibration,False,1,fine_crackle,1.5759999999999996,1,0.96186584,0.45915732,0.52925336,0.6500921733333332,0.34990782666666675,1
sprsound2022::41186340_6.6_0_p2_2251__event_001,sprsound2022,sprsound2022::41186340,calibration,False,1,fine_crackle,1.3280000000000003,1,0.8476279,0.88504326,0.669806,0.8008257200000001,0.19917427999999993,1
sprsound2022::41186340_6.6_0_p2_2356__event_000,sprsound2022,sprsound2022::41186340,calibration,False,1,fine_crackle,1.2120000000000002,1,0.98818445,0.85662967,0.97080123,0.9385384499999999,0.06146155000000009,1
sprsound2022::41186340_6.6_0_p2_2356__event_001,sprsound2022,sprsound2022::41186340,calibration,False,1,fine_crackle,1.144,1,0.97562295,0.88525593,0.94142735,0.9341020766666667,0.06589792333333333,1
sprsound2022::41186340_6.6_0_p2_2701__event_000,sprsound2022,sprsound2022::41186340,calibration,False,1,fine_crackle,0.956,1,0.9939032,0.99581236,0.97066957,0.9867950433333333,0.013204956666666656,1
sprsound2022::41186340_6.6_0_p2_2701__event_001,sprsound2022,sprsound2022::41186340,calibration,False,1,fine_crackle,1.0579999999999998,1,0.9972275,0.9981723,0.9923258,0.9959085333333334,0.004091466666666599,1
sprsound2022::41186340_6.6_0_p2_2701__event_002,sprsound2022,sprsound2022::41186340,calibration,False,1,fine_crackle,1.0,1,0.99482393,0.98975974,0.986432,0.9903385566666666,0.009661443333333408,1
sprsound2022::41186340_6.6_0_p2_2701__event_003,sprsound2022,sprsound2022::41186340,calibration,False,1,fine_crackle,0.981,1,0.9979208,0.9985758,0.9898163,0.9954376333333332,0.004562366666666762,1
sprsound2022::41186340_6.6_0_p2_2701__event_004,sprsound2022,sprsound2022::41186340,calibration,False,1,fine_crackle,0.9450000000000004,1,0.99481344,0.9956766,0.98325264,0.99124756,0.008752439999999972,1
sprsound2022::41186340_6.6_0_p2_2761__event_000,sprsound2022,sprsound2022::41186340,calibration,False,1,fine_crackle,0.957,1,0.93456346,0.8760158,0.9028652,0.9044814866666666,0.09551851333333339,1
sprsound2022::41186340_6.6_0_p2_2761__event_001,sprsound2022,sprsound2022::41186340,calibration,False,1,fine_crackle,1.2769999999999997,1,0.9946091,0.99547344,0.96360254,0.9845616933333333,0.015438306666666679,1
sprsound2022::41186340_6.6_0_p2_2761__event_002,sprsound2022,sprsound2022::41186340,calibration,False,1,fine_crackle,1.0750000000000002,1,0.9946144,0.96373934,0.96208936,0.9734810333333334,0.026518966666666643,1
sprsound2022::41186340_6.6_0_p2_3004__event_000,sprsound2022,sprsound2022::41186340,calibration,False,1,fine_crackle,0.9799999999999998,1,0.9911937,0.99367106,0.95437145,0.9797454033333333,0.020254596666666735,1
sprsound2022::41186340_6.6_0_p2_3004__event_001,sprsound2022,sprsound2022::41186340,calibration,False,1,fine_crackle,1.0510000000000002,1,0.9931009,0.99671245,0.9906273,0.9934802166666666,0.006519783333333362,1
sprsound2022::41186340_6.6_0_p2_3004__event_002,sprsound2022,sprsound2022::41186340,calibration,False,1,fine_crackle,1.0949999999999998,1,0.99097717,0.99826545,0.9945693,0.9946039733333333,0.00539602666666672,1
sprsound2022::41186340_6.6_0_p2_3074__event_000,sprsound2022,sprsound2022::41186340,calibration,False,1,fine_crackle,1.17,1,0.992833,0.72438,0.83371603,0.8503096766666668,0.1496903233333332,1
sprsound2022::41186340_6.6_0_p2_3074__event_001,sprsound2022,sprsound2022::41186340,calibration,False,1,fine_crackle,0.7830000000000004,1,0.9928422,0.96613175,0.9278408,0.9622715833333334,0.0377284166666666,1
sprsound2022::41186340_6.6_0_p2_3074__event_002,sprsound2022,sprsound2022::41186340,calibration,False,1,fine_crackle,1.176,1,0.98433024,0.9494297,0.18766634,0.7071420933333333,0.29285790666666667,1
sprsound2022::41186340_6.6_0_p2_3074__event_003,sprsound2022,sprsound2022::41186340,calibration,False,1,fine_crackle,1.205,1,0.9968656,0.53623784,0.9748915,0.8359983133333334,0.1640016866666666,1
sprsound2022::41186340_6.6_0_p2_3173__event_000,sprsound2022,sprsound2022::41186340,calibration,False,1,fine_crackle,1.164,1,0.9905025,0.98427445,0.9622677,0.9790148833333333,0.020985116666666692,1
sprsound2022::41186340_6.6_0_p2_3173__event_001,sprsound2022,sprsound2022::41186340,calibration,False,1,fine_crackle,1.031,1,0.9314631,0.6014006,0.5120696,0.6816444333333335,0.31835556666666653,1
sprsound2022::41186340_6.6_0_p2_3173__event_002,sprsound2022,sprsound2022::41186340,calibration,False,1,fine_crackle,1.0429999999999993,1,0.9910121,0.95927924,0.9603316,0.9702076466666666,0.02979235333333341,1
sprsound2022::41186340_6.6_0_p2_3173__event_003,sprsound2022,sprsound2022::41186340,calibration,False,1,fine_crackle,0.912,1,0.9952076,0.98213196,0.98231596,0.9865518400000001,0.013448159999999931,1
sprsound2022::41186340_6.6_0_p2_3174__event_000,sprsound2022,sprsound2022::41186340,calibration,False,0,normal,0.7669999999999995,0,0.9939546,0.9921022,0.99065745,0.9922380833333334,0.007761916666666591,1
sprsound2022::41186340_6.6_0_p3_2107__event_000,sprsound2022,sprsound2022::41186340,calibration,False,0,normal,1.1800000000000002,0,0.008619687,0.00243945,0.14184543,0.050968189,0.949031811,0
sprsound2022::41186340_6.6_0_p3_2107__event_001,sprsound2022,sprsound2022::41186340,calibration,False,0,normal,1.1150000000000002,0,0.0021039515,0.0021766,0.020728964,0.008336505166666666,0.9916634948333334,0
sprsound2022::41186340_6.6_0_p3_2114__event_000,sprsound2022,sprsound2022::41186340,calibration,False,0,normal,1.187,0,0.92818385,0.14166848,0.6094561,0.5597694766666667,0.44023052333333335,1
sprsound2022::41186340_6.6_0_p3_2114__event_001,sprsound2022,sprsound2022::41186340,calibration,False,1,fine_crackle,1.3330000000000002,1,0.96920884,0.94050884,0.956392,0.9553698933333333,0.04463010666666667,1
sprsound2022::41186340_6.6_0_p3_2114__event_002,sprsound2022,sprsound2022::41186340,calibration,False,1,fine_crackle,1.1880000000000006,1,0.97739035,0.8426016,0.88703626,0.9023427366666666,0.09765726333333336,1
sprsound2022::41186340_6.6_0_p3_2114__event_003,sprsound2022,sprsound2022::41186340,calibration,False,0,normal,0.9020000000000006,0,0.06200353,0.005976199,0.031020964,0.033000231,0.966999769,0
sprsound2022::41186340_6.6_0_p3_2118__event_000,sprsound2022,sprsound2022::41186340,calibration,False,0,normal,0.9960000000000004,0,0.005585283,0.0024070572,0.09819333,0.0353952234,0.9646047766,0
sprsound2022::41186340_6.6_0_p3_2118__event_001,sprsound2022,sprsound2022::41186340,calibration,False,0,normal,1.5339999999999998,0,0.004127873,0.0011301199,0.0075888354,0.004282276099999999,0.9957177239,0
sprsound2022::41186340_6.6_0_p3_2118__event_002,sprsound2022,sprsound2022::41186340,calibration,False,0,normal,0.4199999999999999,0,0.9599953,0.9401609,0.98112124,0.9604258133333333,0.03957418666666668,1
sprsound2022::41186340_6.6_0_p3_2193__event_000,sprsound2022,sprsound2022::41186340,calibration,False,0,normal,0.905,0,0.0045412076,0.00035207949,0.07767722,0.027523502363333337,0.9724764976366667,0
sprsound2022::41186340_6.6_0_p3_2193__event_001,sprsound2022,sprsound2022::41186340,calibration,False,0,normal,1.064,0,0.008290305,0.0020388355,0.020991435,0.010440191833333334,0.9895598081666667,0
sprsound2022::41186340_6.6_0_p3_2193__event_002,sprsound2022,sprsound2022::41186340,calibration,False,0,normal,1.1439999999999997,0,0.011329772,0.005860297,0.03671349,0.017967853000000002,0.982032147,0
sprsound2022::41186340_6.6_0_p3_2193__event_003,sprsound2022,sprsound2022::41186340,calibration,False,0,normal,0.3639999999999999,0,0.0052223867,0.017251886,0.10449275,0.0423223409,0.9576776591,0
sprsound2022::41186340_6.6_0_p3_2208__event_000,sprsound2022,sprsound2022::41186340,calibration,False,0,normal,1.5669999999999995,0,0.0012772371,7.4602816e-05,0.009740722,0.003697520638666667,0.9963024793613333,0
sprsound2022::41186340_6.6_0_p3_2208__event_001,sprsound2022,sprsound2022::41186340,calibration,False,0,normal,1.3320000000000007,0,0.006779598,0.00085798575,0.01359783,0.00707847125,0.99292152875,0
sprsound2022::41186340_6.6_0_p3_2281__event_000,sprsound2022,sprsound2022::41186340,calibration,False,0,normal,1.495,0,0.001839299,0.00019160936,0.005324273,0.00245172712,0.99754827288,0
sprsound2022::41186340_6.6_0_p3_2371__event_000,sprsound2022,sprsound2022::41186340,calibration,False,0,normal,1.4170000000000005,0,0.012906445,0.011150384,0.016998507,0.013685112,0.986314888,0
sprsound2022::41186340_6.6_0_p3_2371__event_001,sprsound2022,sprsound2022::41186340,calibration,False,0,normal,1.2960000000000005,0,0.18029594,0.01637798,0.07509135,0.09058842333333333,0.9094115766666666,0
sprsound2022::41186340_6.6_0_p3_2371__event_002,sprsound2022,sprsound2022::41186340,calibration,False,0,normal,1.0919999999999996,0,0.06593478,0.0004909898,0.1350127,0.0671461566,0.9328538434,0
sprsound2022::41186340_6.6_0_p3_2785__event_000,sprsound2022,sprsound2022::41186340,calibration,False,0,normal,1.481,0,0.0031116419,0.0006766007,0.08108332,0.02829052086666667,0.9717094791333334,0
sprsound2022::41186340_6.6_0_p3_2785__event_001,sprsound2022,sprsound2022::41186340,calibration,False,0,normal,0.8340000000000005,0,0.059779722,0.020330353,0.14497371,0.07502792833333334,0.9249720716666666,0
sprsound2022::41186340_6.6_0_p3_2785__event_002,sprsound2022,sprsound2022::41186340,calibration,False,0,normal,1.843,0,0.014300925,9.0546884e-05,0.24794194,0.087444470628,0.912555529372,0
sprsound2022::41186340_6.6_0_p3_2785__event_003,sprsound2022,sprsound2022::41186340,calibration,False,0,normal,2.47,0,0.005803649,0.000979056,0.03247697,0.013086558333333333,0.9869134416666666,0
sprsound2022::41186340_6.6_0_p3_2969__event_000,sprsound2022,sprsound2022::41186340,calibration,False,0,normal,1.406,0,0.0006731809,0.00033362146,0.009750744,0.0035858487866666667,0.9964141512133333,0
sprsound2022::41186340_6.6_0_p3_2969__event_001,sprsound2022,sprsound2022::41186340,calibration,False,0,normal,1.1429999999999998,0,0.033804294,0.002125493,0.043387163,0.026438983333333332,0.9735610166666666,0
sprsound2022::41186340_6.6_0_p3_3038__event_000,sprsound2022,sprsound2022::41186340,calibration,False,0,normal,1.1840000000000002,0,0.019158972,0.0006944153,0.11597372,0.045275702433333335,0.9547242975666667,0
sprsound2022::41186340_6.6_0_p3_3038__event_001,sprsound2022,sprsound2022::41186340,calibration,False,0,normal,1.1929999999999996,0,0.07154807,0.007547927,0.1283772,0.06915773233333333,0.9308422676666667,0
sprsound2022::41186340_6.6_0_p3_3038__event_002,sprsound2022,sprsound2022::41186340,calibration,False,0,normal,1.0680000000000005,0,0.017714273,0.019863946,0.1159411,0.05117310633333333,0.9488268936666666,0
sprsound2022::41186340_6.6_0_p3_3056__event_000,sprsound2022,sprsound2022::41186340,calibration,False,0,normal,1.032,0,0.00074909296,0.00017813485,0.005374969,0.0021007322700000003,0.99789926773,0
sprsound2022::41186340_6.6_0_p3_3056__event_001,sprsound2022,sprsound2022::41186340,calibration,False,0,normal,1.4139999999999997,0,0.9375606,0.20856072,0.8918813,0.6793342066666667,0.32066579333333334,1
sprsound2022::41186340_6.6_0_p3_3056__event_002,sprsound2022,sprsound2022::41186340,calibration,False,0,normal,1.247999999999999,0,0.0153810335,0.012618134,0.1651199,0.0643730225,0.9356269775,0
sprsound2022::41186340_6.6_0_p3_3056__event_003,sprsound2022,sprsound2022::41186340,calibration,False,0,normal,1.435,0,0.00864276,0.0020058039,0.02233582,0.010994794633333332,0.9890052053666667,0
sprsound2022::41186340_6.6_0_p3_3056__event_004,sprsound2022,sprsound2022::41186340,calibration,False,0,normal,1.318,0,0.65648764,0.09216175,0.8457917,0.5314803633333334,0.46851963666666663,1
sprsound2022::41186340_6.6_0_p3_3142__event_000,sprsound2022,sprsound2022::41186340,calibration,False,0,normal,1.2780000000000005,0,0.018229228,0.0019358193,0.09003987,0.03673497243333333,0.9632650275666667,0
sprsound2022::41186340_6.6_0_p3_3188__event_000,sprsound2022,sprsound2022::41186340,calibration,False,0,normal,1.3390000000000002,0,0.00035128754,6.4614505e-05,0.002672836,0.0010295793483333334,0.9989704206516666,0
sprsound2022::41186340_6.6_0_p3_3188__event_001,sprsound2022,sprsound2022::41186340,calibration,False,0,normal,0.9650000000000007,0,0.015605545,0.0021498883,0.03279006,0.016848497766666668,0.9831515022333334,0
sprsound2022::41186340_6.6_0_p3_3188__event_002,sprsound2022,sprsound2022::41186340,calibration,False,0,normal,1.1240000000000006,0,0.54380214,0.28334868,0.8483353,0.5584953733333333,0.4415046266666667,1
sprsound2022::41186340_6.6_0_p3_3199__event_000,sprsound2022,sprsound2022::41186340,calibration,False,0,normal,1.229,0,0.0010809834,0.00030027493,0.01042359,0.003934949443333333,0.9960650505566667,0
sprsound2022::41186340_6.6_0_p3_3199__event_001,sprsound2022,sprsound2022::41186340,calibration,False,0,normal,1.0210000000000004,0,0.0017464818,0.0014004143,0.012159192,0.005102029366666667,0.9948979706333333,0
sprsound2022::41186340_6.6_0_p3_3199__event_002,sprsound2022,sprsound2022::41186340,calibration,False,0,normal,1.8150000000000004,0,0.0060672797,0.00036991516,0.015133598,0.007190264286666667,0.9928097357133333,0
sprsound2022::41186340_6.6_0_p4_2104__event_000,sprsound2022,sprsound2022::41186340,calibration,False,0,normal,1.2130000000000003,0,0.009213539,0.0019856887,0.053042196,0.021413807899999998,0.9785861921,0
sprsound2022::41186340_6.6_0_p4_2104__event_001,sprsound2022,sprsound2022::41186340,calibration,False,0,normal,1.201,0,0.0036060438,0.00046364436,0.019268066,0.0077792513866666675,0.9922207486133333,0
sprsound2022::41186340_6.6_0_p4_2104__event_002,sprsound2022,sprsound2022::41186340,calibration,False,0,normal,1.1509999999999998,0,0.011787727,0.0057484726,0.045952212,0.021162803866666666,0.9788371961333333,0
sprsound2022::41186340_6.6_0_p4_2104__event_003,sprsound2022,sprsound2022::41186340,calibration,False,0,normal,1.1370000000000005,0,0.0034373084,0.0015410492,0.06772845,0.02423560253333333,0.9757643974666667,0
sprsound2022::41186340_6.6_0_p4_2115__event_000,sprsound2022,sprsound2022::41186340,calibration,False,0,normal,1.3070000000000002,0,0.002768724,0.0011307354,0.006129903,0.0033431208,0.9966568792,0
sprsound2022::41186340_6.6_0_p4_2115__event_001,sprsound2022,sprsound2022::41186340,calibration,False,0,normal,1.27,0,0.009586572,0.003164177,0.019955019,0.010901922666666666,0.9890980773333333,0
sprsound2022::41186340_6.6_0_p4_2115__event_002,sprsound2022,sprsound2022::41186340,calibration,False,0,normal,1.152,0,0.0032265,0.0021214013,0.021902766,0.009083555766666666,0.9909164442333334,0
sprsound2022::41186340_6.6_0_p4_2115__event_003,sprsound2022,sprsound2022::41186340,calibration,False,0,normal,0.8310000000000013,0,0.00946858,0.013998906,0.027001208,0.016822898,0.983177102,0
sprsound2022::41186340_6.6_0_p4_2133__event_000,sprsound2022,sprsound2022::41186340,calibration,False,0,normal,1.6439999999999997,0,0.0007627452,0.00029258517,0.0051090247,0.0020547850233333335,0.9979452149766667,0
sprsound2022::41186340_6.6_0_p4_2135__event_000,sprsound2022,sprsound2022::41186340,calibration,False,0,normal,1.5710000000000002,0,0.00067340035,2.0276486e-05,0.0033111037,0.0013349268453333332,0.9986650731546667,0
sprsound2022::41186340_6.6_0_p4_2135__event_001,sprsound2022,sprsound2022::41186340,calibration,False,0,normal,1.3040000000000005,0,0.00089204375,9.779595e-05,0.0044213594,0.0018037330333333333,0.9981962669666666,0
sprsound2022::41186340_6.6_0_p4_2135__event_002,sprsound2022,sprsound2022::41186340,calibration,False,0,normal,1.7839999999999998,0,0.0008373732,5.2839492e-05,0.004626599,0.0018389372306666669,0.9981610627693334,0
sprsound2022::41186340_6.6_0_p4_2194__event_000,sprsound2022,sprsound2022::41186340,calibration,False,0,normal,1.355,0,0.0014204235,0.00013564412,0.0067090094,0.0027550256733333335,0.9972449743266667,0
sprsound2022::41186340_6.6_0_p4_2194__event_001,sprsound2022,sprsound2022::41186340,calibration,False,0,normal,1.3999999999999997,0,0.0022209731,0.00020504797,0.0056306655,0.0026855621899999995,0.99731443781,0
sprsound2022::41186340_6.6_0_p4_2207__event_000,sprsound2022,sprsound2022::41186340,calibration,False,0,normal,1.2260000000000002,0,0.0015187821,0.0002358251,0.013000651,0.0049184193999999995,0.9950815806,0
sprsound2022::41186340_6.6_0_p4_2207__event_001,sprsound2022,sprsound2022::41186340,calibration,False,0,normal,1.229,0,0.0017163703,0.00032579937,0.005387278,0.0024764825566666667,0.9975235174433333,0
sprsound2022::41186340_6.6_0_p4_2207__event_002,sprsound2022,sprsound2022::41186340,calibration,False,0,normal,1.1479999999999997,0,0.0019891427,0.00084815634,0.023119465,0.00865225468,0.99134774532,0
sprsound2022::41186340_6.6_0_p4_2207__event_003,sprsound2022,sprsound2022::41186340,calibration,False,0,normal,0.5130000000000008,0,0.030311422,0.017437655,0.117821924,0.05519033366666667,0.9448096663333333,0
sprsound2022::41186340_6.6_0_p4_2236__event_000,sprsound2022,sprsound2022::41186340,calibration,False,0,normal,0.7080000000000002,0,0.6823382,0.136504,0.8324361,0.5504261,0.44957389999999997,1
sprsound2022::41186340_6.6_0_p4_2236__event_001,sprsound2022,sprsound2022::41186340,calibration,False,0,normal,1.6989999999999998,0,0.016404873,0.0001665894,0.009882324,0.0088179288,0.9911820712,0
sprsound2022::41186340_6.6_0_p4_2266__event_000,sprsound2022,sprsound2022::41186340,calibration,False,0,normal,1.3610000000000009,0,0.008146761,0.0023420525,0.04380982,0.0180995445,0.9819004555,0
sprsound2022::41186340_6.6_0_p4_2341__event_000,sprsound2022,sprsound2022::41186340,calibration,False,0,normal,1.2380000000000002,0,0.0009378136,0.000268944,0.004420424,0.0018757271999999998,0.9981242728,0
sprsound2022::41186340_6.6_0_p4_2341__event_001,sprsound2022,sprsound2022::41186340,calibration,False,0,normal,1.1449999999999996,0,0.034061953,0.009779359,0.035910845,0.02658405233333333,0.9734159476666666,0
sprsound2022::41186340_6.6_0_p4_2341__event_002,sprsound2022,sprsound2022::41186340,calibration,False,0,normal,1.04,0,0.0010267103,0.00035250414,0.006361467,0.0025802271466666667,0.9974197728533334,0
sprsound2022::41186340_6.6_0_p4_2713__event_000,sprsound2022,sprsound2022::41186340,calibration,False,0,normal,1.045,0,0.0010900098,0.00037771405,0.0073286775,0.0029321337833333335,0.9970678662166667,0
sprsound2022::41186340_6.6_0_p4_2713__event_001,sprsound2022,sprsound2022::41186340,calibration,False,0,normal,0.8280000000000003,0,0.8371667,0.68983096,0.95099103,0.82599623,0.17400377,1
sprsound2022::41186340_6.6_0_p4_2713__event_002,sprsound2022,sprsound2022::41186340,calibration,False,0,normal,0.8029999999999999,0,0.0032844003,0.0021745234,0.0077280505,0.004395658066666666,0.9956043419333334,0
sprsound2022::41186340_6.6_0_p4_2713__event_003,sprsound2022,sprsound2022::41186340,calibration,False,0,normal,0.997,0,0.13804775,0.005009336,0.94108695,0.3613813453333334,0.6386186546666666,0
sprsound2022::41186340_6.6_0_p4_2713__event_004,sprsound2022,sprsound2022::41186340,calibration,False,0,normal,1.2060000000000004,0,0.9315649,0.58436286,0.9813163,0.8324146866666666,0.16758531333333337,1
sprsound2022::41186340_6.6_0_p4_2713__event_005,sprsound2022,sprsound2022::41186340,calibration,False,0,normal,1.093,0,0.22205369,0.045034304,0.27495784,0.18068194466666668,0.8193180553333334,0
sprsound2022::41186340_6.6_0_p4_2749__event_000,sprsound2022,sprsound2022::41186340,calibration,False,0,normal,1.091,0,0.00086073205,0.0002132392,0.0097641,0.0036126904166666664,0.9963873095833333,0
sprsound2022::41186340_6.6_0_p4_2749__event_001,sprsound2022,sprsound2022::41186340,calibration,False,0,normal,1.094,0,0.10001,0.00018907672,0.1598462,0.08668175890666667,0.9133182410933334,0
sprsound2022::41186340_6.6_0_p4_2749__event_002,sprsound2022,sprsound2022::41186340,calibration,False,0,normal,1.114,0,0.0030803184,0.0005491326,0.01648046,0.006703303666666666,0.9932966963333333,0
sprsound2022::41186340_6.6_0_p4_2749__event_003,sprsound2022,sprsound2022::41186340,calibration,False,0,normal,1.1789999999999994,0,0.055492673,0.008301372,0.16088773,0.074893925,0.925106075,0
sprsound2022::41186340_6.6_0_p4_2749__event_004,sprsound2022,sprsound2022::41186340,calibration,False,0,normal,1.6109999999999998,0,0.00695367,0.0063192677,0.01947679,0.010916575900000001,0.9890834241,0
sprsound2022::41186340_6.6_0_p4_2951__event_000,sprsound2022,sprsound2022::41186340,calibration,False,0,normal,1.138,0,0.00064223236,0.00030368456,0.009957268,0.003634394973333333,0.9963656050266667,0
sprsound2022::41186340_6.6_0_p4_2951__event_001,sprsound2022,sprsound2022::41186340,calibration,False,0,normal,0.988,0,0.001988515,0.00019254138,0.007691869,0.0032909751266666665,0.9967090248733333,0
sprsound2022::41186340_6.6_0_p4_2951__event_002,sprsound2022,sprsound2022::41186340,calibration,False,0,normal,1.2380000000000004,0,0.011598236,0.014540197,0.11200021,0.046046214333333335,0.9539537856666667,0
sprsound2022::41186340_6.6_0_p4_3021__event_000,sprsound2022,sprsound2022::41186340,calibration,False,0,normal,1.2990000000000002,0,0.00093921606,0.0001155069,0.00575619,0.00227030432,0.99772969568,0
sprsound2022::41186340_6.6_0_p4_3021__event_001,sprsound2022,sprsound2022::41186340,calibration,False,0,normal,1.2550000000000003,0,0.0041085985,0.0064285384,0.033741187,0.0147594413,0.9852405587,0
sprsound2022::41186340_6.6_0_p4_3021__event_002,sprsound2022,sprsound2022::41186340,calibration,False,0,normal,1.0730000000000004,0,0.0015911594,0.0051465137,0.008963436,0.005233703033333333,0.9947662969666666,0
sprsound2022::41186340_6.6_0_p4_3021__event_003,sprsound2022,sprsound2022::41186340,calibration,False,0,normal,1.21,0,0.0019260754,0.0007261518,0.0061676446,0.0029399572666666666,0.9970600427333334,0
sprsound2022::41186340_6.6_0_p4_3092__event_000,sprsound2022,sprsound2022::41186340,calibration,False,0,normal,0.8889999999999998,0,0.002310558,0.0040621976,0.014609863,0.006994206200000001,0.9930057938,0
sprsound2022::41186340_6.6_0_p4_3092__event_001,sprsound2022,sprsound2022::41186340,calibration,False,0,normal,0.9989999999999996,0,0.0037860633,0.0021811207,0.079132095,0.028366426333333333,0.9716335736666667,0
sprsound2022::41186340_6.6_0_p4_3092__event_002,sprsound2022,sprsound2022::41186340,calibration,False,0,normal,1.011,0,0.0013637812,0.00044589667,0.010468326,0.004092667956666666,0.9959073320433334,0
sprsound2022::41186340_6.6_0_p4_3092__event_003,sprsound2022,sprsound2022::41186340,calibration,False,0,normal,0.927,0,0.8628838,0.0026003593,0.8000006,0.5551615864333334,0.44483841356666665,1
sprsound2022::41186340_6.6_0_p4_3092__event_004,sprsound2022,sprsound2022::41186340,calibration,False,0,normal,1.363,0,0.7164856,0.0011369794,0.7733395,0.49698735980000003,0.5030126401999999,0
sprsound2022::41186340_6.6_0_p4_3126__event_000,sprsound2022,sprsound2022::41186340,calibration,False,0,normal,1.129,0,0.0061994386,0.0011828427,0.02495798,0.0107800871,0.9892199129,0
sprsound2022::41186340_6.6_0_p4_3126__event_001,sprsound2022,sprsound2022::41186340,calibration,False,0,normal,1.2359999999999998,0,0.0018457447,0.00042713011,0.0044263816,0.00223308547,0.99776691453,0
sprsound2022::41186340_6.6_0_p4_3159__event_000,sprsound2022,sprsound2022::41186340,calibration,False,0,normal,1.58,0,0.10818035,0.0003141057,0.034382574,0.047625676566666664,0.9523743234333333,0
sprsound2022::41186340_6.6_0_p4_3198__event_000,sprsound2022,sprsound2022::41186340,calibration,False,0,normal,1.385,0,0.0018752519,0.00026322878,0.004321732,0.0021534042266666666,0.9978465957733333,0
sprsound2022::41186340_6.6_0_p4_3198__event_001,sprsound2022,sprsound2022::41186340,calibration,False,0,normal,1.4480000000000004,0,0.18358439,0.057669133,0.076211624,0.10582171566666665,0.8941782843333334,0
sprsound2022::41190734_9.5_0_p1_1182__event_000,sprsound2022,sprsound2022::41190734,calibration,False,0,normal,2.2870000000000004,0,0.0009317434,5.1600666e-05,0.0066667874,0.002550043822,0.997449956178,0
sprsound2022::41190734_9.5_0_p1_1182__event_001,sprsound2022,sprsound2022::41190734,calibration,False,0,normal,1.6110000000000009,0,0.040050786,0.0012654389,0.05728666,0.0328676283,0.9671323717,0
sprsound2022::41190734_9.5_0_p1_1217__event_000,sprsound2022,sprsound2022::41190734,calibration,False,0,normal,2.16,0,0.0074499105,9.0105976e-05,0.07217138,0.026570465491999998,0.973429534508,0
sprsound2022::41190734_9.5_0_p1_1217__event_001,sprsound2022,sprsound2022::41190734,calibration,False,1,coarse_crackle,1.266,1,0.851239,0.32491937,0.9728127,0.71632369,0.28367631000000004,1
sprsound2022::41190734_9.5_0_p1_1217__event_002,sprsound2022,sprsound2022::41190734,calibration,False,0,normal,3.233,0,0.03233447,5.840199e-05,0.055776868,0.02938991333,0.97061008667,0
sprsound2022::41190734_9.5_0_p2_1206__event_000,sprsound2022,sprsound2022::41190734,calibration,False,0,normal,1.5950000000000006,0,0.08479623,0.00027470363,0.090943724,0.05867155254333334,0.9413284474566667,0
sprsound2022::41190734_9.5_0_p2_1206__event_001,sprsound2022,sprsound2022::41190734,calibration,False,0,normal,2.938,0,0.0019824237,8.2591774e-05,0.014185003,0.0054166728246666665,0.9945833271753334,0
sprsound2022::41190734_9.5_0_p2_1229__event_000,sprsound2022,sprsound2022::41190734,calibration,False,0,normal,2.107,0,0.0060153115,4.8050013e-05,0.017860614,0.007974658504333333,0.9920253414956667,0
sprsound2022::41190734_9.5_0_p2_1229__event_001,sprsound2022,sprsound2022::41190734,calibration,False,0,normal,3.585,0,0.012186634,5.6453555e-05,0.064645,0.025629362518333334,0.9743706374816666,0
sprsound2022::41190734_9.5_0_p2_1229__event_002,sprsound2022,sprsound2022::41190734,calibration,False,0,normal,1.2489999999999997,0,0.6250713,0.0049917772,0.5779959,0.4026863257333333,0.5973136742666667,0
sprsound2022::41190734_9.5_0_p2_1333__event_000,sprsound2022,sprsound2022::41190734,calibration,False,0,normal,1.869,0,0.8509336,0.0004899321,0.15877399,0.33673250736666666,0.6632674926333333,0
sprsound2022::41190734_9.5_0_p2_1333__event_001,sprsound2022,sprsound2022::41190734,calibration,False,0,normal,1.848,0,0.009934651,0.00012686048,0.034024697,0.014695402826666667,0.9853045971733333,0
sprsound2022::41190734_9.5_0_p4_1170__event_000,sprsound2022,sprsound2022::41190734,calibration,False,0,normal,1.9210000000000005,0,0.0003959657,7.714523e-05,0.0046526585,0.0017085898100000002,0.99829141019,0
sprsound2022::41190734_9.5_0_p4_1170__event_001,sprsound2022,sprsound2022::41190734,calibration,False,0,normal,1.913,0,0.04572417,0.0006303955,0.032565717,0.02630676083333333,0.9736932391666666,0
sprsound2022::41190734_9.5_0_p4_1170__event_002,sprsound2022,sprsound2022::41190734,calibration,False,0,normal,1.5019999999999998,0,0.26230004,0.00085277867,0.4370375,0.23339677289000002,0.76660322711,0
sprsound2022::41202647_2.2_0_p1_681__event_000,sprsound2022,sprsound2022::41202647,calibration,False,1,fine_crackle,1.468,1,0.003538214,0.0008342683,0.0067270026,0.0036998283000000006,0.9963001717,0
sprsound2022::41202647_2.2_0_p3_683__event_000,sprsound2022,sprsound2022::41202647,calibration,False,0,normal,1.077,0,0.0006017844,0.00019967355,0.005691652,0.0021643699833333334,0.9978356300166666,0
sprsound2022::41202647_2.2_0_p3_683__event_001,sprsound2022,sprsound2022::41202647,calibration,False,0,normal,0.6489999999999991,0,0.0032878735,0.0017657803,0.011701897,0.005585183599999999,0.9944148164,0
sprsound2022::41202647_2.2_0_p3_683__event_002,sprsound2022,sprsound2022::41202647,calibration,False,0,normal,1.847,0,0.6112972,0.1698065,0.1152173,0.29877366666666666,0.7012263333333333,0
sprsound2022::41202647_2.2_0_p3_683__event_003,sprsound2022,sprsound2022::41202647,calibration,False,0,normal,3.082,0,0.009498263,0.000108159154,0.0048237164,0.004810046184666667,0.9951899538153334,0
sprsound2022::41227367_6.7_1_p2_626__event_000,sprsound2022,sprsound2022::41227367,calibration,False,0,normal,3.238999999999999,0,0.0013909772,9.0785594e-05,0.0144516695,0.005311144098,0.994688855902,0
sprsound2022::41227367_6.7_1_p2_626__event_001,sprsound2022,sprsound2022::41227367,calibration,False,0,normal,3.653,0,0.0037034438,2.672786e-05,0.015239867,0.0063233462200000005,0.99367665378,0
sprsound2022::41227367_6.7_1_p4_628__event_000,sprsound2022,sprsound2022::41227367,calibration,False,0,normal,0.7260000000000001,0,0.008157526,0.0026829117,0.059800908,0.023547115233333332,0.9764528847666667,0
sprsound2022::41227367_6.7_1_p4_628__event_001,sprsound2022,sprsound2022::41227367,calibration,False,0,normal,1.481,0,0.001633639,0.00018708057,0.008780421,0.0035337135233333337,0.9964662864766667,0
sprsound2022::41227367_6.7_1_p4_628__event_002,sprsound2022,sprsound2022::41227367,calibration,False,0,normal,0.847999999999999,0,0.0008401537,0.00086461904,0.00640027,0.0027016809133333327,0.9972983190866667,0
sprsound2022::41227367_6.7_1_p4_628__event_003,sprsound2022,sprsound2022::41227367,calibration,False,0,normal,1.0679999999999996,0,0.33521256,0.00040691567,0.66732633,0.33431526855666666,0.6656847314433334,0
sprsound2022::41227367_6.7_1_p4_628__event_004,sprsound2022,sprsound2022::41227367,calibration,False,0,normal,0.9340000000000002,0,0.12675585,0.0009423444,0.21128294,0.11299371146666666,0.8870062885333333,0
sprsound2022::41227367_6.8_1_p1_2669__event_000,sprsound2022,sprsound2022::41227367,calibration,False,0,normal,1.4530000000000003,0,0.00057508925,0.00015345015,0.0045578983,0.0017621459000000002,0.9982378541,0
sprsound2022::41227367_6.8_1_p1_2669__event_001,sprsound2022,sprsound2022::41227367,calibration,False,0,normal,1.4040000000000008,0,0.084366955,0.000677273,0.08044484,0.05516302266666667,0.9448369773333334,0
sprsound2022::41227367_6.8_1_p1_2669__event_002,sprsound2022,sprsound2022::41227367,calibration,False,0,normal,1.2719999999999998,0,0.00039842495,7.6075274e-05,0.0023880976,0.0009541992746666667,0.9990458007253333,0
sprsound2022::41227367_6.8_1_p1_2669__event_003,sprsound2022,sprsound2022::41227367,calibration,False,0,normal,1.0489999999999997,0,0.0007219112,0.0001208712,0.010816071,0.003886284466666667,0.9961137155333334,0
sprsound2022::41227367_6.8_1_p2_2656__event_000,sprsound2022,sprsound2022::41227367,calibration,False,0,normal,1.9380000000000008,0,0.000524238,7.697547e-05,0.004769069,0.0017900941566666665,0.9982099058433334,0
sprsound2022::41227367_6.8_1_p2_2656__event_001,sprsound2022,sprsound2022::41227367,calibration,False,0,normal,0.745000000000001,0,0.015622342,0.0042227423,0.024864329,0.014903137766666666,0.9850968622333334,0
sprsound2022::41227367_6.8_1_p2_2656__event_002,sprsound2022,sprsound2022::41227367,calibration,False,0,normal,1.33,0,0.17321713,0.087660275,0.61102945,0.29063561833333335,0.7093643816666666,0
sprsound2022::41227367_6.8_1_p2_2656__event_003,sprsound2022,sprsound2022::41227367,calibration,False,0,normal,1.581,0,0.042084817,0.00026426732,0.33486992,0.12573966810666667,0.8742603318933333,0
sprsound2022::41227367_6.8_1_p3_2695__event_000,sprsound2022,sprsound2022::41227367,calibration,False,0,normal,0.4880000000000013,0,0.29637697,0.045416426,0.19930719,0.180366862,0.819633138,0
sprsound2022::41227367_6.8_1_p4_2682__event_000,sprsound2022,sprsound2022::41227367,calibration,False,0,normal,1.857,0,0.0012321784,0.00013965445,0.01001516,0.003795664283333333,0.9962043357166667,0
sprsound2022::41227367_6.8_1_p4_2682__event_001,sprsound2022,sprsound2022::41227367,calibration,False,0,normal,0.6560000000000006,0,0.0020891153,0.00031950016,0.008638292,0.003682302486666667,0.9963176975133333,0
sprsound2022::41227367_6.9_1_p1_2563__event_000,sprsound2022,sprsound2022::41227367,calibration,False,0,normal,1.2719999999999994,0,0.0005272246,0.0001556583,0.0036314896,0.0014381241666666666,0.9985618758333333,0
sprsound2022::41227367_6.9_1_p1_2563__event_001,sprsound2022,sprsound2022::41227367,calibration,False,0,normal,1.366999999999999,0,0.26765248,0.00089507736,0.1776968,0.14874811912,0.85125188088,0
sprsound2022::41227367_6.9_1_p1_2563__event_002,sprsound2022,sprsound2022::41227367,calibration,False,0,normal,1.0829999999999984,0,0.007985027,0.0015384065,0.04159078,0.01703807116666667,0.9829619288333333,0
sprsound2022::41227367_6.9_1_p1_2563__event_003,sprsound2022,sprsound2022::41227367,calibration,False,0,normal,1.0980000000000008,0,0.0030068995,0.00012526115,0.004219305,0.0024504885499999998,0.99754951145,0
sprsound2022::41227367_6.9_1_p1_2563__event_004,sprsound2022,sprsound2022::41227367,calibration,False,0,normal,1.459,0,0.98019606,0.057800367,0.873881,0.6372924756666666,0.3627075243333334,1
sprsound2022::41227367_6.9_1_p1_2563__event_005,sprsound2022,sprsound2022::41227367,calibration,False,0,normal,1.5889999999999995,0,0.097658664,0.01572394,0.26757407,0.126985558,0.873014442,0
sprsound2022::41227367_6.9_1_p1_2563__event_006,sprsound2022,sprsound2022::41227367,calibration,False,0,normal,1.9000000000000004,0,0.023267021,0.0020686365,0.035120156,0.02015193783333333,0.9798480621666666,0
sprsound2022::41227367_6.9_1_p1_2609__event_000,sprsound2022,sprsound2022::41227367,calibration,False,0,normal,0.9680000000000007,0,0.00065768085,0.0001912589,0.008774546,0.003207828583333333,0.9967921714166667,0
sprsound2022::41227367_6.9_1_p1_2609__event_001,sprsound2022,sprsound2022::41227367,calibration,False,0,normal,0.8490000000000002,0,0.08451497,0.009624262,0.029644083,0.041261105,0.958738895,0
sprsound2022::41227367_6.9_1_p1_2609__event_002,sprsound2022,sprsound2022::41227367,calibration,False,0,normal,0.8290000000000006,0,0.9731247,0.94711566,0.92462105,0.9482871366666666,0.05171286333333336,1
sprsound2022::41227367_6.9_1_p1_2685__event_000,sprsound2022,sprsound2022::41227367,calibration,False,0,normal,1.3979999999999997,0,0.0007074044,8.122835e-05,0.0013305589,0.0007063972166666668,0.9992936027833333,0
sprsound2022::41227367_6.9_1_p1_2685__event_001,sprsound2022,sprsound2022::41227367,calibration,False,0,normal,1.209999999999999,0,0.1031805,0.026726192,0.07811415,0.06934028066666666,0.9306597193333334,0
sprsound2022::41227367_6.9_1_p1_2685__event_002,sprsound2022,sprsound2022::41227367,calibration,False,0,normal,1.122999999999999,0,0.01055029,0.0002641293,0.019117262,0.0099772271,0.9900227729,0
sprsound2022::41227367_6.9_1_p1_2685__event_003,sprsound2022,sprsound2022::41227367,calibration,False,0,normal,0.7249999999999996,0,0.95802,0.0926303,0.19246203,0.41437077666666666,0.5856292233333333,0
sprsound2022::41227367_6.9_1_p1_2685__event_004,sprsound2022,sprsound2022::41227367,calibration,False,0,normal,3.015000000000001,0,0.4813628,0.028151488,0.42678633,0.312100206,0.687899794,0
sprsound2022::41227367_6.9_1_p1_2710__event_000,sprsound2022,sprsound2022::41227367,calibration,False,0,normal,0.7739999999999999,0,0.002552444,0.0012155339,0.019655364,0.007807780633333334,0.9921922193666667,0
sprsound2022::41227367_6.9_1_p1_2710__event_001,sprsound2022,sprsound2022::41227367,calibration,False,0,normal,0.6519999999999997,0,0.040589225,0.031650934,0.5934848,0.2219083196666667,0.7780916803333333,0
sprsound2022::41227367_6.9_1_p1_2710__event_002,sprsound2022,sprsound2022::41227367,calibration,False,0,normal,0.543000000000001,0,0.15265952,0.6045405,0.3417901,0.36633003999999997,0.63366996,0
sprsound2022::41227367_6.9_1_p1_2710__event_003,sprsound2022,sprsound2022::41227367,calibration,False,0,normal,0.6769999999999996,0,0.74806166,0.98841673,0.90555227,0.8806768866666665,0.11932311333333345,1
sprsound2022::41227367_6.9_1_p1_2710__event_004,sprsound2022,sprsound2022::41227367,calibration,False,0,normal,1.0679999999999996,0,0.32113615,0.12591171,0.48154062,0.3095294933333333,0.6904705066666668,0
sprsound2022::41227367_6.9_1_p1_2710__event_005,sprsound2022,sprsound2022::41227367,calibration,False,0,normal,0.9829999999999988,0,0.9412054,0.80565816,0.8809899,0.8759511533333333,0.12404884666666671,1
sprsound2022::41227367_6.9_1_p1_2794__event_000,sprsound2022,sprsound2022::41227367,calibration,False,0,normal,1.1029999999999998,0,0.12589747,0.093147196,0.03826325,0.08576930533333334,0.9142306946666666,0
sprsound2022::41227367_6.9_1_p1_2794__event_001,sprsound2022,sprsound2022::41227367,calibration,False,0,normal,1.2300000000000004,0,0.015416062,0.0004326622,0.02850799,0.014785571400000001,0.9852144286,0
sprsound2022::41227367_6.9_1_p1_2794__event_002,sprsound2022,sprsound2022::41227367,calibration,False,0,normal,1.1529999999999987,0,0.018097883,0.009756976,0.01876627,0.015540376333333333,0.9844596236666666,0
sprsound2022::41227367_6.9_1_p1_2830__event_000,sprsound2022,sprsound2022::41227367,calibration,False,0,normal,1.645,0,0.0007625995,5.9469072e-05,0.004090022,0.0016373635239999998,0.998362636476,0
sprsound2022::41227367_6.9_1_p1_2830__event_001,sprsound2022,sprsound2022::41227367,calibration,False,0,normal,1.138,0,0.00092732714,0.00023170808,0.008455972,0.003205002406666667,0.9967949975933333,0
sprsound2022::41227367_6.9_1_p1_2830__event_002,sprsound2022,sprsound2022::41227367,calibration,False,0,normal,1.0050000000000008,0,0.0006066658,0.0003008099,0.0037948834,0.0015674530333333334,0.9984325469666666,0
sprsound2022::41227367_6.9_1_p1_2830__event_003,sprsound2022,sprsound2022::41227367,calibration,False,0,normal,1.5489999999999997,0,0.00051822135,9.1563044e-05,0.0033055472,0.0013051105313333332,0.9986948894686667,0
sprsound2022::41227367_6.9_1_p1_2830__event_004,sprsound2022,sprsound2022::41227367,calibration,False,0,normal,1.34,0,0.48440742,0.6372314,0.29143748,0.4710254333333334,0.5289745666666665,0
sprsound2022::41227367_6.9_1_p1_2830__event_005,sprsound2022,sprsound2022::41227367,calibration,False,0,normal,1.129999999999999,0,0.24603875,0.060510688,0.9174934,0.4080142793333333,0.5919857206666668,0
sprsound2022::41227367_6.9_1_p1_2830__event_006,sprsound2022,sprsound2022::41227367,calibration,False,0,normal,0.5409999999999986,0,0.30416274,0.79931283,0.14453188,0.41600248333333334,0.5839975166666667,0
sprsound2022::41227367_6.9_1_p1_2830__event_007,sprsound2022,sprsound2022::41227367,calibration,False,0,normal,1.542,0,0.16442497,0.04218169,0.108185366,0.10493067533333333,0.8950693246666667,0
sprsound2022::41227367_6.9_1_p2_2575__event_000,sprsound2022,sprsound2022::41227367,calibration,False,0,normal,1.501,0,0.0008749002,0.00014610101,0.0066706534,0.0025638848699999998,0.99743611513,0
sprsound2022::41227367_6.9_1_p2_2575__event_001,sprsound2022,sprsound2022::41227367,calibration,False,0,normal,2.0540000000000003,0,0.0011881151,0.00010981603,0.013483212,0.00492704771,0.99507295229,0
sprsound2022::41227367_6.9_1_p2_2575__event_002,sprsound2022,sprsound2022::41227367,calibration,False,0,normal,1.4800000000000004,0,0.00027896935,0.00010396381,0.0036472327,0.0013433886200000002,0.99865661138,0
sprsound2022::41227367_6.9_1_p2_2575__event_003,sprsound2022,sprsound2022::41227367,calibration,False,0,normal,0.8940000000000001,0,0.013940273,0.0014474206,0.042246018,0.0192112372,0.9807887628,0
sprsound2022::41227367_6.9_1_p2_2575__event_004,sprsound2022,sprsound2022::41227367,calibration,False,0,normal,0.6530000000000005,0,0.0034305525,0.0019209188,0.0125244465,0.005958639266666667,0.9940413607333334,0
sprsound2022::41227367_6.9_1_p2_2659__event_000,sprsound2022,sprsound2022::41227367,calibration,False,0,normal,5.702,0,0.0022123281,8.811224e-05,0.004472565,0.0022576684466666668,0.9977423315533334,0
sprsound2022::41227367_6.9_1_p2_2818__event_000,sprsound2022,sprsound2022::41227367,calibration,False,0,normal,1.219,0,0.008862135,0.00020877,0.013593853,0.007554919333333333,0.9924450806666667,0
sprsound2022::41227367_6.9_1_p2_2818__event_001,sprsound2022,sprsound2022::41227367,calibration,False,0,normal,0.6600000000000001,0,0.0057586352,0.00040098783,0.029179009,0.011779544009999999,0.98822045599,0
sprsound2022::41227367_6.9_1_p3_2586__event_000,sprsound2022,sprsound2022::41227367,calibration,False,0,normal,0.8980000000000015,0,0.0020809285,0.0015544388,0.0059495573,0.0031949748666666665,0.9968050251333334,0
sprsound2022::41227367_6.9_1_p3_2586__event_001,sprsound2022,sprsound2022::41227367,calibration,False,0,normal,0.8409999999999993,0,0.0015966974,0.0011744347,0.022278083,0.008349738366666666,0.9916502616333334,0
sprsound2022::41227367_6.9_1_p3_2586__event_002,sprsound2022,sprsound2022::41227367,calibration,False,0,normal,1.015,0,0.0007280983,0.00013619807,0.00932072,0.0033950054566666663,0.9966049945433333,0
sprsound2022::41227367_6.9_1_p3_2586__event_003,sprsound2022,sprsound2022::41227367,calibration,False,0,normal,0.985,0,0.9287815,0.9570111,0.9715432,0.9524452666666666,0.04755473333333338,1
sprsound2022::41227367_6.9_1_p3_2586__event_004,sprsound2022,sprsound2022::41227367,calibration,False,0,normal,1.0519999999999998,0,0.68410236,0.12649909,0.80888885,0.5398301,0.4601699,1
sprsound2022::41227367_6.9_1_p3_2586__event_005,sprsound2022,sprsound2022::41227367,calibration,False,0,normal,1.0,0,0.7003498,0.059091564,0.9292513,0.5628975546666667,0.4371024453333333,1
sprsound2022::41227367_6.9_1_p3_2672__event_000,sprsound2022,sprsound2022::41227367,calibration,False,0,normal,1.157,0,0.0012388359,0.00021942386,0.010802401,0.00408688692,0.99591311308,0
sprsound2022::41227367_6.9_1_p3_2672__event_001,sprsound2022,sprsound2022::41227367,calibration,False,0,normal,1.266,0,0.0034315502,0.00016458044,0.007489727,0.00369528588,0.99630471412,0
sprsound2022::41227367_6.9_1_p3_2672__event_002,sprsound2022,sprsound2022::41227367,calibration,False,0,normal,1.2620000000000005,0,0.013081467,0.0004891978,0.081657805,0.031742823266666664,0.9682571767333333,0
sprsound2022::41227367_6.9_1_p3_2672__event_003,sprsound2022,sprsound2022::41227367,calibration,False,0,normal,1.2630000000000008,0,0.024514904,0.009982562,0.016594425,0.017030630333333335,0.9829693696666667,0
sprsound2022::41227367_6.9_1_p3_2672__event_004,sprsound2022,sprsound2022::41227367,calibration,False,0,normal,1.274000000000001,0,0.005352088,0.00059714157,0.009747669,0.005232299523333333,0.9947677004766666,0
sprsound2022::41227367_6.9_1_p3_2672__event_005,sprsound2022,sprsound2022::41227367,calibration,False,0,normal,1.0830000000000002,0,0.0014468437,0.0010251622,0.0038572212,0.0021097423666666666,0.9978902576333334,0
sprsound2022::41227367_6.9_1_p3_2746__event_000,sprsound2022,sprsound2022::41227367,calibration,False,0,normal,1.349,0,0.05447105,0.0037060715,0.03757378,0.031916967166666664,0.9680830328333333,0
sprsound2022::41227367_6.9_1_p3_2746__event_001,sprsound2022,sprsound2022::41227367,calibration,False,0,normal,1.219,0,0.004535462,0.00019722582,0.0067775566,0.00383674814,0.99616325186,0
sprsound2022::41227367_6.9_1_p3_2746__event_002,sprsound2022,sprsound2022::41227367,calibration,False,0,normal,1.393000000000001,0,0.00046750225,4.529616e-05,0.003720816,0.0014112048033333333,0.9985887951966667,0
sprsound2022::41227367_6.9_1_p3_2746__event_003,sprsound2022,sprsound2022::41227367,calibration,False,0,normal,0.9770000000000004,0,0.03043133,0.059095867,0.06396775,0.05116498233333333,0.9488350176666667,0
sprsound2022::41227367_6.9_1_p3_2746__event_004,sprsound2022,sprsound2022::41227367,calibration,False,0,normal,1.303,0,0.00796834,0.00011162478,0.01525024,0.0077767349266666674,0.9922232650733334,0
sprsound2022::41227367_6.9_1_p3_2770__event_000,sprsound2022,sprsound2022::41227367,calibration,False,0,normal,0.8959999999999999,0,0.044991434,0.015257023,0.12636635,0.06220493566666666,0.9377950643333334,0
sprsound2022::41227367_6.9_1_p3_2842__event_000,sprsound2022,sprsound2022::41227367,calibration,False,0,normal,1.3590000000000002,0,0.0010877051,0.00017291268,0.0035134393,0.00159135236,0.99840864764,0
sprsound2022::41227367_6.9_1_p3_2842__event_001,sprsound2022,sprsound2022::41227367,calibration,False,0,normal,0.5839999999999996,0,0.038192715,0.26267314,0.037810292,0.11289204900000001,0.887107951,0
sprsound2022::41227367_6.9_1_p4_2597__event_000,sprsound2022,sprsound2022::41227367,calibration,False,0,normal,1.524,0,0.0009424265,9.658474e-05,0.005066869,0.0020352934133333334,0.9979647065866667,0
sprsound2022::41227367_6.9_1_p4_2597__event_001,sprsound2022,sprsound2022::41227367,calibration,False,0,normal,1.408,0,0.00071649865,0.00017091988,0.008656695,0.0031813711766666667,0.9968186288233334,0
sprsound2022::41227367_6.9_1_p4_2597__event_002,sprsound2022,sprsound2022::41227367,calibration,False,0,normal,1.221,0,0.0029484846,0.001359762,0.008908432,0.004405559533333333,0.9955944404666667,0
sprsound2022::41227367_6.9_1_p4_2597__event_003,sprsound2022,sprsound2022::41227367,calibration,False,0,normal,1.1130000000000004,0,0.00078700914,0.00013511885,0.010594894,0.00383900733,0.99616099267,0
sprsound2022::41227367_6.9_1_p4_2597__event_004,sprsound2022,sprsound2022::41227367,calibration,False,0,normal,1.5060000000000002,0,0.001903465,8.5059124e-05,0.00951128,0.0038332680413333334,0.9961667319586667,0
sprsound2022::41227367_6.9_1_p4_2597__event_005,sprsound2022,sprsound2022::41227367,calibration,False,0,normal,1.492,0,0.865724,0.39107153,0.6071302,0.6213085766666667,0.3786914233333333,1
sprsound2022::41227367_6.9_1_p4_2620__event_000,sprsound2022,sprsound2022::41227367,calibration,False,0,normal,1.2090000000000003,0,0.0014600091,0.0003210623,0.013527464,0.005102845133333333,0.9948971548666666,0
sprsound2022::41227367_6.9_1_p4_2620__event_001,sprsound2022,sprsound2022::41227367,calibration,False,0,normal,1.012,0,0.35930428,0.003400175,0.15063655,0.17111366833333333,0.8288863316666667,0
sprsound2022::41227367_6.9_1_p4_2620__event_002,sprsound2022,sprsound2022::41227367,calibration,False,0,normal,1.0009999999999994,0,0.0030329607,0.00024237606,0.053832583,0.019035973253333335,0.9809640267466667,0
sprsound2022::41227367_6.9_1_p4_2620__event_003,sprsound2022,sprsound2022::41227367,calibration,False,0,normal,0.8900000000000006,0,0.33969378,0.0601602,0.34458074,0.24814490666666666,0.7518550933333333,0
sprsound2022::41227367_6.9_1_p4_2620__event_004,sprsound2022,sprsound2022::41227367,calibration,False,0,normal,1.268000000000001,0,0.002365191,0.0001266346,0.00992549,0.0041391052,0.9958608948,0
sprsound2022::41227367_6.9_1_p4_2620__event_005,sprsound2022,sprsound2022::41227367,calibration,False,0,normal,0.9349999999999988,0,0.92094755,0.15423398,0.94461054,0.6732640233333335,0.32673597666666654,1
sprsound2022::41227367_6.9_1_p4_2698__event_000,sprsound2022,sprsound2022::41227367,calibration,False,0,normal,1.5149999999999997,0,0.04771652,0.00038171565,0.017337214,0.02181181655,0.97818818345,0
sprsound2022::41227367_6.9_1_p4_2698__event_001,sprsound2022,sprsound2022::41227367,calibration,False,0,normal,2.0389999999999997,0,0.00094453763,4.308409e-05,0.004032922,0.0016735145733333334,0.9983264854266667,0
sprsound2022::41227367_6.9_1_p4_2698__event_002,sprsound2022,sprsound2022::41227367,calibration,False,0,normal,2.1439999999999992,0,0.16515315,0.0016162021,0.5828702,0.2498798507,0.7501201493,0
sprsound2022::41227367_6.9_1_p4_2758__event_000,sprsound2022,sprsound2022::41227367,calibration,False,0,normal,1.02,0,0.015072403,0.032122597,0.04086975,0.029354916666666665,0.9706450833333333,0
sprsound2022::41227367_6.9_1_p4_2758__event_001,sprsound2022,sprsound2022::41227367,calibration,False,0,normal,1.252000000000001,0,0.007069222,0.0028437115,0.01725005,0.009054327833333334,0.9909456721666666,0
sprsound2022::41227367_6.9_1_p4_2758__event_002,sprsound2022,sprsound2022::41227367,calibration,False,0,normal,1.123000000000001,0,0.026330503,0.0009126237,0.00940692,0.012216682233333333,0.9877833177666666,0
sprsound2022::41227367_6.9_1_p4_2758__event_003,sprsound2022,sprsound2022::41227367,calibration,False,0,normal,3.186,0,0.01496448,0.0004213055,0.02503318,0.0134729885,0.9865270115,0
sprsound2022::41227367_6.9_1_p4_2758__event_004,sprsound2022,sprsound2022::41227367,calibration,False,0,normal,1.851,0,0.01583735,0.00072698726,0.027916381,0.014826906086666666,0.9851730939133333,0
sprsound2022::41261802_10.5_0_p1_221__event_000,sprsound2022,sprsound2022::41261802,calibration,False,1,wheeze,0.7380000000000004,1,0.9990765,0.9998971,0.9963505,0.9984413666666666,0.0015586333333333924,1
sprsound2022::41261802_10.5_0_p1_221__event_001,sprsound2022,sprsound2022::41261802,calibration,False,1,wheeze,1.6740000000000004,1,0.94665414,0.79883516,0.92328393,0.8895910766666667,0.1104089233333333,1
sprsound2022::41261802_10.5_0_p1_225__event_000,sprsound2022,sprsound2022::41261802,calibration,False,0,normal,2.417,0,0.005324548,5.50701e-05,0.010149029,0.0051762157,0.9948237843,0
sprsound2022::41261802_10.5_0_p1_225__event_001,sprsound2022,sprsound2022::41261802,calibration,False,0,normal,2.21,0,0.004740195,0.00014718877,0.031230133,0.012039172256666666,0.9879608277433334,0
sprsound2022::41261802_10.5_0_p1_225__event_002,sprsound2022,sprsound2022::41261802,calibration,False,0,normal,3.689000000000001,0,0.012039802,0.0001549478,0.019535733,0.0105768276,0.9894231724,0
sprsound2022::41261802_10.5_0_p2_222__event_000,sprsound2022,sprsound2022::41261802,calibration,False,1,wheeze,1.35,1,0.998038,0.99979013,0.9956247,0.9978176099999999,0.0021823900000000895,1
sprsound2022::41261802_10.5_0_p2_222__event_001,sprsound2022,sprsound2022::41261802,calibration,False,1,wheeze,1.8199999999999992,1,0.8779155,0.988242,0.91673744,0.9276316466666666,0.07236835333333336,1
sprsound2022::41261802_10.5_0_p2_226__event_000,sprsound2022,sprsound2022::41261802,calibration,False,0,normal,2.319000000000001,0,0.028568532,3.482898e-05,0.016499477,0.015034279326666665,0.9849657206733333,0
sprsound2022::41261802_10.5_0_p2_226__event_001,sprsound2022,sprsound2022::41261802,calibration,False,0,normal,2.308,0,0.71215963,0.0022683546,0.19190808,0.30211202153333333,0.6978879784666667,0
sprsound2022::41261802_10.5_0_p2_226__event_002,sprsound2022,sprsound2022::41261802,calibration,False,0,normal,3.0249999999999995,0,0.030299738,8.457425e-05,0.047076475,0.025820262416666667,0.9741797375833333,0
sprsound2022::41261802_10.5_0_p2_226__event_003,sprsound2022,sprsound2022::41261802,calibration,False,0,normal,2.912000000000001,0,0.58646107,0.03485527,0.81658506,0.47930046666666665,0.5206995333333333,0
sprsound2022::41261802_10.5_0_p3_227__event_000,sprsound2022,sprsound2022::41261802,calibration,False,0,normal,1.3980000000000006,0,0.0056127296,0.0004435562,0.010328221,0.005461502266666667,0.9945384977333334,0
sprsound2022::41261802_10.5_0_p3_227__event_001,sprsound2022,sprsound2022::41261802,calibration,False,0,normal,1.258000000000001,0,0.0018290546,0.00012369781,0.0037038764,0.0018855429366666666,0.9981144570633333,0
sprsound2022::41261802_10.5_0_p3_227__event_002,sprsound2022,sprsound2022::41261802,calibration,False,0,normal,1.4299999999999995,0,0.0030399503,0.00015645754,0.007191493,0.0034626336133333335,0.9965373663866667,0
sprsound2022::41261802_10.5_0_p3_227__event_003,sprsound2022,sprsound2022::41261802,calibration,False,0,normal,1.601,0,0.57515407,0.03284972,0.55687433,0.38829270666666665,0.6117072933333334,0
sprsound2022::41262295_4.1_0_p1_1017__event_000,sprsound2022,sprsound2022::41262295,calibration,False,0,normal,1.6339999999999986,0,0.60531396,0.38108295,0.8933976,0.62659817,0.37340183000000005,1
sprsound2022::41262295_4.1_0_p1_1017__event_001,sprsound2022,sprsound2022::41262295,calibration,False,0,normal,0.8879999999999999,0,0.009431821,0.00037678605,0.042776454,0.017528353683333334,0.9824716463166666,0
sprsound2022::41262295_4.1_0_p1_1017__event_002,sprsound2022,sprsound2022::41262295,calibration,False,0,normal,2.274000000000001,0,0.0045359614,3.503618e-05,0.010254936,0.004941977859999999,0.99505802214,0
sprsound2022::41262295_4.1_0_p1_1017__event_003,sprsound2022,sprsound2022::41262295,calibration,False,0,normal,2.1579999999999995,0,0.025088618,0.00024467657,0.09247273,0.039268674856666665,0.9607313251433334,0
sprsound2022::41262295_4.1_0_p2_1018__event_000,sprsound2022,sprsound2022::41262295,calibration,False,0,normal,1.572,0,0.036774177,0.007465599,0.055841785,0.03336052033333333,0.9666394796666666,0
sprsound2022::41262295_4.1_0_p2_1018__event_001,sprsound2022,sprsound2022::41262295,calibration,False,0,normal,1.822,0,0.91291016,0.00070890255,0.8373402,0.5836530875166667,0.41634691248333333,1
sprsound2022::41262295_4.1_0_p2_1018__event_002,sprsound2022,sprsound2022::41262295,calibration,False,0,normal,1.561,0,0.008284453,0.00020203099,0.016511522,0.008332668663333334,0.9916673313366666,0
sprsound2022::41262295_4.1_0_p2_1018__event_003,sprsound2022,sprsound2022::41262295,calibration,False,0,normal,1.5809999999999995,0,0.3788364,0.00018510145,0.17980993,0.18627714381666668,0.8137228561833333,0
sprsound2022::41262295_4.1_0_p2_1018__event_004,sprsound2022,sprsound2022::41262295,calibration,False,0,normal,2.173,0,0.0010149833,2.1715594e-05,0.003917346,0.001651348298,0.998348651702,0
sprsound2022::41262295_4.1_0_p3_1019__event_000,sprsound2022,sprsound2022::41262295,calibration,False,0,normal,1.99,0,0.00034306184,3.5207402e-05,0.0031900606,0.0011894432806666667,0.9988105567193334,0
sprsound2022::41262295_4.1_0_p3_1019__event_001,sprsound2022,sprsound2022::41262295,calibration,False,0,normal,1.5010000000000003,0,0.0032459728,0.00025315373,0.008723706,0.00407427751,0.99592572249,0
sprsound2022::41262295_4.1_0_p3_1019__event_002,sprsound2022,sprsound2022::41262295,calibration,False,0,normal,1.3629999999999995,0,0.24050352,0.16548263,0.73571867,0.3805682733333333,0.6194317266666667,0
sprsound2022::41262295_4.1_0_p3_1019__event_003,sprsound2022,sprsound2022::41262295,calibration,False,0,normal,0.5579999999999998,0,0.0039045548,0.0013163089,0.03484442,0.013355094566666668,0.9866449054333334,0
sprsound2022::41262295_4.1_0_p4_1020__event_000,sprsound2022,sprsound2022::41262295,calibration,False,0,normal,1.7409999999999997,0,0.00031648608,3.928365e-05,0.0033643432,0.0012400376433333333,0.9987599623566666,0
sprsound2022::41262295_4.1_0_p4_1020__event_001,sprsound2022,sprsound2022::41262295,calibration,False,0,normal,1.7339999999999995,0,0.00041137627,3.972586e-05,0.005912818,0.00212130671,0.99787869329,0
sprsound2022::41262295_4.1_0_p4_1020__event_002,sprsound2022,sprsound2022::41262295,calibration,False,0,normal,1.535,0,0.0011068023,0.00014299469,0.004348264,0.0018660203300000001,0.99813397967,0
sprsound2022::41262295_4.1_0_p4_1020__event_003,sprsound2022,sprsound2022::41262295,calibration,False,0,normal,1.831999999999999,0,0.00034835344,2.732032e-05,0.0024959443,0.00095720602,0.99904279398,0
sprsound2022::41262295_4.1_0_p4_1020__event_004,sprsound2022,sprsound2022::41262295,calibration,False,0,normal,1.5140000000000011,0,0.0010662429,0.00042737817,0.01085964,0.00411775369,0.99588224631,0
sprsound2022::41262295_4.1_0_p4_1020__event_005,sprsound2022,sprsound2022::41262295,calibration,False,0,normal,1.423,0,0.0007709534,4.98419e-05,0.00789702,0.002905938433333333,0.9970940615666667,0
sprsound2022::41262295_4.1_0_p4_1020__event_006,sprsound2022,sprsound2022::41262295,calibration,False,0,normal,1.354000000000001,0,0.0006039902,0.00016036988,0.0078111566,0.00285850556,0.99714149444,0
sprsound2022::41262295_4.1_0_p4_1020__event_007,sprsound2022,sprsound2022::41262295,calibration,False,0,normal,1.1399999999999988,0,0.00059444306,0.00014701205,0.0044473447,0.0017295999366666664,0.9982704000633333,0
sprsound2022::41263406_5.2_1_p1_1113__event_000,sprsound2022,sprsound2022::41263406,calibration,False,0,normal,1.4960000000000004,0,0.0027910487,0.00024440893,0.009871314,0.00430225721,0.99569774279,0
sprsound2022::41263406_5.2_1_p1_1113__event_001,sprsound2022,sprsound2022::41263406,calibration,False,0,normal,1.6310000000000002,0,0.0007026172,0.00011567101,0.0031754693,0.0013312525033333331,0.9986687474966667,0
sprsound2022::41263406_5.2_1_p1_1113__event_002,sprsound2022,sprsound2022::41263406,calibration,False,0,normal,1.2559999999999985,0,0.0006011586,0.00020572338,0.0041975398,0.0016681405933333335,0.9983318594066667,0
sprsound2022::41263406_5.2_1_p1_1113__event_003,sprsound2022,sprsound2022::41263406,calibration,False,0,normal,1.503,0,0.0054711527,0.00026278547,0.00735497,0.00436296939,0.99563703061,0
sprsound2022::41263406_5.2_1_p1_1113__event_004,sprsound2022,sprsound2022::41263406,calibration,False,0,normal,1.447,0,0.0014517073,0.00030377376,0.0055690533,0.0024415114533333335,0.9975584885466666,0
sprsound2022::41263406_5.2_1_p1_1113__event_005,sprsound2022,sprsound2022::41263406,calibration,False,0,normal,1.2409999999999997,0,0.0012251298,0.00022579903,0.007902192,0.0031177069433333334,0.9968822930566666,0
sprsound2022::41263406_5.2_1_p1_1113__event_006,sprsound2022,sprsound2022::41263406,calibration,False,0,normal,0.5100000000000007,0,0.011077316,0.010034942,0.019823087,0.013645115,0.986354885,0
sprsound2022::41263406_5.2_1_p2_1114__event_000,sprsound2022,sprsound2022::41263406,calibration,False,0,normal,1.254,0,0.007394966,7.774935e-05,0.009150313,0.0055410094499999995,0.99445899055,0
sprsound2022::41263406_5.2_1_p2_1114__event_001,sprsound2022,sprsound2022::41263406,calibration,False,0,normal,1.2270000000000003,0,0.020166956,0.0021810567,0.02207835,0.014808787566666667,0.9851912124333333,0
sprsound2022::41263406_5.2_1_p2_1114__event_002,sprsound2022,sprsound2022::41263406,calibration,False,0,normal,1.3230000000000004,0,0.22182235,0.00019539916,0.111868374,0.11129537438666666,0.8887046256133333,0
sprsound2022::41263406_5.2_1_p2_1114__event_003,sprsound2022,sprsound2022::41263406,calibration,False,0,normal,1.1920000000000002,0,0.01177911,0.0027684765,0.021060683,0.011869423166666665,0.9881305768333334,0
sprsound2022::41263406_5.2_1_p2_1114__event_004,sprsound2022,sprsound2022::41263406,calibration,False,0,normal,1.059000000000001,0,0.05080748,0.006402086,0.23376127,0.09699027866666667,0.9030097213333333,0
sprsound2022::41263406_5.2_1_p2_1118__event_000,sprsound2022,sprsound2022::41263406,calibration,False,0,normal,0.8210000000000001,0,0.038901493,0.009914255,0.08227569,0.043697146,0.956302854,0
sprsound2022::41263406_5.2_1_p2_1118__event_001,sprsound2022,sprsound2022::41263406,calibration,False,0,normal,0.918,0,0.20082653,0.002339677,0.07450115,0.09255578566666667,0.9074442143333333,0
sprsound2022::41263406_5.2_1_p2_1118__event_002,sprsound2022,sprsound2022::41263406,calibration,False,0,normal,0.859,0,0.03196756,0.0024561116,0.059229895,0.031217855533333328,0.9687821444666667,0
sprsound2022::41263406_5.2_1_p2_1118__event_003,sprsound2022,sprsound2022::41263406,calibration,False,0,normal,0.6810000000000009,0,0.37288886,0.016298808,0.8284299,0.4058725226666667,0.5941274773333334,0
sprsound2022::41263406_5.2_1_p2_1118__event_004,sprsound2022,sprsound2022::41263406,calibration,False,0,normal,0.6000000000000014,0,0.29703245,0.10880791,0.4886834,0.2981745866666667,0.7018254133333333,0
sprsound2022::41263406_5.2_1_p2_1118__event_005,sprsound2022,sprsound2022::41263406,calibration,False,0,normal,0.8200000000000003,0,0.06732832,0.00938432,0.04088003,0.03919755666666667,0.9608024433333333,0
sprsound2022::41263406_5.2_1_p4_1116__event_000,sprsound2022,sprsound2022::41263406,calibration,False,0,normal,1.466,0,0.0069954926,7.996224e-05,0.010269247,0.00578156728,0.99421843272,0
sprsound2022::41263406_5.2_1_p4_1116__event_001,sprsound2022,sprsound2022::41263406,calibration,False,0,normal,1.303,0,0.00049240264,9.2006434e-05,0.0039566793,0.0015136961246666667,0.9984863038753333,0
sprsound2022::41263406_5.2_1_p4_1116__event_002,sprsound2022,sprsound2022::41263406,calibration,False,0,normal,1.6100000000000003,0,0.0003787704,4.9472863e-05,0.007236713,0.002554985421,0.997445014579,0
sprsound2022::41263406_5.2_1_p4_1116__event_003,sprsound2022,sprsound2022::41263406,calibration,False,0,normal,1.6180000000000003,0,0.0004102525,2.5371382e-05,0.0031689815,0.0012015351273333334,0.9987984648726667,0
sprsound2022::41263406_5.2_1_p4_1116__event_004,sprsound2022,sprsound2022::41263406,calibration,False,0,normal,1.5670000000000002,0,0.33740023,0.036317233,0.14647478,0.17339741433333333,0.8266025856666667,0
sprsound2022::41263406_5.2_1_p4_1116__event_005,sprsound2022,sprsound2022::41263406,calibration,False,0,normal,1.5410000000000004,0,0.15907875,0.009120249,0.06831008,0.07883635966666666,0.9211636403333333,0
sprsound2022::41263406_5.2_1_p4_1116__event_006,sprsound2022,sprsound2022::41263406,calibration,False,0,normal,1.402000000000001,0,0.38903052,0.008597549,0.06845863,0.155362233,0.844637767,0
sprsound2022::41263406_5.2_1_p4_1116__event_007,sprsound2022,sprsound2022::41263406,calibration,False,0,normal,1.1769999999999996,0,0.006274337,0.0020771706,0.01042611,0.006259205866666666,0.9937407941333334,0
sprsound2022::41263406_5.2_1_p4_1120__event_000,sprsound2022,sprsound2022::41263406,calibration,False,0,normal,1.25,0,0.2577822,0.0003608218,0.034156084,0.09743303526666669,0.9025669647333333,0
sprsound2022::41263406_5.2_1_p4_1120__event_001,sprsound2022,sprsound2022::41263406,calibration,False,0,normal,0.9370000000000004,0,0.0173929,0.0034000636,0.014386683,0.011726548866666667,0.9882734511333333,0
sprsound2022::41263406_5.2_1_p4_1120__event_002,sprsound2022,sprsound2022::41263406,calibration,False,0,normal,1.245,0,0.02485559,0.0008433211,0.017751118,0.014483343033333332,0.9855166569666667,0
sprsound2022::41263406_5.2_1_p4_1120__event_003,sprsound2022,sprsound2022::41263406,calibration,False,0,normal,1.3339999999999996,0,0.0010435177,0.00020551245,0.0051587075,0.00213591255,0.99786408745,0
sprsound2022::41263406_5.2_1_p4_1120__event_004,sprsound2022,sprsound2022::41263406,calibration,False,0,normal,1.279,0,0.0012235745,0.00016918733,0.0055712294,0.0023213304099999996,0.99767866959,0
sprsound2022::41263406_5.2_1_p4_1120__event_005,sprsound2022,sprsound2022::41263406,calibration,False,0,normal,2.2379999999999995,0,0.0037223683,5.324587e-05,0.0065754154,0.00345034319,0.99654965681,0
sprsound2022::41263490_8.0_1_p4_896__event_000,sprsound2022,sprsound2022::41263490,calibration,False,0,normal,1.4420000000000002,0,0.00086630456,9.440877e-05,0.013925953,0.00496222211,0.99503777789,0
sprsound2022::41263490_8.0_1_p4_896__event_001,sprsound2022,sprsound2022::41263490,calibration,False,0,normal,2.5040000000000013,0,0.0013574905,4.0956595e-05,0.022434196,0.007944214365,0.992055785635,0
sprsound2022::41263490_8.0_1_p4_896__event_002,sprsound2022,sprsound2022::41263490,calibration,False,0,normal,2.1169999999999995,0,0.001761079,8.461523e-05,0.021592665,0.00781278641,0.99218721359,0
sprsound2022::41267028_0.2_0_p1_2439__event_000,sprsound2022,sprsound2022::41267028,calibration,False,1,stridor,0.7700000000000005,1,0.9984865,0.9996371,0.99891055,0.9990113833333334,0.0009886166666666085,1
sprsound2022::41267028_0.2_0_p1_2439__event_001,sprsound2022,sprsound2022::41267028,calibration,False,1,stridor,1.0359999999999996,1,0.9964204,0.9660429,0.9928039,0.9850890666666666,0.014910933333333376,1
sprsound2022::41267028_0.2_0_p1_2439__event_002,sprsound2022,sprsound2022::41267028,calibration,False,1,stridor,0.9190000000000004,1,0.9992798,0.9997013,0.9937621,0.9975810666666667,0.0024189333333333174,1
sprsound2022::41267028_0.2_0_p1_2439__event_003,sprsound2022,sprsound2022::41267028,calibration,False,1,stridor,0.9329999999999998,1,0.99836165,0.99797887,0.99011713,0.9954858833333334,0.004514116666666568,1
sprsound2022::41267028_0.2_0_p1_2439__event_004,sprsound2022,sprsound2022::41267028,calibration,False,1,stridor,0.8849999999999998,1,0.9990433,0.9993254,0.988725,0.9956979,0.004302099999999975,1
sprsound2022::41267028_0.2_0_p1_2439__event_005,sprsound2022,sprsound2022::41267028,calibration,False,1,stridor,0.613999999999999,1,0.9982798,0.9989126,0.99707437,0.9980889233333334,0.0019110766666665668,1
sprsound2022::41267028_0.2_0_p1_2439__event_006,sprsound2022,sprsound2022::41267028,calibration,False,1,stridor,0.904,1,0.41084775,0.9567347,0.6550474,0.67420995,0.32579005000000005,1
sprsound2022::41267028_0.2_0_p2_2452__event_000,sprsound2022,sprsound2022::41267028,calibration,False,1,stridor,1.173,1,0.99779475,0.9980009,0.9965126,0.9974360833333332,0.0025639166666667768,1
sprsound2022::41267028_0.2_0_p2_2452__event_001,sprsound2022,sprsound2022::41267028,calibration,False,1,stridor,1.177,1,0.99830854,0.99970216,0.9907714,0.9962607,0.003739300000000001,1
sprsound2022::41267028_0.2_0_p2_2452__event_002,sprsound2022,sprsound2022::41267028,calibration,False,1,stridor,1.1759999999999993,1,0.99571925,0.9997322,0.9971616,0.9975376833333334,0.0024623166666666307,1
sprsound2022::41267028_0.2_0_p3_2476__event_000,sprsound2022,sprsound2022::41267028,calibration,False,1,stridor,1.1870000000000005,1,0.98718643,0.9963187,0.99023,0.9912450433333334,0.008754956666666591,1
sprsound2022::41267028_0.2_0_p3_2476__event_001,sprsound2022,sprsound2022::41267028,calibration,False,1,stridor,1.096,1,0.9892061,0.9982109,0.9907203,0.9927124333333334,0.007287566666666634,1
sprsound2022::41267028_0.2_0_p3_2476__event_002,sprsound2022,sprsound2022::41267028,calibration,False,1,stridor,1.1159999999999997,1,0.99272037,0.99893993,0.99138993,0.9943500766666666,0.005649923333333362,1
sprsound2022::41267028_0.2_0_p3_2476__event_003,sprsound2022,sprsound2022::41267028,calibration,False,1,stridor,0.434000000000001,1,0.94051445,0.997673,0.9951988,0.9777954166666666,0.022204583333333416,1
sprsound2022::41267028_0.2_0_p3_2476__event_004,sprsound2022,sprsound2022::41267028,calibration,False,1,fine_crackle,1.2420000000000009,1,0.9890919,0.99840987,0.9765246,0.98800879,0.01199121000000003,1
sprsound2022::41267028_0.3_0_p1_2225__event_000,sprsound2022,sprsound2022::41267028,calibration,False,1,wheeze,0.4269999999999996,1,0.99922276,0.9998312,0.9976173,0.99889042,0.0011095800000000544,1
sprsound2022::41267028_0.3_0_p1_2225__event_001,sprsound2022,sprsound2022::41267028,calibration,False,1,wheeze,0.451,1,0.99721307,0.998486,0.9938929,0.9965306566666667,0.0034693433333332635,1
sprsound2022::41267028_0.3_0_p1_2225__event_002,sprsound2022,sprsound2022::41267028,calibration,False,1,wheeze,0.3700000000000001,1,0.98169667,0.9827292,0.9888726,0.9844328233333334,0.015567176666666627,1
sprsound2022::41267028_0.3_0_p1_2225__event_003,sprsound2022,sprsound2022::41267028,calibration,False,1,fine_crackle,0.3729999999999993,1,0.99877506,0.998587,0.9989203,0.9987607866666667,0.0012392133333333222,1
sprsound2022::41267028_0.3_0_p1_2225__event_004,sprsound2022,sprsound2022::41267028,calibration,False,1,wheeze,0.6789999999999994,1,0.99888176,0.9995265,0.9963342,0.9982474866666666,0.001752513333333372,1
sprsound2022::41267028_0.3_0_p1_2225__event_005,sprsound2022,sprsound2022::41267028,calibration,False,1,wheeze,0.4370000000000003,1,0.9956697,0.9971064,0.9904366,0.9944042333333334,0.005595766666666613,1
sprsound2022::41267028_0.3_0_p1_2225__event_006,sprsound2022,sprsound2022::41267028,calibration,False,1,fine_crackle,0.4429999999999987,1,0.99754035,0.9982077,0.99830544,0.9980178299999999,0.0019821700000001163,1
sprsound2022::41267028_0.3_0_p1_2225__event_007,sprsound2022,sprsound2022::41267028,calibration,False,1,wheeze,0.4900000000000002,1,0.994726,0.99732107,0.995142,0.99572969,0.004270309999999999,1
sprsound2022::41267028_0.3_0_p1_2284__event_000,sprsound2022,sprsound2022::41267028,calibration,False,1,wheeze,0.2769999999999999,1,0.99049824,0.9992305,0.9968656,0.9955314466666666,0.004468553333333403,1
sprsound2022::41267028_0.3_0_p1_2284__event_001,sprsound2022,sprsound2022::41267028,calibration,False,1,fine_crackle,0.394,1,0.99617696,0.9926565,0.99393964,0.9942577,0.005742299999999978,1
sprsound2022::41267028_0.3_0_p1_2284__event_002,sprsound2022,sprsound2022::41267028,calibration,False,1,wheeze,0.4100000000000001,1,0.99200517,0.99693894,0.9980944,0.9956795033333333,0.004320496666666673,1
sprsound2022::41267028_0.3_0_p1_2284__event_003,sprsound2022,sprsound2022::41267028,calibration,False,1,wheeze,0.4209999999999998,1,0.99457437,0.9969523,0.99452764,0.9953514366666667,0.0046485633333333,1
sprsound2022::41267028_0.3_0_p1_2284__event_004,sprsound2022,sprsound2022::41267028,calibration,False,1,fine_crackle,0.3610000000000006,1,0.9985044,0.99183697,0.9967012,0.9956808566666666,0.004319143333333386,1
sprsound2022::41267028_0.3_0_p1_2284__event_005,sprsound2022,sprsound2022::41267028,calibration,False,1,fine_crackle,0.447,1,0.9953629,0.30003646,0.9936761,0.7630251533333333,0.23697484666666668,1
sprsound2022::41267028_0.3_0_p1_2284__event_006,sprsound2022,sprsound2022::41267028,calibration,False,1,wheeze,0.3550000000000004,1,0.99356973,0.9873469,0.9972909,0.9927358433333334,0.007264156666666577,1
sprsound2022::41267028_0.3_0_p1_2284__event_007,sprsound2022,sprsound2022::41267028,calibration,False,1,fine_crackle,0.3849999999999998,1,0.9950112,0.99327433,0.99700075,0.9950954266666666,0.004904573333333384,1
sprsound2022::41267028_0.3_0_p1_2284__event_008,sprsound2022,sprsound2022::41267028,calibration,False,1,wheeze,0.4380000000000006,1,0.9990151,0.9976578,0.9955713,0.9974147333333333,0.002585266666666697,1
sprsound2022::41267028_0.3_0_p1_2284__event_009,sprsound2022,sprsound2022::41267028,calibration,False,1,fine_crackle,0.5389999999999997,1,0.9615376,0.9682322,0.98148626,0.9704186866666666,0.02958131333333336,1
sprsound2022::41267028_0.3_0_p1_2284__event_010,sprsound2022,sprsound2022::41267028,calibration,False,1,wheeze,0.447,1,0.9988092,0.9994466,0.99763906,0.9986316199999999,0.0013683800000000579,1
sprsound2022::41267028_0.3_0_p1_2427__event_000,sprsound2022,sprsound2022::41267028,calibration,False,1,wheeze,0.3490000000000002,1,0.9909286,0.9966209,0.99799037,0.9951799566666667,0.0048200433333333015,1
sprsound2022::41267028_0.3_0_p1_2427__event_001,sprsound2022,sprsound2022::41267028,calibration,False,1,wheeze,0.4279999999999999,1,0.99784625,0.9982273,0.998985,0.9983528500000002,0.0016471499999998196,1
sprsound2022::41267028_0.3_0_p1_2427__event_002,sprsound2022,sprsound2022::41267028,calibration,False,1,fine_crackle,0.585,1,0.9926381,0.9952798,0.99106956,0.99299582,0.0070041800000000265,1
sprsound2022::41267028_0.3_0_p1_2427__event_003,sprsound2022,sprsound2022::41267028,calibration,False,1,fine_crackle,0.532,1,0.8888466,0.43611833,0.8926086,0.7391911766666667,0.26080882333333333,1
sprsound2022::41267028_0.3_0_p1_2427__event_004,sprsound2022,sprsound2022::41267028,calibration,False,1,fine_crackle,0.6440000000000001,1,0.99806315,0.99846065,0.9972439,0.9979225666666666,0.002077433333333434,1
sprsound2022::41267028_0.3_0_p2_2211__event_000,sprsound2022,sprsound2022::41267028,calibration,False,1,wheeze,0.6150000000000002,1,0.9993544,0.99916184,0.994668,0.9977280799999999,0.002271920000000094,1
sprsound2022::41267028_0.3_0_p2_2211__event_001,sprsound2022,sprsound2022::41267028,calibration,False,1,wheeze,0.565,1,0.99907887,0.99900997,0.9971885,0.9984257799999999,0.0015742200000000706,1
sprsound2022::41267028_0.3_0_p2_2211__event_002,sprsound2022,sprsound2022::41267028,calibration,False,1,fine_crackle,0.4039999999999999,1,0.99820423,0.9956468,0.9954614,0.9964374766666667,0.0035625233333332895,1
sprsound2022::41267028_0.3_0_p2_2211__event_003,sprsound2022,sprsound2022::41267028,calibration,False,1,wheeze,0.6579999999999995,1,0.9953242,0.99884474,0.99692434,0.9970310933333333,0.002968906666666715,1
sprsound2022::41267028_0.3_0_p2_2211__event_004,sprsound2022,sprsound2022::41267028,calibration,False,1,fine_crackle,0.5529999999999999,1,0.9954704,0.996905,0.99313426,0.9951698866666666,0.004830113333333386,1
sprsound2022::41267028_0.3_0_p2_2211__event_005,sprsound2022,sprsound2022::41267028,calibration,False,1,wheeze,0.6550000000000002,1,0.99941814,0.9998247,0.9938956,0.9977128133333334,0.0022871866666666074,1
sprsound2022::41267028_0.3_0_p2_2211__event_006,sprsound2022,sprsound2022::41267028,calibration,False,1,fine_crackle,0.6999999999999993,1,0.9958127,0.9954704,0.9887051,0.9933294,0.006670599999999971,1
sprsound2022::41267028_0.3_0_p2_2211__event_007,sprsound2022,sprsound2022::41267028,calibration,False,1,wheeze,0.6109999999999998,1,0.9995802,0.9998692,0.9991155,0.9995216333333333,0.00047836666666667416,1
sprsound2022::41267028_0.3_0_p2_2211__event_008,sprsound2022,sprsound2022::41267028,calibration,False,1,fine_crackle,0.455,1,0.9947345,0.99013585,0.98740953,0.99075996,0.009240040000000005,1
sprsound2022::41267028_0.3_0_p2_2211__event_009,sprsound2022,sprsound2022::41267028,calibration,False,1,wheeze,0.3390000000000004,1,0.9978023,0.9995639,0.9986168,0.9986609999999999,0.0013390000000000901,1
sprsound2022::41267028_0.3_0_p2_2211__event_010,sprsound2022,sprsound2022::41267028,calibration,False,1,wheeze,0.4279999999999999,1,0.995067,0.9765767,0.9952833,0.9889756666666667,0.011024333333333303,1
sprsound2022::41267028_0.3_0_p2_2269__event_000,sprsound2022,sprsound2022::41267028,calibration,False,1,wheeze,0.6100000000000001,1,0.9988148,0.9989655,0.99628204,0.99802078,0.0019792199999999482,1
sprsound2022::41267028_0.3_0_p2_2269__event_001,sprsound2022,sprsound2022::41267028,calibration,False,1,wheeze,0.5050000000000001,1,0.99865484,0.9993,0.9958977,0.9979508466666666,0.002049153333333442,1
sprsound2022::41267028_0.3_0_p2_2269__event_002,sprsound2022,sprsound2022::41267028,calibration,False,1,wheeze,0.5259999999999998,1,0.99930763,0.99879456,0.996714,0.9982720633333333,0.0017279366666667073,1
sprsound2022::41267028_0.3_0_p2_2269__event_003,sprsound2022,sprsound2022::41267028,calibration,False,1,wheeze,0.4089999999999998,1,0.995924,0.9995357,0.9979721,0.9978106000000001,0.002189399999999897,1
sprsound2022::41267028_0.3_0_p2_2269__event_004,sprsound2022,sprsound2022::41267028,calibration,False,1,wheeze,0.532,1,0.9991603,0.99926335,0.99672806,0.9983839033333334,0.001616096666666622,1
sprsound2022::41267028_0.3_0_p2_2269__event_005,sprsound2022,sprsound2022::41267028,calibration,False,1,wheeze,0.5939999999999994,1,0.9996433,0.9991615,0.99581355,0.9982061166666667,0.0017938833333333015,1
sprsound2022::41267028_0.3_0_p2_2269__event_006,sprsound2022,sprsound2022::41267028,calibration,False,1,wheeze,0.8039999999999994,1,0.9996903,0.99908507,0.99678683,0.9985207333333334,0.0014792666666666454,1
sprsound2022::41267028_0.3_0_p2_2269__event_007,sprsound2022,sprsound2022::41267028,calibration,False,1,fine_crackle,0.4950000000000001,1,0.9878203,0.9180382,0.9925559,0.9661381333333333,0.033861866666666685,1
sprsound2022::41267028_0.3_0_p2_2269__event_008,sprsound2022,sprsound2022::41267028,calibration,False,1,fine_crackle,0.4500000000000002,1,0.9940906,0.97850317,0.99209833,0.9882307,0.011769299999999983,1
sprsound2022::41267028_0.3_0_p2_2269__event_009,sprsound2022,sprsound2022::41267028,calibration,False,1,fine_crackle,0.5879999999999996,1,0.9896372,0.7287203,0.9935642,0.9039739,0.0960261,1
sprsound2022::41267028_0.3_0_p2_2269__event_010,sprsound2022,sprsound2022::41267028,calibration,False,1,fine_crackle,0.4750000000000005,1,0.98872596,0.9734881,0.99430144,0.9855051666666667,0.014494833333333346,1
sprsound2022::41267028_0.3_0_p2_2269__event_011,sprsound2022,sprsound2022::41267028,calibration,False,1,fine_crackle,0.4210000000000002,1,0.99248344,0.93967056,0.9864544,0.9728694666666667,0.027130533333333262,1
sprsound2022::41267028_0.3_0_p2_2269__event_012,sprsound2022,sprsound2022::41267028,calibration,False,1,fine_crackle,0.4590000000000005,1,0.9891411,0.8832051,0.99402726,0.95545782,0.04454217999999999,1
sprsound2022::41267028_0.3_0_p2_2402__event_000,sprsound2022,sprsound2022::41267028,calibration,False,1,fine_crackle,0.7970000000000002,1,0.9916148,0.9841485,0.9939306,0.9898979666666667,0.01010203333333326,1
sprsound2022::41267028_0.3_0_p2_2402__event_001,sprsound2022,sprsound2022::41267028,calibration,False,1,fine_crackle,0.8609999999999998,1,0.95594406,0.9728065,0.99158394,0.9734448333333333,0.026555166666666685,1
sprsound2022::41267028_0.3_0_p2_2402__event_002,sprsound2022,sprsound2022::41267028,calibration,False,1,fine_crackle,0.4400000000000004,1,0.9932243,0.982897,0.9938877,0.9900030000000001,0.009996999999999923,1
sprsound2022::41267028_0.3_0_p2_2402__event_003,sprsound2022,sprsound2022::41267028,calibration,False,1,fine_crackle,0.6970000000000001,1,0.9970528,0.9916312,0.99450785,0.9943972833333333,0.005602716666666674,1
sprsound2022::41267028_0.3_0_p2_2402__event_004,sprsound2022,sprsound2022::41267028,calibration,False,1,fine_crackle,0.4670000000000005,1,0.99164456,0.9792986,0.9928644,0.9879358533333334,0.012064146666666553,1
sprsound2022::41267028_0.3_0_p2_2642__event_000,sprsound2022,sprsound2022::41267028,calibration,False,1,fine_crackle,0.5439999999999996,1,0.997239,0.99582654,0.9966625,0.9965760133333333,0.0034239866666666563,1
sprsound2022::41267028_0.3_0_p2_2642__event_001,sprsound2022,sprsound2022::41267028,calibration,False,1,fine_crackle,0.5419999999999998,1,0.9972791,0.9980228,0.99745816,0.9975866866666666,0.002413313333333389,1
sprsound2022::41267028_0.3_0_p2_2642__event_002,sprsound2022,sprsound2022::41267028,calibration,False,1,fine_crackle,0.5380000000000003,1,0.9965379,0.9957319,0.99739635,0.9965553833333333,0.0034446166666667333,1
sprsound2022::41267028_0.3_0_p2_2642__event_003,sprsound2022,sprsound2022::41267028,calibration,False,1,fine_crackle,0.7309999999999999,1,0.99837875,0.9934749,0.99367356,0.9951757366666666,0.004824263333333412,1
sprsound2022::41267028_0.3_0_p2_2642__event_004,sprsound2022,sprsound2022::41267028,calibration,False,1,fine_crackle,0.6769999999999996,1,0.99831104,0.9983699,0.99714535,0.9979420966666668,0.002057903333333222,1
sprsound2022::41267028_0.3_0_p2_2642__event_005,sprsound2022,sprsound2022::41267028,calibration,False,1,fine_crackle,0.7240000000000002,1,0.9978149,0.99885595,0.99658173,0.99775086,0.002249139999999983,1
sprsound2022::41267028_0.3_0_p2_2642__event_006,sprsound2022,sprsound2022::41267028,calibration,False,1,fine_crackle,0.6769999999999996,1,0.99856645,0.99960953,0.9977452,0.9986403933333333,0.0013596066666666795,1
sprsound2022::41267028_0.3_0_p2_2642__event_007,sprsound2022,sprsound2022::41267028,calibration,False,1,fine_crackle,0.7469999999999999,1,0.99705625,0.99826425,0.99621576,0.9971787533333334,0.0028212466666666103,1
sprsound2022::41267028_0.3_0_p2_2642__event_008,sprsound2022,sprsound2022::41267028,calibration,False,1,fine_crackle,0.9619999999999996,1,0.9979538,0.99783033,0.9958769,0.9972203433333333,0.0027796566666666855,1
sprsound2022::41267028_0.3_0_p2_2642__event_009,sprsound2022,sprsound2022::41267028,calibration,False,1,fine_crackle,0.9640000000000002,1,0.99493164,0.9928188,0.98361635,0.9904555966666667,0.009544403333333285,1
sprsound2022::41267028_0.3_0_p2_2642__event_010,sprsound2022,sprsound2022::41267028,calibration,False,1,fine_crackle,0.7469999999999999,1,0.9973732,0.9990608,0.9968002,0.9977447333333332,0.0022552666666667553,1
sprsound2022::41267028_0.3_0_p2_2706__event_000,sprsound2022,sprsound2022::41267028,calibration,False,1,fine_crackle,0.6950000000000003,1,0.9968876,0.998769,0.9927078,0.9961214666666667,0.0038785333333333227,1
sprsound2022::41267028_0.3_0_p2_2706__event_001,sprsound2022,sprsound2022::41267028,calibration,False,1,fine_crackle,0.984,1,0.9963426,0.99918705,0.99404305,0.9965242333333334,0.003475766666666602,1
sprsound2022::41267028_0.3_0_p2_2706__event_002,sprsound2022,sprsound2022::41267028,calibration,False,1,fine_crackle,0.6839999999999993,1,0.9954586,0.99795365,0.9948185,0.9960769166666666,0.003923083333333355,1
sprsound2022::41267028_0.3_0_p2_2706__event_003,sprsound2022,sprsound2022::41267028,calibration,False,1,fine_crackle,0.956999999999999,1,0.9969318,0.99733776,0.9927948,0.99568812,0.004311880000000046,1
sprsound2022::41267028_0.3_0_p2_2706__event_004,sprsound2022,sprsound2022::41267028,calibration,False,1,fine_crackle,0.6160000000000001,1,0.99458945,0.99649966,0.99335337,0.9948141599999999,0.005185840000000108,1
sprsound2022::41267028_0.3_0_p2_2706__event_005,sprsound2022,sprsound2022::41267028,calibration,False,1,fine_crackle,0.6440000000000006,1,0.996198,0.99874604,0.9960877,0.99701058,0.0029894200000000204,1
sprsound2022::41267028_0.3_0_p2_2706__event_006,sprsound2022,sprsound2022::41267028,calibration,False,1,fine_crackle,0.7229999999999999,1,0.99662006,0.9992624,0.9973863,0.9977562533333333,0.0022437466666667127,1
sprsound2022::41267028_0.3_0_p2_2706__event_007,sprsound2022,sprsound2022::41267028,calibration,False,1,fine_crackle,0.6559999999999997,1,0.9978237,0.9995376,0.99471325,0.9973581833333333,0.002641816666666741,1
sprsound2022::41267028_0.3_0_p2_2706__event_008,sprsound2022,sprsound2022::41267028,calibration,False,1,fine_crackle,0.7969999999999997,1,0.9964445,0.9984133,0.9961428,0.9970002,0.002999799999999997,1
sprsound2022::41267028_0.3_0_p2_2706__event_009,sprsound2022,sprsound2022::41267028,calibration,False,0,normal,0.853,0,0.016708417,0.004353426,0.03972445,0.02026209766666667,0.9797379023333334,0
sprsound2022::41267028_0.3_0_p3_2239__event_000,sprsound2022,sprsound2022::41267028,calibration,False,1,wheeze,0.4969999999999999,1,0.99879336,0.99900275,0.99588,0.9978920366666667,0.002107963333333296,1
sprsound2022::41267028_0.3_0_p3_2239__event_001,sprsound2022,sprsound2022::41267028,calibration,False,1,wheeze,0.516,1,0.99973446,0.99913067,0.9923528,0.9970726433333333,0.0029273566666666584,1
sprsound2022::41267028_0.3_0_p3_2239__event_002,sprsound2022,sprsound2022::41267028,calibration,False,1,wheeze,0.4329999999999998,1,0.9989164,0.99917954,0.9968868,0.9983275800000001,0.0016724199999998968,1
sprsound2022::41267028_0.3_0_p3_2239__event_003,sprsound2022,sprsound2022::41267028,calibration,False,1,wheeze,0.4859999999999989,1,0.9988356,0.999726,0.99678206,0.9984478866666667,0.0015521133333332715,1
sprsound2022::41267028_0.3_0_p3_2239__event_004,sprsound2022,sprsound2022::41267028,calibration,False,1,wheeze,0.4900000000000002,1,0.998376,0.9991093,0.990621,0.9960354333333333,0.003964566666666669,1
sprsound2022::41267028_0.3_0_p3_2239__event_005,sprsound2022,sprsound2022::41267028,calibration,False,1,wheeze,0.5979999999999999,1,0.99984396,0.9994499,0.9983032,0.9991990199999999,0.0008009800000000622,1
sprsound2022::41267028_0.3_0_p3_2239__event_006,sprsound2022,sprsound2022::41267028,calibration,False,1,wheeze,0.508,1,0.999356,0.9995671,0.99626595,0.99839635,0.0016036499999999565,1
sprsound2022::41267028_0.3_0_p3_2239__event_007,sprsound2022,sprsound2022::41267028,calibration,False,1,fine_crackle,0.5880000000000001,1,0.995548,0.99435246,0.9893628,0.9930877533333332,0.006912246666666788,1
sprsound2022::41267028_0.3_0_p3_2239__event_008,sprsound2022,sprsound2022::41267028,calibration,False,1,fine_crackle,0.5230000000000001,1,0.9977094,0.9958994,0.9942979,0.9959688999999999,0.004031100000000065,1
sprsound2022::41267028_0.3_0_p3_2239__event_009,sprsound2022,sprsound2022::41267028,calibration,False,1,fine_crackle,0.5099999999999998,1,0.99814475,0.9961337,0.99561584,0.99663143,0.003368570000000015,1
sprsound2022::41267028_0.3_0_p3_2239__event_010,sprsound2022,sprsound2022::41267028,calibration,False,1,fine_crackle,0.5369999999999999,1,0.9970349,0.99301815,0.99599636,0.9953498033333333,0.004650196666666662,1
sprsound2022::41267028_0.3_0_p3_2239__event_011,sprsound2022,sprsound2022::41267028,calibration,False,1,fine_crackle,0.4559999999999995,1,0.996351,0.9981864,0.99722075,0.9972527166666666,0.0027472833333334057,1
sprsound2022::41267028_0.3_0_p3_2239__event_012,sprsound2022,sprsound2022::41267028,calibration,False,1,fine_crackle,0.4459999999999997,1,0.99806076,0.9977525,0.9975254,0.9977795533333333,0.0022204466666666534,1
sprsound2022::41267028_0.3_0_p3_2239__event_013,sprsound2022,sprsound2022::41267028,calibration,False,1,fine_crackle,0.8159999999999998,1,0.99678874,0.99788,0.9892167,0.9946284799999999,0.005371520000000074,1
sprsound2022::41267028_0.3_0_p3_2299__event_000,sprsound2022,sprsound2022::41267028,calibration,False,1,wheeze,0.513,1,0.993374,0.99009025,0.99027574,0.9912466633333333,0.008753336666666667,1
sprsound2022::41267028_0.3_0_p3_2299__event_001,sprsound2022,sprsound2022::41267028,calibration,False,1,wheeze,0.472,1,0.99713445,0.9994993,0.9966144,0.9977493833333333,0.002250616666666705,1
sprsound2022::41267028_0.3_0_p3_2299__event_002,sprsound2022,sprsound2022::41267028,calibration,False,1,fine_crackle,0.4089999999999999,1,0.99740916,0.9935545,0.99452066,0.99516144,0.004838560000000047,1
sprsound2022::41267028_0.3_0_p3_2299__event_003,sprsound2022,sprsound2022::41267028,calibration,False,1,fine_crackle,0.6950000000000003,1,0.9976216,0.99184203,0.9892424,0.9929020099999999,0.0070979900000001095,1
sprsound2022::41267028_0.3_0_p3_2629__event_000,sprsound2022,sprsound2022::41267028,calibration,False,1,fine_crackle,0.6269999999999998,1,0.9889908,0.99947625,0.9946802,0.9943824166666667,0.005617583333333287,1
sprsound2022::41267028_0.3_0_p3_2629__event_001,sprsound2022,sprsound2022::41267028,calibration,False,1,fine_crackle,0.9650000000000004,1,0.9846333,0.9486864,0.9561038,0.9631411666666668,0.036858833333333174,1
sprsound2022::41267028_0.3_0_p3_2629__event_002,sprsound2022,sprsound2022::41267028,calibration,False,1,fine_crackle,0.7479999999999993,1,0.9956962,0.9979963,0.9931838,0.9956254333333332,0.0043745666666668015,1
sprsound2022::41267028_0.3_0_p3_2629__event_003,sprsound2022,sprsound2022::41267028,calibration,False,1,fine_crackle,0.7750000000000004,1,0.99628794,0.99880266,0.991578,0.9955561999999999,0.004443800000000109,1
sprsound2022::41267028_0.3_0_p3_2629__event_004,sprsound2022,sprsound2022::41267028,calibration,False,1,fine_crackle,0.7970000000000006,1,0.99712545,0.99912876,0.9985751,0.9982764366666667,0.0017235633333333444,1
sprsound2022::41267028_0.3_0_p3_2718__event_000,sprsound2022,sprsound2022::41267028,calibration,False,1,fine_crackle,1.0990000000000002,1,0.9959573,0.99871683,0.961998,0.9855573766666667,0.014442623333333349,1
sprsound2022::41267028_0.3_0_p3_2718__event_001,sprsound2022,sprsound2022::41267028,calibration,False,1,fine_crackle,0.9749999999999996,1,0.9964077,0.999759,0.9824088,0.9928585,0.007141500000000023,1
sprsound2022::41267028_0.3_0_p3_2718__event_002,sprsound2022,sprsound2022::41267028,calibration,False,1,fine_crackle,0.9179999999999992,1,0.9948789,0.99945945,0.9923994,0.99557925,0.004420749999999973,1
sprsound2022::41267028_0.3_0_p3_2718__event_003,sprsound2022,sprsound2022::41267028,calibration,False,1,fine_crackle,0.9740000000000002,1,0.9955869,0.9988807,0.99091303,0.9951268766666667,0.00487312333333334,1
sprsound2022::41267028_0.3_0_p3_2718__event_004,sprsound2022,sprsound2022::41267028,calibration,False,1,fine_crackle,0.8060000000000009,1,0.99768245,0.9995708,0.9960687,0.9977739833333333,0.0022260166666666636,1
sprsound2022::41267028_0.3_0_p3_2718__event_005,sprsound2022,sprsound2022::41267028,calibration,False,1,fine_crackle,0.9009999999999998,1,0.9918458,0.9997048,0.9952507,0.9956004333333334,0.004399566666666632,1
sprsound2022::41267028_0.3_0_p3_2718__event_006,sprsound2022,sprsound2022::41267028,calibration,False,1,fine_crackle,0.8109999999999999,1,0.9968837,0.9997718,0.9902318,0.9956291,0.004370899999999955,1
sprsound2022::41267028_0.3_0_p3_2718__event_007,sprsound2022,sprsound2022::41267028,calibration,False,1,fine_crackle,0.79,1,0.9971347,0.9992471,0.9968004,0.9977274,0.002272599999999958,1
sprsound2022::41267028_0.3_0_p3_2718__event_008,sprsound2022,sprsound2022::41267028,calibration,False,1,fine_crackle,1.1109999999999998,1,0.9942187,0.9996654,0.9882486,0.9940442333333334,0.00595576666666664,1
sprsound2022::41267028_0.3_0_p3_2718__event_009,sprsound2022,sprsound2022::41267028,calibration,False,1,fine_crackle,0.7640000000000002,1,0.996534,0.9985114,0.9950972,0.9967142,0.0032858000000000054,1
sprsound2022::41267028_0.3_0_p3_2718__event_010,sprsound2022,sprsound2022::41267028,calibration,False,1,fine_crackle,0.9170000000000004,1,0.9962627,0.9994573,0.9926208,0.9961136,0.0038863999999999566,1
sprsound2022::41267028_0.3_0_p3_2718__event_011,sprsound2022,sprsound2022::41267028,calibration,False,1,fine_crackle,0.483,1,0.9941432,0.9591627,0.99528104,0.9828623133333334,0.017137686666666596,1
sprsound2022::41267028_0.3_0_p3_2718__event_012,sprsound2022,sprsound2022::41267028,calibration,False,1,fine_crackle,0.5910000000000011,1,0.9924029,0.99929583,0.9750772,0.98892531,0.011074690000000054,1
sprsound2022::41267028_0.3_0_p4_2254__event_000,sprsound2022,sprsound2022::41267028,calibration,False,1,wheeze,0.4430000000000005,1,0.9972493,0.9993401,0.9980444,0.9982112666666666,0.0017887333333334032,1
sprsound2022::41267028_0.3_0_p4_2254__event_001,sprsound2022,sprsound2022::41267028,calibration,False,1,wheeze,0.289,1,0.9963188,0.9937743,0.9938439,0.9946456666666667,0.00535433333333335,1
sprsound2022::41267028_0.3_0_p4_2314__event_000,sprsound2022,sprsound2022::41267028,calibration,False,1,wheeze,0.579,1,0.9987326,0.99942374,0.9975922,0.9985828466666667,0.0014171533333332542,1
sprsound2022::41267028_0.3_0_p4_2389__event_000,sprsound2022,sprsound2022::41267028,calibration,False,1,fine_crackle,0.3510000000000008,1,0.9910966,0.9152239,0.98074144,0.96235398,0.03764601999999995,1
sprsound2022::41267028_0.3_0_p4_2389__event_001,sprsound2022,sprsound2022::41267028,calibration,False,0,normal,0.4039999999999999,0,0.87127465,0.26241684,0.9906254,0.7081056299999999,0.29189437000000007,1
sprsound2022::41267028_0.3_0_p4_2655__event_000,sprsound2022,sprsound2022::41267028,calibration,False,1,fine_crackle,0.6970000000000001,1,0.9975581,0.9988701,0.99619824,0.9975421466666666,0.0024578533333333707,1
sprsound2022::41267028_0.3_0_p4_2655__event_001,sprsound2022,sprsound2022::41267028,calibration,False,1,fine_crackle,0.688,1,0.9967764,0.99851507,0.9964616,0.9972510233333333,0.002748976666666736,1
sprsound2022::41267028_0.3_0_p4_2655__event_002,sprsound2022,sprsound2022::41267028,calibration,False,1,fine_crackle,0.6139999999999999,1,0.9975048,0.9987876,0.9967025,0.9976649666666667,0.0023350333333332918,1
sprsound2022::41267028_0.3_0_p4_2655__event_003,sprsound2022,sprsound2022::41267028,calibration,False,1,fine_crackle,0.6390000000000002,1,0.9978108,0.9993038,0.9974585,0.9981910333333334,0.0018089666666666337,1
sprsound2022::41267028_0.3_0_p4_2655__event_004,sprsound2022,sprsound2022::41267028,calibration,False,1,fine_crackle,0.7219999999999995,1,0.99794966,0.999027,0.99716777,0.9980481433333334,0.0019518566666666404,1
sprsound2022::41267028_0.3_0_p4_2655__event_005,sprsound2022,sprsound2022::41267028,calibration,False,1,fine_crackle,0.6370000000000005,1,0.99731344,0.99940467,0.99536645,0.99736152,0.0026384799999999986,1
sprsound2022::41267028_0.3_0_p4_2655__event_006,sprsound2022,sprsound2022::41267028,calibration,False,1,fine_crackle,0.7070000000000007,1,0.99725455,0.99840313,0.9955076,0.9970550933333332,0.0029449066666668022,1
sprsound2022::41267028_0.3_0_p4_2655__event_007,sprsound2022,sprsound2022::41267028,calibration,False,1,fine_crackle,0.7089999999999996,1,0.9976165,0.99845433,0.9960742,0.9973816766666666,0.00261832333333345,1
sprsound2022::41267028_0.3_0_p4_2655__event_008,sprsound2022,sprsound2022::41267028,calibration,False,1,fine_crackle,0.7010000000000005,1,0.9978848,0.9985147,0.9973349,0.9979114666666667,0.0020885333333332534,1
sprsound2022::41267028_0.3_0_p4_2655__event_009,sprsound2022,sprsound2022::41267028,calibration,False,1,fine_crackle,0.5969999999999995,1,0.9966085,0.994296,0.99615306,0.9956858533333334,0.0043141466666666295,1
sprsound2022::41267028_0.3_0_p4_2655__event_010,sprsound2022,sprsound2022::41267028,calibration,False,1,fine_crackle,0.7850000000000001,1,0.9966168,0.9994252,0.99441296,0.99681832,0.0031816799999999645,1
sprsound2022::41267028_0.3_0_p4_2655__event_011,sprsound2022,sprsound2022::41267028,calibration,False,1,fine_crackle,0.7729999999999997,1,0.99723864,0.9988998,0.99617887,0.9974391033333333,0.002560896666666701,1
sprsound2022::41271028_3.4_1_p1_1678__event_000,sprsound2022,sprsound2022::41271028,calibration,False,1,wheeze,0.6930000000000005,1,0.99039257,0.9969633,0.99616665,0.9945075066666668,0.005492493333333237,1
sprsound2022::41271028_3.4_1_p1_1678__event_001,sprsound2022,sprsound2022::41271028,calibration,False,0,normal,1.999,0,0.07998399,0.017670874,0.5108127,0.20282252133333334,0.7971774786666667,0
sprsound2022::41271028_3.4_1_p1_1678__event_002,sprsound2022,sprsound2022::41271028,calibration,False,0,normal,1.825000000000001,0,0.15622303,0.009390821,0.026674027,0.06409595933333333,0.9359040406666667,0
sprsound2022::41271028_3.4_1_p2_1702__event_000,sprsound2022,sprsound2022::41271028,calibration,False,0,normal,1.1959999999999995,0,0.3088013,0.13079168,0.021544958,0.153712646,0.846287354,0
sprsound2022::41271028_3.4_1_p2_1702__event_001,sprsound2022,sprsound2022::41271028,calibration,False,0,normal,0.9110000000000004,0,0.4746042,0.0044589723,0.08413884,0.1877340041,0.8122659959,0
sprsound2022::41271028_3.4_1_p3_1690__event_000,sprsound2022,sprsound2022::41271028,calibration,False,0,normal,1.6869999999999998,0,0.0012527741,0.0019891965,0.03594607,0.013062680199999998,0.9869373198,0
sprsound2022::41271028_3.4_1_p3_1690__event_001,sprsound2022,sprsound2022::41271028,calibration,False,0,normal,1.374,0,0.010668896,0.0011429199,0.17171025,0.061174021966666665,0.9388259780333333,0
sprsound2022::41271028_3.4_1_p3_1690__event_002,sprsound2022,sprsound2022::41271028,calibration,False,0,normal,0.956999999999999,0,0.0042751203,0.0012643901,0.03010812,0.011882543466666666,0.9881174565333334,0
sprsound2022::41271028_3.4_1_p4_1714__event_000,sprsound2022,sprsound2022::41271028,calibration,False,0,normal,1.181,0,0.9373292,0.022320164,0.56193066,0.5071933413333333,0.49280665866666673,1
sprsound2022::41271028_3.4_1_p4_1714__event_001,sprsound2022,sprsound2022::41271028,calibration,False,0,normal,1.0660000000000005,0,0.0032099658,0.0011385308,0.030522874,0.0116237902,0.9883762098,0
sprsound2022::41271028_3.4_1_p4_1714__event_002,sprsound2022,sprsound2022::41271028,calibration,False,0,normal,1.0700000000000005,0,0.002078096,0.00051284884,0.017772865,0.006787936613333333,0.9932120633866667,0
sprsound2022::41271028_3.4_1_p4_1714__event_003,sprsound2022,sprsound2022::41271028,calibration,False,0,normal,1.2379999999999995,0,0.002465857,0.00021601575,0.021988476,0.008223449583333334,0.9917765504166667,0
sprsound2022::41271028_3.4_1_p4_1714__event_004,sprsound2022,sprsound2022::41271028,calibration,False,0,normal,0.8900000000000006,0,0.011508953,0.008954854,0.010913677,0.010459161333333333,0.9895408386666666,0
sprsound2022::41271028_3.4_1_p4_1714__event_005,sprsound2022,sprsound2022::41271028,calibration,False,1,coarse_crackle,1.1449999999999996,1,0.20252445,0.09189816,0.26749843,0.18730701333333336,0.8126929866666667,0
sprsound2022::41274453_4.3_1_p1_1390__event_000,sprsound2022,sprsound2022::41274453,calibration,False,1,rhonchi,0.54,1,0.99303716,0.9551766,0.96634,0.97151792,0.028482079999999965,1
sprsound2022::41274453_4.3_1_p1_1390__event_001,sprsound2022,sprsound2022::41274453,calibration,False,1,rhonchi,0.4930000000000003,1,0.99431914,0.9945403,0.84569556,0.9448516666666666,0.055148333333333355,1
sprsound2022::41274453_4.3_1_p1_1390__event_002,sprsound2022,sprsound2022::41274453,calibration,False,1,rhonchi,0.5020000000000007,1,0.99062926,0.9561109,0.98765546,0.9781318733333334,0.0218681266666666,1
sprsound2022::41274453_4.3_1_p2_1366__event_000,sprsound2022,sprsound2022::41274453,calibration,False,1,wheeze,0.5619999999999998,1,0.99836856,0.9969887,0.99803585,0.9977977033333333,0.0022022966666667143,1
sprsound2022::41274453_4.3_1_p2_1366__event_001,sprsound2022,sprsound2022::41274453,calibration,False,0,normal,0.8169999999999993,0,0.015269285,0.009994025,0.03041471,0.01855934,0.98144066,0
sprsound2022::41274453_4.3_1_p2_1366__event_002,sprsound2022,sprsound2022::41274453,calibration,False,0,normal,0.8430000000000009,0,0.00483635,0.00050074194,0.01230332,0.005880137313333333,0.9941198626866666,0
sprsound2022::41274453_4.3_1_p2_1366__event_003,sprsound2022,sprsound2022::41274453,calibration,False,0,normal,0.9220000000000006,0,0.006844008,0.0011565947,0.014431715,0.007477439233333333,0.9925225607666667,0
sprsound2022::41274453_4.3_1_p2_1366__event_004,sprsound2022,sprsound2022::41274453,calibration,False,1,rhonchi,0.6970000000000001,1,0.99857724,0.99871385,0.9934343,0.9969084633333334,0.0030915366666666166,1
sprsound2022::41274453_4.3_1_p2_1430__event_000,sprsound2022,sprsound2022::41274453,calibration,False,0,normal,0.7639999999999999,0,0.0077987127,0.0016010953,0.02012516,0.009841655999999999,0.990158344,0
sprsound2022::41274453_4.3_1_p2_1430__event_001,sprsound2022,sprsound2022::41274453,calibration,False,0,normal,0.9369999999999994,0,0.0052608694,0.0009206487,0.012686308,0.006289275366666666,0.9937107246333333,0
sprsound2022::41274453_4.3_1_p2_1430__event_002,sprsound2022,sprsound2022::41274453,calibration,False,0,normal,0.8460000000000001,0,0.007809406,0.0006598853,0.011790371,0.006753220766666666,0.9932467792333334,0
sprsound2022::41274453_4.3_1_p2_1430__event_003,sprsound2022,sprsound2022::41274453,calibration,False,0,normal,0.652000000000001,0,0.0021392931,0.0041654,0.046030156,0.0174449497,0.9825550503,0
sprsound2022::41274453_4.3_1_p3_1382__event_000,sprsound2022,sprsound2022::41274453,calibration,False,0,normal,1.3900000000000006,0,0.00079196575,0.00042645738,0.007517487,0.0029119700433333333,0.9970880299566667,0
sprsound2022::41274453_4.3_1_p3_1382__event_001,sprsound2022,sprsound2022::41274453,calibration,False,0,normal,1.0710000000000002,0,0.0021497288,0.00022269116,0.0091547575,0.0038423924866666666,0.9961576075133334,0
sprsound2022::41274453_4.3_1_p3_1382__event_002,sprsound2022,sprsound2022::41274453,calibration,False,0,normal,0.902,0,0.037993666,0.008843104,0.033482157,0.026772975666666667,0.9732270243333333,0
sprsound2022::41274453_4.3_1_p3_1414__event_000,sprsound2022,sprsound2022::41274453,calibration,False,0,normal,0.945,0,0.0024540303,0.00073030393,0.0128619205,0.005348751576666667,0.9946512484233333,0
sprsound2022::41274453_4.3_1_p3_1414__event_001,sprsound2022,sprsound2022::41274453,calibration,False,0,normal,0.7499999999999996,0,0.0019808467,0.00081758614,0.012449701,0.00508271128,0.99491728872,0
sprsound2022::41274453_4.3_1_p3_1414__event_002,sprsound2022,sprsound2022::41274453,calibration,False,0,normal,0.8790000000000004,0,0.009650592,0.0003832701,0.0153597025,0.008464521533333333,0.9915354784666667,0
sprsound2022::41274453_4.3_1_p4_1357__event_000,sprsound2022,sprsound2022::41274453,calibration,False,0,normal,1.189,0,0.026616137,0.009544868,0.026651679,0.020937561333333337,0.9790624386666666,0
sprsound2022::41274453_4.3_1_p4_1357__event_001,sprsound2022,sprsound2022::41274453,calibration,False,0,normal,1.064,0,0.0010279705,0.00016136198,0.0032733388,0.0014875570933333335,0.9985124429066666,0
sprsound2022::41274453_4.3_1_p4_1357__event_002,sprsound2022,sprsound2022::41274453,calibration,False,0,normal,1.027,0,0.0065870006,0.0058763428,0.009357332,0.0072735584666666665,0.9927264415333333,0
sprsound2022::41274453_4.3_1_p4_1357__event_003,sprsound2022,sprsound2022::41274453,calibration,False,1,rhonchi,0.4750000000000001,1,0.9844088,0.9944224,0.985471,0.9881007333333334,0.01189926666666663,1
sprsound2022::41274453_4.3_1_p4_1357__event_004,sprsound2022,sprsound2022::41274453,calibration,False,1,rhonchi,0.4100000000000001,1,0.916165,0.9455611,0.9711613,0.9442958,0.05570419999999998,1
sprsound2022::41274453_4.3_1_p4_1357__event_005,sprsound2022,sprsound2022::41274453,calibration,False,1,rhonchi,0.8389999999999995,1,0.99781275,0.99535626,0.95571786,0.98296229,0.017037709999999984,1
sprsound2022::41274453_4.3_1_p4_1357__event_006,sprsound2022,sprsound2022::41274453,calibration,False,0,normal,0.823999999999999,0,0.004689962,0.00018008931,0.0043332297,0.0030677603366666664,0.9969322396633333,0
sprsound2022::41274453_4.3_1_p4_1357__event_007,sprsound2022,sprsound2022::41274453,calibration,False,1,rhonchi,0.439,1,0.7716676,0.9590346,0.8877749,0.8728257,0.12717429999999996,1
sprsound2022::41274453_4.3_1_p4_1398__event_000,sprsound2022,sprsound2022::41274453,calibration,False,1,rhonchi,0.4509999999999998,1,0.99832624,0.9979728,0.9909803,0.9957597800000001,0.004240219999999906,1
sprsound2022::41274453_4.3_1_p4_1398__event_001,sprsound2022,sprsound2022::41274453,calibration,False,0,normal,1.0579999999999998,0,0.012212222,0.0010014463,0.14420043,0.0524713661,0.9475286339,0
sprsound2022::41274453_4.3_1_p4_1422__event_000,sprsound2022,sprsound2022::41274453,calibration,False,0,normal,1.3369999999999995,0,0.0019443786,0.0006827208,0.009339182,0.003988760466666667,0.9960112395333334,0
sprsound2022::41274453_4.3_1_p4_1422__event_001,sprsound2022,sprsound2022::41274453,calibration,False,0,normal,0.955,0,0.0024780936,0.0013372158,0.016004633,0.006606647466666667,0.9933933525333334,0
sprsound2022::41274453_4.3_1_p4_1422__event_002,sprsound2022,sprsound2022::41274453,calibration,False,1,wheeze,0.5260000000000007,1,0.998857,0.99632555,0.998021,0.9977345166666667,0.002265483333333318,1
sprsound2022::41274453_4.3_1_p4_1422__event_003,sprsound2022,sprsound2022::41274453,calibration,False,1,wheeze,0.4329999999999998,1,0.9992306,0.9988949,0.99712676,0.99841742,0.00158258,1
sprsound2022::41275381_2.6_0_p2_2206__event_000,sprsound2022,sprsound2022::41275381,calibration,False,0,normal,0.4900000000000002,0,0.7081277,0.54250824,0.6627774,0.6378044466666667,0.3621955533333333,1
sprsound2022::41275381_2.6_0_p2_2206__event_001,sprsound2022,sprsound2022::41275381,calibration,False,0,normal,0.9740000000000002,0,0.72069925,0.3545223,0.8289765,0.6347326833333333,0.3652673166666667,1
sprsound2022::41275381_2.6_0_p2_2206__event_002,sprsound2022,sprsound2022::41275381,calibration,False,0,normal,1.987,0,0.010181203,0.0010188377,0.027728962,0.012976334233333333,0.9870236657666667,0
sprsound2022::41275381_2.6_0_p2_2279__event_000,sprsound2022,sprsound2022::41275381,calibration,False,0,normal,1.1500000000000004,0,0.0037069288,0.00029157847,0.01766229,0.007220265756666667,0.9927797342433333,0
sprsound2022::41275381_2.6_0_p2_2279__event_001,sprsound2022,sprsound2022::41275381,calibration,False,0,normal,1.3650000000000002,0,0.8141242,0.064385064,0.5124567,0.46365532133333326,0.5363446786666668,0
sprsound2022::41275381_2.6_0_p3_2192__event_000,sprsound2022,sprsound2022::41275381,calibration,False,0,normal,0.4190000000000005,0,0.015924286,0.08484008,0.036093157,0.045619174333333325,0.9543808256666667,0
sprsound2022::41275381_2.6_0_p3_2192__event_001,sprsound2022,sprsound2022::41275381,calibration,False,0,normal,1.0650000000000002,0,0.03426629,0.0034513515,0.040145915,0.02595451883333333,0.9740454811666667,0
sprsound2022::41275381_2.6_0_p3_2192__event_002,sprsound2022,sprsound2022::41275381,calibration,False,0,normal,1.1209999999999996,0,0.8514925,0.44165087,0.2168662,0.5033365233333332,0.49666347666666677,1
sprsound2022::41275381_2.6_0_p3_2264__event_000,sprsound2022,sprsound2022::41275381,calibration,False,0,normal,1.35,0,0.00031133156,5.538346e-05,0.0021595778,0.0008420976066666666,0.9991579023933334,0
sprsound2022::41275381_2.6_0_p3_2264__event_001,sprsound2022,sprsound2022::41275381,calibration,False,0,normal,1.2369999999999997,0,0.0005562349,4.386611e-05,0.002939574,0.00117989167,0.99882010833,0
sprsound2022::41275381_2.6_0_p3_2264__event_002,sprsound2022,sprsound2022::41275381,calibration,False,0,normal,1.2189999999999994,0,0.00070892146,0.00010208236,0.0034950403,0.00143534804,0.99856465196,0
sprsound2022::41275381_2.6_0_p3_2264__event_003,sprsound2022,sprsound2022::41275381,calibration,False,0,normal,1.1830000000000007,0,0.0006137514,0.0002758408,0.0048822905,0.0019239608999999998,0.9980760391,0
sprsound2022::41275381_2.6_0_p3_2264__event_004,sprsound2022,sprsound2022::41275381,calibration,False,0,normal,0.3030000000000008,0,0.01638392,0.08269633,0.04701396,0.04869807,0.95130193,0
sprsound2022::41275381_2.6_0_p4_2178__event_000,sprsound2022,sprsound2022::41275381,calibration,False,0,normal,1.372,0,0.49300298,0.0144036915,0.3330714,0.2801593571666667,0.7198406428333333,0
sprsound2022::41275381_2.6_0_p4_2178__event_001,sprsound2022,sprsound2022::41275381,calibration,False,0,normal,1.3579999999999997,0,0.57515347,0.7194317,0.5945882,0.6297244566666667,0.37027554333333335,1
sprsound2022::41275381_2.6_0_p4_2249__event_000,sprsound2022,sprsound2022::41275381,calibration,False,0,normal,1.226,0,0.00061104726,0.0004598637,0.0037522553,0.0016077220866666667,0.9983922779133333,0
sprsound2022::41275381_2.6_0_p4_2249__event_001,sprsound2022,sprsound2022::41275381,calibration,False,0,normal,1.0069999999999997,0,0.0024716805,0.004974862,0.008183335,0.005209959166666667,0.9947900408333333,0
sprsound2022::41275381_2.6_0_p4_2249__event_002,sprsound2022,sprsound2022::41275381,calibration,False,0,normal,1.1509999999999998,0,0.0016562042,0.00016112858,0.0031095792,0.0016423039933333335,0.9983576960066667,0
sprsound2022::41275381_2.6_0_p4_2249__event_003,sprsound2022,sprsound2022::41275381,calibration,False,0,normal,1.465,0,0.0011286674,7.584508e-05,0.0059168157,0.0023737760600000004,0.99762622394,0
sprsound2022::41279835_14.1_0_p1_2945__event_000,sprsound2022,sprsound2022::41279835,calibration,False,1,fine_crackle,4.647,1,0.034089215,0.0020722395,0.068449505,0.03487031983333333,0.9651296801666667,0
sprsound2022::41279835_14.1_0_p3_2054__event_000,sprsound2022,sprsound2022::41279835,calibration,False,0,normal,1.3420000000000003,0,0.2056954,0.014687368,0.30749372,0.17595882933333332,0.8240411706666667,0
sprsound2022::41279835_14.1_0_p3_2054__event_001,sprsound2022,sprsound2022::41279835,calibration,False,0,normal,1.1180000000000003,0,0.88758016,0.06729701,0.5582727,0.5043832899999999,0.49561671000000007,1
sprsound2022::41279835_14.1_0_p3_2054__event_002,sprsound2022,sprsound2022::41279835,calibration,False,0,normal,1.8339999999999996,0,0.29697737,0.0006037051,0.4093695,0.2356501917,0.7643498083,0
sprsound2022::41279835_14.1_0_p3_2054__event_003,sprsound2022,sprsound2022::41279835,calibration,False,0,normal,0.559000000000001,0,0.11375999,0.4983091,0.09180985,0.2346263133333333,0.7653736866666667,0
sprsound2022::41279835_14.1_0_p4_2062__event_000,sprsound2022,sprsound2022::41279835,calibration,False,0,normal,0.8599999999999999,0,0.044168323,0.007246376,0.13014378,0.060519493,0.939480507,0
sprsound2022::41279835_14.1_0_p4_2062__event_001,sprsound2022,sprsound2022::41279835,calibration,False,0,normal,0.827,0,0.04221857,0.0010634845,0.2641806,0.1024875515,0.8975124485,0
sprsound2022::63211196_9.1_0_p1_2144__event_000,sprsound2022,sprsound2022::63211196,calibration,False,0,normal,1.935,0,0.00039278815,6.207168e-05,0.0025782567,0.0010110388433333332,0.9989889611566667,0
sprsound2022::63211196_9.1_0_p1_2144__event_001,sprsound2022,sprsound2022::63211196,calibration,False,0,normal,1.66,0,0.00078827265,0.000100098456,0.0056555714,0.0021813141686666667,0.9978186858313334,0
sprsound2022::63211196_9.1_0_p1_2144__event_002,sprsound2022,sprsound2022::63211196,calibration,False,0,normal,1.747,0,0.00092621055,0.000107479646,0.0042334045,0.0017556982320000001,0.998244301768,0
sprsound2022::63211196_9.1_0_p1_2174__event_000,sprsound2022,sprsound2022::63211196,calibration,False,0,normal,2.896,0,0.0010260298,2.8954426e-05,0.01206513,0.0043733714086666665,0.9956266285913333,0
sprsound2022::63211196_9.1_0_p1_2174__event_001,sprsound2022,sprsound2022::63211196,calibration,False,0,normal,2.520999999999999,0,0.0010216697,3.4788543e-05,0.007985928,0.0030141287476666665,0.9969858712523333,0
sprsound2022::63211196_9.1_0_p1_2960__event_000,sprsound2022,sprsound2022::63211196,calibration,False,0,normal,1.812,0,0.018867956,0.00027426376,0.079422385,0.032854868253333336,0.9671451317466666,0
sprsound2022::63211196_9.1_0_p1_2960__event_001,sprsound2022,sprsound2022::63211196,calibration,False,0,normal,1.897,0,0.00065093406,9.813319e-05,0.0056996564,0.00214957455,0.99785042545,0
sprsound2022::63211196_9.1_0_p1_3082__event_000,sprsound2022,sprsound2022::63211196,calibration,False,0,normal,2.344,0,0.0007892042,5.7813733e-05,0.003789027,0.001545348311,0.998454651689,0
sprsound2022::63211196_9.1_0_p1_3082__event_001,sprsound2022,sprsound2022::63211196,calibration,False,0,normal,0.9469999999999992,0,0.0029366405,0.001197441,0.015572175,0.006568752166666667,0.9934312478333334,0
sprsound2022::63211196_9.1_0_p1_3149__event_000,sprsound2022,sprsound2022::63211196,calibration,False,0,normal,1.99,0,0.0013171535,0.00010652299,0.0075691636,0.002997613363333333,0.9970023866366666,0
sprsound2022::63211196_9.1_0_p1_3149__event_001,sprsound2022,sprsound2022::63211196,calibration,False,0,normal,1.5459999999999994,0,0.0011814705,0.000158233,0.06678592,0.022708541166666665,0.9772914588333333,0
sprsound2022::63211196_9.1_0_p2_2203__event_000,sprsound2022,sprsound2022::63211196,calibration,False,0,normal,1.6719999999999997,0,0.00030883471,6.220922e-05,0.0031056376,0.0011588938433333333,0.9988411061566667,0
sprsound2022::63211196_9.1_0_p2_2203__event_001,sprsound2022,sprsound2022::63211196,calibration,False,0,normal,1.367,0,0.023635658,0.00011733293,0.23405124,0.08593474364333333,0.9140652563566667,0
sprsound2022::63211196_9.1_0_p2_2203__event_002,sprsound2022,sprsound2022::63211196,calibration,False,0,normal,1.4749999999999996,0,0.0010456254,0.0001524283,0.0047943275,0.0019974604,0.9980025396,0
sprsound2022::63211196_9.1_0_p2_2203__event_003,sprsound2022,sprsound2022::63211196,calibration,False,0,normal,2.1579999999999995,0,0.0043317243,0.00011520527,0.017683294,0.00737674119,0.99262325881,0
sprsound2022::63211196_9.1_0_p2_2924__event_000,sprsound2022,sprsound2022::63211196,calibration,False,0,normal,1.882,0,0.0039470494,0.00015137413,0.008014481,0.004037634843333333,0.9959623651566667,0
sprsound2022::63211196_9.1_0_p2_2924__event_001,sprsound2022,sprsound2022::63211196,calibration,False,0,normal,1.918,0,0.0004966598,0.00014465836,0.0035675024,0.0014029401866666666,0.9985970598133334,0
sprsound2022::63211196_9.1_0_p2_2924__event_002,sprsound2022,sprsound2022::63211196,calibration,False,0,normal,1.3659999999999997,0,0.0033204562,0.00011915576,0.007752213,0.00373060832,0.99626939168,0
sprsound2022::63211196_9.1_0_p2_2924__event_003,sprsound2022,sprsound2022::63211196,calibration,False,0,normal,2.5760000000000005,0,0.0015401301,2.3533312e-05,0.009145947,0.0035698701373333332,0.9964301298626667,0
sprsound2022::63211196_9.1_0_p2_3100__event_000,sprsound2022,sprsound2022::63211196,calibration,False,0,normal,1.876999999999999,0,0.00065903243,7.700705e-05,0.0051644966,0.00196684536,0.99803315464,0
sprsound2022::63211196_9.1_0_p2_3100__event_001,sprsound2022,sprsound2022::63211196,calibration,False,0,normal,1.5259999999999998,0,0.03982405,0.120789945,0.037276153,0.06596338266666667,0.9340366173333333,0
sprsound2022::63211196_9.1_0_p2_3100__event_002,sprsound2022,sprsound2022::63211196,calibration,False,0,normal,2.990000000000001,0,0.0027231185,0.00018582349,0.005933893,0.0029476116633333333,0.9970523883366667,0
sprsound2022::63211196_9.1_0_p2_3164__event_000,sprsound2022,sprsound2022::63211196,calibration,False,0,normal,1.028,0,0.0020227137,0.0004032968,0.0075245057,0.0033168387333333328,0.9966831612666667,0
sprsound2022::63211196_9.1_0_p2_3164__event_001,sprsound2022,sprsound2022::63211196,calibration,False,0,normal,0.714,0,0.012851613,0.005480925,0.11285272,0.04372841933333333,0.9562715806666666,0
sprsound2022::63211196_9.1_0_p2_3164__event_002,sprsound2022,sprsound2022::63211196,calibration,False,0,normal,1.096,0,0.009533367,0.0013560414,0.020674402,0.010521270133333335,0.9894787298666666,0
sprsound2022::63211196_9.1_0_p2_3164__event_003,sprsound2022,sprsound2022::63211196,calibration,False,0,normal,0.8650000000000002,0,0.0025846532,9.9917175e-05,0.0025990854,0.0017612185916666666,0.9982387814083333,0
sprsound2022::63211196_9.1_0_p2_3164__event_004,sprsound2022,sprsound2022::63211196,calibration,False,0,normal,0.9610000000000004,0,0.0009479266,0.00014022023,0.0090094935,0.0033658801100000003,0.99663411989,0
sprsound2022::63211196_9.1_0_p2_3194__event_000,sprsound2022,sprsound2022::63211196,calibration,False,0,normal,0.94,0,0.00077483593,0.000685843,0.0057403455,0.0024003414766666665,0.9975996585233333,0
sprsound2022::63211196_9.1_0_p2_3194__event_001,sprsound2022,sprsound2022::63211196,calibration,False,0,normal,1.6399999999999997,0,0.0048135594,0.00029534855,0.010285063,0.005131323650000001,0.99486867635,0
sprsound2022::63211196_9.1_0_p2_3194__event_002,sprsound2022,sprsound2022::63211196,calibration,False,0,normal,1.5250000000000004,0,0.0112898145,0.00022841129,0.102165125,0.03789445026333333,0.9621055497366666,0
sprsound2022::63211196_9.1_0_p2_3194__event_003,sprsound2022,sprsound2022::63211196,calibration,False,0,normal,0.907,0,0.026097575,0.0022564654,0.02356193,0.017305323466666665,0.9826946765333333,0
sprsound2022::63211196_9.1_0_p2_3194__event_004,sprsound2022,sprsound2022::63211196,calibration,False,0,normal,0.7409999999999997,0,0.8371739,0.8083457,0.9642446,0.8699214,0.13007860000000004,1
sprsound2022::63211196_9.1_0_p3_2159__event_000,sprsound2022,sprsound2022::63211196,calibration,False,0,normal,1.4229999999999996,0,0.004788793,0.00035837755,0.005110906,0.0034193588500000005,0.99658064115,0
sprsound2022::63211196_9.1_0_p3_2159__event_001,sprsound2022,sprsound2022::63211196,calibration,False,0,normal,1.6999999999999993,0,0.090442225,0.011260859,0.061201133,0.05430140566666666,0.9456985943333334,0
sprsound2022::63211196_9.1_0_p3_2159__event_002,sprsound2022,sprsound2022::63211196,calibration,False,0,normal,1.404,0,0.0027795343,0.00012274034,0.011636163,0.00484614588,0.99515385412,0
sprsound2022::63211196_9.1_0_p3_2159__event_003,sprsound2022,sprsound2022::63211196,calibration,False,0,normal,2.495,0,0.5577541,0.0023440868,0.43444324,0.3315138089333333,0.6684861910666666,0
sprsound2022::63211196_9.1_0_p3_2942__event_000,sprsound2022,sprsound2022::63211196,calibration,False,0,normal,2.2079999999999993,0,0.0007992756,2.4682953e-05,0.0044805636,0.0017681740510000002,0.998231825949,0
sprsound2022::63211196_9.1_0_p3_2942__event_001,sprsound2022,sprsound2022::63211196,calibration,False,0,normal,3.0330000000000004,0,0.018834066,2.6162137e-05,0.0492883,0.02271617604566667,0.9772838239543333,0
sprsound2022::63211196_9.1_0_p3_2942__event_002,sprsound2022,sprsound2022::63211196,calibration,False,0,normal,3.8869999999999982,0,0.030321727,0.0013359606,0.08301899,0.0382255592,0.9617744408,0
sprsound2022::63211196_9.1_0_p3_3117__event_000,sprsound2022,sprsound2022::63211196,calibration,False,0,normal,1.5090000000000003,0,0.11439627,0.0012789457,0.22066127,0.11211216189999999,0.8878878381,0
sprsound2022::63211196_9.1_0_p3_3179__event_000,sprsound2022,sprsound2022::63211196,calibration,False,0,normal,2.0620000000000003,0,0.11142432,0.0037849324,0.06214678,0.05911867746666666,0.9408813225333333,0
sprsound2022::63211196_9.1_0_p3_3179__event_001,sprsound2022,sprsound2022::63211196,calibration,False,0,normal,2.034,0,0.014431526,0.0015736247,0.024695946,0.013567032233333333,0.9864329677666667,0
sprsound2022::63211196_9.1_0_p3_3179__event_002,sprsound2022,sprsound2022::63211196,calibration,False,0,normal,0.9699999999999988,0,0.0021440214,0.000504036,0.009546275,0.004064777466666667,0.9959352225333333,0
sprsound2022::63211196_9.1_0_p3_3179__event_003,sprsound2022,sprsound2022::63211196,calibration,False,0,normal,1.0939999999999994,0,0.004908484,0.0034879164,0.012031576,0.006809325466666666,0.9931906745333333,0
sprsound2022::63211196_9.1_0_p4_2189__event_000,sprsound2022,sprsound2022::63211196,calibration,False,0,normal,1.7410000000000003,0,0.013794379,0.00069572433,0.011633081,0.00870772811,0.99129227189,0
sprsound2022::63211196_9.1_0_p4_2189__event_001,sprsound2022,sprsound2022::63211196,calibration,False,0,normal,1.3239999999999998,0,0.00069026847,9.598867e-05,0.0053202086,0.00203548858,0.99796451142,0
sprsound2022::63211196_9.1_0_p4_2189__event_002,sprsound2022,sprsound2022::63211196,calibration,False,0,normal,1.2360000000000009,0,0.008104775,0.00016019381,0.009093623,0.0057861972700000005,0.99421380273,0
sprsound2022::63211196_9.1_0_p4_2189__event_003,sprsound2022,sprsound2022::63211196,calibration,False,0,normal,1.2359999999999989,0,0.24958073,0.013408579,0.18324018,0.148743163,0.851256837,0
sprsound2022::63211196_9.1_0_p4_2978__event_000,sprsound2022,sprsound2022::63211196,calibration,False,0,normal,1.897,0,0.14963219,0.0056994613,0.17259094,0.10930753043333334,0.8906924695666667,0
sprsound2022::63211196_9.1_0_p4_2978__event_001,sprsound2022,sprsound2022::63211196,calibration,False,0,normal,1.6460000000000008,0,0.00079164887,0.00014800603,0.0061826976,0.0023741175,0.9976258825,0
sprsound2022::63211196_9.1_0_p4_2978__event_002,sprsound2022,sprsound2022::63211196,calibration,False,0,normal,1.4620000000000002,0,0.007439914,7.312336e-05,0.031319696,0.012944244453333335,0.9870557555466667,0
sprsound2022::63211196_9.1_0_p4_3064__event_000,sprsound2022,sprsound2022::63211196,calibration,False,0,normal,3.485,0,0.014089098,7.16295e-05,0.031909764,0.0153568305,0.9846431695,0
sprsound2022::63211196_9.1_0_p4_3064__event_001,sprsound2022,sprsound2022::63211196,calibration,False,0,normal,1.4600000000000009,0,0.10219321,0.00089925504,0.5007939,0.20129545501333335,0.7987045449866667,0
sprsound2022::63211196_9.1_0_p4_3133__event_000,sprsound2022,sprsound2022::63211196,calibration,False,0,normal,2.285,0,0.0007134645,8.66228e-05,0.0022137447,0.0010046106666666667,0.9989953893333333,0
sprsound2022::63211196_9.1_0_p4_3133__event_001,sprsound2022,sprsound2022::63211196,calibration,False,0,normal,1.136999999999999,0,0.1210591,0.012848015,0.08431837,0.07274182833333333,0.9272581716666667,0
sprsound2022::63211196_9.1_0_p4_3133__event_002,sprsound2022,sprsound2022::63211196,calibration,False,0,normal,1.976,0,0.006566473,0.00017868502,0.04305223,0.01659912934,0.98340087066,0
sprsound2022::63211196_9.1_0_p4_3204__event_000,sprsound2022,sprsound2022::63211196,calibration,False,0,normal,2.0469999999999997,0,0.00031347328,2.811663e-05,0.0034880622,0.0012765507033333334,0.9987234492966667,0
sprsound2022::63211196_9.1_0_p4_3204__event_001,sprsound2022,sprsound2022::63211196,calibration,False,0,normal,2.1389999999999993,0,0.0008080787,7.174044e-05,0.004227085,0.00170230138,0.99829769862,0
sprsound2022::63211196_9.1_0_p4_3204__event_002,sprsound2022,sprsound2022::63211196,calibration,False,0,normal,2.145999999999999,0,0.0052897977,0.00014450465,0.0039079273,0.0031140765500000003,0.99688592345,0
sprsound2022::63211196_9.1_0_p4_3204__event_003,sprsound2022,sprsound2022::63211196,calibration,False,0,normal,1.1319999999999997,0,0.0029151929,0.00021154502,0.0077151237,0.0036139538733333336,0.9963860461266667,0
sprsound2022::63613821_9.2_1_p1_1300__event_000,sprsound2022,sprsound2022::63613821,calibration,False,1,coarse_crackle,1.8809999999999991,1,0.43635073,0.017040988,0.503835,0.3190755726666667,0.6809244273333332,0
sprsound2022::63613821_9.2_1_p2_1167__event_000,sprsound2022,sprsound2022::63613821,calibration,False,0,normal,1.9690000000000003,0,0.3142291,0.0011799735,0.48594669,0.2671185878333333,0.7328814121666667,0
sprsound2022::63613821_9.2_1_p2_1167__event_001,sprsound2022,sprsound2022::63613821,calibration,False,0,normal,1.221,0,0.047103148,0.0015983888,0.16523223,0.0713112556,0.9286887444,0
sprsound2022::63613821_9.2_1_p2_1167__event_002,sprsound2022,sprsound2022::63613821,calibration,False,0,normal,2.936,0,0.23151699,0.00035122124,0.35896757,0.19694526041333335,0.8030547395866666,0
sprsound2022::63613821_9.2_1_p2_1356__event_000,sprsound2022,sprsound2022::63613821,calibration,False,0,normal,2.261,0,0.0011118705,0.00010425796,0.013984363,0.005066830486666667,0.9949331695133333,0
sprsound2022::63613821_9.2_1_p3_1157__event_000,sprsound2022,sprsound2022::63613821,calibration,False,0,normal,4.419,0,0.003483858,2.8568298e-05,0.0054761185,0.0029961815993333335,0.9970038184006667,0
sprsound2022::63613821_9.2_1_p3_1290__event_000,sprsound2022,sprsound2022::63613821,calibration,False,0,normal,2.0999999999999996,0,0.0045973975,0.00024873592,0.0042495523,0.00303189524,0.99696810476,0
sprsound2022::63613821_9.2_1_p3_1290__event_001,sprsound2022,sprsound2022::63613821,calibration,False,0,normal,2.2140000000000004,0,0.0016356208,9.82877e-05,0.0025233114,0.0014190733000000002,0.9985809267,0
sprsound2022::63613821_9.2_1_p3_1290__event_002,sprsound2022,sprsound2022::63613821,calibration,False,0,normal,3.729,0,0.0012876905,5.628584e-05,0.0037888058,0.00171092738,0.99828907262,0
sprsound2022::63613821_9.2_1_p3_1365__event_000,sprsound2022,sprsound2022::63613821,calibration,False,0,normal,2.5500000000000003,0,0.0011261126,6.20531e-05,0.008624876,0.0032710139,0.9967289861,0
sprsound2022::63613821_9.2_1_p3_1365__event_001,sprsound2022,sprsound2022::63613821,calibration,False,0,normal,1.556,0,0.00067876047,3.6087622e-05,0.005239339,0.001984729030666667,0.9980152709693333,0
sprsound2022::63613821_9.2_1_p3_1365__event_002,sprsound2022,sprsound2022::63613821,calibration,False,0,normal,1.975,0,0.0011248282,9.929949e-05,0.013140235,0.004788120896666667,0.9952118791033333,0
sprsound2022::63613821_9.2_1_p4_1148__event_000,sprsound2022,sprsound2022::63613821,calibration,False,0,normal,1.8169999999999995,0,0.0049979314,0.00017749838,0.01488164,0.006685689926666666,0.9933143100733334,0
sprsound2022::63613821_9.2_1_p4_1148__event_001,sprsound2022,sprsound2022::63613821,calibration,False,0,normal,1.5449999999999997,0,0.0011149676,0.00014642738,0.008525838,0.003262410993333334,0.9967375890066666,0
sprsound2022::63613821_9.2_1_p4_1148__event_002,sprsound2022,sprsound2022::63613821,calibration,False,0,normal,1.362,0,0.0015127648,0.000144819,0.0038553437,0.0018376425000000002,0.9981623575,0
sprsound2022::63613821_9.2_1_p4_1148__event_003,sprsound2022,sprsound2022::63613821,calibration,False,0,normal,1.362000000000001,0,0.0022432907,0.0002477617,0.0048671267,0.0024527263666666668,0.9975472736333333,0
sprsound2022::63613821_9.2_1_p4_1270__event_000,sprsound2022,sprsound2022::63613821,calibration,False,0,normal,1.0649999999999995,0,0.010478447,0.0028967985,0.018150587,0.010508610833333334,0.9894913891666667,0
sprsound2022::63613821_9.2_1_p4_1270__event_001,sprsound2022,sprsound2022::63613821,calibration,False,0,normal,2.002,0,0.004218808,0.00011151434,0.0059193266,0.0034165496466666665,0.9965834503533333,0
sprsound2022::63613821_9.2_1_p4_1329__event_000,sprsound2022,sprsound2022::63613821,calibration,False,0,normal,1.512,0,0.2070822,0.0020943875,0.02411727,0.07776461916666666,0.9222353808333333,0
sprsound2022::63613821_9.2_1_p4_1329__event_001,sprsound2022,sprsound2022::63613821,calibration,False,0,normal,1.1629999999999994,0,0.004603214,0.00059698784,0.00932197,0.004840723946666667,0.9951592760533333,0
sprsound2022::63613821_9.2_1_p4_1329__event_002,sprsound2022,sprsound2022::63613821,calibration,False,0,normal,3.457,0,0.0033095132,5.692908e-05,0.0051954673,0.00285396986,0.99714603014,0
sprsound2022::63613821_9.2_1_p4_1338__event_000,sprsound2022,sprsound2022::63613821,calibration,False,0,normal,1.954,0,0.0049427985,5.4544158e-05,0.009998461,0.004998601219333334,0.9950013987806666,0
sprsound2022::63613821_9.2_1_p4_1338__event_001,sprsound2022,sprsound2022::63613821,calibration,False,0,normal,1.6909999999999998,0,0.038909167,0.0006827557,0.060605433,0.03339911856666667,0.9666008814333333,0
sprsound2022::63613821_9.2_1_p4_1338__event_002,sprsound2022,sprsound2022::63613821,calibration,False,0,normal,1.636000000000001,0,0.0015593115,0.000149906,0.005098427,0.002269214833333333,0.9977307851666667,0
sprsound2022::64678063_4.3_1_p1_2768__event_000,sprsound2022,sprsound2022::64678063,calibration,False,0,normal,1.234,0,0.06855915,0.03418189,0.059599098,0.05411337933333334,0.9458866206666666,0
sprsound2022::64678063_4.3_1_p1_2768__event_001,sprsound2022,sprsound2022::64678063,calibration,False,0,normal,1.487,0,0.00024006837,3.4217155e-05,0.0041755247,0.001483270075,0.998516729925,0
sprsound2022::64678063_4.3_1_p1_2768__event_002,sprsound2022,sprsound2022::64678063,calibration,False,0,normal,1.5440000000000005,0,0.0013258999,0.00012015801,0.008232248,0.0032261019699999995,0.99677389803,0
sprsound2022::64678063_4.3_1_p1_2768__event_003,sprsound2022,sprsound2022::64678063,calibration,False,0,normal,0.5309999999999988,0,0.014635957,0.009009535,0.10598893,0.043211474,0.956788526,0
sprsound2022::64678063_4.3_1_p1_2840__event_000,sprsound2022,sprsound2022::64678063,calibration,False,0,normal,1.244,0,0.9896825,0.4655011,0.98545235,0.8135453166666666,0.18645468333333337,1
sprsound2022::64678063_4.3_1_p1_2840__event_001,sprsound2022,sprsound2022::64678063,calibration,False,0,normal,1.0090000000000003,0,0.0008590451,0.0009621411,0.013555695,0.005125627066666667,0.9948743729333334,0
sprsound2022::64678063_4.3_1_p1_2904__event_000,sprsound2022,sprsound2022::64678063,calibration,False,0,normal,1.611,0,0.027980955,0.00022962315,0.34081376,0.12300811271666667,0.8769918872833333,0
sprsound2022::64678063_4.3_1_p1_2904__event_001,sprsound2022,sprsound2022::64678063,calibration,False,0,normal,1.7280000000000002,0,0.000652126,0.00018694575,0.006519855,0.002452975583333333,0.9975470244166667,0
sprsound2022::64678063_4.3_1_p1_2904__event_002,sprsound2022,sprsound2022::64678063,calibration,False,0,normal,1.457,0,0.0020349277,0.00079348637,0.010344346,0.004390920023333334,0.9956090799766667,0
sprsound2022::64678063_4.3_1_p1_2904__event_003,sprsound2022,sprsound2022::64678063,calibration,False,0,normal,0.9830000000000004,0,0.012148561,0.0033050429,0.082211606,0.03255506996666667,0.9674449300333333,0
sprsound2022::64678063_4.3_1_p1_2904__event_004,sprsound2022,sprsound2022::64678063,calibration,False,1,wheeze,0.3380000000000001,1,0.98590744,0.99705803,0.99674606,0.9932371766666667,0.006762823333333334,1
sprsound2022::64678063_4.3_1_p1_2904__event_005,sprsound2022,sprsound2022::64678063,calibration,False,1,wheeze,0.634,1,0.9854388,0.9961916,0.995398,0.9923428,0.007657200000000031,1
sprsound2022::64678063_4.3_1_p1_2922__event_000,sprsound2022,sprsound2022::64678063,calibration,False,0,normal,1.787,0,0.0008233481,6.542052e-05,0.005136723,0.0020084972066666666,0.9979915027933334,0
sprsound2022::64678063_4.3_1_p1_2922__event_001,sprsound2022,sprsound2022::64678063,calibration,False,0,normal,1.552,0,0.0036022577,0.0027655358,0.036145657,0.014171150166666665,0.9858288498333333,0
sprsound2022::64678063_4.3_1_p1_2922__event_002,sprsound2022,sprsound2022::64678063,calibration,False,0,normal,1.882,0,0.0018817291,0.0003997352,0.012160613,0.004814025766666667,0.9951859742333333,0
sprsound2022::64678063_4.3_1_p1_2922__event_003,sprsound2022,sprsound2022::64678063,calibration,False,0,normal,1.519,0,0.00090524595,0.00042080766,0.0050846864,0.0021369133366666666,0.9978630866633333,0
sprsound2022::64678063_4.3_1_p1_2922__event_004,sprsound2022,sprsound2022::64678063,calibration,False,0,normal,1.471000000000001,0,0.0016186693,0.00039418464,0.019782975,0.0072652763133333334,0.9927347236866667,0
sprsound2022::64678063_4.3_1_p2_2708__event_000,sprsound2022,sprsound2022::64678063,calibration,False,0,normal,1.163,0,0.17016594,0.089522325,0.2167602,0.158816155,0.841183845,0
sprsound2022::64678063_4.3_1_p2_2708__event_001,sprsound2022,sprsound2022::64678063,calibration,False,0,normal,0.8609999999999998,0,0.5780354,0.46927822,0.7211962,0.5895032733333333,0.4104967266666667,1
sprsound2022::64678063_4.3_1_p2_2708__event_002,sprsound2022,sprsound2022::64678063,calibration,False,0,normal,0.8629999999999995,0,0.9891459,0.9588258,0.9915059,0.9798258666666667,0.02017413333333329,1
sprsound2022::64678063_4.3_1_p2_2792__event_000,sprsound2022,sprsound2022::64678063,calibration,False,0,normal,1.7400000000000002,0,0.015133429,0.00031409523,0.010779381,0.008742301743333333,0.9912576982566667,0
sprsound2022::64678063_4.3_1_p2_2792__event_001,sprsound2022,sprsound2022::64678063,calibration,False,0,normal,1.215,0,0.08714984,0.009664226,0.08922417,0.06201274533333334,0.9379872546666667,0
sprsound2022::64678063_4.3_1_p2_2804__event_000,sprsound2022,sprsound2022::64678063,calibration,False,0,normal,1.2440000000000002,0,0.98394066,0.57309043,0.97784775,0.8449596133333334,0.15504038666666664,1
sprsound2022::64678063_4.3_1_p2_2804__event_001,sprsound2022,sprsound2022::64678063,calibration,False,0,normal,1.4689999999999994,0,0.5335239,0.07286224,0.52052087,0.37563567000000003,0.6243643299999999,0
sprsound2022::64678063_4.3_1_p2_2804__event_002,sprsound2022,sprsound2022::64678063,calibration,False,0,normal,1.1909999999999998,0,0.305288,0.0014821556,0.86455977,0.39044330853333326,0.6095566914666668,0
sprsound2022::64678063_4.3_1_p2_2804__event_003,sprsound2022,sprsound2022::64678063,calibration,False,0,normal,1.6220000000000008,0,0.000923331,6.663527e-05,0.006348805,0.00244625709,0.99755374291,0
sprsound2022::64678063_4.3_1_p2_2804__event_004,sprsound2022,sprsound2022::64678063,calibration,False,0,normal,0.6210000000000004,0,0.0038940664,0.0030738339,0.0056878375,0.004218579266666667,0.9957814207333333,0
sprsound2022::64678063_4.3_1_p2_2852__event_000,sprsound2022,sprsound2022::64678063,calibration,False,0,normal,1.6639999999999997,0,0.014044697,0.00038826413,0.34511015,0.11984770370999999,0.88015229629,0
sprsound2022::64678063_4.3_1_p2_2852__event_001,sprsound2022,sprsound2022::64678063,calibration,False,0,normal,1.2560000000000002,0,0.014709335,0.057524413,0.024129653,0.03212113366666667,0.9678788663333333,0
sprsound2022::64678063_4.3_1_p2_2852__event_002,sprsound2022,sprsound2022::64678063,calibration,False,0,normal,1.492,0,0.0052993987,0.0020444917,0.013559298,0.006967729466666667,0.9930322705333333,0
sprsound2022::64678063_4.3_1_p2_2852__event_003,sprsound2022,sprsound2022::64678063,calibration,False,0,normal,0.8200000000000003,0,0.033352032,0.083436504,0.014156587,0.04364837433333333,0.9563516256666666,0
sprsound2022::64678063_4.3_1_p2_2976__event_000,sprsound2022,sprsound2022::64678063,calibration,False,0,normal,1.201,0,0.028134534,0.004818937,0.016795399,0.016582956666666666,0.9834170433333334,0
sprsound2022::64678063_4.3_1_p2_2976__event_001,sprsound2022,sprsound2022::64678063,calibration,False,0,normal,1.444,0,0.0067455107,0.004145004,0.015820844,0.008903786233333334,0.9910962137666667,0
sprsound2022::64678063_4.3_1_p2_2976__event_002,sprsound2022,sprsound2022::64678063,calibration,False,0,normal,1.3390000000000004,0,0.004996321,0.0017797226,0.0094068255,0.0053942897,0.9946057103,0
sprsound2022::64678063_4.3_1_p2_2976__event_003,sprsound2022,sprsound2022::64678063,calibration,False,0,normal,1.0830000000000002,0,0.0042175706,0.00253941,0.012542133,0.006433037866666667,0.9935669621333333,0
sprsound2022::64678063_4.3_1_p3_2732__event_000,sprsound2022,sprsound2022::64678063,calibration,False,0,normal,1.447,0,0.0013535388,9.437924e-05,0.029640863,0.010362927013333334,0.9896370729866667,0
sprsound2022::64678063_4.3_1_p3_2732__event_001,sprsound2022,sprsound2022::64678063,calibration,False,0,normal,1.5890000000000004,0,0.00058027584,0.00017310554,0.006191447,0.0023149427933333334,0.9976850572066667,0
sprsound2022::64678063_4.3_1_p3_2732__event_002,sprsound2022,sprsound2022::64678063,calibration,False,0,normal,1.4079999999999997,0,0.0005750358,8.33414e-05,0.0056097144,0.0020893638666666667,0.9979106361333333,0
sprsound2022::64678063_4.3_1_p3_2732__event_003,sprsound2022,sprsound2022::64678063,calibration,False,0,normal,0.9210000000000012,0,0.015525381,0.020033339,0.0311269,0.02222854,0.97777146,0
sprsound2022::64678063_4.3_1_p3_2756__event_000,sprsound2022,sprsound2022::64678063,calibration,False,0,normal,1.4860000000000002,0,0.0009513353,0.00015450151,0.007928936,0.0030115909366666663,0.9969884090633333,0
sprsound2022::64678063_4.3_1_p3_2756__event_001,sprsound2022,sprsound2022::64678063,calibration,False,0,normal,1.088,0,0.51731324,0.08090986,0.28907344,0.29576551333333334,0.7042344866666667,0
sprsound2022::64678063_4.3_1_p3_2756__event_002,sprsound2022,sprsound2022::64678063,calibration,False,0,normal,1.4220000000000002,0,0.0505058,0.0007149353,0.055553213,0.0355913161,0.9644086839,0
sprsound2022::64678063_4.3_1_p3_2756__event_003,sprsound2022,sprsound2022::64678063,calibration,False,0,normal,1.6399999999999997,0,0.00045417127,6.961419e-05,0.0049615605,0.0018284486533333335,0.9981715513466667,0
sprsound2022::64678063_4.3_1_p3_2756__event_004,sprsound2022,sprsound2022::64678063,calibration,False,0,normal,1.5499999999999998,0,0.0028412573,0.00029698937,0.010035377,0.004391207889999999,0.99560879211,0
sprsound2022::64678063_4.3_1_p3_2756__event_005,sprsound2022,sprsound2022::64678063,calibration,False,0,normal,0.8439999999999994,0,0.004447202,0.0019028463,0.012766891,0.0063723131,0.9936276869,0
sprsound2022::64678063_4.3_1_p3_2828__event_000,sprsound2022,sprsound2022::64678063,calibration,False,0,normal,1.159,0,0.0087068975,0.0011711686,0.011369788,0.007082618033333332,0.9929173819666667,0
sprsound2022::64678063_4.3_1_p3_2828__event_001,sprsound2022,sprsound2022::64678063,calibration,False,0,normal,1.525,0,0.009452106,0.0002152353,0.04750124,0.019056193766666667,0.9809438062333333,0
sprsound2022::64678063_4.3_1_p3_2828__event_002,sprsound2022,sprsound2022::64678063,calibration,False,0,normal,1.3669999999999995,0,0.45225278,0.07645063,0.8447813,0.45782823666666667,0.5421717633333334,0
sprsound2022::64678063_4.3_1_p3_2828__event_003,sprsound2022,sprsound2022::64678063,calibration,False,0,normal,1.9739999999999993,0,0.004831024,0.000110218025,0.011213717,0.005384986341666666,0.9946150136583334,0
sprsound2022::64678063_4.3_1_p3_2828__event_004,sprsound2022,sprsound2022::64678063,calibration,False,0,normal,0.3520000000000003,0,0.0068174037,0.006909215,0.09521037,0.03631232956666667,0.9636876704333334,0
sprsound2022::64678063_4.3_1_p3_2869__event_000,sprsound2022,sprsound2022::64678063,calibration,False,0,normal,1.1679999999999997,0,0.88954175,0.13979533,0.9339974,0.6544448266666666,0.3455551733333334,1
sprsound2022::64678063_4.3_1_p3_2869__event_001,sprsound2022,sprsound2022::64678063,calibration,False,0,normal,1.2769999999999992,0,0.009763879,0.002776908,0.019264199,0.010601662,0.989398338,0
sprsound2022::64678063_4.3_1_p3_2869__event_002,sprsound2022,sprsound2022::64678063,calibration,False,0,normal,1.149,0,0.22164668,0.0011619737,0.059030686,0.09394644656666667,0.9060535534333334,0
sprsound2022::64678063_4.3_1_p3_2869__event_003,sprsound2022,sprsound2022::64678063,calibration,False,0,normal,1.060999999999999,0,0.28422615,0.049750183,0.72977155,0.35458262766666665,0.6454173723333334,0
sprsound2022::64678063_4.3_1_p3_2958__event_000,sprsound2022,sprsound2022::64678063,calibration,False,0,normal,1.4429999999999998,0,0.0015991713,0.00022246556,0.009630169,0.0038172686199999997,0.99618273138,0
sprsound2022::64678063_4.3_1_p3_2958__event_001,sprsound2022,sprsound2022::64678063,calibration,False,0,normal,1.239,0,0.0019265164,0.00074097654,0.008297051,0.00365484798,0.99634515202,0
sprsound2022::64678063_4.3_1_p3_2958__event_002,sprsound2022,sprsound2022::64678063,calibration,False,0,normal,1.3710000000000004,0,0.0010754843,0.00029828248,0.014450204,0.005274656926666666,0.9947253430733334,0
sprsound2022::64678063_4.3_1_p3_2958__event_003,sprsound2022,sprsound2022::64678063,calibration,False,0,normal,1.367,0,0.00048880675,0.0001337025,0.00754392,0.002722143083333333,0.9972778569166667,0
sprsound2022::64678063_4.3_1_p3_2958__event_004,sprsound2022,sprsound2022::64678063,calibration,False,0,normal,1.1049999999999995,0,0.0013666396,0.00065948605,0.02873458,0.01025356855,0.98974643145,0
sprsound2022::64678063_4.3_1_p3_2958__event_005,sprsound2022,sprsound2022::64678063,calibration,False,0,normal,0.4050000000000011,0,0.048291214,0.023191653,0.20008153,0.09052146566666668,0.9094785343333334,0
sprsound2022::64678063_4.3_1_p4_2744__event_000,sprsound2022,sprsound2022::64678063,calibration,False,0,normal,0.602,0,0.015899092,0.0005814011,0.114796825,0.043759106033333335,0.9562408939666667,0
sprsound2022::64678063_4.3_1_p4_2744__event_001,sprsound2022,sprsound2022::64678063,calibration,False,0,normal,1.263,0,0.0043107956,8.309468e-05,0.012950105,0.00578133176,0.99421866824,0
sprsound2022::64678063_4.3_1_p4_2744__event_002,sprsound2022,sprsound2022::64678063,calibration,False,0,normal,1.1020000000000003,0,0.018782962,0.0030575683,0.045087706,0.0223094121,0.9776905879,0
sprsound2022::64678063_4.3_1_p4_2744__event_003,sprsound2022,sprsound2022::64678063,calibration,False,0,normal,0.6419999999999995,0,0.024097601,0.029316911,0.06885831,0.040757607333333334,0.9592423926666667,0
sprsound2022::64678063_4.3_1_p4_2780__event_000,sprsound2022,sprsound2022::64678063,calibration,False,0,normal,1.482,0,0.00036640716,0.00022877613,0.012756227,0.004450470096666667,0.9955495299033333,0
sprsound2022::64678063_4.3_1_p4_2780__event_001,sprsound2022,sprsound2022::64678063,calibration,False,0,normal,1.4830000000000003,0,0.000279917,9.975494e-05,0.0029228562,0.0011008427133333333,0.9988991572866667,0
sprsound2022::64678063_4.3_1_p4_2780__event_002,sprsound2022,sprsound2022::64678063,calibration,False,0,normal,1.443999999999999,0,0.0011307198,0.00016954246,0.0042965272,0.0018655964866666666,0.9981344035133334,0
sprsound2022::64678063_4.3_1_p4_2780__event_003,sprsound2022,sprsound2022::64678063,calibration,False,0,normal,0.33,0,0.8744817,0.46037436,0.63769275,0.65751627,0.34248373,1
sprsound2022::64678063_4.3_1_p4_2886__event_000,sprsound2022,sprsound2022::64678063,calibration,False,0,normal,1.0739999999999998,0,0.001051383,0.00032411743,0.0059913984,0.0024556329433333334,0.9975443670566667,0
sprsound2022::64678063_4.3_1_p4_2940__event_000,sprsound2022,sprsound2022::64678063,calibration,False,0,normal,1.631,0,0.0010329246,0.0003446949,0.003960355,0.0017793248333333332,0.9982206751666667,0
sprsound2022::64837947_4.0_1_p1_13__event_000,sprsound2022,sprsound2022::64837947,calibration,False,1,fine_crackle,1.0549999999999995,1,0.9442005,0.927947,0.9704816,0.9475430333333333,0.05245696666666666,1
sprsound2022::64837947_4.0_1_p1_13__event_001,sprsound2022,sprsound2022::64837947,calibration,False,1,fine_crackle,1.231999999999999,1,0.06826607,0.00062377047,0.03451851,0.03446945015666667,0.9655305498433333,0
sprsound2022::64837947_4.0_1_p1_13__event_002,sprsound2022,sprsound2022::64837947,calibration,False,0,normal,1.0860000000000003,0,0.004457757,0.0017983468,0.011321267,0.005859123599999999,0.9941408764,0
sprsound2022::64837947_4.0_1_p2_14__event_000,sprsound2022,sprsound2022::64837947,calibration,False,0,normal,1.429,0,0.00284544,0.0003511794,0.0060984557,0.0030983583666666665,0.9969016416333333,0
sprsound2022::64837947_4.0_1_p2_14__event_001,sprsound2022,sprsound2022::64837947,calibration,False,0,normal,1.6170000000000004,0,0.005743887,0.0046613403,0.007089571,0.0058315994333333334,0.9941684005666667,0
sprsound2022::64837947_4.0_1_p2_14__event_002,sprsound2022,sprsound2022::64837947,calibration,False,0,normal,1.6160000000000003,0,0.0021583685,0.0010235334,0.0061738496,0.0031185838333333328,0.9968814161666667,0
sprsound2022::64837947_4.0_1_p2_14__event_003,sprsound2022,sprsound2022::64837947,calibration,False,0,normal,1.5029999999999992,0,0.07142692,0.03611695,0.022143168,0.04322901266666667,0.9567709873333333,0
sprsound2022::64837947_4.0_1_p3_15__event_000,sprsound2022,sprsound2022::64837947,calibration,False,0,normal,1.2859999999999996,0,0.0019956727,0.0006029477,0.0074017216,0.003333447333333333,0.9966665526666667,0
sprsound2022::64840083_1.6_0_p1_697__event_000,sprsound2022,sprsound2022::64840083,calibration,False,0,normal,1.2160000000000002,0,0.00093062373,0.0008211769,0.008793479,0.00351509321,0.99648490679,0
sprsound2022::64840083_1.6_0_p1_697__event_001,sprsound2022,sprsound2022::64840083,calibration,False,0,normal,1.3599999999999994,0,0.0005558382,0.00017275268,0.0035433404,0.0014239770933333333,0.9985760229066667,0
sprsound2022::64840083_1.6_0_p1_697__event_002,sprsound2022,sprsound2022::64840083,calibration,False,0,normal,1.266,0,0.0009824234,0.0010778427,0.005510875,0.0025237137,0.9974762863,0
sprsound2022::64840083_1.6_0_p1_697__event_003,sprsound2022,sprsound2022::64840083,calibration,False,0,normal,1.253,0,0.000950045,0.00086513686,0.016667206,0.0061607959533333334,0.9938392040466667,0
sprsound2022::64840083_1.6_0_p1_697__event_004,sprsound2022,sprsound2022::64840083,calibration,False,0,normal,1.2599999999999998,0,0.002925851,0.0070448373,0.012395378,0.007455355433333334,0.9925446445666667,0
sprsound2022::64840083_1.6_0_p1_697__event_005,sprsound2022,sprsound2022::64840083,calibration,False,0,normal,1.0169999999999997,0,0.0038026513,0.005476814,0.013556511,0.007611992099999999,0.9923880079,0
sprsound2022::64840083_1.6_0_p1_697__event_006,sprsound2022,sprsound2022::64840083,calibration,False,0,normal,1.362,0,0.0009696134,0.00034377965,0.0075925575,0.002968650183333333,0.9970313498166666,0
sprsound2022::64840083_1.6_0_p2_698__event_000,sprsound2022,sprsound2022::64840083,calibration,False,0,normal,1.5200000000000005,0,0.0030026697,0.00060106354,0.024154333,0.009252688746666666,0.9907473112533334,0
sprsound2022::64840083_1.6_0_p2_698__event_001,sprsound2022,sprsound2022::64840083,calibration,False,0,normal,1.1609999999999996,0,0.0053656804,0.00070534716,0.020629816,0.008900281186666666,0.9910997188133334,0
sprsound2022::64840083_1.6_0_p2_698__event_002,sprsound2022,sprsound2022::64840083,calibration,False,0,normal,1.266,0,0.0011378321,0.00023143848,0.014334193,0.00523448786,0.99476551214,0
sprsound2022::64840083_1.6_0_p2_698__event_003,sprsound2022,sprsound2022::64840083,calibration,False,0,normal,1.6010000000000009,0,0.0010401228,0.00018400322,0.008649295,0.00329114034,0.99670885966,0
sprsound2022::64840083_1.6_0_p2_698__event_004,sprsound2022,sprsound2022::64840083,calibration,False,0,normal,1.5220000000000002,0,0.0022820758,0.002499828,0.0343015,0.013027801266666666,0.9869721987333333,0
sprsound2022::64840083_1.6_0_p2_698__event_005,sprsound2022,sprsound2022::64840083,calibration,False,0,normal,1.6420000000000012,0,0.0014295432,0.00013212474,0.00981584,0.0037925026466666665,0.9962074973533334,0
sprsound2022::64840083_1.6_0_p2_698__event_006,sprsound2022,sprsound2022::64840083,calibration,False,0,normal,1.282,0,0.0010352329,0.00049729075,0.019034224,0.006855582549999999,0.99314441745,0
sprsound2022::64840083_1.6_0_p3_699__event_000,sprsound2022,sprsound2022::64840083,calibration,False,0,normal,1.6069999999999998,0,0.00058582745,0.00033394064,0.0066285916,0.0025161198966666665,0.9974838801033333,0
sprsound2022::64840083_1.6_0_p3_699__event_001,sprsound2022,sprsound2022::64840083,calibration,False,0,normal,1.529,0,0.00089206337,0.00028506454,0.0041451217,0.0017740832033333331,0.9982259167966666,0
sprsound2022::64840083_1.6_0_p3_699__event_002,sprsound2022,sprsound2022::64840083,calibration,False,0,normal,1.5920000000000003,0,0.00057826453,0.00016428507,0.005591882,0.0021114772,0.9978885228,0
sprsound2022::64840083_1.6_0_p3_699__event_003,sprsound2022,sprsound2022::64840083,calibration,False,0,normal,1.535,0,0.00081365695,0.0001636481,0.004430668,0.0018026576833333333,0.9981973423166667,0
sprsound2022::64840083_1.6_0_p3_699__event_004,sprsound2022,sprsound2022::64840083,calibration,False,0,normal,1.5440000000000005,0,0.0014435373,0.00064328575,0.006523158,0.0028699936833333334,0.9971300063166667,0
sprsound2022::64840083_1.6_0_p3_699__event_005,sprsound2022,sprsound2022::64840083,calibration,False,0,normal,1.4799999999999986,0,0.001103231,0.00023043774,0.005893566,0.002409078246666667,0.9975909217533333,0
sprsound2022::64840083_1.6_0_p3_699__event_006,sprsound2022,sprsound2022::64840083,calibration,False,0,normal,1.0850000000000009,0,0.00068036537,0.00016503615,0.008561766,0.003135722506666667,0.9968642774933333,0
sprsound2022::64840083_1.6_0_p4_700__event_000,sprsound2022,sprsound2022::64840083,calibration,False,0,normal,1.2499999999999998,0,0.00041526725,0.00017745914,0.0072453404,0.0026126889300000004,0.99738731107,0
sprsound2022::64840083_1.6_0_p4_700__event_001,sprsound2022,sprsound2022::64840083,calibration,False,0,normal,1.3280000000000003,0,0.0006890716,0.00011916678,0.0047237845,0.0018440076266666664,0.9981559923733333,0
sprsound2022::64840083_1.6_0_p4_700__event_002,sprsound2022,sprsound2022::64840083,calibration,False,0,normal,1.1989999999999998,0,0.0010741232,0.00062319293,0.0096654,0.003787572043333333,0.9962124279566666,0
sprsound2022::64840083_1.6_0_p4_700__event_003,sprsound2022,sprsound2022::64840083,calibration,False,0,normal,0.995,0,0.0010321634,0.0003799577,0.007074623,0.0028289147000000003,0.9971710853,0
sprsound2022::64840083_1.6_0_p4_700__event_004,sprsound2022,sprsound2022::64840083,calibration,False,0,normal,1.0310000000000006,0,0.0014885815,0.0008926407,0.012593723,0.0049916484,0.9950083516,0
sprsound2022::64840083_1.6_0_p4_700__event_005,sprsound2022,sprsound2022::64840083,calibration,False,0,normal,1.2400000000000002,0,0.0012131939,0.00031936372,0.012051395,0.004527984206666666,0.9954720157933333,0
sprsound2022::64840083_1.6_0_p4_700__event_006,sprsound2022,sprsound2022::64840083,calibration,False,0,normal,1.154,0,0.0012954151,0.00080974976,0.015141107,0.005748757286666666,0.9942512427133333,0
sprsound2022::64840083_1.6_0_p4_700__event_007,sprsound2022,sprsound2022::64840083,calibration,False,0,normal,1.3919999999999997,0,0.0007869165,0.00010831933,0.0067818686,0.0025590348099999998,0.99744096519,0
sprsound2022::65039232_6.4_1_p2_374__event_000,sprsound2022,sprsound2022::65039232,calibration,False,0,normal,1.553,0,0.00079062284,0.00014057996,0.0053298743,0.0020870257,0.9979129743,0
sprsound2022::65039232_6.4_1_p2_374__event_001,sprsound2022,sprsound2022::65039232,calibration,False,0,normal,1.3859999999999992,0,0.0002939314,6.29228e-05,0.005606239,0.0019876977333333334,0.9980123022666667,0
sprsound2022::65039232_6.4_1_p2_374__event_002,sprsound2022,sprsound2022::65039232,calibration,False,0,normal,1.043,0,0.0036949487,0.0009593241,0.03746209,0.0140387876,0.9859612124,0
sprsound2022::65044049_0.8_1_p2_250__event_000,sprsound2022,sprsound2022::65044049,calibration,False,1,fine_crackle,2.480999999999999,1,0.66109437,0.050963685,0.6582444,0.45676748500000003,0.5432325149999999,0
sprsound2022::65044049_0.8_1_p3_251__event_000,sprsound2022,sprsound2022::65044049,calibration,False,0,normal,1.436,0,0.022598136,0.00070405164,0.033563085,0.01895509088,0.98104490912,0
sprsound2022::65045423_5.0_1_p1_213__event_000,sprsound2022,sprsound2022::65045423,calibration,False,0,normal,1.6010000000000004,0,0.001146527,8.983537e-05,0.011009334,0.004081898790000001,0.99591810121,0
sprsound2022::65045423_5.0_1_p1_213__event_001,sprsound2022,sprsound2022::65045423,calibration,False,0,normal,1.1769999999999996,0,0.0011041142,0.00012314822,0.0062788785,0.002502046973333333,0.9974979530266667,0
sprsound2022::65045423_5.0_1_p1_213__event_002,sprsound2022,sprsound2022::65045423,calibration,False,0,normal,1.3099999999999987,0,0.0005566558,0.00013667604,0.0059296526,0.00220766148,0.99779233852,0
sprsound2022::65045423_5.0_1_p1_213__event_003,sprsound2022,sprsound2022::65045423,calibration,False,0,normal,0.9749999999999996,0,0.0020257835,0.0007804437,0.0145422,0.005782809066666666,0.9942171909333334,0
sprsound2022::65045423_5.0_1_p1_213__event_004,sprsound2022,sprsound2022::65045423,calibration,False,0,normal,1.128,0,0.0022580686,7.6880395e-05,0.012197145,0.004844031331666666,0.9951559686683333,0
sprsound2022::65045423_5.0_1_p1_213__event_005,sprsound2022,sprsound2022::65045423,calibration,False,0,normal,1.3119999999999998,0,0.037628897,0.006943368,0.2562,0.10025742166666667,0.8997425783333334,0
sprsound2022::65045423_5.0_1_p1_213__event_006,sprsound2022,sprsound2022::65045423,calibration,False,0,normal,1.0429999999999993,0,0.04571815,0.00175681,0.17518447,0.07421981,0.92578019,0
sprsound2022::65045423_5.0_1_p1_217__event_000,sprsound2022,sprsound2022::65045423,calibration,False,0,normal,0.3929999999999998,0,0.0041720965,0.0010095143,0.012592477,0.005924695933333332,0.9940753040666667,0
sprsound2022::65045423_5.0_1_p1_217__event_001,sprsound2022,sprsound2022::65045423,calibration,False,0,normal,1.5629999999999995,0,0.004845504,0.0004799522,0.006574992,0.003966816066666667,0.9960331839333333,0
sprsound2022::65045423_5.0_1_p2_214__event_000,sprsound2022,sprsound2022::65045423,calibration,False,0,normal,2.015,0,0.001988925,0.00054652704,0.009069195,0.0038682156800000003,0.99613178432,0
sprsound2022::65045423_5.0_1_p2_214__event_001,sprsound2022,sprsound2022::65045423,calibration,False,0,normal,1.2159999999999993,0,0.0009624977,8.670016e-05,0.045886915,0.015645370953333335,0.9843546290466667,0
sprsound2022::65045423_5.0_1_p2_214__event_002,sprsound2022,sprsound2022::65045423,calibration,False,0,normal,1.1620000000000008,0,0.007289243,0.0003792009,0.036335737,0.0146680603,0.9853319397,0
sprsound2022::65045423_5.0_1_p2_214__event_003,sprsound2022,sprsound2022::65045423,calibration,False,0,normal,2.096,0,0.0029458026,7.1820454e-05,0.020090047,0.007702556684666666,0.9922974433153333,0
sprsound2022::65045423_5.0_1_p2_218__event_000,sprsound2022,sprsound2022::65045423,calibration,False,0,normal,1.4589999999999996,0,0.101142175,0.0011036977,0.27473623,0.1256607009,0.8743392991,0
sprsound2022::65045423_5.0_1_p2_218__event_001,sprsound2022,sprsound2022::65045423,calibration,False,0,normal,1.3010000000000002,0,0.009372235,0.0005572259,0.20649374,0.07214106696666667,0.9278589330333333,0
sprsound2022::65045423_5.0_1_p2_218__event_002,sprsound2022,sprsound2022::65045423,calibration,False,0,normal,1.165,0,0.10944408,0.0041647665,0.047670864,0.053759903500000004,0.9462400965,0
sprsound2022::65045423_5.0_1_p2_218__event_003,sprsound2022,sprsound2022::65045423,calibration,False,0,normal,1.5879999999999992,0,0.072970755,0.00015125812,0.25251505,0.10854568770666667,0.8914543122933334,0
sprsound2022::65045423_5.0_1_p3_215__event_000,sprsound2022,sprsound2022::65045423,calibration,False,0,normal,1.197000000000001,0,0.001075137,0.00048087008,0.0053783995,0.00231146886,0.99768853114,0
sprsound2022::65045423_5.0_1_p3_215__event_001,sprsound2022,sprsound2022::65045423,calibration,False,0,normal,1.1830000000000005,0,0.0012474422,0.00018782231,0.005287783,0.002241015836666667,0.9977589841633333,0
sprsound2022::65045423_5.0_1_p3_215__event_002,sprsound2022,sprsound2022::65045423,calibration,False,0,normal,1.327,0,0.030618327,0.0013797086,0.02496829,0.018988775200000002,0.9810112248,0
sprsound2022::65045423_5.0_1_p3_215__event_003,sprsound2022,sprsound2022::65045423,calibration,False,0,normal,0.5170000000000012,0,0.002672274,0.0005444258,0.008507421,0.003908040266666667,0.9960919597333333,0
sprsound2022::65045423_5.0_1_p3_215__event_004,sprsound2022,sprsound2022::65045423,calibration,False,0,normal,1.0649999999999995,0,0.0020588199,0.00020430931,0.009850861,0.004037996736666666,0.9959620032633333,0
sprsound2022::65045423_5.0_1_p4_216__event_000,sprsound2022,sprsound2022::65045423,calibration,False,0,normal,1.8329999999999993,0,0.0021087746,9.68717e-05,0.005666938,0.002624194766666666,0.9973758052333334,0
sprsound2022::65045423_5.0_1_p4_216__event_001,sprsound2022,sprsound2022::65045423,calibration,False,0,normal,1.343,0,0.0018071205,0.00040543312,0.008152797,0.0034551168733333334,0.9965448831266667,0
sprsound2022::65045423_5.0_1_p4_216__event_002,sprsound2022,sprsound2022::65045423,calibration,False,0,normal,1.4229999999999992,0,0.0023178242,0.00030239718,0.014214354,0.005611525126666667,0.9943884748733334,0
sprsound2022::65045423_5.0_1_p4_216__event_003,sprsound2022,sprsound2022::65045423,calibration,False,0,normal,1.3309999999999995,0,0.017509658,0.0013918066,0.018111223,0.012337562533333332,0.9876624374666667,0
sprsound2022::65045423_5.0_1_p4_216__event_004,sprsound2022,sprsound2022::65045423,calibration,False,0,normal,2.23,0,0.0042680944,0.0002121506,0.007258437,0.003912894,0.996087106,0
sprsound2022::65045423_5.0_1_p4_220__event_000,sprsound2022,sprsound2022::65045423,calibration,False,0,normal,1.185,0,0.0007120134,0.00011212018,0.0036044559,0.0014761964933333333,0.9985238035066667,0
sprsound2022::65045423_5.0_1_p4_220__event_001,sprsound2022,sprsound2022::65045423,calibration,False,0,normal,1.258,0,0.022924315,9.972802e-05,0.025619287,0.01621444334,0.98378555666,0
sprsound2022::65045423_5.0_1_p4_220__event_002,sprsound2022,sprsound2022::65045423,calibration,False,0,normal,1.4049999999999994,0,0.0006163583,0.0001297033,0.0049261604,0.0018907406666666667,0.9981092593333334,0
sprsound2022::65045423_5.2_1_p1_2745__event_000,sprsound2022,sprsound2022::65045423,calibration,False,0,normal,0.8440000000000003,0,0.017255146,0.0059485366,0.034841996,0.019348559533333334,0.9806514404666666,0
sprsound2022::65045423_5.2_1_p1_2745__event_001,sprsound2022,sprsound2022::65045423,calibration,False,0,normal,0.9089999999999998,0,0.015675897,0.008885602,0.019594839,0.014718779333333334,0.9852812206666667,0
sprsound2022::65045423_5.2_1_p1_2745__event_002,sprsound2022,sprsound2022::65045423,calibration,False,0,normal,0.5909999999999993,0,0.0020293407,0.002246341,0.0035159711,0.0025972176,0.9974027824,0
sprsound2022::65045423_5.2_1_p1_2805__event_000,sprsound2022,sprsound2022::65045423,calibration,False,0,normal,2.093,0,0.0034766376,0.00029562492,0.013298018,0.005690093506666667,0.9943099064933333,0
sprsound2022::65045423_5.2_1_p1_2805__event_001,sprsound2022,sprsound2022::65045423,calibration,False,0,normal,2.625,0,0.002092526,4.8608872e-05,0.009802257,0.0039811306239999995,0.996018869376,0
sprsound2022::65045423_5.2_1_p1_2805__event_002,sprsound2022,sprsound2022::65045423,calibration,False,0,normal,1.5669999999999993,0,0.08224118,0.07344488,0.53990746,0.2318645066666667,0.7681354933333333,0
sprsound2022::65045423_5.2_1_p1_2853__event_000,sprsound2022,sprsound2022::65045423,calibration,False,1,rhonchi,0.955,1,0.99505323,0.99319273,0.9915454,0.9932637866666667,0.006736213333333296,1
sprsound2022::65045423_5.2_1_p1_2853__event_001,sprsound2022,sprsound2022::65045423,calibration,False,1,rhonchi,0.7780000000000005,1,0.99177027,0.995223,0.9242094,0.97040089,0.02959911000000004,1
sprsound2022::65045423_5.2_1_p1_2853__event_002,sprsound2022,sprsound2022::65045423,calibration,False,1,rhonchi,0.2689999999999992,1,0.96269506,0.9925256,0.9040748,0.9530984866666667,0.046901513333333256,1
sprsound2022::65045423_5.2_1_p1_2853__event_003,sprsound2022,sprsound2022::65045423,calibration,False,0,normal,1.633,0,0.00858577,9.440985e-05,0.17428854,0.06098957328333333,0.9390104267166667,0
sprsound2022::65045423_5.2_1_p1_2853__event_004,sprsound2022,sprsound2022::65045423,calibration,False,0,normal,1.5870000000000002,0,0.014597339,0.0009904881,0.042456243,0.019348023366666665,0.9806519766333334,0
sprsound2022::65045423_5.2_1_p1_2853__event_005,sprsound2022,sprsound2022::65045423,calibration,False,0,normal,1.173,0,0.0043158806,0.0026124027,0.024482744,0.010470342433333333,0.9895296575666667,0
sprsound2022::65045423_5.2_1_p1_2853__event_006,sprsound2022,sprsound2022::65045423,calibration,False,0,normal,0.904,0,0.20019849,0.024190372,0.17324027,0.13254304400000003,0.867456956,0
sprsound2022::65045423_5.2_1_p2_2684__event_000,sprsound2022,sprsound2022::65045423,calibration,False,0,normal,1.4660000000000002,0,0.64486986,0.0035176105,0.7011798,0.4498557568333334,0.5501442431666665,0
sprsound2022::65045423_5.2_1_p2_2769__event_000,sprsound2022,sprsound2022::65045423,calibration,False,0,normal,1.338,0,0.27392435,0.041313197,0.45583016,0.25702256900000003,0.7429774309999999,0
sprsound2022::65045423_5.2_1_p2_2769__event_001,sprsound2022,sprsound2022::65045423,calibration,False,0,normal,1.2359999999999998,0,0.016876405,0.008447376,0.08680734,0.03737704033333333,0.9626229596666667,0
sprsound2022::65045423_5.2_1_p2_2781__event_000,sprsound2022,sprsound2022::65045423,calibration,False,0,normal,0.9389999999999998,0,0.0056860205,0.0033789477,0.06293386,0.023999609399999997,0.9760003906,0
sprsound2022::65045423_5.2_1_p2_2781__event_001,sprsound2022,sprsound2022::65045423,calibration,False,0,normal,1.5450000000000004,0,0.0051997127,0.005309984,0.04580464,0.018771445566666666,0.9812285544333333,0
sprsound2022::65045423_5.2_1_p2_2781__event_002,sprsound2022,sprsound2022::65045423,calibration,False,0,normal,1.3080000000000007,0,0.08484091,0.024718162,0.023584776,0.04438128266666667,0.9556187173333334,0
sprsound2022::65045423_5.2_1_p2_2870__event_000,sprsound2022,sprsound2022::65045423,calibration,False,0,normal,1.896,0,0.0020320206,0.00010989815,0.009490088,0.0038773355833333334,0.9961226644166666,0
sprsound2022::65045423_5.2_1_p2_2870__event_001,sprsound2022,sprsound2022::65045423,calibration,False,0,normal,1.7059999999999995,0,0.061778236,0.0072055054,0.11272216,0.0605686338,0.9394313662,0
sprsound2022::65045423_5.2_1_p2_2870__event_002,sprsound2022,sprsound2022::65045423,calibration,False,1,rhonchi,0.6699999999999999,1,0.9929605,0.99911565,0.99082375,0.9942999666666666,0.005700033333333354,1
sprsound2022::65045423_5.2_1_p2_2870__event_003,sprsound2022,sprsound2022::65045423,calibration,False,1,rhonchi,0.6639999999999999,1,0.97768354,0.95468813,0.9613528,0.9645748233333333,0.03542517666666667,1
sprsound2022::65045423_5.2_1_p3_2757__event_000,sprsound2022,sprsound2022::65045423,calibration,False,0,normal,1.016,0,0.02281521,0.005073847,0.2299437,0.08594425233333335,0.9140557476666666,0
sprsound2022::65045423_5.2_1_p3_2757__event_001,sprsound2022,sprsound2022::65045423,calibration,False,0,normal,1.0419999999999998,0,0.011278526,0.00073932105,0.025602646,0.01254016435,0.98745983565,0
sprsound2022::65045423_5.2_1_p3_2841__event_000,sprsound2022,sprsound2022::65045423,calibration,False,0,normal,1.7539999999999996,0,0.0006400349,6.1903105e-05,0.0035903668,0.0014307682683333334,0.9985692317316667,0
sprsound2022::65045423_5.2_1_p4_2733__event_000,sprsound2022,sprsound2022::65045423,calibration,False,0,normal,1.21,0,0.0079475865,0.0008696061,0.064838834,0.024552008866666666,0.9754479911333334,0
sprsound2022::65045423_5.2_1_p4_2733__event_001,sprsound2022,sprsound2022::65045423,calibration,False,0,normal,1.471,0,0.0020258375,0.00036802015,0.0077660386,0.0033866320833333334,0.9966133679166667,0
sprsound2022::65045423_5.2_1_p4_2733__event_002,sprsound2022,sprsound2022::65045423,calibration,False,0,normal,0.7249999999999996,0,0.0035821437,0.0013220564,0.015232798,0.0067123327,0.9932876673,0
sprsound2022::65045423_5.2_1_p4_2829__event_000,sprsound2022,sprsound2022::65045423,calibration,False,0,normal,1.4139999999999997,0,0.006642097,0.00022425682,0.015173664,0.007346672606666667,0.9926533273933333,0
sprsound2022::65052739_1.7_1_p1_417__event_000,sprsound2022,sprsound2022::65052739,calibration,False,0,normal,1.211,0,0.0006040467,0.0003347506,0.004365334,0.001768043766666667,0.9982319562333334,0
sprsound2022::65052739_1.7_1_p1_417__event_001,sprsound2022,sprsound2022::65052739,calibration,False,0,normal,0.9749999999999996,0,0.0009977983,0.00015707938,0.012276219,0.004477032226666666,0.9955229677733334,0
sprsound2022::65052739_1.7_1_p1_417__event_002,sprsound2022,sprsound2022::65052739,calibration,False,0,normal,1.016,0,0.0009205114,0.00032373448,0.025968717,0.009070987626666667,0.9909290123733333,0
sprsound2022::65052739_1.7_1_p1_417__event_003,sprsound2022,sprsound2022::65052739,calibration,False,0,normal,1.0870000000000006,0,0.000495078,0.00041586783,0.008037646,0.002982863943333334,0.9970171360566666,0
sprsound2022::65052739_1.7_1_p1_417__event_004,sprsound2022,sprsound2022::65052739,calibration,False,0,normal,1.1119999999999983,0,0.0007147589,0.00016507285,0.0058775013,0.00225244435,0.99774755565,0
sprsound2022::65052739_1.7_1_p1_417__event_005,sprsound2022,sprsound2022::65052739,calibration,False,0,normal,1.6749999999999998,0,0.21547939,0.0014173075,0.4748798,0.23059216583333333,0.7694078341666667,0
sprsound2022::65052739_1.7_1_p2_418__event_000,sprsound2022,sprsound2022::65052739,calibration,False,0,normal,0.9610000000000004,0,0.0064177113,0.00059184455,0.028522212,0.011843922616666667,0.9881560773833333,0
sprsound2022::65052739_1.7_1_p2_418__event_001,sprsound2022,sprsound2022::65052739,calibration,False,0,normal,1.2830000000000004,0,0.0006504302,1.9253515e-05,0.0033035225,0.0013244020716666664,0.9986755979283334,0
sprsound2022::65052739_1.7_1_p2_418__event_002,sprsound2022,sprsound2022::65052739,calibration,False,0,normal,1.66,0,0.0063825725,4.9743703e-05,0.11994342,0.042125245400999996,0.957874754599,0
sprsound2022::65052739_1.7_1_p2_418__event_003,sprsound2022,sprsound2022::65052739,calibration,False,0,normal,1.5529999999999995,0,0.0036317,4.7941172e-05,0.017176824,0.006952155057333333,0.9930478449426666,0
sprsound2022::65052739_1.7_1_p3_419__event_000,sprsound2022,sprsound2022::65052739,calibration,False,0,normal,1.1900000000000013,0,0.0006495688,0.000101018624,0.0024629382,0.001071175208,0.998928824792,0
sprsound2022::65052739_1.7_1_p3_419__event_001,sprsound2022,sprsound2022::65052739,calibration,False,0,normal,1.2379999999999995,0,0.006993827,0.00017016241,0.008289953,0.005151314136666666,0.9948486858633333,0
sprsound2022::65052739_1.7_1_p3_419__event_002,sprsound2022,sprsound2022::65052739,calibration,False,0,normal,1.4249999999999998,0,0.00081648596,8.808359e-05,0.003442333,0.0014489675166666667,0.9985510324833333,0
sprsound2022::65052739_1.7_1_p3_419__event_003,sprsound2022,sprsound2022::65052739,calibration,False,0,normal,1.2920000000000016,0,0.0028684102,8.2167884e-05,0.01961186,0.007520812694666666,0.9924791873053334,0
sprsound2022::65052739_1.7_1_p3_419__event_004,sprsound2022,sprsound2022::65052739,calibration,False,0,normal,1.193999999999999,0,0.0014999508,6.745831e-05,0.006081911,0.00254977337,0.99745022663,0
sprsound2022::65052739_1.7_1_p4_420__event_000,sprsound2022,sprsound2022::65052739,calibration,False,0,normal,0.9540000000000006,0,0.00090423576,0.00033664456,0.0088134585,0.003351446273333333,0.9966485537266667,0
sprsound2022::65052739_1.7_1_p4_420__event_001,sprsound2022,sprsound2022::65052739,calibration,False,0,normal,1.6449999999999996,0,0.0005732314,5.2687385e-05,0.004278597,0.0016348385950000002,0.998365161405,0
sprsound2022::65052739_1.7_1_p4_420__event_002,sprsound2022,sprsound2022::65052739,calibration,False,0,normal,1.0149999999999997,0,0.0015804606,0.00049052393,0.008308259,0.0034597478433333333,0.9965402521566666,0
sprsound2022::65052739_1.7_1_p4_420__event_003,sprsound2022,sprsound2022::65052739,calibration,False,0,normal,1.1929999999999996,0,0.012117226,0.00037884066,0.07693592,0.029810662220000003,0.97018933778,0
sprsound2022::65052739_1.7_1_p4_420__event_004,sprsound2022,sprsound2022::65052739,calibration,False,0,normal,1.668,0,0.022688176,0.00050786283,0.056885045,0.026693694610000002,0.97330630539,0
sprsound2022::65052739_1.7_1_p4_420__event_005,sprsound2022,sprsound2022::65052739,calibration,False,0,normal,1.6390000000000002,0,0.005687781,0.0003166201,0.024314553,0.010106318033333334,0.9898936819666667,0
sprsound2022::65063170_5.1_0_p4_484__event_000,sprsound2022,sprsound2022::65063170,calibration,False,0,normal,1.481,0,0.004112262,0.00023490816,0.011930514,0.00542589472,0.99457410528,0
sprsound2022::65063170_5.1_0_p4_484__event_001,sprsound2022,sprsound2022::65063170,calibration,False,0,normal,1.4520000000000004,0,0.0026144835,0.00014732538,0.005241643,0.002667817293333333,0.9973321827066667,0
sprsound2022::65064302_3.2_1_p1_1093__event_000,sprsound2022,sprsound2022::65064302,calibration,False,0,normal,1.9000000000000004,0,0.0013126876,0.00017329743,0.014255904,0.005247296343333333,0.9947527036566667,0
sprsound2022::65064302_3.2_1_p1_1093__event_001,sprsound2022,sprsound2022::65064302,calibration,False,0,normal,1.779,0,0.002628372,0.0005157654,0.01845437,0.007199502466666667,0.9928004975333333,0
sprsound2022::65064302_3.2_1_p1_1093__event_002,sprsound2022,sprsound2022::65064302,calibration,False,0,normal,1.5510000000000002,0,0.003202482,0.0002909775,0.020522075,0.008005178166666667,0.9919948218333333,0
sprsound2022::65064302_3.2_1_p1_1093__event_003,sprsound2022,sprsound2022::65064302,calibration,False,0,normal,1.4689999999999994,0,0.0014865729,9.170958e-05,0.0060594375,0.00254590666,0.99745409334,0
sprsound2022::65064302_3.2_1_p1_1093__event_004,sprsound2022,sprsound2022::65064302,calibration,False,0,normal,1.1580000000000013,0,0.007877955,0.0014827359,0.029818004,0.013059564966666666,0.9869404350333333,0
sprsound2022::65064302_3.2_1_p1_1093__event_005,sprsound2022,sprsound2022::65064302,calibration,False,0,normal,1.543,0,0.00715929,0.0003259283,0.02234284,0.009942686099999999,0.9900573139,0
sprsound2022::65064302_3.2_1_p2_1094__event_000,sprsound2022,sprsound2022::65064302,calibration,False,0,normal,1.543,0,0.0048558,0.0002783893,0.017649736,0.007594641766666667,0.9924053582333333,0
sprsound2022::65064302_3.2_1_p2_1094__event_001,sprsound2022,sprsound2022::65064302,calibration,False,0,normal,1.5409999999999997,0,0.00079105806,0.00024531735,0.008670955,0.003235776803333333,0.9967642231966667,0
sprsound2022::65064302_3.2_1_p2_1094__event_002,sprsound2022,sprsound2022::65064302,calibration,False,0,normal,1.3760000000000003,0,0.002062071,0.00029520612,0.022529056,0.008295444373333334,0.9917045556266667,0
sprsound2022::65064302_3.2_1_p2_1094__event_003,sprsound2022,sprsound2022::65064302,calibration,False,0,normal,1.293,0,0.0031277733,0.0002581223,0.01440449,0.005930128533333333,0.9940698714666667,0
sprsound2022::65064302_3.2_1_p2_1094__event_004,sprsound2022,sprsound2022::65064302,calibration,False,0,normal,1.482000000000001,0,0.012988364,0.0021102934,0.02772481,0.014274489133333332,0.9857255108666667,0
sprsound2022::65064302_3.2_1_p2_1094__event_005,sprsound2022,sprsound2022::65064302,calibration,False,0,normal,1.2609999999999992,0,0.0013905161,0.00023051156,0.009648805,0.0037566108866666664,0.9962433891133333,0
sprsound2022::65064302_3.2_1_p2_1094__event_006,sprsound2022,sprsound2022::65064302,calibration,False,0,normal,1.2739999999999991,0,0.0011610416,0.00018767893,0.013011926,0.004786882176666667,0.9952131178233333,0
sprsound2022::65064302_3.2_1_p2_1094__event_007,sprsound2022,sprsound2022::65064302,calibration,False,0,normal,0.697000000000001,0,0.014048489,0.0015085143,0.0831315,0.032896167766666665,0.9671038322333333,0
sprsound2022::65064302_3.2_1_p4_1096__event_000,sprsound2022,sprsound2022::65064302,calibration,False,0,normal,1.47,0,0.01088564,0.00022869631,0.0068102074,0.005974847903333334,0.9940251520966666,0
sprsound2022::65064302_3.2_1_p4_1096__event_001,sprsound2022,sprsound2022::65064302,calibration,False,0,normal,1.3640000000000008,0,0.065421656,0.0001288521,0.06364756,0.043066022700000005,0.9569339773,0
sprsound2022::65064302_3.2_1_p4_1096__event_002,sprsound2022,sprsound2022::65064302,calibration,False,0,normal,1.4620000000000002,0,0.004000539,0.00066977076,0.022287922,0.008986077253333334,0.9910139227466667,0
sprsound2022::65064302_3.2_1_p4_1096__event_003,sprsound2022,sprsound2022::65064302,calibration,False,0,normal,1.37,0,0.36105427,0.008258118,0.068885855,0.146066081,0.853933919,0
sprsound2022::65064302_3.2_1_p4_1096__event_004,sprsound2022,sprsound2022::65064302,calibration,False,0,normal,0.9419999999999984,0,0.008845027,0.0008746881,0.026461266,0.012060327033333334,0.9879396729666666,0
sprsound2022::65064302_3.2_1_p4_1096__event_005,sprsound2022,sprsound2022::65064302,calibration,False,0,normal,1.6760000000000002,0,0.26005495,0.0012674882,0.64091766,0.3007466994,0.6992533006,0
sprsound2022::65064302_3.2_1_p4_1096__event_006,sprsound2022,sprsound2022::65064302,calibration,False,0,normal,1.606999999999999,0,0.9908217,0.13272373,0.80620474,0.6432500566666667,0.3567499433333333,1
sprsound2022::65068248_2.2_0_p1_1201__event_000,sprsound2022,sprsound2022::65068248,calibration,False,0,normal,1.1509999999999998,0,0.00076215126,0.00013212787,0.008857129,0.003250469376666667,0.9967495306233334,0
sprsound2022::65068248_2.2_0_p1_1201__event_001,sprsound2022,sprsound2022::65068248,calibration,False,0,normal,1.766,0,0.0027752158,0.00010245224,0.01572915,0.00620227268,0.99379772732,0
sprsound2022::65068248_2.2_0_p1_1201__event_002,sprsound2022,sprsound2022::65068248,calibration,False,0,normal,0.6029999999999998,0,0.009829902,0.0004292154,0.18510553,0.06512154913333333,0.9348784508666667,0
sprsound2022::65068248_2.2_0_p1_1236__event_000,sprsound2022,sprsound2022::65068248,calibration,False,0,normal,1.034,0,0.9822072,0.59483695,0.9115994,0.82954785,0.17045215000000002,1
sprsound2022::65068248_2.2_0_p1_1236__event_001,sprsound2022,sprsound2022::65068248,calibration,False,0,normal,1.0299999999999998,0,0.025305223,0.015208577,0.092594996,0.04436959866666667,0.9556304013333333,0
sprsound2022::65068248_2.2_0_p2_1177__event_000,sprsound2022,sprsound2022::65068248,calibration,False,1,fine_crackle,1.1370000000000005,1,0.00879369,0.004844118,0.010242026,0.007959944666666666,0.9920400553333333,0
sprsound2022::65068248_2.2_0_p2_1177__event_001,sprsound2022,sprsound2022::65068248,calibration,False,1,fine_crackle,1.048,1,0.11037397,0.20906664,0.10208326,0.14050795666666668,0.8594920433333333,0
sprsound2022::65068248_2.2_0_p2_1177__event_002,sprsound2022,sprsound2022::65068248,calibration,False,0,normal,1.99,0,0.007045915,0.000759036,0.015464853,0.007756601333333334,0.9922433986666667,0
sprsound2022::65068248_2.2_0_p2_1177__event_003,sprsound2022,sprsound2022::65068248,calibration,False,0,normal,1.878,0,0.5026302,0.0019442341,0.56761366,0.35739603136666664,0.6426039686333334,0
sprsound2022::65068248_2.2_0_p2_1248__event_000,sprsound2022,sprsound2022::65068248,calibration,False,0,normal,1.1980000000000004,0,0.049303975,0.010726921,0.73676544,0.26559877866666665,0.7344012213333333,0
sprsound2022::65068248_2.2_0_p2_1248__event_001,sprsound2022,sprsound2022::65068248,calibration,False,0,normal,0.782,0,0.97396696,0.94348687,0.8006692,0.90604101,0.09395898999999996,1
sprsound2022::65068248_2.2_0_p4_1259__event_000,sprsound2022,sprsound2022::65068248,calibration,False,0,normal,1.152,0,0.00672106,0.00045556363,0.011181847,0.006119490209999999,0.99388050979,0
sprsound2022::65068248_2.2_0_p4_1259__event_001,sprsound2022,sprsound2022::65068248,calibration,False,0,normal,1.0810000000000004,0,0.5180356,0.11772088,0.9059243,0.5138935933333334,0.4861064066666666,1
sprsound2022::65068248_2.2_0_p4_1259__event_002,sprsound2022,sprsound2022::65068248,calibration,False,0,normal,0.9689999999999994,0,0.992474,0.9744548,0.98340684,0.9834452133333332,0.016554786666666765,1
sprsound2022::65080696_11.1_1_p1_1873__event_000,sprsound2022,sprsound2022::65080696,calibration,False,0,normal,2.0380000000000003,0,0.029077414,0.0037945888,0.021717673,0.0181965586,0.9818034414,0
sprsound2022::65080696_11.1_1_p1_1934__event_000,sprsound2022,sprsound2022::65080696,calibration,False,0,normal,1.67,0,0.0030040815,0.00018701566,0.0071068313,0.00343264282,0.99656735718,0
sprsound2022::65080696_11.1_1_p1_1934__event_001,sprsound2022,sprsound2022::65080696,calibration,False,0,normal,1.666,0,0.02952188,0.00071836903,0.05148922,0.027243156343333335,0.9727568436566667,0
sprsound2022::65080696_11.1_1_p1_1934__event_002,sprsound2022,sprsound2022::65080696,calibration,False,0,normal,1.5909999999999993,0,0.06327485,0.0021293417,0.041970327,0.03579150623333333,0.9642084937666666,0
sprsound2022::65080696_11.1_1_p2_1890__event_000,sprsound2022,sprsound2022::65080696,calibration,False,0,normal,1.1500000000000004,0,0.8590525,0.2962783,0.82851905,0.6612832833333333,0.3387167166666667,1
sprsound2022::65080696_11.1_1_p2_1890__event_001,sprsound2022,sprsound2022::65080696,calibration,False,0,normal,3.727,0,0.0038653312,8.5948435e-05,0.01611971,0.006690329878333332,0.9933096701216667,0
sprsound2022::65080696_11.1_1_p2_1927__event_000,sprsound2022,sprsound2022::65080696,calibration,False,0,normal,2.029,0,0.011603449,0.001187616,0.02492771,0.012572924999999999,0.987427075,0
sprsound2022::65080696_11.1_1_p2_1927__event_001,sprsound2022,sprsound2022::65080696,calibration,False,0,normal,1.1340000000000003,0,0.1693587,0.01870385,0.14152007,0.10986087333333333,0.8901391266666667,0
sprsound2022::65080696_11.1_1_p2_1927__event_002,sprsound2022,sprsound2022::65080696,calibration,False,0,normal,3.5649999999999995,0,0.0029757554,3.0574254e-05,0.0055762674,0.0028608656846666664,0.9971391343153333,0
sprsound2022::65080696_11.1_1_p2_1960__event_000,sprsound2022,sprsound2022::65080696,calibration,False,0,normal,1.37,0,0.041108612,0.0140172085,0.08724947,0.04745843016666667,0.9525415698333334,0
sprsound2022::65080696_11.1_1_p2_1960__event_001,sprsound2022,sprsound2022::65080696,calibration,False,0,normal,1.7700000000000005,0,0.7125861,0.017120827,0.34300813,0.35757168566666664,0.6424283143333334,0
sprsound2022::65080696_11.1_1_p3_1911__event_000,sprsound2022,sprsound2022::65080696,calibration,False,0,normal,1.648,0,0.47099072,0.074553505,0.28856394,0.278036055,0.7219639449999999,0
sprsound2022::65080696_11.1_1_p3_1911__event_001,sprsound2022,sprsound2022::65080696,calibration,False,0,normal,0.8410000000000002,0,0.37794653,0.13787363,0.8119564,0.44259218666666666,0.5574078133333333,0
sprsound2022::65080696_11.1_1_p3_1911__event_002,sprsound2022,sprsound2022::65080696,calibration,False,0,normal,2.2249999999999996,0,0.008532516,6.9375674e-05,0.018359814,0.008987235224666665,0.9910127647753333,0
sprsound2022::65080696_11.1_1_p4_1831__event_000,sprsound2022,sprsound2022::65080696,calibration,False,1,fine_crackle,0.8040000000000003,1,0.99426395,0.9862867,0.992477,0.9910092166666667,0.008990783333333252,1
sprsound2022::65080696_11.1_1_p4_1831__event_001,sprsound2022,sprsound2022::65080696,calibration,False,0,normal,2.5069999999999997,0,0.0007256752,2.3529048e-05,0.005093563,0.0019475890826666665,0.9980524109173333,0
sprsound2022::65080696_11.1_1_p4_1955__event_000,sprsound2022,sprsound2022::65080696,calibration,False,0,normal,1.444,0,0.020315146,0.00033271845,0.08683918,0.035829014816666664,0.9641709851833333,0
