sample_id,dataset,patient_id,protocol_role,locked,binary_label_id,fine_label_name,event_duration_seconds,target,probability_0,probability_1,prediction
sprsound2022::40672181_13.1_0_p1_2728__event_000,sprsound2022,sprsound2022::40672181,calibration,False,0,normal,1.979,0,0.7985943,0.20140566,0
sprsound2022::40672181_13.1_0_p1_2728__event_001,sprsound2022,sprsound2022::40672181,calibration,False,0,normal,1.621,0,0.98762345,0.012376531,0
sprsound2022::40672181_13.1_0_p1_2728__event_002,sprsound2022,sprsound2022::40672181,calibration,False,0,normal,1.6320000000000006,0,0.9909672,0.009032769,0
sprsound2022::40672181_13.1_0_p1_2728__event_003,sprsound2022,sprsound2022::40672181,calibration,False,0,normal,0.7459999999999987,0,0.1836998,0.8163002,1
sprsound2022::40672181_13.1_0_p4_2764__event_000,sprsound2022,sprsound2022::40672181,calibration,False,0,normal,4.074999999999999,0,0.9233942,0.076605745,0
sprsound2022::40686765_6.7_1_p1_3025__event_000,sprsound2022,sprsound2022::40686765,calibration,False,0,normal,2.279000000000001,0,0.99234277,0.00765721,0
sprsound2022::40686765_6.7_1_p1_3077__event_000,sprsound2022,sprsound2022::40686765,calibration,False,0,normal,1.618,0,0.9605063,0.03949369,0
sprsound2022::40686765_6.7_1_p2_2991__event_000,sprsound2022,sprsound2022::40686765,calibration,False,0,normal,1.267,0,0.87752694,0.1224731,0
sprsound2022::40686765_6.7_1_p2_2991__event_001,sprsound2022,sprsound2022::40686765,calibration,False,0,normal,1.6189999999999989,0,0.9793407,0.020659342,0
sprsound2022::40686765_6.7_1_p2_2991__event_002,sprsound2022,sprsound2022::40686765,calibration,False,0,normal,1.481,0,0.119523406,0.8804766,1
sprsound2022::40686765_6.7_1_p2_3059__event_000,sprsound2022,sprsound2022::40686765,calibration,False,0,normal,2.609,0,0.9985771,0.0014228751,0
sprsound2022::40686765_6.7_1_p2_3059__event_001,sprsound2022,sprsound2022::40686765,calibration,False,0,normal,1.2989999999999997,0,0.99144465,0.008555408,0
sprsound2022::40686765_6.7_1_p3_3042__event_000,sprsound2022,sprsound2022::40686765,calibration,False,0,normal,1.798,0,0.9479779,0.05202209,0
sprsound2022::40686765_6.7_1_p3_3042__event_001,sprsound2022,sprsound2022::40686765,calibration,False,0,normal,0.7469999999999999,0,0.5841617,0.41583833,0
sprsound2022::40686765_6.7_1_p4_3008__event_000,sprsound2022,sprsound2022::40686765,calibration,False,0,normal,1.497,0,0.9335734,0.06642656,0
sprsound2022::40686765_6.7_1_p4_3008__event_001,sprsound2022,sprsound2022::40686765,calibration,False,0,normal,0.7690000000000001,0,0.013648436,0.98635155,1
sprsound2022::40686765_6.7_1_p4_3095__event_000,sprsound2022,sprsound2022::40686765,calibration,False,0,normal,2.39,0,0.97916996,0.020830074,0
sprsound2022::40686765_6.7_1_p4_3095__event_001,sprsound2022,sprsound2022::40686765,calibration,False,0,normal,1.341000000000001,0,0.76023614,0.23976393,0
sprsound2022::40686765_6.7_1_p4_3095__event_002,sprsound2022,sprsound2022::40686765,calibration,False,0,normal,1.8630000000000004,0,0.4127134,0.58728653,1
sprsound2022::40908606_3.7_1_p1_401__event_000,sprsound2022,sprsound2022::40908606,calibration,False,0,normal,0.8540000000000001,0,0.9926318,0.007368253,0
sprsound2022::40908606_3.7_1_p1_401__event_001,sprsound2022,sprsound2022::40908606,calibration,False,0,normal,1.0059999999999998,0,0.99213046,0.00786953,0
sprsound2022::40908606_3.7_1_p1_401__event_002,sprsound2022,sprsound2022::40908606,calibration,False,0,normal,1.053,0,0.7028126,0.2971874,0
sprsound2022::40908606_3.7_1_p1_401__event_003,sprsound2022,sprsound2022::40908606,calibration,False,0,normal,1.0659999999999998,0,0.99312675,0.0068732267,0
sprsound2022::40908606_3.7_1_p1_401__event_004,sprsound2022,sprsound2022::40908606,calibration,False,0,normal,0.9260000000000002,0,0.97588533,0.024114646,0
sprsound2022::40908606_3.7_1_p1_401__event_005,sprsound2022,sprsound2022::40908606,calibration,False,0,normal,1.6010000000000004,0,0.9944634,0.0055365795,0
sprsound2022::40908606_3.7_1_p2_402__event_000,sprsound2022,sprsound2022::40908606,calibration,False,0,normal,0.5589999999999999,0,0.9863686,0.013631411,0
sprsound2022::40908606_3.7_1_p2_402__event_001,sprsound2022,sprsound2022::40908606,calibration,False,0,normal,0.8129999999999997,0,0.98223186,0.017768087,0
sprsound2022::40908606_3.7_1_p2_402__event_002,sprsound2022,sprsound2022::40908606,calibration,False,0,normal,0.6310000000000002,0,0.9843688,0.015631171,0
sprsound2022::40908606_3.7_1_p2_402__event_003,sprsound2022,sprsound2022::40908606,calibration,False,0,normal,0.8129999999999997,0,0.9931102,0.006889827,0
sprsound2022::40908606_3.7_1_p2_402__event_004,sprsound2022,sprsound2022::40908606,calibration,False,0,normal,0.9499999999999996,0,0.97098666,0.02901341,0
sprsound2022::40908606_3.7_1_p3_403__event_000,sprsound2022,sprsound2022::40908606,calibration,False,0,normal,0.5140000000000001,0,0.99285936,0.0071406458,0
sprsound2022::40908606_3.7_1_p3_403__event_001,sprsound2022,sprsound2022::40908606,calibration,False,0,normal,0.4879999999999995,0,0.9792718,0.020728217,0
sprsound2022::40908606_3.7_1_p4_404__event_000,sprsound2022,sprsound2022::40908606,calibration,False,0,normal,1.2560000000000002,0,0.985285,0.014715017,0
sprsound2022::40908606_3.7_1_p4_404__event_001,sprsound2022,sprsound2022::40908606,calibration,False,0,normal,1.2390000000000008,0,0.99454296,0.0054570516,0
sprsound2022::40943224_9.7_0_p4_96__event_000,sprsound2022,sprsound2022::40943224,calibration,False,0,normal,1.0739999999999998,0,0.9959571,0.004042952,0
sprsound2022::40943224_9.7_0_p4_96__event_001,sprsound2022,sprsound2022::40943224,calibration,False,0,normal,2.096,0,0.9598185,0.04018154,0
sprsound2022::41068313_6.1_1_p1_1980__event_000,sprsound2022,sprsound2022::41068313,calibration,False,0,normal,0.8980000000000006,0,0.6930422,0.30695772,0
sprsound2022::41068313_6.1_1_p1_1980__event_001,sprsound2022,sprsound2022::41068313,calibration,False,0,normal,0.6779999999999999,0,0.14270702,0.85729295,1
sprsound2022::41068313_6.1_1_p1_1984__event_000,sprsound2022,sprsound2022::41068313,calibration,False,0,normal,1.306,0,0.9835686,0.016431406,0
sprsound2022::41068313_6.1_1_p1_1989__event_000,sprsound2022,sprsound2022::41068313,calibration,False,0,normal,1.241,0,0.1117933,0.8882067,1
sprsound2022::41068313_6.1_1_p1_1989__event_001,sprsound2022,sprsound2022::41068313,calibration,False,0,normal,0.7900000000000009,0,0.3303896,0.6696104,1
sprsound2022::41068313_6.1_1_p2_1985__event_000,sprsound2022,sprsound2022::41068313,calibration,False,0,normal,1.334,0,0.9968009,0.0031990435,0
sprsound2022::41068313_6.1_1_p2_1985__event_001,sprsound2022,sprsound2022::41068313,calibration,False,0,normal,0.7749999999999995,0,0.97566664,0.0243334,0
sprsound2022::41068313_6.1_1_p2_1985__event_002,sprsound2022,sprsound2022::41068313,calibration,False,0,normal,2.2750000000000004,0,0.99487853,0.005121418,0
sprsound2022::41068313_6.1_1_p2_1985__event_003,sprsound2022,sprsound2022::41068313,calibration,False,0,normal,1.3159999999999998,0,0.9765703,0.023429686,0
sprsound2022::41068313_6.1_1_p2_1991__event_000,sprsound2022,sprsound2022::41068313,calibration,False,0,normal,1.1719999999999997,0,0.98431915,0.01568087,0
sprsound2022::41068313_6.1_1_p2_1991__event_001,sprsound2022,sprsound2022::41068313,calibration,False,0,normal,0.7509999999999994,0,0.9874523,0.01254765,0
sprsound2022::41068313_6.1_1_p2_1991__event_002,sprsound2022,sprsound2022::41068313,calibration,False,0,normal,1.0910000000000002,0,0.9624338,0.03756616,0
sprsound2022::41068313_6.1_1_p3_1981__event_000,sprsound2022,sprsound2022::41068313,calibration,False,0,normal,1.5499999999999998,0,0.9946085,0.0053914157,0
sprsound2022::41068313_6.1_1_p3_1981__event_001,sprsound2022,sprsound2022::41068313,calibration,False,0,normal,1.0750000000000002,0,0.7669603,0.23303966,0
sprsound2022::41068313_6.1_1_p3_1981__event_002,sprsound2022,sprsound2022::41068313,calibration,False,0,normal,0.7480000000000011,0,0.9574577,0.042542312,0
sprsound2022::41068313_6.1_1_p3_1988__event_000,sprsound2022,sprsound2022::41068313,calibration,False,0,normal,1.5560000000000005,0,0.9909994,0.0090005575,0
sprsound2022::41068313_6.1_1_p4_1982__event_000,sprsound2022,sprsound2022::41068313,calibration,False,0,normal,0.7699999999999996,0,0.9675271,0.032472845,0
sprsound2022::41068313_6.1_1_p4_1982__event_001,sprsound2022,sprsound2022::41068313,calibration,False,0,normal,0.4959999999999986,0,0.96720517,0.03279483,0
sprsound2022::41068313_6.1_1_p4_1982__event_002,sprsound2022,sprsound2022::41068313,calibration,False,0,normal,0.903,0,0.99041325,0.009586743,0
sprsound2022::41068313_6.1_1_p4_3018__event_000,sprsound2022,sprsound2022::41068313,calibration,False,0,normal,1.54,0,0.9776422,0.02235785,0
sprsound2022::41068313_6.1_1_p4_3018__event_001,sprsound2022,sprsound2022::41068313,calibration,False,0,normal,1.54,0,0.99184656,0.008153441,0
sprsound2022::41068313_6.1_1_p4_3018__event_002,sprsound2022,sprsound2022::41068313,calibration,False,0,normal,1.5630000000000006,0,0.996693,0.003306974,0
sprsound2022::41068313_6.1_1_p4_3018__event_003,sprsound2022,sprsound2022::41068313,calibration,False,0,normal,1.2799999999999994,0,0.7573219,0.24267808,0
sprsound2022::41068313_6.1_1_p4_3018__event_004,sprsound2022,sprsound2022::41068313,calibration,False,0,normal,2.322,0,0.98490673,0.0150933135,0
sprsound2022::41074281_5.0_1_p1_405__event_000,sprsound2022,sprsound2022::41074281,calibration,False,0,normal,1.7840000000000005,0,0.9856318,0.014368121,0
sprsound2022::41074281_5.0_1_p1_405__event_001,sprsound2022,sprsound2022::41074281,calibration,False,0,normal,2.117,0,0.9970796,0.0029203643,0
sprsound2022::41074281_5.0_1_p1_405__event_002,sprsound2022,sprsound2022::41074281,calibration,False,0,normal,1.6479999999999997,0,0.99633163,0.0036684063,0
sprsound2022::41074281_5.0_1_p2_406__event_000,sprsound2022,sprsound2022::41074281,calibration,False,0,normal,1.809,0,0.9962315,0.0037684934,0
sprsound2022::41074281_5.0_1_p2_406__event_001,sprsound2022,sprsound2022::41074281,calibration,False,0,normal,2.0630000000000006,0,0.9961773,0.0038226673,0
sprsound2022::41074281_5.0_1_p2_406__event_002,sprsound2022,sprsound2022::41074281,calibration,False,0,normal,2.093,0,0.9957228,0.004277244,0
sprsound2022::41074281_5.0_1_p2_406__event_003,sprsound2022,sprsound2022::41074281,calibration,False,0,normal,0.9380000000000006,0,0.9625168,0.03748321,0
sprsound2022::41074281_5.0_1_p3_407__event_000,sprsound2022,sprsound2022::41074281,calibration,False,0,normal,1.889,0,0.99266946,0.007330575,0
sprsound2022::41074281_5.0_1_p3_407__event_001,sprsound2022,sprsound2022::41074281,calibration,False,0,normal,2.221,0,0.9938339,0.0061660954,0
sprsound2022::41074281_5.0_1_p3_407__event_002,sprsound2022,sprsound2022::41074281,calibration,False,0,normal,1.1479999999999997,0,0.90074736,0.099252634,0
sprsound2022::41074281_5.0_1_p3_407__event_003,sprsound2022,sprsound2022::41074281,calibration,False,0,normal,1.789,0,0.97940814,0.020591844,0
sprsound2022::41074281_5.0_1_p4_408__event_000,sprsound2022,sprsound2022::41074281,calibration,False,0,normal,2.663000000000001,0,0.99315107,0.0068489653,0
sprsound2022::41096663_5.5_1_p1_561__event_000,sprsound2022,sprsound2022::41096663,calibration,False,0,normal,2.1660000000000004,0,0.97191113,0.028088884,0
sprsound2022::41108858_5.0_0_p1_1152__event_000,sprsound2022,sprsound2022::41108858,calibration,False,0,normal,1.2999999999999998,0,0.9935684,0.006431511,0
sprsound2022::41108858_5.0_0_p1_1152__event_001,sprsound2022,sprsound2022::41108858,calibration,False,0,normal,0.7010000000000005,0,0.9918903,0.008109632,0
sprsound2022::41108858_5.0_0_p1_1152__event_002,sprsound2022,sprsound2022::41108858,calibration,False,0,normal,1.1310000000000002,0,0.9817329,0.018267136,0
sprsound2022::41108858_5.0_0_p1_1152__event_003,sprsound2022,sprsound2022::41108858,calibration,False,0,normal,1.245,0,0.92781454,0.0721854,0
sprsound2022::41108858_5.0_0_p1_1152__event_004,sprsound2022,sprsound2022::41108858,calibration,False,0,normal,1.076,0,0.9510257,0.048974324,0
sprsound2022::41108858_5.0_0_p1_1455__event_000,sprsound2022,sprsound2022::41108858,calibration,False,0,normal,0.816,0,0.9949038,0.0050961813,0
sprsound2022::41108858_5.0_0_p1_1455__event_001,sprsound2022,sprsound2022::41108858,calibration,False,0,normal,0.8040000000000003,0,0.9802926,0.019707412,0
sprsound2022::41108858_5.0_0_p1_1455__event_002,sprsound2022,sprsound2022::41108858,calibration,False,0,normal,0.8650000000000002,0,0.98783267,0.012167346,0
sprsound2022::41108858_5.0_0_p1_1455__event_003,sprsound2022,sprsound2022::41108858,calibration,False,0,normal,1.0060000000000002,0,0.9945484,0.005451653,0
sprsound2022::41108858_5.0_0_p1_1455__event_004,sprsound2022,sprsound2022::41108858,calibration,False,0,normal,0.7519999999999998,0,0.98728335,0.012716654,0
sprsound2022::41108858_5.0_0_p1_1455__event_005,sprsound2022,sprsound2022::41108858,calibration,False,0,normal,1.0939999999999994,0,0.98613805,0.013862,0
sprsound2022::41108858_5.0_0_p1_1484__event_000,sprsound2022,sprsound2022::41108858,calibration,False,0,normal,0.8580000000000001,0,0.9905036,0.00949631,0
sprsound2022::41108858_5.0_0_p1_1484__event_001,sprsound2022,sprsound2022::41108858,calibration,False,0,normal,1.273,0,0.97774327,0.02225676,0
sprsound2022::41108858_5.0_0_p2_1142__event_000,sprsound2022,sprsound2022::41108858,calibration,False,0,normal,1.1849999999999998,0,0.9943099,0.0056901276,0
sprsound2022::41108858_5.0_0_p2_1142__event_001,sprsound2022,sprsound2022::41108858,calibration,False,0,normal,1.2329999999999997,0,0.94840175,0.051598277,0
sprsound2022::41108858_5.0_0_p2_1142__event_002,sprsound2022,sprsound2022::41108858,calibration,False,0,normal,1.2279999999999998,0,0.9909293,0.009070715,0
sprsound2022::41108858_5.0_0_p2_1142__event_003,sprsound2022,sprsound2022::41108858,calibration,False,0,normal,1.3129999999999995,0,0.84361595,0.15638407,0
sprsound2022::41108858_5.0_0_p2_1142__event_004,sprsound2022,sprsound2022::41108858,calibration,False,0,normal,1.1800000000000006,0,0.93212897,0.067871004,0
sprsound2022::41108858_5.0_0_p4_1161__event_000,sprsound2022,sprsound2022::41108858,calibration,False,0,normal,1.0040000000000004,0,0.1012015,0.8987985,1
sprsound2022::41108858_5.0_0_p4_1161__event_001,sprsound2022,sprsound2022::41108858,calibration,False,0,normal,1.4010000000000007,0,0.99592054,0.004079438,0
sprsound2022::41108858_5.0_0_p4_1468__event_000,sprsound2022,sprsound2022::41108858,calibration,False,0,normal,1.423,0,0.9953017,0.0046982677,0
sprsound2022::41108858_5.0_0_p4_1468__event_001,sprsound2022,sprsound2022::41108858,calibration,False,0,normal,1.229,0,0.99325025,0.006749719,0
sprsound2022::41108858_5.0_0_p4_1468__event_002,sprsound2022,sprsound2022::41108858,calibration,False,0,normal,1.606,0,0.9922988,0.007701184,0
sprsound2022::41108858_5.0_0_p4_1477__event_000,sprsound2022,sprsound2022::41108858,calibration,False,0,normal,1.0990000000000002,0,0.9920769,0.007923123,0
sprsound2022::41108858_5.0_0_p4_1477__event_001,sprsound2022,sprsound2022::41108858,calibration,False,0,normal,0.8740000000000001,0,0.9951433,0.0048567266,0
sprsound2022::41108858_5.0_0_p4_1477__event_002,sprsound2022,sprsound2022::41108858,calibration,False,0,normal,0.8730000000000002,0,0.99005765,0.009942341,0
sprsound2022::41108858_5.0_0_p4_1477__event_003,sprsound2022,sprsound2022::41108858,calibration,False,0,normal,2.339,0,0.98744595,0.012554116,0
sprsound2022::41108858_5.0_0_p4_1477__event_004,sprsound2022,sprsound2022::41108858,calibration,False,0,normal,1.0939999999999994,0,0.6099915,0.39000845,0
sprsound2022::41126642_8.8_0_p1_2461__event_000,sprsound2022,sprsound2022::41126642,calibration,False,0,normal,2.241,0,0.99643904,0.003560891,0
sprsound2022::41126642_8.8_0_p1_2461__event_001,sprsound2022,sprsound2022::41126642,calibration,False,0,normal,2.3280000000000003,0,0.9978434,0.0021565773,0
sprsound2022::41126642_8.8_0_p1_2461__event_002,sprsound2022,sprsound2022::41126642,calibration,False,0,normal,2.197,0,0.9907532,0.009246847,0
sprsound2022::41126642_8.8_0_p1_2461__event_003,sprsound2022,sprsound2022::41126642,calibration,False,0,normal,1.048,0,0.29219222,0.7078078,1
sprsound2022::41126642_8.8_0_p1_2485__event_000,sprsound2022,sprsound2022::41126642,calibration,False,0,normal,1.808,0,0.98058724,0.019412743,0
sprsound2022::41126642_8.8_0_p2_2509__event_000,sprsound2022,sprsound2022::41126642,calibration,False,0,normal,1.902,0,0.99021494,0.009785026,0
sprsound2022::41126642_8.8_0_p2_2509__event_001,sprsound2022,sprsound2022::41126642,calibration,False,0,normal,2.396000000000001,0,0.07768516,0.9223148,1
sprsound2022::41126642_8.8_0_p3_2521__event_000,sprsound2022,sprsound2022::41126642,calibration,False,0,normal,1.933,0,0.98672473,0.013275275,0
sprsound2022::41126642_8.8_0_p3_2521__event_001,sprsound2022,sprsound2022::41126642,calibration,False,0,normal,2.654,0,0.9481915,0.05180842,0
sprsound2022::41126642_8.8_0_p3_2521__event_002,sprsound2022,sprsound2022::41126642,calibration,False,0,normal,1.918,0,0.7136889,0.28631106,0
sprsound2022::41126642_8.8_0_p4_2436__event_000,sprsound2022,sprsound2022::41126642,calibration,False,0,normal,1.893,0,0.98517483,0.014825179,0
sprsound2022::41126642_8.8_0_p4_2436__event_001,sprsound2022,sprsound2022::41126642,calibration,False,0,normal,1.5459999999999994,0,0.97671425,0.023285775,0
sprsound2022::41126642_8.8_0_p4_2436__event_002,sprsound2022,sprsound2022::41126642,calibration,False,0,normal,2.0069999999999997,0,0.9923752,0.0076248464,0
sprsound2022::41126642_8.8_0_p4_2436__event_003,sprsound2022,sprsound2022::41126642,calibration,False,0,normal,2.017,0,0.96810883,0.0318912,0
sprsound2022::41159145_3.3_0_p1_189__event_000,sprsound2022,sprsound2022::41159145,calibration,False,1,fine_crackle,1.978,1,0.9851894,0.014810615,0
sprsound2022::41159145_3.3_0_p1_189__event_001,sprsound2022,sprsound2022::41159145,calibration,False,0,normal,2.0540000000000003,0,0.7357723,0.26422772,0
sprsound2022::41159145_3.3_0_p1_193__event_000,sprsound2022,sprsound2022::41159145,calibration,False,0,normal,1.542,0,0.98333263,0.0166674,0
sprsound2022::41159145_3.3_0_p1_193__event_001,sprsound2022,sprsound2022::41159145,calibration,False,0,normal,1.543,0,0.9893113,0.010688704,0
sprsound2022::41159145_3.3_0_p1_193__event_002,sprsound2022,sprsound2022::41159145,calibration,False,0,normal,1.2990000000000013,0,0.42761266,0.57238734,1
sprsound2022::41159145_3.3_0_p2_194__event_000,sprsound2022,sprsound2022::41159145,calibration,False,0,normal,0.854,0,0.9864037,0.013596257,0
sprsound2022::41159145_3.3_0_p2_194__event_001,sprsound2022,sprsound2022::41159145,calibration,False,0,normal,0.8249999999999993,0,0.994118,0.0058820476,0
sprsound2022::41159145_3.3_0_p2_194__event_002,sprsound2022,sprsound2022::41159145,calibration,False,0,normal,0.7539999999999996,0,0.96667475,0.033325233,0
sprsound2022::41159145_3.3_0_p2_194__event_003,sprsound2022,sprsound2022::41159145,calibration,False,0,normal,0.8900000000000006,0,0.9882637,0.0117362905,0
sprsound2022::41159145_3.3_0_p2_194__event_004,sprsound2022,sprsound2022::41159145,calibration,False,0,normal,1.142,0,0.99443454,0.0055654366,0
sprsound2022::41159145_3.3_0_p2_194__event_005,sprsound2022,sprsound2022::41159145,calibration,False,0,normal,1.1710000000000005,0,0.99440694,0.0055930293,0
sprsound2022::41159145_3.3_0_p2_194__event_006,sprsound2022,sprsound2022::41159145,calibration,False,0,normal,1.4299999999999995,0,0.9955355,0.004464483,0
sprsound2022::41159145_3.3_0_p2_194__event_007,sprsound2022,sprsound2022::41159145,calibration,False,0,normal,1.016,0,0.29153478,0.7084652,1
sprsound2022::41159145_3.3_0_p2_730__event_000,sprsound2022,sprsound2022::41159145,calibration,False,0,normal,0.954,0,0.08060853,0.9193915,1
sprsound2022::41159145_3.3_0_p2_730__event_001,sprsound2022,sprsound2022::41159145,calibration,False,0,normal,1.0390000000000006,0,0.98389626,0.016103713,0
sprsound2022::41159145_3.3_0_p2_730__event_002,sprsound2022,sprsound2022::41159145,calibration,False,0,normal,1.344,0,0.98680204,0.01319792,0
sprsound2022::41159145_3.3_0_p3_191__event_000,sprsound2022,sprsound2022::41159145,calibration,False,1,fine_crackle,1.3579999999999997,1,0.022704678,0.9772954,1
sprsound2022::41159145_3.3_0_p3_191__event_001,sprsound2022,sprsound2022::41159145,calibration,False,0,normal,1.423,0,0.045185372,0.9548146,1
sprsound2022::41159145_3.3_0_p3_191__event_002,sprsound2022,sprsound2022::41159145,calibration,False,0,normal,2.1649999999999996,0,0.99133086,0.008669157,0
sprsound2022::41159145_3.3_0_p3_191__event_003,sprsound2022,sprsound2022::41159145,calibration,False,0,normal,1.584,0,0.95608133,0.04391864,0
sprsound2022::41159145_3.3_0_p4_192__event_000,sprsound2022,sprsound2022::41159145,calibration,False,0,normal,1.035,0,0.64216465,0.35783544,0
sprsound2022::41159145_3.3_0_p4_192__event_001,sprsound2022,sprsound2022::41159145,calibration,False,0,normal,1.4399999999999995,0,0.9947744,0.005225606,0
sprsound2022::41159145_3.3_0_p4_732__event_000,sprsound2022,sprsound2022::41159145,calibration,False,0,normal,0.7149999999999999,0,0.9812723,0.018727738,0
sprsound2022::41159145_3.3_0_p4_732__event_001,sprsound2022,sprsound2022::41159145,calibration,False,0,normal,0.952,0,0.96914816,0.030851858,0
sprsound2022::41159145_3.3_0_p4_732__event_002,sprsound2022,sprsound2022::41159145,calibration,False,0,normal,1.488,0,0.9961687,0.003831306,0
sprsound2022::41159145_3.3_0_p4_732__event_003,sprsound2022,sprsound2022::41159145,calibration,False,0,normal,1.213,0,0.99550205,0.0044980003,0
sprsound2022::41186340_6.6_0_p1_2105__event_000,sprsound2022,sprsound2022::41186340,calibration,False,1,fine_crackle,0.9060000000000006,1,0.009005161,0.9909949,1
sprsound2022::41186340_6.6_0_p1_2105__event_001,sprsound2022,sprsound2022::41186340,calibration,False,1,fine_crackle,0.7669999999999995,1,0.0067215213,0.99327844,1
sprsound2022::41186340_6.6_0_p1_2105__event_002,sprsound2022,sprsound2022::41186340,calibration,False,1,fine_crackle,0.8009999999999993,1,0.014195262,0.98580474,1
sprsound2022::41186340_6.6_0_p1_2113__event_000,sprsound2022,sprsound2022::41186340,calibration,False,1,fine_crackle,0.7599999999999998,1,0.07269319,0.9273068,1
sprsound2022::41186340_6.6_0_p1_2113__event_001,sprsound2022,sprsound2022::41186340,calibration,False,1,fine_crackle,0.8899999999999997,1,0.010594559,0.98940545,1
sprsound2022::41186340_6.6_0_p1_2148__event_000,sprsound2022,sprsound2022::41186340,calibration,False,1,fine_crackle,1.0780000000000003,1,0.004347444,0.99565256,1
sprsound2022::41186340_6.6_0_p1_2148__event_001,sprsound2022,sprsound2022::41186340,calibration,False,1,fine_crackle,0.8389999999999986,1,0.0022612326,0.9977387,1
sprsound2022::41186340_6.6_0_p1_2148__event_002,sprsound2022,sprsound2022::41186340,calibration,False,1,fine_crackle,0.579,1,0.017764607,0.9822353,1
sprsound2022::41186340_6.6_0_p1_2151__event_000,sprsound2022,sprsound2022::41186340,calibration,False,1,fine_crackle,0.975,1,0.03272076,0.9672792,1
sprsound2022::41186340_6.6_0_p1_2151__event_001,sprsound2022,sprsound2022::41186340,calibration,False,0,normal,0.902,0,0.97828203,0.021717988,0
sprsound2022::41186340_6.6_0_p1_2151__event_002,sprsound2022,sprsound2022::41186340,calibration,False,0,normal,1.104,0,0.9496723,0.050327707,0
sprsound2022::41186340_6.6_0_p1_2151__event_003,sprsound2022,sprsound2022::41186340,calibration,False,1,fine_crackle,0.902,1,0.014123431,0.9858766,1
sprsound2022::41186340_6.6_0_p1_2179__event_000,sprsound2022,sprsound2022::41186340,calibration,False,1,fine_crackle,0.9900000000000002,1,0.0035370844,0.9964629,1
sprsound2022::41186340_6.6_0_p1_2179__event_001,sprsound2022,sprsound2022::41186340,calibration,False,1,fine_crackle,0.9819999999999992,1,0.007248075,0.99275196,1
sprsound2022::41186340_6.6_0_p1_2296__event_000,sprsound2022,sprsound2022::41186340,calibration,False,0,normal,1.122,0,0.4254627,0.5745372,1
sprsound2022::41186340_6.6_0_p1_2296__event_001,sprsound2022,sprsound2022::41186340,calibration,False,0,normal,2.1730000000000005,0,0.9948303,0.005169648,0
sprsound2022::41186340_6.6_0_p1_2326__event_000,sprsound2022,sprsound2022::41186340,calibration,False,1,fine_crackle,1.274,1,0.007196315,0.99280363,1
sprsound2022::41186340_6.6_0_p1_3039__event_000,sprsound2022,sprsound2022::41186340,calibration,False,1,fine_crackle,1.0359999999999996,1,0.014302248,0.98569775,1
sprsound2022::41186340_6.6_0_p1_3039__event_001,sprsound2022,sprsound2022::41186340,calibration,False,1,fine_crackle,1.09,1,0.16604233,0.8339576,1
sprsound2022::41186340_6.6_0_p1_3039__event_002,sprsound2022,sprsound2022::41186340,calibration,False,1,fine_crackle,1.007,1,0.0056358934,0.99436414,1
sprsound2022::41186340_6.6_0_p1_3055__event_000,sprsound2022,sprsound2022::41186340,calibration,False,1,fine_crackle,0.993,1,0.010842535,0.98915744,1
sprsound2022::41186340_6.6_0_p1_3055__event_001,sprsound2022,sprsound2022::41186340,calibration,False,1,fine_crackle,0.928,1,0.0035367617,0.99646324,1
sprsound2022::41186340_6.6_0_p1_3055__event_002,sprsound2022,sprsound2022::41186340,calibration,False,1,fine_crackle,0.37,1,0.003490801,0.99650913,1
sprsound2022::41186340_6.6_0_p1_3109__event_000,sprsound2022,sprsound2022::41186340,calibration,False,1,fine_crackle,1.055,1,0.027114807,0.9728852,1
sprsound2022::41186340_6.6_0_p1_3109__event_001,sprsound2022,sprsound2022::41186340,calibration,False,1,fine_crackle,0.9650000000000004,1,0.007314634,0.9926853,1
sprsound2022::41186340_6.6_0_p1_3109__event_002,sprsound2022,sprsound2022::41186340,calibration,False,1,fine_crackle,0.8299999999999992,1,0.0029512758,0.9970488,1
sprsound2022::41186340_6.6_0_p1_3109__event_003,sprsound2022,sprsound2022::41186340,calibration,False,1,fine_crackle,0.8219999999999992,1,0.012456334,0.9875437,1
sprsound2022::41186340_6.6_0_p1_3143__event_000,sprsound2022,sprsound2022::41186340,calibration,False,0,normal,1.2970000000000006,0,0.9519609,0.048039142,0
sprsound2022::41186340_6.6_0_p1_3143__event_001,sprsound2022,sprsound2022::41186340,calibration,False,0,normal,1.367,0,0.9883409,0.011659104,0
sprsound2022::41186340_6.6_0_p1_3158__event_000,sprsound2022,sprsound2022::41186340,calibration,False,0,normal,1.3290000000000002,0,0.9138263,0.086173706,0
sprsound2022::41186340_6.6_0_p1_3158__event_001,sprsound2022,sprsound2022::41186340,calibration,False,0,normal,1.189,0,0.7877676,0.21223238,0
sprsound2022::41186340_6.6_0_p1_3158__event_002,sprsound2022,sprsound2022::41186340,calibration,False,1,fine_crackle,0.9620000000000016,1,0.06260015,0.9373998,1
sprsound2022::41186340_6.6_0_p1_3189__event_000,sprsound2022,sprsound2022::41186340,calibration,False,0,normal,0.9819999999999998,0,0.19394381,0.80605626,1
sprsound2022::41186340_6.6_0_p1_3189__event_001,sprsound2022,sprsound2022::41186340,calibration,False,0,normal,1.0070000000000006,0,0.7969629,0.20303705,0
sprsound2022::41186340_6.6_0_p2_2106__event_000,sprsound2022,sprsound2022::41186340,calibration,False,1,fine_crackle,1.13,1,0.00890783,0.99109215,1
sprsound2022::41186340_6.6_0_p2_2106__event_001,sprsound2022,sprsound2022::41186340,calibration,False,1,fine_crackle,1.049,1,0.017806651,0.98219335,1
sprsound2022::41186340_6.6_0_p2_2106__event_002,sprsound2022,sprsound2022::41186340,calibration,False,1,fine_crackle,1.391,1,0.014104373,0.9858956,1
sprsound2022::41186340_6.6_0_p2_2112__event_000,sprsound2022,sprsound2022::41186340,calibration,False,1,fine_crackle,0.942,1,0.018164547,0.9818355,1
sprsound2022::41186340_6.6_0_p2_2112__event_001,sprsound2022,sprsound2022::41186340,calibration,False,0,normal,1.2800000000000002,0,0.8463229,0.15367709,0
sprsound2022::41186340_6.6_0_p2_2112__event_002,sprsound2022,sprsound2022::41186340,calibration,False,1,fine_crackle,1.1930000000000005,1,0.7716159,0.22838406,0
sprsound2022::41186340_6.6_0_p2_2112__event_003,sprsound2022,sprsound2022::41186340,calibration,False,0,normal,1.495,0,0.9493204,0.050679598,0
sprsound2022::41186340_6.6_0_p2_2120__event_000,sprsound2022,sprsound2022::41186340,calibration,False,0,normal,1.824,0,0.98475873,0.015241307,0
sprsound2022::41186340_6.6_0_p2_2120__event_001,sprsound2022,sprsound2022::41186340,calibration,False,1,fine_crackle,1.0130000000000008,1,0.24256766,0.75743234,1
sprsound2022::41186340_6.6_0_p2_2163__event_000,sprsound2022,sprsound2022::41186340,calibration,False,1,fine_crackle,0.8240000000000003,1,0.0043058903,0.99569404,1
sprsound2022::41186340_6.6_0_p2_2166__event_000,sprsound2022,sprsound2022::41186340,calibration,False,1,fine_crackle,1.122,1,0.00847048,0.99152946,1
sprsound2022::41186340_6.6_0_p2_2166__event_001,sprsound2022,sprsound2022::41186340,calibration,False,1,fine_crackle,2.354,1,0.20597629,0.7940237,1
sprsound2022::41186340_6.6_0_p2_2221__event_000,sprsound2022,sprsound2022::41186340,calibration,False,1,fine_crackle,0.7089999999999996,1,0.1536581,0.84634185,1
sprsound2022::41186340_6.6_0_p2_2251__event_000,sprsound2022,sprsound2022::41186340,calibration,False,1,fine_crackle,1.5759999999999996,1,0.47074664,0.52925336,1
sprsound2022::41186340_6.6_0_p2_2251__event_001,sprsound2022,sprsound2022::41186340,calibration,False,1,fine_crackle,1.3280000000000003,1,0.33019403,0.669806,1
sprsound2022::41186340_6.6_0_p2_2356__event_000,sprsound2022,sprsound2022::41186340,calibration,False,1,fine_crackle,1.2120000000000002,1,0.029198736,0.97080123,1
sprsound2022::41186340_6.6_0_p2_2356__event_001,sprsound2022,sprsound2022::41186340,calibration,False,1,fine_crackle,1.144,1,0.058572646,0.94142735,1
sprsound2022::41186340_6.6_0_p2_2701__event_000,sprsound2022,sprsound2022::41186340,calibration,False,1,fine_crackle,0.956,1,0.029330416,0.97066957,1
sprsound2022::41186340_6.6_0_p2_2701__event_001,sprsound2022,sprsound2022::41186340,calibration,False,1,fine_crackle,1.0579999999999998,1,0.007674292,0.9923258,1
sprsound2022::41186340_6.6_0_p2_2701__event_002,sprsound2022,sprsound2022::41186340,calibration,False,1,fine_crackle,1.0,1,0.0135680195,0.986432,1
sprsound2022::41186340_6.6_0_p2_2701__event_003,sprsound2022,sprsound2022::41186340,calibration,False,1,fine_crackle,0.981,1,0.010183713,0.9898163,1
sprsound2022::41186340_6.6_0_p2_2701__event_004,sprsound2022,sprsound2022::41186340,calibration,False,1,fine_crackle,0.9450000000000004,1,0.016747383,0.98325264,1
sprsound2022::41186340_6.6_0_p2_2761__event_000,sprsound2022,sprsound2022::41186340,calibration,False,1,fine_crackle,0.957,1,0.09713484,0.9028652,1
sprsound2022::41186340_6.6_0_p2_2761__event_001,sprsound2022,sprsound2022::41186340,calibration,False,1,fine_crackle,1.2769999999999997,1,0.03639745,0.96360254,1
sprsound2022::41186340_6.6_0_p2_2761__event_002,sprsound2022,sprsound2022::41186340,calibration,False,1,fine_crackle,1.0750000000000002,1,0.037910644,0.96208936,1
sprsound2022::41186340_6.6_0_p2_3004__event_000,sprsound2022,sprsound2022::41186340,calibration,False,1,fine_crackle,0.9799999999999998,1,0.04562859,0.95437145,1
sprsound2022::41186340_6.6_0_p2_3004__event_001,sprsound2022,sprsound2022::41186340,calibration,False,1,fine_crackle,1.0510000000000002,1,0.009372732,0.9906273,1
sprsound2022::41186340_6.6_0_p2_3004__event_002,sprsound2022,sprsound2022::41186340,calibration,False,1,fine_crackle,1.0949999999999998,1,0.0054306714,0.9945693,1
sprsound2022::41186340_6.6_0_p2_3074__event_000,sprsound2022,sprsound2022::41186340,calibration,False,1,fine_crackle,1.17,1,0.16628402,0.83371603,1
sprsound2022::41186340_6.6_0_p2_3074__event_001,sprsound2022,sprsound2022::41186340,calibration,False,1,fine_crackle,0.7830000000000004,1,0.072159134,0.9278408,1
sprsound2022::41186340_6.6_0_p2_3074__event_002,sprsound2022,sprsound2022::41186340,calibration,False,1,fine_crackle,1.176,1,0.81233364,0.18766634,0
sprsound2022::41186340_6.6_0_p2_3074__event_003,sprsound2022,sprsound2022::41186340,calibration,False,1,fine_crackle,1.205,1,0.025108444,0.9748915,1
sprsound2022::41186340_6.6_0_p2_3173__event_000,sprsound2022,sprsound2022::41186340,calibration,False,1,fine_crackle,1.164,1,0.037732363,0.9622677,1
sprsound2022::41186340_6.6_0_p2_3173__event_001,sprsound2022,sprsound2022::41186340,calibration,False,1,fine_crackle,1.031,1,0.48793042,0.5120696,1
sprsound2022::41186340_6.6_0_p2_3173__event_002,sprsound2022,sprsound2022::41186340,calibration,False,1,fine_crackle,1.0429999999999993,1,0.03966844,0.9603316,1
sprsound2022::41186340_6.6_0_p2_3173__event_003,sprsound2022,sprsound2022::41186340,calibration,False,1,fine_crackle,0.912,1,0.017684082,0.98231596,1
sprsound2022::41186340_6.6_0_p2_3174__event_000,sprsound2022,sprsound2022::41186340,calibration,False,0,normal,0.7669999999999995,0,0.009342553,0.99065745,1
sprsound2022::41186340_6.6_0_p3_2107__event_000,sprsound2022,sprsound2022::41186340,calibration,False,0,normal,1.1800000000000002,0,0.8581546,0.14184543,0
sprsound2022::41186340_6.6_0_p3_2107__event_001,sprsound2022,sprsound2022::41186340,calibration,False,0,normal,1.1150000000000002,0,0.97927105,0.020728964,0
sprsound2022::41186340_6.6_0_p3_2114__event_000,sprsound2022,sprsound2022::41186340,calibration,False,0,normal,1.187,0,0.39054385,0.6094561,1
sprsound2022::41186340_6.6_0_p3_2114__event_001,sprsound2022,sprsound2022::41186340,calibration,False,1,fine_crackle,1.3330000000000002,1,0.043608047,0.956392,1
sprsound2022::41186340_6.6_0_p3_2114__event_002,sprsound2022,sprsound2022::41186340,calibration,False,1,fine_crackle,1.1880000000000006,1,0.11296368,0.88703626,1
sprsound2022::41186340_6.6_0_p3_2114__event_003,sprsound2022,sprsound2022::41186340,calibration,False,0,normal,0.9020000000000006,0,0.9689791,0.031020964,0
sprsound2022::41186340_6.6_0_p3_2118__event_000,sprsound2022,sprsound2022::41186340,calibration,False,0,normal,0.9960000000000004,0,0.90180665,0.09819333,0
sprsound2022::41186340_6.6_0_p3_2118__event_001,sprsound2022,sprsound2022::41186340,calibration,False,0,normal,1.5339999999999998,0,0.99241114,0.0075888354,0
sprsound2022::41186340_6.6_0_p3_2118__event_002,sprsound2022,sprsound2022::41186340,calibration,False,0,normal,0.4199999999999999,0,0.018878803,0.98112124,1
sprsound2022::41186340_6.6_0_p3_2193__event_000,sprsound2022,sprsound2022::41186340,calibration,False,0,normal,0.905,0,0.9223228,0.07767722,0
sprsound2022::41186340_6.6_0_p3_2193__event_001,sprsound2022,sprsound2022::41186340,calibration,False,0,normal,1.064,0,0.9790085,0.020991435,0
sprsound2022::41186340_6.6_0_p3_2193__event_002,sprsound2022,sprsound2022::41186340,calibration,False,0,normal,1.1439999999999997,0,0.9632865,0.03671349,0
sprsound2022::41186340_6.6_0_p3_2193__event_003,sprsound2022,sprsound2022::41186340,calibration,False,0,normal,0.3639999999999999,0,0.8955073,0.10449275,0
sprsound2022::41186340_6.6_0_p3_2208__event_000,sprsound2022,sprsound2022::41186340,calibration,False,0,normal,1.5669999999999995,0,0.9902593,0.009740722,0
sprsound2022::41186340_6.6_0_p3_2208__event_001,sprsound2022,sprsound2022::41186340,calibration,False,0,normal,1.3320000000000007,0,0.9864022,0.01359783,0
sprsound2022::41186340_6.6_0_p3_2281__event_000,sprsound2022,sprsound2022::41186340,calibration,False,0,normal,1.495,0,0.99467576,0.005324273,0
sprsound2022::41186340_6.6_0_p3_2371__event_000,sprsound2022,sprsound2022::41186340,calibration,False,0,normal,1.4170000000000005,0,0.9830015,0.016998507,0
sprsound2022::41186340_6.6_0_p3_2371__event_001,sprsound2022,sprsound2022::41186340,calibration,False,0,normal,1.2960000000000005,0,0.92490864,0.07509135,0
sprsound2022::41186340_6.6_0_p3_2371__event_002,sprsound2022,sprsound2022::41186340,calibration,False,0,normal,1.0919999999999996,0,0.8649873,0.1350127,0
sprsound2022::41186340_6.6_0_p3_2785__event_000,sprsound2022,sprsound2022::41186340,calibration,False,0,normal,1.481,0,0.91891676,0.08108332,0
sprsound2022::41186340_6.6_0_p3_2785__event_001,sprsound2022,sprsound2022::41186340,calibration,False,0,normal,0.8340000000000005,0,0.85502625,0.14497371,0
sprsound2022::41186340_6.6_0_p3_2785__event_002,sprsound2022,sprsound2022::41186340,calibration,False,0,normal,1.843,0,0.752058,0.24794194,0
sprsound2022::41186340_6.6_0_p3_2785__event_003,sprsound2022,sprsound2022::41186340,calibration,False,0,normal,2.47,0,0.967523,0.03247697,0
sprsound2022::41186340_6.6_0_p3_2969__event_000,sprsound2022,sprsound2022::41186340,calibration,False,0,normal,1.406,0,0.9902492,0.009750744,0
sprsound2022::41186340_6.6_0_p3_2969__event_001,sprsound2022,sprsound2022::41186340,calibration,False,0,normal,1.1429999999999998,0,0.9566129,0.043387163,0
sprsound2022::41186340_6.6_0_p3_3038__event_000,sprsound2022,sprsound2022::41186340,calibration,False,0,normal,1.1840000000000002,0,0.8840262,0.11597372,0
sprsound2022::41186340_6.6_0_p3_3038__event_001,sprsound2022,sprsound2022::41186340,calibration,False,0,normal,1.1929999999999996,0,0.87162286,0.1283772,0
sprsound2022::41186340_6.6_0_p3_3038__event_002,sprsound2022,sprsound2022::41186340,calibration,False,0,normal,1.0680000000000005,0,0.88405895,0.1159411,0
sprsound2022::41186340_6.6_0_p3_3056__event_000,sprsound2022,sprsound2022::41186340,calibration,False,0,normal,1.032,0,0.99462503,0.005374969,0
sprsound2022::41186340_6.6_0_p3_3056__event_001,sprsound2022,sprsound2022::41186340,calibration,False,0,normal,1.4139999999999997,0,0.10811878,0.8918813,1
sprsound2022::41186340_6.6_0_p3_3056__event_002,sprsound2022,sprsound2022::41186340,calibration,False,0,normal,1.247999999999999,0,0.8348801,0.1651199,0
sprsound2022::41186340_6.6_0_p3_3056__event_003,sprsound2022,sprsound2022::41186340,calibration,False,0,normal,1.435,0,0.9776642,0.02233582,0
sprsound2022::41186340_6.6_0_p3_3056__event_004,sprsound2022,sprsound2022::41186340,calibration,False,0,normal,1.318,0,0.15420823,0.8457917,1
sprsound2022::41186340_6.6_0_p3_3142__event_000,sprsound2022,sprsound2022::41186340,calibration,False,0,normal,1.2780000000000005,0,0.90996015,0.09003987,0
sprsound2022::41186340_6.6_0_p3_3188__event_000,sprsound2022,sprsound2022::41186340,calibration,False,0,normal,1.3390000000000002,0,0.9973272,0.002672836,0
sprsound2022::41186340_6.6_0_p3_3188__event_001,sprsound2022,sprsound2022::41186340,calibration,False,0,normal,0.9650000000000007,0,0.96720994,0.03279006,0
sprsound2022::41186340_6.6_0_p3_3188__event_002,sprsound2022,sprsound2022::41186340,calibration,False,0,normal,1.1240000000000006,0,0.15166469,0.8483353,1
sprsound2022::41186340_6.6_0_p3_3199__event_000,sprsound2022,sprsound2022::41186340,calibration,False,0,normal,1.229,0,0.98957646,0.01042359,0
sprsound2022::41186340_6.6_0_p3_3199__event_001,sprsound2022,sprsound2022::41186340,calibration,False,0,normal,1.0210000000000004,0,0.98784083,0.012159192,0
sprsound2022::41186340_6.6_0_p3_3199__event_002,sprsound2022,sprsound2022::41186340,calibration,False,0,normal,1.8150000000000004,0,0.9848663,0.015133598,0
sprsound2022::41186340_6.6_0_p4_2104__event_000,sprsound2022,sprsound2022::41186340,calibration,False,0,normal,1.2130000000000003,0,0.9469578,0.053042196,0
sprsound2022::41186340_6.6_0_p4_2104__event_001,sprsound2022,sprsound2022::41186340,calibration,False,0,normal,1.201,0,0.9807319,0.019268066,0
sprsound2022::41186340_6.6_0_p4_2104__event_002,sprsound2022,sprsound2022::41186340,calibration,False,0,normal,1.1509999999999998,0,0.95404774,0.045952212,0
sprsound2022::41186340_6.6_0_p4_2104__event_003,sprsound2022,sprsound2022::41186340,calibration,False,0,normal,1.1370000000000005,0,0.93227154,0.06772845,0
sprsound2022::41186340_6.6_0_p4_2115__event_000,sprsound2022,sprsound2022::41186340,calibration,False,0,normal,1.3070000000000002,0,0.99387,0.006129903,0
sprsound2022::41186340_6.6_0_p4_2115__event_001,sprsound2022,sprsound2022::41186340,calibration,False,0,normal,1.27,0,0.980045,0.019955019,0
sprsound2022::41186340_6.6_0_p4_2115__event_002,sprsound2022,sprsound2022::41186340,calibration,False,0,normal,1.152,0,0.97809726,0.021902766,0
sprsound2022::41186340_6.6_0_p4_2115__event_003,sprsound2022,sprsound2022::41186340,calibration,False,0,normal,0.8310000000000013,0,0.9729988,0.027001208,0
sprsound2022::41186340_6.6_0_p4_2133__event_000,sprsound2022,sprsound2022::41186340,calibration,False,0,normal,1.6439999999999997,0,0.9948909,0.0051090247,0
sprsound2022::41186340_6.6_0_p4_2135__event_000,sprsound2022,sprsound2022::41186340,calibration,False,0,normal,1.5710000000000002,0,0.9966889,0.0033111037,0
sprsound2022::41186340_6.6_0_p4_2135__event_001,sprsound2022,sprsound2022::41186340,calibration,False,0,normal,1.3040000000000005,0,0.9955786,0.0044213594,0
sprsound2022::41186340_6.6_0_p4_2135__event_002,sprsound2022,sprsound2022::41186340,calibration,False,0,normal,1.7839999999999998,0,0.9953734,0.004626599,0
sprsound2022::41186340_6.6_0_p4_2194__event_000,sprsound2022,sprsound2022::41186340,calibration,False,0,normal,1.355,0,0.993291,0.0067090094,0
sprsound2022::41186340_6.6_0_p4_2194__event_001,sprsound2022,sprsound2022::41186340,calibration,False,0,normal,1.3999999999999997,0,0.9943693,0.0056306655,0
sprsound2022::41186340_6.6_0_p4_2207__event_000,sprsound2022,sprsound2022::41186340,calibration,False,0,normal,1.2260000000000002,0,0.98699933,0.013000651,0
sprsound2022::41186340_6.6_0_p4_2207__event_001,sprsound2022,sprsound2022::41186340,calibration,False,0,normal,1.229,0,0.9946127,0.005387278,0
sprsound2022::41186340_6.6_0_p4_2207__event_002,sprsound2022,sprsound2022::41186340,calibration,False,0,normal,1.1479999999999997,0,0.97688055,0.023119465,0
sprsound2022::41186340_6.6_0_p4_2207__event_003,sprsound2022,sprsound2022::41186340,calibration,False,0,normal,0.5130000000000008,0,0.882178,0.117821924,0
sprsound2022::41186340_6.6_0_p4_2236__event_000,sprsound2022,sprsound2022::41186340,calibration,False,0,normal,0.7080000000000002,0,0.16756399,0.8324361,1
sprsound2022::41186340_6.6_0_p4_2236__event_001,sprsound2022,sprsound2022::41186340,calibration,False,0,normal,1.6989999999999998,0,0.9901177,0.009882324,0
sprsound2022::41186340_6.6_0_p4_2266__event_000,sprsound2022,sprsound2022::41186340,calibration,False,0,normal,1.3610000000000009,0,0.9561902,0.04380982,0
sprsound2022::41186340_6.6_0_p4_2341__event_000,sprsound2022,sprsound2022::41186340,calibration,False,0,normal,1.2380000000000002,0,0.99557954,0.004420424,0
sprsound2022::41186340_6.6_0_p4_2341__event_001,sprsound2022,sprsound2022::41186340,calibration,False,0,normal,1.1449999999999996,0,0.96408916,0.035910845,0
sprsound2022::41186340_6.6_0_p4_2341__event_002,sprsound2022,sprsound2022::41186340,calibration,False,0,normal,1.04,0,0.9936386,0.006361467,0
sprsound2022::41186340_6.6_0_p4_2713__event_000,sprsound2022,sprsound2022::41186340,calibration,False,0,normal,1.045,0,0.9926714,0.0073286775,0
sprsound2022::41186340_6.6_0_p4_2713__event_001,sprsound2022,sprsound2022::41186340,calibration,False,0,normal,0.8280000000000003,0,0.049008936,0.95099103,1
sprsound2022::41186340_6.6_0_p4_2713__event_002,sprsound2022,sprsound2022::41186340,calibration,False,0,normal,0.8029999999999999,0,0.992272,0.0077280505,0
sprsound2022::41186340_6.6_0_p4_2713__event_003,sprsound2022,sprsound2022::41186340,calibration,False,0,normal,0.997,0,0.058913074,0.94108695,1
sprsound2022::41186340_6.6_0_p4_2713__event_004,sprsound2022,sprsound2022::41186340,calibration,False,0,normal,1.2060000000000004,0,0.018683719,0.9813163,1
sprsound2022::41186340_6.6_0_p4_2713__event_005,sprsound2022,sprsound2022::41186340,calibration,False,0,normal,1.093,0,0.7250422,0.27495784,0
sprsound2022::41186340_6.6_0_p4_2749__event_000,sprsound2022,sprsound2022::41186340,calibration,False,0,normal,1.091,0,0.99023587,0.0097641,0
sprsound2022::41186340_6.6_0_p4_2749__event_001,sprsound2022,sprsound2022::41186340,calibration,False,0,normal,1.094,0,0.8401538,0.1598462,0
sprsound2022::41186340_6.6_0_p4_2749__event_002,sprsound2022,sprsound2022::41186340,calibration,False,0,normal,1.114,0,0.9835195,0.01648046,0
sprsound2022::41186340_6.6_0_p4_2749__event_003,sprsound2022,sprsound2022::41186340,calibration,False,0,normal,1.1789999999999994,0,0.8391123,0.16088773,0
sprsound2022::41186340_6.6_0_p4_2749__event_004,sprsound2022,sprsound2022::41186340,calibration,False,0,normal,1.6109999999999998,0,0.98052317,0.01947679,0
sprsound2022::41186340_6.6_0_p4_2951__event_000,sprsound2022,sprsound2022::41186340,calibration,False,0,normal,1.138,0,0.9900427,0.009957268,0
sprsound2022::41186340_6.6_0_p4_2951__event_001,sprsound2022,sprsound2022::41186340,calibration,False,0,normal,0.988,0,0.99230814,0.007691869,0
sprsound2022::41186340_6.6_0_p4_2951__event_002,sprsound2022,sprsound2022::41186340,calibration,False,0,normal,1.2380000000000004,0,0.8879998,0.11200021,0
sprsound2022::41186340_6.6_0_p4_3021__event_000,sprsound2022,sprsound2022::41186340,calibration,False,0,normal,1.2990000000000002,0,0.9942438,0.00575619,0
sprsound2022::41186340_6.6_0_p4_3021__event_001,sprsound2022,sprsound2022::41186340,calibration,False,0,normal,1.2550000000000003,0,0.9662588,0.033741187,0
sprsound2022::41186340_6.6_0_p4_3021__event_002,sprsound2022,sprsound2022::41186340,calibration,False,0,normal,1.0730000000000004,0,0.99103653,0.008963436,0
sprsound2022::41186340_6.6_0_p4_3021__event_003,sprsound2022,sprsound2022::41186340,calibration,False,0,normal,1.21,0,0.99383235,0.0061676446,0
sprsound2022::41186340_6.6_0_p4_3092__event_000,sprsound2022,sprsound2022::41186340,calibration,False,0,normal,0.8889999999999998,0,0.9853902,0.014609863,0
sprsound2022::41186340_6.6_0_p4_3092__event_001,sprsound2022,sprsound2022::41186340,calibration,False,0,normal,0.9989999999999996,0,0.920868,0.079132095,0
sprsound2022::41186340_6.6_0_p4_3092__event_002,sprsound2022,sprsound2022::41186340,calibration,False,0,normal,1.011,0,0.98953164,0.010468326,0
sprsound2022::41186340_6.6_0_p4_3092__event_003,sprsound2022,sprsound2022::41186340,calibration,False,0,normal,0.927,0,0.1999994,0.8000006,1
sprsound2022::41186340_6.6_0_p4_3092__event_004,sprsound2022,sprsound2022::41186340,calibration,False,0,normal,1.363,0,0.22666049,0.7733395,1
sprsound2022::41186340_6.6_0_p4_3126__event_000,sprsound2022,sprsound2022::41186340,calibration,False,0,normal,1.129,0,0.975042,0.02495798,0
sprsound2022::41186340_6.6_0_p4_3126__event_001,sprsound2022,sprsound2022::41186340,calibration,False,0,normal,1.2359999999999998,0,0.99557364,0.0044263816,0
sprsound2022::41186340_6.6_0_p4_3159__event_000,sprsound2022,sprsound2022::41186340,calibration,False,0,normal,1.58,0,0.9656174,0.034382574,0
sprsound2022::41186340_6.6_0_p4_3198__event_000,sprsound2022,sprsound2022::41186340,calibration,False,0,normal,1.385,0,0.99567825,0.004321732,0
sprsound2022::41186340_6.6_0_p4_3198__event_001,sprsound2022,sprsound2022::41186340,calibration,False,0,normal,1.4480000000000004,0,0.92378837,0.076211624,0
sprsound2022::41190734_9.5_0_p1_1182__event_000,sprsound2022,sprsound2022::41190734,calibration,False,0,normal,2.2870000000000004,0,0.9933333,0.0066667874,0
sprsound2022::41190734_9.5_0_p1_1182__event_001,sprsound2022,sprsound2022::41190734,calibration,False,0,normal,1.6110000000000009,0,0.9427133,0.05728666,0
sprsound2022::41190734_9.5_0_p1_1217__event_000,sprsound2022,sprsound2022::41190734,calibration,False,0,normal,2.16,0,0.9278286,0.07217138,0
sprsound2022::41190734_9.5_0_p1_1217__event_001,sprsound2022,sprsound2022::41190734,calibration,False,1,coarse_crackle,1.266,1,0.027187234,0.9728127,1
sprsound2022::41190734_9.5_0_p1_1217__event_002,sprsound2022,sprsound2022::41190734,calibration,False,0,normal,3.233,0,0.94422317,0.055776868,0
sprsound2022::41190734_9.5_0_p2_1206__event_000,sprsound2022,sprsound2022::41190734,calibration,False,0,normal,1.5950000000000006,0,0.9090563,0.090943724,0
sprsound2022::41190734_9.5_0_p2_1206__event_001,sprsound2022,sprsound2022::41190734,calibration,False,0,normal,2.938,0,0.9858149,0.014185003,0
sprsound2022::41190734_9.5_0_p2_1229__event_000,sprsound2022,sprsound2022::41190734,calibration,False,0,normal,2.107,0,0.9821394,0.017860614,0
sprsound2022::41190734_9.5_0_p2_1229__event_001,sprsound2022,sprsound2022::41190734,calibration,False,0,normal,3.585,0,0.935355,0.064645,0
sprsound2022::41190734_9.5_0_p2_1229__event_002,sprsound2022,sprsound2022::41190734,calibration,False,0,normal,1.2489999999999997,0,0.4220041,0.5779959,1
sprsound2022::41190734_9.5_0_p2_1333__event_000,sprsound2022,sprsound2022::41190734,calibration,False,0,normal,1.869,0,0.841226,0.15877399,0
sprsound2022::41190734_9.5_0_p2_1333__event_001,sprsound2022,sprsound2022::41190734,calibration,False,0,normal,1.848,0,0.96597534,0.034024697,0
sprsound2022::41190734_9.5_0_p4_1170__event_000,sprsound2022,sprsound2022::41190734,calibration,False,0,normal,1.9210000000000005,0,0.9953473,0.0046526585,0
sprsound2022::41190734_9.5_0_p4_1170__event_001,sprsound2022,sprsound2022::41190734,calibration,False,0,normal,1.913,0,0.9674343,0.032565717,0
sprsound2022::41190734_9.5_0_p4_1170__event_002,sprsound2022,sprsound2022::41190734,calibration,False,0,normal,1.5019999999999998,0,0.5629625,0.4370375,0
sprsound2022::41202647_2.2_0_p1_681__event_000,sprsound2022,sprsound2022::41202647,calibration,False,1,fine_crackle,1.468,1,0.993273,0.0067270026,0
sprsound2022::41202647_2.2_0_p3_683__event_000,sprsound2022,sprsound2022::41202647,calibration,False,0,normal,1.077,0,0.9943084,0.005691652,0
sprsound2022::41202647_2.2_0_p3_683__event_001,sprsound2022,sprsound2022::41202647,calibration,False,0,normal,0.6489999999999991,0,0.9882981,0.011701897,0
sprsound2022::41202647_2.2_0_p3_683__event_002,sprsound2022,sprsound2022::41202647,calibration,False,0,normal,1.847,0,0.88478273,0.1152173,0
sprsound2022::41202647_2.2_0_p3_683__event_003,sprsound2022,sprsound2022::41202647,calibration,False,0,normal,3.082,0,0.9951763,0.0048237164,0
sprsound2022::41227367_6.7_1_p2_626__event_000,sprsound2022,sprsound2022::41227367,calibration,False,0,normal,3.238999999999999,0,0.9855483,0.0144516695,0
sprsound2022::41227367_6.7_1_p2_626__event_001,sprsound2022,sprsound2022::41227367,calibration,False,0,normal,3.653,0,0.9847601,0.015239867,0
sprsound2022::41227367_6.7_1_p4_628__event_000,sprsound2022,sprsound2022::41227367,calibration,False,0,normal,0.7260000000000001,0,0.94019914,0.059800908,0
sprsound2022::41227367_6.7_1_p4_628__event_001,sprsound2022,sprsound2022::41227367,calibration,False,0,normal,1.481,0,0.9912196,0.008780421,0
sprsound2022::41227367_6.7_1_p4_628__event_002,sprsound2022,sprsound2022::41227367,calibration,False,0,normal,0.847999999999999,0,0.9935998,0.00640027,0
sprsound2022::41227367_6.7_1_p4_628__event_003,sprsound2022,sprsound2022::41227367,calibration,False,0,normal,1.0679999999999996,0,0.3326736,0.66732633,1
sprsound2022::41227367_6.7_1_p4_628__event_004,sprsound2022,sprsound2022::41227367,calibration,False,0,normal,0.9340000000000002,0,0.7887171,0.21128294,0
sprsound2022::41227367_6.8_1_p1_2669__event_000,sprsound2022,sprsound2022::41227367,calibration,False,0,normal,1.4530000000000003,0,0.99544215,0.0045578983,0
sprsound2022::41227367_6.8_1_p1_2669__event_001,sprsound2022,sprsound2022::41227367,calibration,False,0,normal,1.4040000000000008,0,0.9195552,0.08044484,0
sprsound2022::41227367_6.8_1_p1_2669__event_002,sprsound2022,sprsound2022::41227367,calibration,False,0,normal,1.2719999999999998,0,0.9976119,0.0023880976,0
sprsound2022::41227367_6.8_1_p1_2669__event_003,sprsound2022,sprsound2022::41227367,calibration,False,0,normal,1.0489999999999997,0,0.9891839,0.010816071,0
sprsound2022::41227367_6.8_1_p2_2656__event_000,sprsound2022,sprsound2022::41227367,calibration,False,0,normal,1.9380000000000008,0,0.99523085,0.004769069,0
sprsound2022::41227367_6.8_1_p2_2656__event_001,sprsound2022,sprsound2022::41227367,calibration,False,0,normal,0.745000000000001,0,0.97513574,0.024864329,0
sprsound2022::41227367_6.8_1_p2_2656__event_002,sprsound2022,sprsound2022::41227367,calibration,False,0,normal,1.33,0,0.3889706,0.61102945,1
sprsound2022::41227367_6.8_1_p2_2656__event_003,sprsound2022,sprsound2022::41227367,calibration,False,0,normal,1.581,0,0.66513,0.33486992,0
sprsound2022::41227367_6.8_1_p3_2695__event_000,sprsound2022,sprsound2022::41227367,calibration,False,0,normal,0.4880000000000013,0,0.8006928,0.19930719,0
sprsound2022::41227367_6.8_1_p4_2682__event_000,sprsound2022,sprsound2022::41227367,calibration,False,0,normal,1.857,0,0.98998487,0.01001516,0
sprsound2022::41227367_6.8_1_p4_2682__event_001,sprsound2022,sprsound2022::41227367,calibration,False,0,normal,0.6560000000000006,0,0.9913617,0.008638292,0
sprsound2022::41227367_6.9_1_p1_2563__event_000,sprsound2022,sprsound2022::41227367,calibration,False,0,normal,1.2719999999999994,0,0.9963685,0.0036314896,0
sprsound2022::41227367_6.9_1_p1_2563__event_001,sprsound2022,sprsound2022::41227367,calibration,False,0,normal,1.366999999999999,0,0.82230324,0.1776968,0
sprsound2022::41227367_6.9_1_p1_2563__event_002,sprsound2022,sprsound2022::41227367,calibration,False,0,normal,1.0829999999999984,0,0.95840925,0.04159078,0
sprsound2022::41227367_6.9_1_p1_2563__event_003,sprsound2022,sprsound2022::41227367,calibration,False,0,normal,1.0980000000000008,0,0.9957807,0.004219305,0
sprsound2022::41227367_6.9_1_p1_2563__event_004,sprsound2022,sprsound2022::41227367,calibration,False,0,normal,1.459,0,0.126119,0.873881,1
sprsound2022::41227367_6.9_1_p1_2563__event_005,sprsound2022,sprsound2022::41227367,calibration,False,0,normal,1.5889999999999995,0,0.732426,0.26757407,0
sprsound2022::41227367_6.9_1_p1_2563__event_006,sprsound2022,sprsound2022::41227367,calibration,False,0,normal,1.9000000000000004,0,0.9648798,0.035120156,0
sprsound2022::41227367_6.9_1_p1_2609__event_000,sprsound2022,sprsound2022::41227367,calibration,False,0,normal,0.9680000000000007,0,0.9912254,0.008774546,0
sprsound2022::41227367_6.9_1_p1_2609__event_001,sprsound2022,sprsound2022::41227367,calibration,False,0,normal,0.8490000000000002,0,0.970356,0.029644083,0
sprsound2022::41227367_6.9_1_p1_2609__event_002,sprsound2022,sprsound2022::41227367,calibration,False,0,normal,0.8290000000000006,0,0.075378984,0.92462105,1
sprsound2022::41227367_6.9_1_p1_2685__event_000,sprsound2022,sprsound2022::41227367,calibration,False,0,normal,1.3979999999999997,0,0.9986695,0.0013305589,0
sprsound2022::41227367_6.9_1_p1_2685__event_001,sprsound2022,sprsound2022::41227367,calibration,False,0,normal,1.209999999999999,0,0.92188585,0.07811415,0
sprsound2022::41227367_6.9_1_p1_2685__event_002,sprsound2022,sprsound2022::41227367,calibration,False,0,normal,1.122999999999999,0,0.9808827,0.019117262,0
sprsound2022::41227367_6.9_1_p1_2685__event_003,sprsound2022,sprsound2022::41227367,calibration,False,0,normal,0.7249999999999996,0,0.80753803,0.19246203,0
sprsound2022::41227367_6.9_1_p1_2685__event_004,sprsound2022,sprsound2022::41227367,calibration,False,0,normal,3.015000000000001,0,0.57321364,0.42678633,0
sprsound2022::41227367_6.9_1_p1_2710__event_000,sprsound2022,sprsound2022::41227367,calibration,False,0,normal,0.7739999999999999,0,0.98034465,0.019655364,0
sprsound2022::41227367_6.9_1_p1_2710__event_001,sprsound2022,sprsound2022::41227367,calibration,False,0,normal,0.6519999999999997,0,0.40651518,0.5934848,1
sprsound2022::41227367_6.9_1_p1_2710__event_002,sprsound2022,sprsound2022::41227367,calibration,False,0,normal,0.543000000000001,0,0.6582099,0.3417901,0
sprsound2022::41227367_6.9_1_p1_2710__event_003,sprsound2022,sprsound2022::41227367,calibration,False,0,normal,0.6769999999999996,0,0.09444776,0.90555227,1
sprsound2022::41227367_6.9_1_p1_2710__event_004,sprsound2022,sprsound2022::41227367,calibration,False,0,normal,1.0679999999999996,0,0.51845944,0.48154062,0
sprsound2022::41227367_6.9_1_p1_2710__event_005,sprsound2022,sprsound2022::41227367,calibration,False,0,normal,0.9829999999999988,0,0.119010046,0.8809899,1
sprsound2022::41227367_6.9_1_p1_2794__event_000,sprsound2022,sprsound2022::41227367,calibration,False,0,normal,1.1029999999999998,0,0.9617367,0.03826325,0
sprsound2022::41227367_6.9_1_p1_2794__event_001,sprsound2022,sprsound2022::41227367,calibration,False,0,normal,1.2300000000000004,0,0.971492,0.02850799,0
sprsound2022::41227367_6.9_1_p1_2794__event_002,sprsound2022,sprsound2022::41227367,calibration,False,0,normal,1.1529999999999987,0,0.9812337,0.01876627,0
sprsound2022::41227367_6.9_1_p1_2830__event_000,sprsound2022,sprsound2022::41227367,calibration,False,0,normal,1.645,0,0.99591005,0.004090022,0
sprsound2022::41227367_6.9_1_p1_2830__event_001,sprsound2022,sprsound2022::41227367,calibration,False,0,normal,1.138,0,0.991544,0.008455972,0
sprsound2022::41227367_6.9_1_p1_2830__event_002,sprsound2022,sprsound2022::41227367,calibration,False,0,normal,1.0050000000000008,0,0.99620515,0.0037948834,0
sprsound2022::41227367_6.9_1_p1_2830__event_003,sprsound2022,sprsound2022::41227367,calibration,False,0,normal,1.5489999999999997,0,0.99669445,0.0033055472,0
sprsound2022::41227367_6.9_1_p1_2830__event_004,sprsound2022,sprsound2022::41227367,calibration,False,0,normal,1.34,0,0.70856255,0.29143748,0
sprsound2022::41227367_6.9_1_p1_2830__event_005,sprsound2022,sprsound2022::41227367,calibration,False,0,normal,1.129999999999999,0,0.082506664,0.9174934,1
sprsound2022::41227367_6.9_1_p1_2830__event_006,sprsound2022,sprsound2022::41227367,calibration,False,0,normal,0.5409999999999986,0,0.8554681,0.14453188,0
sprsound2022::41227367_6.9_1_p1_2830__event_007,sprsound2022,sprsound2022::41227367,calibration,False,0,normal,1.542,0,0.8918146,0.108185366,0
sprsound2022::41227367_6.9_1_p2_2575__event_000,sprsound2022,sprsound2022::41227367,calibration,False,0,normal,1.501,0,0.9933294,0.0066706534,0
sprsound2022::41227367_6.9_1_p2_2575__event_001,sprsound2022,sprsound2022::41227367,calibration,False,0,normal,2.0540000000000003,0,0.98651683,0.013483212,0
sprsound2022::41227367_6.9_1_p2_2575__event_002,sprsound2022,sprsound2022::41227367,calibration,False,0,normal,1.4800000000000004,0,0.9963528,0.0036472327,0
sprsound2022::41227367_6.9_1_p2_2575__event_003,sprsound2022,sprsound2022::41227367,calibration,False,0,normal,0.8940000000000001,0,0.95775396,0.042246018,0
sprsound2022::41227367_6.9_1_p2_2575__event_004,sprsound2022,sprsound2022::41227367,calibration,False,0,normal,0.6530000000000005,0,0.9874756,0.0125244465,0
sprsound2022::41227367_6.9_1_p2_2659__event_000,sprsound2022,sprsound2022::41227367,calibration,False,0,normal,5.702,0,0.99552745,0.004472565,0
sprsound2022::41227367_6.9_1_p2_2818__event_000,sprsound2022,sprsound2022::41227367,calibration,False,0,normal,1.219,0,0.98640615,0.013593853,0
sprsound2022::41227367_6.9_1_p2_2818__event_001,sprsound2022,sprsound2022::41227367,calibration,False,0,normal,0.6600000000000001,0,0.970821,0.029179009,0
sprsound2022::41227367_6.9_1_p3_2586__event_000,sprsound2022,sprsound2022::41227367,calibration,False,0,normal,0.8980000000000015,0,0.99405044,0.0059495573,0
sprsound2022::41227367_6.9_1_p3_2586__event_001,sprsound2022,sprsound2022::41227367,calibration,False,0,normal,0.8409999999999993,0,0.9777219,0.022278083,0
sprsound2022::41227367_6.9_1_p3_2586__event_002,sprsound2022,sprsound2022::41227367,calibration,False,0,normal,1.015,0,0.9906793,0.00932072,0
sprsound2022::41227367_6.9_1_p3_2586__event_003,sprsound2022,sprsound2022::41227367,calibration,False,0,normal,0.985,0,0.028456815,0.9715432,1
sprsound2022::41227367_6.9_1_p3_2586__event_004,sprsound2022,sprsound2022::41227367,calibration,False,0,normal,1.0519999999999998,0,0.19111107,0.80888885,1
sprsound2022::41227367_6.9_1_p3_2586__event_005,sprsound2022,sprsound2022::41227367,calibration,False,0,normal,1.0,0,0.07074875,0.9292513,1
sprsound2022::41227367_6.9_1_p3_2672__event_000,sprsound2022,sprsound2022::41227367,calibration,False,0,normal,1.157,0,0.98919755,0.010802401,0
sprsound2022::41227367_6.9_1_p3_2672__event_001,sprsound2022,sprsound2022::41227367,calibration,False,0,normal,1.266,0,0.9925102,0.007489727,0
sprsound2022::41227367_6.9_1_p3_2672__event_002,sprsound2022,sprsound2022::41227367,calibration,False,0,normal,1.2620000000000005,0,0.91834223,0.081657805,0
sprsound2022::41227367_6.9_1_p3_2672__event_003,sprsound2022,sprsound2022::41227367,calibration,False,0,normal,1.2630000000000008,0,0.9834056,0.016594425,0
sprsound2022::41227367_6.9_1_p3_2672__event_004,sprsound2022,sprsound2022::41227367,calibration,False,0,normal,1.274000000000001,0,0.9902524,0.009747669,0
sprsound2022::41227367_6.9_1_p3_2672__event_005,sprsound2022,sprsound2022::41227367,calibration,False,0,normal,1.0830000000000002,0,0.9961428,0.0038572212,0
sprsound2022::41227367_6.9_1_p3_2746__event_000,sprsound2022,sprsound2022::41227367,calibration,False,0,normal,1.349,0,0.96242625,0.03757378,0
sprsound2022::41227367_6.9_1_p3_2746__event_001,sprsound2022,sprsound2022::41227367,calibration,False,0,normal,1.219,0,0.9932225,0.0067775566,0
sprsound2022::41227367_6.9_1_p3_2746__event_002,sprsound2022,sprsound2022::41227367,calibration,False,0,normal,1.393000000000001,0,0.9962792,0.003720816,0
sprsound2022::41227367_6.9_1_p3_2746__event_003,sprsound2022,sprsound2022::41227367,calibration,False,0,normal,0.9770000000000004,0,0.9360323,0.06396775,0
sprsound2022::41227367_6.9_1_p3_2746__event_004,sprsound2022,sprsound2022::41227367,calibration,False,0,normal,1.303,0,0.9847498,0.01525024,0
sprsound2022::41227367_6.9_1_p3_2770__event_000,sprsound2022,sprsound2022::41227367,calibration,False,0,normal,0.8959999999999999,0,0.8736337,0.12636635,0
sprsound2022::41227367_6.9_1_p3_2842__event_000,sprsound2022,sprsound2022::41227367,calibration,False,0,normal,1.3590000000000002,0,0.99648654,0.0035134393,0
sprsound2022::41227367_6.9_1_p3_2842__event_001,sprsound2022,sprsound2022::41227367,calibration,False,0,normal,0.5839999999999996,0,0.96218973,0.037810292,0
sprsound2022::41227367_6.9_1_p4_2597__event_000,sprsound2022,sprsound2022::41227367,calibration,False,0,normal,1.524,0,0.9949332,0.005066869,0
sprsound2022::41227367_6.9_1_p4_2597__event_001,sprsound2022,sprsound2022::41227367,calibration,False,0,normal,1.408,0,0.99134326,0.008656695,0
sprsound2022::41227367_6.9_1_p4_2597__event_002,sprsound2022,sprsound2022::41227367,calibration,False,0,normal,1.221,0,0.99109155,0.008908432,0
sprsound2022::41227367_6.9_1_p4_2597__event_003,sprsound2022,sprsound2022::41227367,calibration,False,0,normal,1.1130000000000004,0,0.9894051,0.010594894,0
sprsound2022::41227367_6.9_1_p4_2597__event_004,sprsound2022,sprsound2022::41227367,calibration,False,0,normal,1.5060000000000002,0,0.99048865,0.00951128,0
sprsound2022::41227367_6.9_1_p4_2597__event_005,sprsound2022,sprsound2022::41227367,calibration,False,0,normal,1.492,0,0.39286977,0.6071302,1
sprsound2022::41227367_6.9_1_p4_2620__event_000,sprsound2022,sprsound2022::41227367,calibration,False,0,normal,1.2090000000000003,0,0.9864725,0.013527464,0
sprsound2022::41227367_6.9_1_p4_2620__event_001,sprsound2022,sprsound2022::41227367,calibration,False,0,normal,1.012,0,0.84936345,0.15063655,0
sprsound2022::41227367_6.9_1_p4_2620__event_002,sprsound2022,sprsound2022::41227367,calibration,False,0,normal,1.0009999999999994,0,0.94616747,0.053832583,0
sprsound2022::41227367_6.9_1_p4_2620__event_003,sprsound2022,sprsound2022::41227367,calibration,False,0,normal,0.8900000000000006,0,0.6554193,0.34458074,0
sprsound2022::41227367_6.9_1_p4_2620__event_004,sprsound2022,sprsound2022::41227367,calibration,False,0,normal,1.268000000000001,0,0.99007446,0.00992549,0
sprsound2022::41227367_6.9_1_p4_2620__event_005,sprsound2022,sprsound2022::41227367,calibration,False,0,normal,0.9349999999999988,0,0.05538949,0.94461054,1
sprsound2022::41227367_6.9_1_p4_2698__event_000,sprsound2022,sprsound2022::41227367,calibration,False,0,normal,1.5149999999999997,0,0.9826628,0.017337214,0
sprsound2022::41227367_6.9_1_p4_2698__event_001,sprsound2022,sprsound2022::41227367,calibration,False,0,normal,2.0389999999999997,0,0.99596703,0.004032922,0
sprsound2022::41227367_6.9_1_p4_2698__event_002,sprsound2022,sprsound2022::41227367,calibration,False,0,normal,2.1439999999999992,0,0.4171298,0.5828702,1
sprsound2022::41227367_6.9_1_p4_2758__event_000,sprsound2022,sprsound2022::41227367,calibration,False,0,normal,1.02,0,0.9591303,0.04086975,0
sprsound2022::41227367_6.9_1_p4_2758__event_001,sprsound2022,sprsound2022::41227367,calibration,False,0,normal,1.252000000000001,0,0.98274994,0.01725005,0
sprsound2022::41227367_6.9_1_p4_2758__event_002,sprsound2022,sprsound2022::41227367,calibration,False,0,normal,1.123000000000001,0,0.99059314,0.00940692,0
sprsound2022::41227367_6.9_1_p4_2758__event_003,sprsound2022,sprsound2022::41227367,calibration,False,0,normal,3.186,0,0.9749669,0.02503318,0
sprsound2022::41227367_6.9_1_p4_2758__event_004,sprsound2022,sprsound2022::41227367,calibration,False,0,normal,1.851,0,0.97208357,0.027916381,0
sprsound2022::41261802_10.5_0_p1_221__event_000,sprsound2022,sprsound2022::41261802,calibration,False,1,wheeze,0.7380000000000004,1,0.0036494965,0.9963505,1
sprsound2022::41261802_10.5_0_p1_221__event_001,sprsound2022,sprsound2022::41261802,calibration,False,1,wheeze,1.6740000000000004,1,0.076716065,0.92328393,1
sprsound2022::41261802_10.5_0_p1_225__event_000,sprsound2022,sprsound2022::41261802,calibration,False,0,normal,2.417,0,0.989851,0.010149029,0
sprsound2022::41261802_10.5_0_p1_225__event_001,sprsound2022,sprsound2022::41261802,calibration,False,0,normal,2.21,0,0.96876985,0.031230133,0
sprsound2022::41261802_10.5_0_p1_225__event_002,sprsound2022,sprsound2022::41261802,calibration,False,0,normal,3.689000000000001,0,0.9804643,0.019535733,0
sprsound2022::41261802_10.5_0_p2_222__event_000,sprsound2022,sprsound2022::41261802,calibration,False,1,wheeze,1.35,1,0.004375277,0.9956247,1
sprsound2022::41261802_10.5_0_p2_222__event_001,sprsound2022,sprsound2022::41261802,calibration,False,1,wheeze,1.8199999999999992,1,0.08326249,0.91673744,1
sprsound2022::41261802_10.5_0_p2_226__event_000,sprsound2022,sprsound2022::41261802,calibration,False,0,normal,2.319000000000001,0,0.9835005,0.016499477,0
sprsound2022::41261802_10.5_0_p2_226__event_001,sprsound2022,sprsound2022::41261802,calibration,False,0,normal,2.308,0,0.808092,0.19190808,0
sprsound2022::41261802_10.5_0_p2_226__event_002,sprsound2022,sprsound2022::41261802,calibration,False,0,normal,3.0249999999999995,0,0.95292354,0.047076475,0
sprsound2022::41261802_10.5_0_p2_226__event_003,sprsound2022,sprsound2022::41261802,calibration,False,0,normal,2.912000000000001,0,0.1834149,0.81658506,1
sprsound2022::41261802_10.5_0_p3_227__event_000,sprsound2022,sprsound2022::41261802,calibration,False,0,normal,1.3980000000000006,0,0.9896717,0.010328221,0
sprsound2022::41261802_10.5_0_p3_227__event_001,sprsound2022,sprsound2022::41261802,calibration,False,0,normal,1.258000000000001,0,0.9962961,0.0037038764,0
sprsound2022::41261802_10.5_0_p3_227__event_002,sprsound2022,sprsound2022::41261802,calibration,False,0,normal,1.4299999999999995,0,0.99280846,0.007191493,0
sprsound2022::41261802_10.5_0_p3_227__event_003,sprsound2022,sprsound2022::41261802,calibration,False,0,normal,1.601,0,0.44312564,0.55687433,1
sprsound2022::41262295_4.1_0_p1_1017__event_000,sprsound2022,sprsound2022::41262295,calibration,False,0,normal,1.6339999999999986,0,0.10660237,0.8933976,1
sprsound2022::41262295_4.1_0_p1_1017__event_001,sprsound2022,sprsound2022::41262295,calibration,False,0,normal,0.8879999999999999,0,0.9572235,0.042776454,0
sprsound2022::41262295_4.1_0_p1_1017__event_002,sprsound2022,sprsound2022::41262295,calibration,False,0,normal,2.274000000000001,0,0.9897451,0.010254936,0
sprsound2022::41262295_4.1_0_p1_1017__event_003,sprsound2022,sprsound2022::41262295,calibration,False,0,normal,2.1579999999999995,0,0.9075273,0.09247273,0
sprsound2022::41262295_4.1_0_p2_1018__event_000,sprsound2022,sprsound2022::41262295,calibration,False,0,normal,1.572,0,0.94415826,0.055841785,0
sprsound2022::41262295_4.1_0_p2_1018__event_001,sprsound2022,sprsound2022::41262295,calibration,False,0,normal,1.822,0,0.16265981,0.8373402,1
sprsound2022::41262295_4.1_0_p2_1018__event_002,sprsound2022,sprsound2022::41262295,calibration,False,0,normal,1.561,0,0.9834885,0.016511522,0
sprsound2022::41262295_4.1_0_p2_1018__event_003,sprsound2022,sprsound2022::41262295,calibration,False,0,normal,1.5809999999999995,0,0.8201901,0.17980993,0
sprsound2022::41262295_4.1_0_p2_1018__event_004,sprsound2022,sprsound2022::41262295,calibration,False,0,normal,2.173,0,0.99608266,0.003917346,0
sprsound2022::41262295_4.1_0_p3_1019__event_000,sprsound2022,sprsound2022::41262295,calibration,False,0,normal,1.99,0,0.9968099,0.0031900606,0
sprsound2022::41262295_4.1_0_p3_1019__event_001,sprsound2022,sprsound2022::41262295,calibration,False,0,normal,1.5010000000000003,0,0.99127626,0.008723706,0
sprsound2022::41262295_4.1_0_p3_1019__event_002,sprsound2022,sprsound2022::41262295,calibration,False,0,normal,1.3629999999999995,0,0.2642814,0.73571867,1
sprsound2022::41262295_4.1_0_p3_1019__event_003,sprsound2022,sprsound2022::41262295,calibration,False,0,normal,0.5579999999999998,0,0.96515554,0.03484442,0
sprsound2022::41262295_4.1_0_p4_1020__event_000,sprsound2022,sprsound2022::41262295,calibration,False,0,normal,1.7409999999999997,0,0.99663574,0.0033643432,0
sprsound2022::41262295_4.1_0_p4_1020__event_001,sprsound2022,sprsound2022::41262295,calibration,False,0,normal,1.7339999999999995,0,0.9940872,0.005912818,0
sprsound2022::41262295_4.1_0_p4_1020__event_002,sprsound2022,sprsound2022::41262295,calibration,False,0,normal,1.535,0,0.9956518,0.004348264,0
sprsound2022::41262295_4.1_0_p4_1020__event_003,sprsound2022,sprsound2022::41262295,calibration,False,0,normal,1.831999999999999,0,0.99750406,0.0024959443,0
sprsound2022::41262295_4.1_0_p4_1020__event_004,sprsound2022,sprsound2022::41262295,calibration,False,0,normal,1.5140000000000011,0,0.9891404,0.01085964,0
sprsound2022::41262295_4.1_0_p4_1020__event_005,sprsound2022,sprsound2022::41262295,calibration,False,0,normal,1.423,0,0.99210304,0.00789702,0
sprsound2022::41262295_4.1_0_p4_1020__event_006,sprsound2022,sprsound2022::41262295,calibration,False,0,normal,1.354000000000001,0,0.9921888,0.0078111566,0
sprsound2022::41262295_4.1_0_p4_1020__event_007,sprsound2022,sprsound2022::41262295,calibration,False,0,normal,1.1399999999999988,0,0.9955526,0.0044473447,0
sprsound2022::41263406_5.2_1_p1_1113__event_000,sprsound2022,sprsound2022::41263406,calibration,False,0,normal,1.4960000000000004,0,0.9901287,0.009871314,0
sprsound2022::41263406_5.2_1_p1_1113__event_001,sprsound2022,sprsound2022::41263406,calibration,False,0,normal,1.6310000000000002,0,0.9968245,0.0031754693,0
sprsound2022::41263406_5.2_1_p1_1113__event_002,sprsound2022,sprsound2022::41263406,calibration,False,0,normal,1.2559999999999985,0,0.99580246,0.0041975398,0
sprsound2022::41263406_5.2_1_p1_1113__event_003,sprsound2022,sprsound2022::41263406,calibration,False,0,normal,1.503,0,0.992645,0.00735497,0
sprsound2022::41263406_5.2_1_p1_1113__event_004,sprsound2022,sprsound2022::41263406,calibration,False,0,normal,1.447,0,0.99443096,0.0055690533,0
sprsound2022::41263406_5.2_1_p1_1113__event_005,sprsound2022,sprsound2022::41263406,calibration,False,0,normal,1.2409999999999997,0,0.99209785,0.007902192,0
sprsound2022::41263406_5.2_1_p1_1113__event_006,sprsound2022,sprsound2022::41263406,calibration,False,0,normal,0.5100000000000007,0,0.9801769,0.019823087,0
sprsound2022::41263406_5.2_1_p2_1114__event_000,sprsound2022,sprsound2022::41263406,calibration,False,0,normal,1.254,0,0.99084973,0.009150313,0
sprsound2022::41263406_5.2_1_p2_1114__event_001,sprsound2022,sprsound2022::41263406,calibration,False,0,normal,1.2270000000000003,0,0.97792166,0.02207835,0
sprsound2022::41263406_5.2_1_p2_1114__event_002,sprsound2022,sprsound2022::41263406,calibration,False,0,normal,1.3230000000000004,0,0.8881317,0.111868374,0
sprsound2022::41263406_5.2_1_p2_1114__event_003,sprsound2022,sprsound2022::41263406,calibration,False,0,normal,1.1920000000000002,0,0.9789393,0.021060683,0
sprsound2022::41263406_5.2_1_p2_1114__event_004,sprsound2022,sprsound2022::41263406,calibration,False,0,normal,1.059000000000001,0,0.76623875,0.23376127,0
sprsound2022::41263406_5.2_1_p2_1118__event_000,sprsound2022,sprsound2022::41263406,calibration,False,0,normal,0.8210000000000001,0,0.9177243,0.08227569,0
sprsound2022::41263406_5.2_1_p2_1118__event_001,sprsound2022,sprsound2022::41263406,calibration,False,0,normal,0.918,0,0.9254989,0.07450115,0
sprsound2022::41263406_5.2_1_p2_1118__event_002,sprsound2022,sprsound2022::41263406,calibration,False,0,normal,0.859,0,0.9407701,0.059229895,0
sprsound2022::41263406_5.2_1_p2_1118__event_003,sprsound2022,sprsound2022::41263406,calibration,False,0,normal,0.6810000000000009,0,0.17157009,0.8284299,1
sprsound2022::41263406_5.2_1_p2_1118__event_004,sprsound2022,sprsound2022::41263406,calibration,False,0,normal,0.6000000000000014,0,0.5113166,0.4886834,0
sprsound2022::41263406_5.2_1_p2_1118__event_005,sprsound2022,sprsound2022::41263406,calibration,False,0,normal,0.8200000000000003,0,0.95912,0.04088003,0
sprsound2022::41263406_5.2_1_p4_1116__event_000,sprsound2022,sprsound2022::41263406,calibration,False,0,normal,1.466,0,0.9897307,0.010269247,0
sprsound2022::41263406_5.2_1_p4_1116__event_001,sprsound2022,sprsound2022::41263406,calibration,False,0,normal,1.303,0,0.9960433,0.0039566793,0
sprsound2022::41263406_5.2_1_p4_1116__event_002,sprsound2022,sprsound2022::41263406,calibration,False,0,normal,1.6100000000000003,0,0.99276334,0.007236713,0
sprsound2022::41263406_5.2_1_p4_1116__event_003,sprsound2022,sprsound2022::41263406,calibration,False,0,normal,1.6180000000000003,0,0.996831,0.0031689815,0
sprsound2022::41263406_5.2_1_p4_1116__event_004,sprsound2022,sprsound2022::41263406,calibration,False,0,normal,1.5670000000000002,0,0.8535252,0.14647478,0
sprsound2022::41263406_5.2_1_p4_1116__event_005,sprsound2022,sprsound2022::41263406,calibration,False,0,normal,1.5410000000000004,0,0.9316899,0.06831008,0
sprsound2022::41263406_5.2_1_p4_1116__event_006,sprsound2022,sprsound2022::41263406,calibration,False,0,normal,1.402000000000001,0,0.9315413,0.06845863,0
sprsound2022::41263406_5.2_1_p4_1116__event_007,sprsound2022,sprsound2022::41263406,calibration,False,0,normal,1.1769999999999996,0,0.9895739,0.01042611,0
sprsound2022::41263406_5.2_1_p4_1120__event_000,sprsound2022,sprsound2022::41263406,calibration,False,0,normal,1.25,0,0.96584386,0.034156084,0
sprsound2022::41263406_5.2_1_p4_1120__event_001,sprsound2022,sprsound2022::41263406,calibration,False,0,normal,0.9370000000000004,0,0.9856133,0.014386683,0
sprsound2022::41263406_5.2_1_p4_1120__event_002,sprsound2022,sprsound2022::41263406,calibration,False,0,normal,1.245,0,0.9822489,0.017751118,0
sprsound2022::41263406_5.2_1_p4_1120__event_003,sprsound2022,sprsound2022::41263406,calibration,False,0,normal,1.3339999999999996,0,0.9948413,0.0051587075,0
sprsound2022::41263406_5.2_1_p4_1120__event_004,sprsound2022,sprsound2022::41263406,calibration,False,0,normal,1.279,0,0.99442875,0.0055712294,0
sprsound2022::41263406_5.2_1_p4_1120__event_005,sprsound2022,sprsound2022::41263406,calibration,False,0,normal,2.2379999999999995,0,0.99342453,0.0065754154,0
sprsound2022::41263490_8.0_1_p4_896__event_000,sprsound2022,sprsound2022::41263490,calibration,False,0,normal,1.4420000000000002,0,0.9860741,0.013925953,0
sprsound2022::41263490_8.0_1_p4_896__event_001,sprsound2022,sprsound2022::41263490,calibration,False,0,normal,2.5040000000000013,0,0.9775659,0.022434196,0
sprsound2022::41263490_8.0_1_p4_896__event_002,sprsound2022,sprsound2022::41263490,calibration,False,0,normal,2.1169999999999995,0,0.9784073,0.021592665,0
sprsound2022::41267028_0.2_0_p1_2439__event_000,sprsound2022,sprsound2022::41267028,calibration,False,1,stridor,0.7700000000000005,1,0.0010895048,0.99891055,1
sprsound2022::41267028_0.2_0_p1_2439__event_001,sprsound2022,sprsound2022::41267028,calibration,False,1,stridor,1.0359999999999996,1,0.0071961726,0.9928039,1
sprsound2022::41267028_0.2_0_p1_2439__event_002,sprsound2022,sprsound2022::41267028,calibration,False,1,stridor,0.9190000000000004,1,0.0062379004,0.9937621,1
sprsound2022::41267028_0.2_0_p1_2439__event_003,sprsound2022,sprsound2022::41267028,calibration,False,1,stridor,0.9329999999999998,1,0.009882851,0.99011713,1
sprsound2022::41267028_0.2_0_p1_2439__event_004,sprsound2022,sprsound2022::41267028,calibration,False,1,stridor,0.8849999999999998,1,0.011274995,0.988725,1
sprsound2022::41267028_0.2_0_p1_2439__event_005,sprsound2022,sprsound2022::41267028,calibration,False,1,stridor,0.613999999999999,1,0.0029256814,0.99707437,1
sprsound2022::41267028_0.2_0_p1_2439__event_006,sprsound2022,sprsound2022::41267028,calibration,False,1,stridor,0.904,1,0.3449526,0.6550474,1
sprsound2022::41267028_0.2_0_p2_2452__event_000,sprsound2022,sprsound2022::41267028,calibration,False,1,stridor,1.173,1,0.003487369,0.9965126,1
sprsound2022::41267028_0.2_0_p2_2452__event_001,sprsound2022,sprsound2022::41267028,calibration,False,1,stridor,1.177,1,0.009228609,0.9907714,1
sprsound2022::41267028_0.2_0_p2_2452__event_002,sprsound2022,sprsound2022::41267028,calibration,False,1,stridor,1.1759999999999993,1,0.0028383648,0.9971616,1
sprsound2022::41267028_0.2_0_p3_2476__event_000,sprsound2022,sprsound2022::41267028,calibration,False,1,stridor,1.1870000000000005,1,0.009770018,0.99023,1
sprsound2022::41267028_0.2_0_p3_2476__event_001,sprsound2022,sprsound2022::41267028,calibration,False,1,stridor,1.096,1,0.009279698,0.9907203,1
sprsound2022::41267028_0.2_0_p3_2476__event_002,sprsound2022,sprsound2022::41267028,calibration,False,1,stridor,1.1159999999999997,1,0.00861006,0.99138993,1
sprsound2022::41267028_0.2_0_p3_2476__event_003,sprsound2022,sprsound2022::41267028,calibration,False,1,stridor,0.434000000000001,1,0.004801224,0.9951988,1
sprsound2022::41267028_0.2_0_p3_2476__event_004,sprsound2022,sprsound2022::41267028,calibration,False,1,fine_crackle,1.2420000000000009,1,0.023475382,0.9765246,1
sprsound2022::41267028_0.3_0_p1_2225__event_000,sprsound2022,sprsound2022::41267028,calibration,False,1,wheeze,0.4269999999999996,1,0.0023826088,0.9976173,1
sprsound2022::41267028_0.3_0_p1_2225__event_001,sprsound2022,sprsound2022::41267028,calibration,False,1,wheeze,0.451,1,0.006107147,0.9938929,1
sprsound2022::41267028_0.3_0_p1_2225__event_002,sprsound2022,sprsound2022::41267028,calibration,False,1,wheeze,0.3700000000000001,1,0.01112739,0.9888726,1
sprsound2022::41267028_0.3_0_p1_2225__event_003,sprsound2022,sprsound2022::41267028,calibration,False,1,fine_crackle,0.3729999999999993,1,0.0010797293,0.9989203,1
sprsound2022::41267028_0.3_0_p1_2225__event_004,sprsound2022,sprsound2022::41267028,calibration,False,1,wheeze,0.6789999999999994,1,0.003665796,0.9963342,1
sprsound2022::41267028_0.3_0_p1_2225__event_005,sprsound2022,sprsound2022::41267028,calibration,False,1,wheeze,0.4370000000000003,1,0.009563382,0.9904366,1
sprsound2022::41267028_0.3_0_p1_2225__event_006,sprsound2022,sprsound2022::41267028,calibration,False,1,fine_crackle,0.4429999999999987,1,0.0016945985,0.99830544,1
sprsound2022::41267028_0.3_0_p1_2225__event_007,sprsound2022,sprsound2022::41267028,calibration,False,1,wheeze,0.4900000000000002,1,0.004857971,0.995142,1
sprsound2022::41267028_0.3_0_p1_2284__event_000,sprsound2022,sprsound2022::41267028,calibration,False,1,wheeze,0.2769999999999999,1,0.0031343666,0.9968656,1
sprsound2022::41267028_0.3_0_p1_2284__event_001,sprsound2022,sprsound2022::41267028,calibration,False,1,fine_crackle,0.394,1,0.006060391,0.99393964,1
sprsound2022::41267028_0.3_0_p1_2284__event_002,sprsound2022,sprsound2022::41267028,calibration,False,1,wheeze,0.4100000000000001,1,0.001905614,0.9980944,1
sprsound2022::41267028_0.3_0_p1_2284__event_003,sprsound2022,sprsound2022::41267028,calibration,False,1,wheeze,0.4209999999999998,1,0.005472341,0.99452764,1
sprsound2022::41267028_0.3_0_p1_2284__event_004,sprsound2022,sprsound2022::41267028,calibration,False,1,fine_crackle,0.3610000000000006,1,0.0032988174,0.9967012,1
sprsound2022::41267028_0.3_0_p1_2284__event_005,sprsound2022,sprsound2022::41267028,calibration,False,1,fine_crackle,0.447,1,0.0063238475,0.9936761,1
sprsound2022::41267028_0.3_0_p1_2284__event_006,sprsound2022,sprsound2022::41267028,calibration,False,1,wheeze,0.3550000000000004,1,0.0027090297,0.9972909,1
sprsound2022::41267028_0.3_0_p1_2284__event_007,sprsound2022,sprsound2022::41267028,calibration,False,1,fine_crackle,0.3849999999999998,1,0.0029992398,0.99700075,1
sprsound2022::41267028_0.3_0_p1_2284__event_008,sprsound2022,sprsound2022::41267028,calibration,False,1,wheeze,0.4380000000000006,1,0.0044286787,0.9955713,1
sprsound2022::41267028_0.3_0_p1_2284__event_009,sprsound2022,sprsound2022::41267028,calibration,False,1,fine_crackle,0.5389999999999997,1,0.018513741,0.98148626,1
sprsound2022::41267028_0.3_0_p1_2284__event_010,sprsound2022,sprsound2022::41267028,calibration,False,1,wheeze,0.447,1,0.0023609363,0.99763906,1
sprsound2022::41267028_0.3_0_p1_2427__event_000,sprsound2022,sprsound2022::41267028,calibration,False,1,wheeze,0.3490000000000002,1,0.002009639,0.99799037,1
sprsound2022::41267028_0.3_0_p1_2427__event_001,sprsound2022,sprsound2022::41267028,calibration,False,1,wheeze,0.4279999999999999,1,0.0010149925,0.998985,1
sprsound2022::41267028_0.3_0_p1_2427__event_002,sprsound2022,sprsound2022::41267028,calibration,False,1,fine_crackle,0.585,1,0.008930423,0.99106956,1
sprsound2022::41267028_0.3_0_p1_2427__event_003,sprsound2022,sprsound2022::41267028,calibration,False,1,fine_crackle,0.532,1,0.10739142,0.8926086,1
sprsound2022::41267028_0.3_0_p1_2427__event_004,sprsound2022,sprsound2022::41267028,calibration,False,1,fine_crackle,0.6440000000000001,1,0.0027561174,0.9972439,1
sprsound2022::41267028_0.3_0_p2_2211__event_000,sprsound2022,sprsound2022::41267028,calibration,False,1,wheeze,0.6150000000000002,1,0.0053320695,0.994668,1
sprsound2022::41267028_0.3_0_p2_2211__event_001,sprsound2022,sprsound2022::41267028,calibration,False,1,wheeze,0.565,1,0.0028114496,0.9971885,1
sprsound2022::41267028_0.3_0_p2_2211__event_002,sprsound2022,sprsound2022::41267028,calibration,False,1,fine_crackle,0.4039999999999999,1,0.0045385784,0.9954614,1
sprsound2022::41267028_0.3_0_p2_2211__event_003,sprsound2022,sprsound2022::41267028,calibration,False,1,wheeze,0.6579999999999995,1,0.0030756344,0.99692434,1
sprsound2022::41267028_0.3_0_p2_2211__event_004,sprsound2022,sprsound2022::41267028,calibration,False,1,fine_crackle,0.5529999999999999,1,0.006865709,0.99313426,1
sprsound2022::41267028_0.3_0_p2_2211__event_005,sprsound2022,sprsound2022::41267028,calibration,False,1,wheeze,0.6550000000000002,1,0.006104436,0.9938956,1
sprsound2022::41267028_0.3_0_p2_2211__event_006,sprsound2022,sprsound2022::41267028,calibration,False,1,fine_crackle,0.6999999999999993,1,0.01129491,0.9887051,1
sprsound2022::41267028_0.3_0_p2_2211__event_007,sprsound2022,sprsound2022::41267028,calibration,False,1,wheeze,0.6109999999999998,1,0.00088441075,0.9991155,1
sprsound2022::41267028_0.3_0_p2_2211__event_008,sprsound2022,sprsound2022::41267028,calibration,False,1,fine_crackle,0.455,1,0.012590401,0.98740953,1
sprsound2022::41267028_0.3_0_p2_2211__event_009,sprsound2022,sprsound2022::41267028,calibration,False,1,wheeze,0.3390000000000004,1,0.0013832189,0.9986168,1
sprsound2022::41267028_0.3_0_p2_2211__event_010,sprsound2022,sprsound2022::41267028,calibration,False,1,wheeze,0.4279999999999999,1,0.0047166627,0.9952833,1
sprsound2022::41267028_0.3_0_p2_2269__event_000,sprsound2022,sprsound2022::41267028,calibration,False,1,wheeze,0.6100000000000001,1,0.0037179997,0.99628204,1
sprsound2022::41267028_0.3_0_p2_2269__event_001,sprsound2022,sprsound2022::41267028,calibration,False,1,wheeze,0.5050000000000001,1,0.0041022133,0.9958977,1
sprsound2022::41267028_0.3_0_p2_2269__event_002,sprsound2022,sprsound2022::41267028,calibration,False,1,wheeze,0.5259999999999998,1,0.0032860648,0.996714,1
sprsound2022::41267028_0.3_0_p2_2269__event_003,sprsound2022,sprsound2022::41267028,calibration,False,1,wheeze,0.4089999999999998,1,0.0020279654,0.9979721,1
sprsound2022::41267028_0.3_0_p2_2269__event_004,sprsound2022,sprsound2022::41267028,calibration,False,1,wheeze,0.532,1,0.0032719732,0.99672806,1
sprsound2022::41267028_0.3_0_p2_2269__event_005,sprsound2022,sprsound2022::41267028,calibration,False,1,wheeze,0.5939999999999994,1,0.0041864044,0.99581355,1
sprsound2022::41267028_0.3_0_p2_2269__event_006,sprsound2022,sprsound2022::41267028,calibration,False,1,wheeze,0.8039999999999994,1,0.0032131486,0.99678683,1
sprsound2022::41267028_0.3_0_p2_2269__event_007,sprsound2022,sprsound2022::41267028,calibration,False,1,fine_crackle,0.4950000000000001,1,0.0074440804,0.9925559,1
sprsound2022::41267028_0.3_0_p2_2269__event_008,sprsound2022,sprsound2022::41267028,calibration,False,1,fine_crackle,0.4500000000000002,1,0.00790172,0.99209833,1
sprsound2022::41267028_0.3_0_p2_2269__event_009,sprsound2022,sprsound2022::41267028,calibration,False,1,fine_crackle,0.5879999999999996,1,0.0064358367,0.9935642,1
sprsound2022::41267028_0.3_0_p2_2269__event_010,sprsound2022,sprsound2022::41267028,calibration,False,1,fine_crackle,0.4750000000000005,1,0.005698548,0.99430144,1
sprsound2022::41267028_0.3_0_p2_2269__event_011,sprsound2022,sprsound2022::41267028,calibration,False,1,fine_crackle,0.4210000000000002,1,0.013545593,0.9864544,1
sprsound2022::41267028_0.3_0_p2_2269__event_012,sprsound2022,sprsound2022::41267028,calibration,False,1,fine_crackle,0.4590000000000005,1,0.0059726983,0.99402726,1
sprsound2022::41267028_0.3_0_p2_2402__event_000,sprsound2022,sprsound2022::41267028,calibration,False,1,fine_crackle,0.7970000000000002,1,0.0060694893,0.9939306,1
sprsound2022::41267028_0.3_0_p2_2402__event_001,sprsound2022,sprsound2022::41267028,calibration,False,1,fine_crackle,0.8609999999999998,1,0.008416082,0.99158394,1
sprsound2022::41267028_0.3_0_p2_2402__event_002,sprsound2022,sprsound2022::41267028,calibration,False,1,fine_crackle,0.4400000000000004,1,0.0061123567,0.9938877,1
sprsound2022::41267028_0.3_0_p2_2402__event_003,sprsound2022,sprsound2022::41267028,calibration,False,1,fine_crackle,0.6970000000000001,1,0.0054921834,0.99450785,1
sprsound2022::41267028_0.3_0_p2_2402__event_004,sprsound2022,sprsound2022::41267028,calibration,False,1,fine_crackle,0.4670000000000005,1,0.007135614,0.9928644,1
sprsound2022::41267028_0.3_0_p2_2642__event_000,sprsound2022,sprsound2022::41267028,calibration,False,1,fine_crackle,0.5439999999999996,1,0.0033375844,0.9966625,1
sprsound2022::41267028_0.3_0_p2_2642__event_001,sprsound2022,sprsound2022::41267028,calibration,False,1,fine_crackle,0.5419999999999998,1,0.0025418426,0.99745816,1
sprsound2022::41267028_0.3_0_p2_2642__event_002,sprsound2022,sprsound2022::41267028,calibration,False,1,fine_crackle,0.5380000000000003,1,0.0026036436,0.99739635,1
sprsound2022::41267028_0.3_0_p2_2642__event_003,sprsound2022,sprsound2022::41267028,calibration,False,1,fine_crackle,0.7309999999999999,1,0.006326482,0.99367356,1
sprsound2022::41267028_0.3_0_p2_2642__event_004,sprsound2022,sprsound2022::41267028,calibration,False,1,fine_crackle,0.6769999999999996,1,0.0028546276,0.99714535,1
sprsound2022::41267028_0.3_0_p2_2642__event_005,sprsound2022,sprsound2022::41267028,calibration,False,1,fine_crackle,0.7240000000000002,1,0.0034182568,0.99658173,1
sprsound2022::41267028_0.3_0_p2_2642__event_006,sprsound2022,sprsound2022::41267028,calibration,False,1,fine_crackle,0.6769999999999996,1,0.0022547354,0.9977452,1
sprsound2022::41267028_0.3_0_p2_2642__event_007,sprsound2022,sprsound2022::41267028,calibration,False,1,fine_crackle,0.7469999999999999,1,0.0037842386,0.99621576,1
sprsound2022::41267028_0.3_0_p2_2642__event_008,sprsound2022,sprsound2022::41267028,calibration,False,1,fine_crackle,0.9619999999999996,1,0.0041230093,0.9958769,1
sprsound2022::41267028_0.3_0_p2_2642__event_009,sprsound2022,sprsound2022::41267028,calibration,False,1,fine_crackle,0.9640000000000002,1,0.016383642,0.98361635,1
sprsound2022::41267028_0.3_0_p2_2642__event_010,sprsound2022,sprsound2022::41267028,calibration,False,1,fine_crackle,0.7469999999999999,1,0.0031998146,0.9968002,1
sprsound2022::41267028_0.3_0_p2_2706__event_000,sprsound2022,sprsound2022::41267028,calibration,False,1,fine_crackle,0.6950000000000003,1,0.0072922152,0.9927078,1
sprsound2022::41267028_0.3_0_p2_2706__event_001,sprsound2022,sprsound2022::41267028,calibration,False,1,fine_crackle,0.984,1,0.005956914,0.99404305,1
sprsound2022::41267028_0.3_0_p2_2706__event_002,sprsound2022,sprsound2022::41267028,calibration,False,1,fine_crackle,0.6839999999999993,1,0.0051815244,0.9948185,1
sprsound2022::41267028_0.3_0_p2_2706__event_003,sprsound2022,sprsound2022::41267028,calibration,False,1,fine_crackle,0.956999999999999,1,0.0072051995,0.9927948,1
sprsound2022::41267028_0.3_0_p2_2706__event_004,sprsound2022,sprsound2022::41267028,calibration,False,1,fine_crackle,0.6160000000000001,1,0.006646684,0.99335337,1
sprsound2022::41267028_0.3_0_p2_2706__event_005,sprsound2022,sprsound2022::41267028,calibration,False,1,fine_crackle,0.6440000000000006,1,0.0039122994,0.9960877,1
sprsound2022::41267028_0.3_0_p2_2706__event_006,sprsound2022,sprsound2022::41267028,calibration,False,1,fine_crackle,0.7229999999999999,1,0.0026136965,0.9973863,1
sprsound2022::41267028_0.3_0_p2_2706__event_007,sprsound2022,sprsound2022::41267028,calibration,False,1,fine_crackle,0.6559999999999997,1,0.005286738,0.99471325,1
sprsound2022::41267028_0.3_0_p2_2706__event_008,sprsound2022,sprsound2022::41267028,calibration,False,1,fine_crackle,0.7969999999999997,1,0.0038572063,0.9961428,1
sprsound2022::41267028_0.3_0_p2_2706__event_009,sprsound2022,sprsound2022::41267028,calibration,False,0,normal,0.853,0,0.96027553,0.03972445,0
sprsound2022::41267028_0.3_0_p3_2239__event_000,sprsound2022,sprsound2022::41267028,calibration,False,1,wheeze,0.4969999999999999,1,0.0041199634,0.99588,1
sprsound2022::41267028_0.3_0_p3_2239__event_001,sprsound2022,sprsound2022::41267028,calibration,False,1,wheeze,0.516,1,0.0076471837,0.9923528,1
sprsound2022::41267028_0.3_0_p3_2239__event_002,sprsound2022,sprsound2022::41267028,calibration,False,1,wheeze,0.4329999999999998,1,0.003113247,0.9968868,1
sprsound2022::41267028_0.3_0_p3_2239__event_003,sprsound2022,sprsound2022::41267028,calibration,False,1,wheeze,0.4859999999999989,1,0.0032178755,0.99678206,1
sprsound2022::41267028_0.3_0_p3_2239__event_004,sprsound2022,sprsound2022::41267028,calibration,False,1,wheeze,0.4900000000000002,1,0.009379038,0.990621,1
sprsound2022::41267028_0.3_0_p3_2239__event_005,sprsound2022,sprsound2022::41267028,calibration,False,1,wheeze,0.5979999999999999,1,0.0016967648,0.9983032,1
sprsound2022::41267028_0.3_0_p3_2239__event_006,sprsound2022,sprsound2022::41267028,calibration,False,1,wheeze,0.508,1,0.0037341057,0.99626595,1
sprsound2022::41267028_0.3_0_p3_2239__event_007,sprsound2022,sprsound2022::41267028,calibration,False,1,fine_crackle,0.5880000000000001,1,0.010637185,0.9893628,1
sprsound2022::41267028_0.3_0_p3_2239__event_008,sprsound2022,sprsound2022::41267028,calibration,False,1,fine_crackle,0.5230000000000001,1,0.005702089,0.9942979,1
sprsound2022::41267028_0.3_0_p3_2239__event_009,sprsound2022,sprsound2022::41267028,calibration,False,1,fine_crackle,0.5099999999999998,1,0.004384118,0.99561584,1
sprsound2022::41267028_0.3_0_p3_2239__event_010,sprsound2022,sprsound2022::41267028,calibration,False,1,fine_crackle,0.5369999999999999,1,0.0040036105,0.99599636,1
sprsound2022::41267028_0.3_0_p3_2239__event_011,sprsound2022,sprsound2022::41267028,calibration,False,1,fine_crackle,0.4559999999999995,1,0.002779286,0.99722075,1
sprsound2022::41267028_0.3_0_p3_2239__event_012,sprsound2022,sprsound2022::41267028,calibration,False,1,fine_crackle,0.4459999999999997,1,0.0024746165,0.9975254,1
sprsound2022::41267028_0.3_0_p3_2239__event_013,sprsound2022,sprsound2022::41267028,calibration,False,1,fine_crackle,0.8159999999999998,1,0.010783337,0.9892167,1
sprsound2022::41267028_0.3_0_p3_2299__event_000,sprsound2022,sprsound2022::41267028,calibration,False,1,wheeze,0.513,1,0.009724307,0.99027574,1
sprsound2022::41267028_0.3_0_p3_2299__event_001,sprsound2022,sprsound2022::41267028,calibration,False,1,wheeze,0.472,1,0.0033855587,0.9966144,1
sprsound2022::41267028_0.3_0_p3_2299__event_002,sprsound2022,sprsound2022::41267028,calibration,False,1,fine_crackle,0.4089999999999999,1,0.005479316,0.99452066,1
sprsound2022::41267028_0.3_0_p3_2299__event_003,sprsound2022,sprsound2022::41267028,calibration,False,1,fine_crackle,0.6950000000000003,1,0.010757599,0.9892424,1
sprsound2022::41267028_0.3_0_p3_2629__event_000,sprsound2022,sprsound2022::41267028,calibration,False,1,fine_crackle,0.6269999999999998,1,0.0053197513,0.9946802,1
sprsound2022::41267028_0.3_0_p3_2629__event_001,sprsound2022,sprsound2022::41267028,calibration,False,1,fine_crackle,0.9650000000000004,1,0.043896243,0.9561038,1
sprsound2022::41267028_0.3_0_p3_2629__event_002,sprsound2022,sprsound2022::41267028,calibration,False,1,fine_crackle,0.7479999999999993,1,0.0068162223,0.9931838,1
sprsound2022::41267028_0.3_0_p3_2629__event_003,sprsound2022,sprsound2022::41267028,calibration,False,1,fine_crackle,0.7750000000000004,1,0.008421981,0.991578,1
sprsound2022::41267028_0.3_0_p3_2629__event_004,sprsound2022,sprsound2022::41267028,calibration,False,1,fine_crackle,0.7970000000000006,1,0.0014248745,0.9985751,1
sprsound2022::41267028_0.3_0_p3_2718__event_000,sprsound2022,sprsound2022::41267028,calibration,False,1,fine_crackle,1.0990000000000002,1,0.038002003,0.961998,1
sprsound2022::41267028_0.3_0_p3_2718__event_001,sprsound2022,sprsound2022::41267028,calibration,False,1,fine_crackle,0.9749999999999996,1,0.01759116,0.9824088,1
sprsound2022::41267028_0.3_0_p3_2718__event_002,sprsound2022,sprsound2022::41267028,calibration,False,1,fine_crackle,0.9179999999999992,1,0.0076006744,0.9923994,1
sprsound2022::41267028_0.3_0_p3_2718__event_003,sprsound2022,sprsound2022::41267028,calibration,False,1,fine_crackle,0.9740000000000002,1,0.009086905,0.99091303,1
sprsound2022::41267028_0.3_0_p3_2718__event_004,sprsound2022,sprsound2022::41267028,calibration,False,1,fine_crackle,0.8060000000000009,1,0.00393129,0.9960687,1
sprsound2022::41267028_0.3_0_p3_2718__event_005,sprsound2022,sprsound2022::41267028,calibration,False,1,fine_crackle,0.9009999999999998,1,0.0047492366,0.9952507,1
sprsound2022::41267028_0.3_0_p3_2718__event_006,sprsound2022,sprsound2022::41267028,calibration,False,1,fine_crackle,0.8109999999999999,1,0.009768195,0.9902318,1
sprsound2022::41267028_0.3_0_p3_2718__event_007,sprsound2022,sprsound2022::41267028,calibration,False,1,fine_crackle,0.79,1,0.0031995485,0.9968004,1
sprsound2022::41267028_0.3_0_p3_2718__event_008,sprsound2022,sprsound2022::41267028,calibration,False,1,fine_crackle,1.1109999999999998,1,0.011751338,0.9882486,1
sprsound2022::41267028_0.3_0_p3_2718__event_009,sprsound2022,sprsound2022::41267028,calibration,False,1,fine_crackle,0.7640000000000002,1,0.004902814,0.9950972,1
sprsound2022::41267028_0.3_0_p3_2718__event_010,sprsound2022,sprsound2022::41267028,calibration,False,1,fine_crackle,0.9170000000000004,1,0.007379134,0.9926208,1
sprsound2022::41267028_0.3_0_p3_2718__event_011,sprsound2022,sprsound2022::41267028,calibration,False,1,fine_crackle,0.483,1,0.0047189062,0.99528104,1
sprsound2022::41267028_0.3_0_p3_2718__event_012,sprsound2022,sprsound2022::41267028,calibration,False,1,fine_crackle,0.5910000000000011,1,0.024922768,0.9750772,1
sprsound2022::41267028_0.3_0_p4_2254__event_000,sprsound2022,sprsound2022::41267028,calibration,False,1,wheeze,0.4430000000000005,1,0.0019555625,0.9980444,1
sprsound2022::41267028_0.3_0_p4_2254__event_001,sprsound2022,sprsound2022::41267028,calibration,False,1,wheeze,0.289,1,0.0061561014,0.9938439,1
sprsound2022::41267028_0.3_0_p4_2314__event_000,sprsound2022,sprsound2022::41267028,calibration,False,1,wheeze,0.579,1,0.0024077673,0.9975922,1
sprsound2022::41267028_0.3_0_p4_2389__event_000,sprsound2022,sprsound2022::41267028,calibration,False,1,fine_crackle,0.3510000000000008,1,0.019258572,0.98074144,1
sprsound2022::41267028_0.3_0_p4_2389__event_001,sprsound2022,sprsound2022::41267028,calibration,False,0,normal,0.4039999999999999,0,0.009374581,0.9906254,1
sprsound2022::41267028_0.3_0_p4_2655__event_000,sprsound2022,sprsound2022::41267028,calibration,False,1,fine_crackle,0.6970000000000001,1,0.003801712,0.99619824,1
sprsound2022::41267028_0.3_0_p4_2655__event_001,sprsound2022,sprsound2022::41267028,calibration,False,1,fine_crackle,0.688,1,0.0035383836,0.9964616,1
sprsound2022::41267028_0.3_0_p4_2655__event_002,sprsound2022,sprsound2022::41267028,calibration,False,1,fine_crackle,0.6139999999999999,1,0.003297551,0.9967025,1
sprsound2022::41267028_0.3_0_p4_2655__event_003,sprsound2022,sprsound2022::41267028,calibration,False,1,fine_crackle,0.6390000000000002,1,0.0025414592,0.9974585,1
sprsound2022::41267028_0.3_0_p4_2655__event_004,sprsound2022,sprsound2022::41267028,calibration,False,1,fine_crackle,0.7219999999999995,1,0.002832201,0.99716777,1
sprsound2022::41267028_0.3_0_p4_2655__event_005,sprsound2022,sprsound2022::41267028,calibration,False,1,fine_crackle,0.6370000000000005,1,0.0046335654,0.99536645,1
sprsound2022::41267028_0.3_0_p4_2655__event_006,sprsound2022,sprsound2022::41267028,calibration,False,1,fine_crackle,0.7070000000000007,1,0.004492433,0.9955076,1
sprsound2022::41267028_0.3_0_p4_2655__event_007,sprsound2022,sprsound2022::41267028,calibration,False,1,fine_crackle,0.7089999999999996,1,0.003925843,0.9960742,1
sprsound2022::41267028_0.3_0_p4_2655__event_008,sprsound2022,sprsound2022::41267028,calibration,False,1,fine_crackle,0.7010000000000005,1,0.0026651085,0.9973349,1
sprsound2022::41267028_0.3_0_p4_2655__event_009,sprsound2022,sprsound2022::41267028,calibration,False,1,fine_crackle,0.5969999999999995,1,0.0038469308,0.99615306,1
sprsound2022::41267028_0.3_0_p4_2655__event_010,sprsound2022,sprsound2022::41267028,calibration,False,1,fine_crackle,0.7850000000000001,1,0.00558701,0.99441296,1
sprsound2022::41267028_0.3_0_p4_2655__event_011,sprsound2022,sprsound2022::41267028,calibration,False,1,fine_crackle,0.7729999999999997,1,0.0038211315,0.99617887,1
sprsound2022::41271028_3.4_1_p1_1678__event_000,sprsound2022,sprsound2022::41271028,calibration,False,1,wheeze,0.6930000000000005,1,0.0038333647,0.99616665,1
sprsound2022::41271028_3.4_1_p1_1678__event_001,sprsound2022,sprsound2022::41271028,calibration,False,0,normal,1.999,0,0.48918733,0.5108127,1
sprsound2022::41271028_3.4_1_p1_1678__event_002,sprsound2022,sprsound2022::41271028,calibration,False,0,normal,1.825000000000001,0,0.97332597,0.026674027,0
sprsound2022::41271028_3.4_1_p2_1702__event_000,sprsound2022,sprsound2022::41271028,calibration,False,0,normal,1.1959999999999995,0,0.978455,0.021544958,0
sprsound2022::41271028_3.4_1_p2_1702__event_001,sprsound2022,sprsound2022::41271028,calibration,False,0,normal,0.9110000000000004,0,0.9158612,0.08413884,0
sprsound2022::41271028_3.4_1_p3_1690__event_000,sprsound2022,sprsound2022::41271028,calibration,False,0,normal,1.6869999999999998,0,0.9640539,0.03594607,0
sprsound2022::41271028_3.4_1_p3_1690__event_001,sprsound2022,sprsound2022::41271028,calibration,False,0,normal,1.374,0,0.82828975,0.17171025,0
sprsound2022::41271028_3.4_1_p3_1690__event_002,sprsound2022,sprsound2022::41271028,calibration,False,0,normal,0.956999999999999,0,0.96989185,0.03010812,0
sprsound2022::41271028_3.4_1_p4_1714__event_000,sprsound2022,sprsound2022::41271028,calibration,False,0,normal,1.181,0,0.43806928,0.56193066,1
sprsound2022::41271028_3.4_1_p4_1714__event_001,sprsound2022,sprsound2022::41271028,calibration,False,0,normal,1.0660000000000005,0,0.9694771,0.030522874,0
sprsound2022::41271028_3.4_1_p4_1714__event_002,sprsound2022,sprsound2022::41271028,calibration,False,0,normal,1.0700000000000005,0,0.98222715,0.017772865,0
sprsound2022::41271028_3.4_1_p4_1714__event_003,sprsound2022,sprsound2022::41271028,calibration,False,0,normal,1.2379999999999995,0,0.9780115,0.021988476,0
sprsound2022::41271028_3.4_1_p4_1714__event_004,sprsound2022,sprsound2022::41271028,calibration,False,0,normal,0.8900000000000006,0,0.9890863,0.010913677,0
sprsound2022::41271028_3.4_1_p4_1714__event_005,sprsound2022,sprsound2022::41271028,calibration,False,1,coarse_crackle,1.1449999999999996,1,0.73250157,0.26749843,0
sprsound2022::41274453_4.3_1_p1_1390__event_000,sprsound2022,sprsound2022::41274453,calibration,False,1,rhonchi,0.54,1,0.033659972,0.96634,1
sprsound2022::41274453_4.3_1_p1_1390__event_001,sprsound2022,sprsound2022::41274453,calibration,False,1,rhonchi,0.4930000000000003,1,0.15430447,0.84569556,1
sprsound2022::41274453_4.3_1_p1_1390__event_002,sprsound2022,sprsound2022::41274453,calibration,False,1,rhonchi,0.5020000000000007,1,0.012344504,0.98765546,1
sprsound2022::41274453_4.3_1_p2_1366__event_000,sprsound2022,sprsound2022::41274453,calibration,False,1,wheeze,0.5619999999999998,1,0.001964138,0.99803585,1
sprsound2022::41274453_4.3_1_p2_1366__event_001,sprsound2022,sprsound2022::41274453,calibration,False,0,normal,0.8169999999999993,0,0.96958536,0.03041471,0
sprsound2022::41274453_4.3_1_p2_1366__event_002,sprsound2022,sprsound2022::41274453,calibration,False,0,normal,0.8430000000000009,0,0.9876967,0.01230332,0
sprsound2022::41274453_4.3_1_p2_1366__event_003,sprsound2022,sprsound2022::41274453,calibration,False,0,normal,0.9220000000000006,0,0.9855682,0.014431715,0
sprsound2022::41274453_4.3_1_p2_1366__event_004,sprsound2022,sprsound2022::41274453,calibration,False,1,rhonchi,0.6970000000000001,1,0.0065656803,0.9934343,1
sprsound2022::41274453_4.3_1_p2_1430__event_000,sprsound2022,sprsound2022::41274453,calibration,False,0,normal,0.7639999999999999,0,0.9798749,0.02012516,0
sprsound2022::41274453_4.3_1_p2_1430__event_001,sprsound2022,sprsound2022::41274453,calibration,False,0,normal,0.9369999999999994,0,0.9873137,0.012686308,0
sprsound2022::41274453_4.3_1_p2_1430__event_002,sprsound2022,sprsound2022::41274453,calibration,False,0,normal,0.8460000000000001,0,0.9882096,0.011790371,0
sprsound2022::41274453_4.3_1_p2_1430__event_003,sprsound2022,sprsound2022::41274453,calibration,False,0,normal,0.652000000000001,0,0.95396984,0.046030156,0
sprsound2022::41274453_4.3_1_p3_1382__event_000,sprsound2022,sprsound2022::41274453,calibration,False,0,normal,1.3900000000000006,0,0.9924825,0.007517487,0
sprsound2022::41274453_4.3_1_p3_1382__event_001,sprsound2022,sprsound2022::41274453,calibration,False,0,normal,1.0710000000000002,0,0.99084526,0.0091547575,0
sprsound2022::41274453_4.3_1_p3_1382__event_002,sprsound2022,sprsound2022::41274453,calibration,False,0,normal,0.902,0,0.9665178,0.033482157,0
sprsound2022::41274453_4.3_1_p3_1414__event_000,sprsound2022,sprsound2022::41274453,calibration,False,0,normal,0.945,0,0.98713815,0.0128619205,0
sprsound2022::41274453_4.3_1_p3_1414__event_001,sprsound2022,sprsound2022::41274453,calibration,False,0,normal,0.7499999999999996,0,0.9875503,0.012449701,0
sprsound2022::41274453_4.3_1_p3_1414__event_002,sprsound2022,sprsound2022::41274453,calibration,False,0,normal,0.8790000000000004,0,0.98464036,0.0153597025,0
sprsound2022::41274453_4.3_1_p4_1357__event_000,sprsound2022,sprsound2022::41274453,calibration,False,0,normal,1.189,0,0.9733483,0.026651679,0
sprsound2022::41274453_4.3_1_p4_1357__event_001,sprsound2022,sprsound2022::41274453,calibration,False,0,normal,1.064,0,0.99672663,0.0032733388,0
sprsound2022::41274453_4.3_1_p4_1357__event_002,sprsound2022,sprsound2022::41274453,calibration,False,0,normal,1.027,0,0.9906427,0.009357332,0
sprsound2022::41274453_4.3_1_p4_1357__event_003,sprsound2022,sprsound2022::41274453,calibration,False,1,rhonchi,0.4750000000000001,1,0.014528962,0.985471,1
sprsound2022::41274453_4.3_1_p4_1357__event_004,sprsound2022,sprsound2022::41274453,calibration,False,1,rhonchi,0.4100000000000001,1,0.028838705,0.9711613,1
sprsound2022::41274453_4.3_1_p4_1357__event_005,sprsound2022,sprsound2022::41274453,calibration,False,1,rhonchi,0.8389999999999995,1,0.044282153,0.95571786,1
sprsound2022::41274453_4.3_1_p4_1357__event_006,sprsound2022,sprsound2022::41274453,calibration,False,0,normal,0.823999999999999,0,0.99566674,0.0043332297,0
sprsound2022::41274453_4.3_1_p4_1357__event_007,sprsound2022,sprsound2022::41274453,calibration,False,1,rhonchi,0.439,1,0.11222512,0.8877749,1
sprsound2022::41274453_4.3_1_p4_1398__event_000,sprsound2022,sprsound2022::41274453,calibration,False,1,rhonchi,0.4509999999999998,1,0.009019692,0.9909803,1
sprsound2022::41274453_4.3_1_p4_1398__event_001,sprsound2022,sprsound2022::41274453,calibration,False,0,normal,1.0579999999999998,0,0.85579956,0.14420043,0
sprsound2022::41274453_4.3_1_p4_1422__event_000,sprsound2022,sprsound2022::41274453,calibration,False,0,normal,1.3369999999999995,0,0.99066085,0.009339182,0
sprsound2022::41274453_4.3_1_p4_1422__event_001,sprsound2022,sprsound2022::41274453,calibration,False,0,normal,0.955,0,0.9839954,0.016004633,0
sprsound2022::41274453_4.3_1_p4_1422__event_002,sprsound2022,sprsound2022::41274453,calibration,False,1,wheeze,0.5260000000000007,1,0.001978968,0.998021,1
sprsound2022::41274453_4.3_1_p4_1422__event_003,sprsound2022,sprsound2022::41274453,calibration,False,1,wheeze,0.4329999999999998,1,0.002873256,0.99712676,1
sprsound2022::41275381_2.6_0_p2_2206__event_000,sprsound2022,sprsound2022::41275381,calibration,False,0,normal,0.4900000000000002,0,0.3372226,0.6627774,1
sprsound2022::41275381_2.6_0_p2_2206__event_001,sprsound2022,sprsound2022::41275381,calibration,False,0,normal,0.9740000000000002,0,0.17102353,0.8289765,1
sprsound2022::41275381_2.6_0_p2_2206__event_002,sprsound2022,sprsound2022::41275381,calibration,False,0,normal,1.987,0,0.9722711,0.027728962,0
sprsound2022::41275381_2.6_0_p2_2279__event_000,sprsound2022,sprsound2022::41275381,calibration,False,0,normal,1.1500000000000004,0,0.9823377,0.01766229,0
sprsound2022::41275381_2.6_0_p2_2279__event_001,sprsound2022,sprsound2022::41275381,calibration,False,0,normal,1.3650000000000002,0,0.4875433,0.5124567,1
sprsound2022::41275381_2.6_0_p3_2192__event_000,sprsound2022,sprsound2022::41275381,calibration,False,0,normal,0.4190000000000005,0,0.96390676,0.036093157,0
sprsound2022::41275381_2.6_0_p3_2192__event_001,sprsound2022,sprsound2022::41275381,calibration,False,0,normal,1.0650000000000002,0,0.95985407,0.040145915,0
sprsound2022::41275381_2.6_0_p3_2192__event_002,sprsound2022,sprsound2022::41275381,calibration,False,0,normal,1.1209999999999996,0,0.7831338,0.2168662,0
sprsound2022::41275381_2.6_0_p3_2264__event_000,sprsound2022,sprsound2022::41275381,calibration,False,0,normal,1.35,0,0.9978404,0.0021595778,0
sprsound2022::41275381_2.6_0_p3_2264__event_001,sprsound2022,sprsound2022::41275381,calibration,False,0,normal,1.2369999999999997,0,0.99706036,0.002939574,0
sprsound2022::41275381_2.6_0_p3_2264__event_002,sprsound2022,sprsound2022::41275381,calibration,False,0,normal,1.2189999999999994,0,0.996505,0.0034950403,0
sprsound2022::41275381_2.6_0_p3_2264__event_003,sprsound2022,sprsound2022::41275381,calibration,False,0,normal,1.1830000000000007,0,0.99511766,0.0048822905,0
sprsound2022::41275381_2.6_0_p3_2264__event_004,sprsound2022,sprsound2022::41275381,calibration,False,0,normal,0.3030000000000008,0,0.952986,0.04701396,0
sprsound2022::41275381_2.6_0_p4_2178__event_000,sprsound2022,sprsound2022::41275381,calibration,False,0,normal,1.372,0,0.6669286,0.3330714,0
sprsound2022::41275381_2.6_0_p4_2178__event_001,sprsound2022,sprsound2022::41275381,calibration,False,0,normal,1.3579999999999997,0,0.40541172,0.5945882,1
sprsound2022::41275381_2.6_0_p4_2249__event_000,sprsound2022,sprsound2022::41275381,calibration,False,0,normal,1.226,0,0.9962477,0.0037522553,0
sprsound2022::41275381_2.6_0_p4_2249__event_001,sprsound2022,sprsound2022::41275381,calibration,False,0,normal,1.0069999999999997,0,0.9918167,0.008183335,0
sprsound2022::41275381_2.6_0_p4_2249__event_002,sprsound2022,sprsound2022::41275381,calibration,False,0,normal,1.1509999999999998,0,0.9968905,0.0031095792,0
sprsound2022::41275381_2.6_0_p4_2249__event_003,sprsound2022,sprsound2022::41275381,calibration,False,0,normal,1.465,0,0.9940832,0.0059168157,0
sprsound2022::41279835_14.1_0_p1_2945__event_000,sprsound2022,sprsound2022::41279835,calibration,False,1,fine_crackle,4.647,1,0.93155056,0.068449505,0
sprsound2022::41279835_14.1_0_p3_2054__event_000,sprsound2022,sprsound2022::41279835,calibration,False,0,normal,1.3420000000000003,0,0.6925063,0.30749372,0
sprsound2022::41279835_14.1_0_p3_2054__event_001,sprsound2022,sprsound2022::41279835,calibration,False,0,normal,1.1180000000000003,0,0.44172722,0.5582727,1
sprsound2022::41279835_14.1_0_p3_2054__event_002,sprsound2022,sprsound2022::41279835,calibration,False,0,normal,1.8339999999999996,0,0.5906305,0.4093695,0
sprsound2022::41279835_14.1_0_p3_2054__event_003,sprsound2022,sprsound2022::41279835,calibration,False,0,normal,0.559000000000001,0,0.90819013,0.09180985,0
sprsound2022::41279835_14.1_0_p4_2062__event_000,sprsound2022,sprsound2022::41279835,calibration,False,0,normal,0.8599999999999999,0,0.86985624,0.13014378,0
sprsound2022::41279835_14.1_0_p4_2062__event_001,sprsound2022,sprsound2022::41279835,calibration,False,0,normal,0.827,0,0.73581946,0.2641806,0
sprsound2022::63211196_9.1_0_p1_2144__event_000,sprsound2022,sprsound2022::63211196,calibration,False,0,normal,1.935,0,0.99742174,0.0025782567,0
sprsound2022::63211196_9.1_0_p1_2144__event_001,sprsound2022,sprsound2022::63211196,calibration,False,0,normal,1.66,0,0.9943445,0.0056555714,0
sprsound2022::63211196_9.1_0_p1_2144__event_002,sprsound2022,sprsound2022::63211196,calibration,False,0,normal,1.747,0,0.99576664,0.0042334045,0
sprsound2022::63211196_9.1_0_p1_2174__event_000,sprsound2022,sprsound2022::63211196,calibration,False,0,normal,2.896,0,0.9879348,0.01206513,0
sprsound2022::63211196_9.1_0_p1_2174__event_001,sprsound2022,sprsound2022::63211196,calibration,False,0,normal,2.520999999999999,0,0.9920141,0.007985928,0
sprsound2022::63211196_9.1_0_p1_2960__event_000,sprsound2022,sprsound2022::63211196,calibration,False,0,normal,1.812,0,0.92057765,0.079422385,0
sprsound2022::63211196_9.1_0_p1_2960__event_001,sprsound2022,sprsound2022::63211196,calibration,False,0,normal,1.897,0,0.99430037,0.0056996564,0
sprsound2022::63211196_9.1_0_p1_3082__event_000,sprsound2022,sprsound2022::63211196,calibration,False,0,normal,2.344,0,0.99621093,0.003789027,0
sprsound2022::63211196_9.1_0_p1_3082__event_001,sprsound2022,sprsound2022::63211196,calibration,False,0,normal,0.9469999999999992,0,0.98442787,0.015572175,0
sprsound2022::63211196_9.1_0_p1_3149__event_000,sprsound2022,sprsound2022::63211196,calibration,False,0,normal,1.99,0,0.99243087,0.0075691636,0
sprsound2022::63211196_9.1_0_p1_3149__event_001,sprsound2022,sprsound2022::63211196,calibration,False,0,normal,1.5459999999999994,0,0.93321407,0.06678592,0
sprsound2022::63211196_9.1_0_p2_2203__event_000,sprsound2022,sprsound2022::63211196,calibration,False,0,normal,1.6719999999999997,0,0.99689436,0.0031056376,0
sprsound2022::63211196_9.1_0_p2_2203__event_001,sprsound2022,sprsound2022::63211196,calibration,False,0,normal,1.367,0,0.7659488,0.23405124,0
sprsound2022::63211196_9.1_0_p2_2203__event_002,sprsound2022,sprsound2022::63211196,calibration,False,0,normal,1.4749999999999996,0,0.9952057,0.0047943275,0
sprsound2022::63211196_9.1_0_p2_2203__event_003,sprsound2022,sprsound2022::63211196,calibration,False,0,normal,2.1579999999999995,0,0.9823167,0.017683294,0
sprsound2022::63211196_9.1_0_p2_2924__event_000,sprsound2022,sprsound2022::63211196,calibration,False,0,normal,1.882,0,0.99198544,0.008014481,0
sprsound2022::63211196_9.1_0_p2_2924__event_001,sprsound2022,sprsound2022::63211196,calibration,False,0,normal,1.918,0,0.9964324,0.0035675024,0
sprsound2022::63211196_9.1_0_p2_2924__event_002,sprsound2022,sprsound2022::63211196,calibration,False,0,normal,1.3659999999999997,0,0.9922478,0.007752213,0
sprsound2022::63211196_9.1_0_p2_2924__event_003,sprsound2022,sprsound2022::63211196,calibration,False,0,normal,2.5760000000000005,0,0.990854,0.009145947,0
sprsound2022::63211196_9.1_0_p2_3100__event_000,sprsound2022,sprsound2022::63211196,calibration,False,0,normal,1.876999999999999,0,0.9948355,0.0051644966,0
sprsound2022::63211196_9.1_0_p2_3100__event_001,sprsound2022,sprsound2022::63211196,calibration,False,0,normal,1.5259999999999998,0,0.9627239,0.037276153,0
sprsound2022::63211196_9.1_0_p2_3100__event_002,sprsound2022,sprsound2022::63211196,calibration,False,0,normal,2.990000000000001,0,0.9940661,0.005933893,0
sprsound2022::63211196_9.1_0_p2_3164__event_000,sprsound2022,sprsound2022::63211196,calibration,False,0,normal,1.028,0,0.99247545,0.0075245057,0
sprsound2022::63211196_9.1_0_p2_3164__event_001,sprsound2022,sprsound2022::63211196,calibration,False,0,normal,0.714,0,0.88714725,0.11285272,0
sprsound2022::63211196_9.1_0_p2_3164__event_002,sprsound2022,sprsound2022::63211196,calibration,False,0,normal,1.096,0,0.9793256,0.020674402,0
sprsound2022::63211196_9.1_0_p2_3164__event_003,sprsound2022,sprsound2022::63211196,calibration,False,0,normal,0.8650000000000002,0,0.9974009,0.0025990854,0
sprsound2022::63211196_9.1_0_p2_3164__event_004,sprsound2022,sprsound2022::63211196,calibration,False,0,normal,0.9610000000000004,0,0.9909905,0.0090094935,0
sprsound2022::63211196_9.1_0_p2_3194__event_000,sprsound2022,sprsound2022::63211196,calibration,False,0,normal,0.94,0,0.9942596,0.0057403455,0
sprsound2022::63211196_9.1_0_p2_3194__event_001,sprsound2022,sprsound2022::63211196,calibration,False,0,normal,1.6399999999999997,0,0.9897149,0.010285063,0
sprsound2022::63211196_9.1_0_p2_3194__event_002,sprsound2022,sprsound2022::63211196,calibration,False,0,normal,1.5250000000000004,0,0.8978349,0.102165125,0
sprsound2022::63211196_9.1_0_p2_3194__event_003,sprsound2022,sprsound2022::63211196,calibration,False,0,normal,0.907,0,0.9764381,0.02356193,0
sprsound2022::63211196_9.1_0_p2_3194__event_004,sprsound2022,sprsound2022::63211196,calibration,False,0,normal,0.7409999999999997,0,0.035755362,0.9642446,1
sprsound2022::63211196_9.1_0_p3_2159__event_000,sprsound2022,sprsound2022::63211196,calibration,False,0,normal,1.4229999999999996,0,0.9948891,0.005110906,0
sprsound2022::63211196_9.1_0_p3_2159__event_001,sprsound2022,sprsound2022::63211196,calibration,False,0,normal,1.6999999999999993,0,0.93879884,0.061201133,0
sprsound2022::63211196_9.1_0_p3_2159__event_002,sprsound2022,sprsound2022::63211196,calibration,False,0,normal,1.404,0,0.98836386,0.011636163,0
sprsound2022::63211196_9.1_0_p3_2159__event_003,sprsound2022,sprsound2022::63211196,calibration,False,0,normal,2.495,0,0.56555676,0.43444324,0
sprsound2022::63211196_9.1_0_p3_2942__event_000,sprsound2022,sprsound2022::63211196,calibration,False,0,normal,2.2079999999999993,0,0.9955194,0.0044805636,0
sprsound2022::63211196_9.1_0_p3_2942__event_001,sprsound2022,sprsound2022::63211196,calibration,False,0,normal,3.0330000000000004,0,0.95071167,0.0492883,0
sprsound2022::63211196_9.1_0_p3_2942__event_002,sprsound2022,sprsound2022::63211196,calibration,False,0,normal,3.8869999999999982,0,0.916981,0.08301899,0
sprsound2022::63211196_9.1_0_p3_3117__event_000,sprsound2022,sprsound2022::63211196,calibration,False,0,normal,1.5090000000000003,0,0.7793387,0.22066127,0
sprsound2022::63211196_9.1_0_p3_3179__event_000,sprsound2022,sprsound2022::63211196,calibration,False,0,normal,2.0620000000000003,0,0.93785316,0.06214678,0
sprsound2022::63211196_9.1_0_p3_3179__event_001,sprsound2022,sprsound2022::63211196,calibration,False,0,normal,2.034,0,0.97530407,0.024695946,0
sprsound2022::63211196_9.1_0_p3_3179__event_002,sprsound2022,sprsound2022::63211196,calibration,False,0,normal,0.9699999999999988,0,0.9904537,0.009546275,0
sprsound2022::63211196_9.1_0_p3_3179__event_003,sprsound2022,sprsound2022::63211196,calibration,False,0,normal,1.0939999999999994,0,0.98796844,0.012031576,0
sprsound2022::63211196_9.1_0_p4_2189__event_000,sprsound2022,sprsound2022::63211196,calibration,False,0,normal,1.7410000000000003,0,0.9883669,0.011633081,0
sprsound2022::63211196_9.1_0_p4_2189__event_001,sprsound2022,sprsound2022::63211196,calibration,False,0,normal,1.3239999999999998,0,0.99467975,0.0053202086,0
sprsound2022::63211196_9.1_0_p4_2189__event_002,sprsound2022,sprsound2022::63211196,calibration,False,0,normal,1.2360000000000009,0,0.99090636,0.009093623,0
sprsound2022::63211196_9.1_0_p4_2189__event_003,sprsound2022,sprsound2022::63211196,calibration,False,0,normal,1.2359999999999989,0,0.8167598,0.18324018,0
sprsound2022::63211196_9.1_0_p4_2978__event_000,sprsound2022,sprsound2022::63211196,calibration,False,0,normal,1.897,0,0.827409,0.17259094,0
sprsound2022::63211196_9.1_0_p4_2978__event_001,sprsound2022,sprsound2022::63211196,calibration,False,0,normal,1.6460000000000008,0,0.99381727,0.0061826976,0
sprsound2022::63211196_9.1_0_p4_2978__event_002,sprsound2022,sprsound2022::63211196,calibration,False,0,normal,1.4620000000000002,0,0.9686803,0.031319696,0
sprsound2022::63211196_9.1_0_p4_3064__event_000,sprsound2022,sprsound2022::63211196,calibration,False,0,normal,3.485,0,0.9680902,0.031909764,0
sprsound2022::63211196_9.1_0_p4_3064__event_001,sprsound2022,sprsound2022::63211196,calibration,False,0,normal,1.4600000000000009,0,0.4992061,0.5007939,1
sprsound2022::63211196_9.1_0_p4_3133__event_000,sprsound2022,sprsound2022::63211196,calibration,False,0,normal,2.285,0,0.9977863,0.0022137447,0
sprsound2022::63211196_9.1_0_p4_3133__event_001,sprsound2022,sprsound2022::63211196,calibration,False,0,normal,1.136999999999999,0,0.91568166,0.08431837,0
sprsound2022::63211196_9.1_0_p4_3133__event_002,sprsound2022,sprsound2022::63211196,calibration,False,0,normal,1.976,0,0.95694774,0.04305223,0
sprsound2022::63211196_9.1_0_p4_3204__event_000,sprsound2022,sprsound2022::63211196,calibration,False,0,normal,2.0469999999999997,0,0.996512,0.0034880622,0
sprsound2022::63211196_9.1_0_p4_3204__event_001,sprsound2022,sprsound2022::63211196,calibration,False,0,normal,2.1389999999999993,0,0.9957729,0.004227085,0
sprsound2022::63211196_9.1_0_p4_3204__event_002,sprsound2022,sprsound2022::63211196,calibration,False,0,normal,2.145999999999999,0,0.996092,0.0039079273,0
sprsound2022::63211196_9.1_0_p4_3204__event_003,sprsound2022,sprsound2022::63211196,calibration,False,0,normal,1.1319999999999997,0,0.9922849,0.0077151237,0
sprsound2022::63613821_9.2_1_p1_1300__event_000,sprsound2022,sprsound2022::63613821,calibration,False,1,coarse_crackle,1.8809999999999991,1,0.496165,0.503835,1
sprsound2022::63613821_9.2_1_p2_1167__event_000,sprsound2022,sprsound2022::63613821,calibration,False,0,normal,1.9690000000000003,0,0.51405334,0.48594669,0
sprsound2022::63613821_9.2_1_p2_1167__event_001,sprsound2022,sprsound2022::63613821,calibration,False,0,normal,1.221,0,0.83476776,0.16523223,0
sprsound2022::63613821_9.2_1_p2_1167__event_002,sprsound2022,sprsound2022::63613821,calibration,False,0,normal,2.936,0,0.6410324,0.35896757,0
sprsound2022::63613821_9.2_1_p2_1356__event_000,sprsound2022,sprsound2022::63613821,calibration,False,0,normal,2.261,0,0.9860157,0.013984363,0
sprsound2022::63613821_9.2_1_p3_1157__event_000,sprsound2022,sprsound2022::63613821,calibration,False,0,normal,4.419,0,0.9945239,0.0054761185,0
sprsound2022::63613821_9.2_1_p3_1290__event_000,sprsound2022,sprsound2022::63613821,calibration,False,0,normal,2.0999999999999996,0,0.9957504,0.0042495523,0
sprsound2022::63613821_9.2_1_p3_1290__event_001,sprsound2022,sprsound2022::63613821,calibration,False,0,normal,2.2140000000000004,0,0.99747664,0.0025233114,0
sprsound2022::63613821_9.2_1_p3_1290__event_002,sprsound2022,sprsound2022::63613821,calibration,False,0,normal,3.729,0,0.9962112,0.0037888058,0
sprsound2022::63613821_9.2_1_p3_1365__event_000,sprsound2022,sprsound2022::63613821,calibration,False,0,normal,2.5500000000000003,0,0.99137515,0.008624876,0
sprsound2022::63613821_9.2_1_p3_1365__event_001,sprsound2022,sprsound2022::63613821,calibration,False,0,normal,1.556,0,0.9947607,0.005239339,0
sprsound2022::63613821_9.2_1_p3_1365__event_002,sprsound2022,sprsound2022::63613821,calibration,False,0,normal,1.975,0,0.98685974,0.013140235,0
sprsound2022::63613821_9.2_1_p4_1148__event_000,sprsound2022,sprsound2022::63613821,calibration,False,0,normal,1.8169999999999995,0,0.9851184,0.01488164,0
sprsound2022::63613821_9.2_1_p4_1148__event_001,sprsound2022,sprsound2022::63613821,calibration,False,0,normal,1.5449999999999997,0,0.99147415,0.008525838,0
sprsound2022::63613821_9.2_1_p4_1148__event_002,sprsound2022,sprsound2022::63613821,calibration,False,0,normal,1.362,0,0.99614465,0.0038553437,0
sprsound2022::63613821_9.2_1_p4_1148__event_003,sprsound2022,sprsound2022::63613821,calibration,False,0,normal,1.362000000000001,0,0.99513286,0.0048671267,0
sprsound2022::63613821_9.2_1_p4_1270__event_000,sprsound2022,sprsound2022::63613821,calibration,False,0,normal,1.0649999999999995,0,0.9818494,0.018150587,0
sprsound2022::63613821_9.2_1_p4_1270__event_001,sprsound2022,sprsound2022::63613821,calibration,False,0,normal,2.002,0,0.9940806,0.0059193266,0
sprsound2022::63613821_9.2_1_p4_1329__event_000,sprsound2022,sprsound2022::63613821,calibration,False,0,normal,1.512,0,0.9758827,0.02411727,0
sprsound2022::63613821_9.2_1_p4_1329__event_001,sprsound2022,sprsound2022::63613821,calibration,False,0,normal,1.1629999999999994,0,0.9906781,0.00932197,0
sprsound2022::63613821_9.2_1_p4_1329__event_002,sprsound2022,sprsound2022::63613821,calibration,False,0,normal,3.457,0,0.99480456,0.0051954673,0
sprsound2022::63613821_9.2_1_p4_1338__event_000,sprsound2022,sprsound2022::63613821,calibration,False,0,normal,1.954,0,0.99000156,0.009998461,0
sprsound2022::63613821_9.2_1_p4_1338__event_001,sprsound2022,sprsound2022::63613821,calibration,False,0,normal,1.6909999999999998,0,0.93939465,0.060605433,0
sprsound2022::63613821_9.2_1_p4_1338__event_002,sprsound2022,sprsound2022::63613821,calibration,False,0,normal,1.636000000000001,0,0.99490154,0.005098427,0
sprsound2022::64678063_4.3_1_p1_2768__event_000,sprsound2022,sprsound2022::64678063,calibration,False,0,normal,1.234,0,0.94040084,0.059599098,0
sprsound2022::64678063_4.3_1_p1_2768__event_001,sprsound2022,sprsound2022::64678063,calibration,False,0,normal,1.487,0,0.99582446,0.0041755247,0
sprsound2022::64678063_4.3_1_p1_2768__event_002,sprsound2022,sprsound2022::64678063,calibration,False,0,normal,1.5440000000000005,0,0.99176776,0.008232248,0
sprsound2022::64678063_4.3_1_p1_2768__event_003,sprsound2022,sprsound2022::64678063,calibration,False,0,normal,0.5309999999999988,0,0.8940111,0.10598893,0
sprsound2022::64678063_4.3_1_p1_2840__event_000,sprsound2022,sprsound2022::64678063,calibration,False,0,normal,1.244,0,0.014547633,0.98545235,1
sprsound2022::64678063_4.3_1_p1_2840__event_001,sprsound2022,sprsound2022::64678063,calibration,False,0,normal,1.0090000000000003,0,0.9864443,0.013555695,0
sprsound2022::64678063_4.3_1_p1_2904__event_000,sprsound2022,sprsound2022::64678063,calibration,False,0,normal,1.611,0,0.65918624,0.34081376,0
sprsound2022::64678063_4.3_1_p1_2904__event_001,sprsound2022,sprsound2022::64678063,calibration,False,0,normal,1.7280000000000002,0,0.9934802,0.006519855,0
sprsound2022::64678063_4.3_1_p1_2904__event_002,sprsound2022,sprsound2022::64678063,calibration,False,0,normal,1.457,0,0.9896556,0.010344346,0
sprsound2022::64678063_4.3_1_p1_2904__event_003,sprsound2022,sprsound2022::64678063,calibration,False,0,normal,0.9830000000000004,0,0.9177884,0.082211606,0
sprsound2022::64678063_4.3_1_p1_2904__event_004,sprsound2022,sprsound2022::64678063,calibration,False,1,wheeze,0.3380000000000001,1,0.0032538876,0.99674606,1
sprsound2022::64678063_4.3_1_p1_2904__event_005,sprsound2022,sprsound2022::64678063,calibration,False,1,wheeze,0.634,1,0.0046019736,0.995398,1
sprsound2022::64678063_4.3_1_p1_2922__event_000,sprsound2022,sprsound2022::64678063,calibration,False,0,normal,1.787,0,0.99486333,0.005136723,0
sprsound2022::64678063_4.3_1_p1_2922__event_001,sprsound2022,sprsound2022::64678063,calibration,False,0,normal,1.552,0,0.9638543,0.036145657,0
sprsound2022::64678063_4.3_1_p1_2922__event_002,sprsound2022,sprsound2022::64678063,calibration,False,0,normal,1.882,0,0.98783946,0.012160613,0
sprsound2022::64678063_4.3_1_p1_2922__event_003,sprsound2022,sprsound2022::64678063,calibration,False,0,normal,1.519,0,0.99491537,0.0050846864,0
sprsound2022::64678063_4.3_1_p1_2922__event_004,sprsound2022,sprsound2022::64678063,calibration,False,0,normal,1.471000000000001,0,0.98021704,0.019782975,0
sprsound2022::64678063_4.3_1_p2_2708__event_000,sprsound2022,sprsound2022::64678063,calibration,False,0,normal,1.163,0,0.7832398,0.2167602,0
sprsound2022::64678063_4.3_1_p2_2708__event_001,sprsound2022,sprsound2022::64678063,calibration,False,0,normal,0.8609999999999998,0,0.27880374,0.7211962,1
sprsound2022::64678063_4.3_1_p2_2708__event_002,sprsound2022,sprsound2022::64678063,calibration,False,0,normal,0.8629999999999995,0,0.008494147,0.9915059,1
sprsound2022::64678063_4.3_1_p2_2792__event_000,sprsound2022,sprsound2022::64678063,calibration,False,0,normal,1.7400000000000002,0,0.9892207,0.010779381,0
sprsound2022::64678063_4.3_1_p2_2792__event_001,sprsound2022,sprsound2022::64678063,calibration,False,0,normal,1.215,0,0.91077584,0.08922417,0
sprsound2022::64678063_4.3_1_p2_2804__event_000,sprsound2022,sprsound2022::64678063,calibration,False,0,normal,1.2440000000000002,0,0.022152249,0.97784775,1
sprsound2022::64678063_4.3_1_p2_2804__event_001,sprsound2022,sprsound2022::64678063,calibration,False,0,normal,1.4689999999999994,0,0.4794791,0.52052087,1
sprsound2022::64678063_4.3_1_p2_2804__event_002,sprsound2022,sprsound2022::64678063,calibration,False,0,normal,1.1909999999999998,0,0.13544029,0.86455977,1
sprsound2022::64678063_4.3_1_p2_2804__event_003,sprsound2022,sprsound2022::64678063,calibration,False,0,normal,1.6220000000000008,0,0.9936512,0.006348805,0
sprsound2022::64678063_4.3_1_p2_2804__event_004,sprsound2022,sprsound2022::64678063,calibration,False,0,normal,0.6210000000000004,0,0.99431217,0.0056878375,0
sprsound2022::64678063_4.3_1_p2_2852__event_000,sprsound2022,sprsound2022::64678063,calibration,False,0,normal,1.6639999999999997,0,0.6548899,0.34511015,0
sprsound2022::64678063_4.3_1_p2_2852__event_001,sprsound2022,sprsound2022::64678063,calibration,False,0,normal,1.2560000000000002,0,0.9758704,0.024129653,0
sprsound2022::64678063_4.3_1_p2_2852__event_002,sprsound2022,sprsound2022::64678063,calibration,False,0,normal,1.492,0,0.9864407,0.013559298,0
sprsound2022::64678063_4.3_1_p2_2852__event_003,sprsound2022,sprsound2022::64678063,calibration,False,0,normal,0.8200000000000003,0,0.9858435,0.014156587,0
sprsound2022::64678063_4.3_1_p2_2976__event_000,sprsound2022,sprsound2022::64678063,calibration,False,0,normal,1.201,0,0.98320454,0.016795399,0
sprsound2022::64678063_4.3_1_p2_2976__event_001,sprsound2022,sprsound2022::64678063,calibration,False,0,normal,1.444,0,0.9841792,0.015820844,0
sprsound2022::64678063_4.3_1_p2_2976__event_002,sprsound2022,sprsound2022::64678063,calibration,False,0,normal,1.3390000000000004,0,0.99059314,0.0094068255,0
sprsound2022::64678063_4.3_1_p2_2976__event_003,sprsound2022,sprsound2022::64678063,calibration,False,0,normal,1.0830000000000002,0,0.98745793,0.012542133,0
sprsound2022::64678063_4.3_1_p3_2732__event_000,sprsound2022,sprsound2022::64678063,calibration,False,0,normal,1.447,0,0.9703591,0.029640863,0
sprsound2022::64678063_4.3_1_p3_2732__event_001,sprsound2022,sprsound2022::64678063,calibration,False,0,normal,1.5890000000000004,0,0.99380857,0.006191447,0
sprsound2022::64678063_4.3_1_p3_2732__event_002,sprsound2022,sprsound2022::64678063,calibration,False,0,normal,1.4079999999999997,0,0.9943903,0.0056097144,0
sprsound2022::64678063_4.3_1_p3_2732__event_003,sprsound2022,sprsound2022::64678063,calibration,False,0,normal,0.9210000000000012,0,0.9688731,0.0311269,0
sprsound2022::64678063_4.3_1_p3_2756__event_000,sprsound2022,sprsound2022::64678063,calibration,False,0,normal,1.4860000000000002,0,0.9920711,0.007928936,0
sprsound2022::64678063_4.3_1_p3_2756__event_001,sprsound2022,sprsound2022::64678063,calibration,False,0,normal,1.088,0,0.7109266,0.28907344,0
sprsound2022::64678063_4.3_1_p3_2756__event_002,sprsound2022,sprsound2022::64678063,calibration,False,0,normal,1.4220000000000002,0,0.94444674,0.055553213,0
sprsound2022::64678063_4.3_1_p3_2756__event_003,sprsound2022,sprsound2022::64678063,calibration,False,0,normal,1.6399999999999997,0,0.99503845,0.0049615605,0
sprsound2022::64678063_4.3_1_p3_2756__event_004,sprsound2022,sprsound2022::64678063,calibration,False,0,normal,1.5499999999999998,0,0.98996466,0.010035377,0
sprsound2022::64678063_4.3_1_p3_2756__event_005,sprsound2022,sprsound2022::64678063,calibration,False,0,normal,0.8439999999999994,0,0.98723316,0.012766891,0
sprsound2022::64678063_4.3_1_p3_2828__event_000,sprsound2022,sprsound2022::64678063,calibration,False,0,normal,1.159,0,0.9886302,0.011369788,0
sprsound2022::64678063_4.3_1_p3_2828__event_001,sprsound2022,sprsound2022::64678063,calibration,False,0,normal,1.525,0,0.95249873,0.04750124,0
sprsound2022::64678063_4.3_1_p3_2828__event_002,sprsound2022,sprsound2022::64678063,calibration,False,0,normal,1.3669999999999995,0,0.15521874,0.8447813,1
sprsound2022::64678063_4.3_1_p3_2828__event_003,sprsound2022,sprsound2022::64678063,calibration,False,0,normal,1.9739999999999993,0,0.98878634,0.011213717,0
sprsound2022::64678063_4.3_1_p3_2828__event_004,sprsound2022,sprsound2022::64678063,calibration,False,0,normal,0.3520000000000003,0,0.9047896,0.09521037,0
sprsound2022::64678063_4.3_1_p3_2869__event_000,sprsound2022,sprsound2022::64678063,calibration,False,0,normal,1.1679999999999997,0,0.06600255,0.9339974,1
sprsound2022::64678063_4.3_1_p3_2869__event_001,sprsound2022,sprsound2022::64678063,calibration,False,0,normal,1.2769999999999992,0,0.9807358,0.019264199,0
sprsound2022::64678063_4.3_1_p3_2869__event_002,sprsound2022,sprsound2022::64678063,calibration,False,0,normal,1.149,0,0.94096935,0.059030686,0
sprsound2022::64678063_4.3_1_p3_2869__event_003,sprsound2022,sprsound2022::64678063,calibration,False,0,normal,1.060999999999999,0,0.27022845,0.72977155,1
sprsound2022::64678063_4.3_1_p3_2958__event_000,sprsound2022,sprsound2022::64678063,calibration,False,0,normal,1.4429999999999998,0,0.99036986,0.009630169,0
sprsound2022::64678063_4.3_1_p3_2958__event_001,sprsound2022,sprsound2022::64678063,calibration,False,0,normal,1.239,0,0.991703,0.008297051,0
sprsound2022::64678063_4.3_1_p3_2958__event_002,sprsound2022,sprsound2022::64678063,calibration,False,0,normal,1.3710000000000004,0,0.98554987,0.014450204,0
sprsound2022::64678063_4.3_1_p3_2958__event_003,sprsound2022,sprsound2022::64678063,calibration,False,0,normal,1.367,0,0.9924561,0.00754392,0
sprsound2022::64678063_4.3_1_p3_2958__event_004,sprsound2022,sprsound2022::64678063,calibration,False,0,normal,1.1049999999999995,0,0.97126544,0.02873458,0
sprsound2022::64678063_4.3_1_p3_2958__event_005,sprsound2022,sprsound2022::64678063,calibration,False,0,normal,0.4050000000000011,0,0.7999185,0.20008153,0
sprsound2022::64678063_4.3_1_p4_2744__event_000,sprsound2022,sprsound2022::64678063,calibration,False,0,normal,0.602,0,0.8852031,0.114796825,0
sprsound2022::64678063_4.3_1_p4_2744__event_001,sprsound2022,sprsound2022::64678063,calibration,False,0,normal,1.263,0,0.9870499,0.012950105,0
sprsound2022::64678063_4.3_1_p4_2744__event_002,sprsound2022,sprsound2022::64678063,calibration,False,0,normal,1.1020000000000003,0,0.95491236,0.045087706,0
sprsound2022::64678063_4.3_1_p4_2744__event_003,sprsound2022,sprsound2022::64678063,calibration,False,0,normal,0.6419999999999995,0,0.9311417,0.06885831,0
sprsound2022::64678063_4.3_1_p4_2780__event_000,sprsound2022,sprsound2022::64678063,calibration,False,0,normal,1.482,0,0.9872437,0.012756227,0
sprsound2022::64678063_4.3_1_p4_2780__event_001,sprsound2022,sprsound2022::64678063,calibration,False,0,normal,1.4830000000000003,0,0.9970771,0.0029228562,0
sprsound2022::64678063_4.3_1_p4_2780__event_002,sprsound2022,sprsound2022::64678063,calibration,False,0,normal,1.443999999999999,0,0.9957035,0.0042965272,0
sprsound2022::64678063_4.3_1_p4_2780__event_003,sprsound2022,sprsound2022::64678063,calibration,False,0,normal,0.33,0,0.36230734,0.63769275,1
sprsound2022::64678063_4.3_1_p4_2886__event_000,sprsound2022,sprsound2022::64678063,calibration,False,0,normal,1.0739999999999998,0,0.99400866,0.0059913984,0
sprsound2022::64678063_4.3_1_p4_2940__event_000,sprsound2022,sprsound2022::64678063,calibration,False,0,normal,1.631,0,0.9960396,0.003960355,0
sprsound2022::64837947_4.0_1_p1_13__event_000,sprsound2022,sprsound2022::64837947,calibration,False,1,fine_crackle,1.0549999999999995,1,0.029518425,0.9704816,1
sprsound2022::64837947_4.0_1_p1_13__event_001,sprsound2022,sprsound2022::64837947,calibration,False,1,fine_crackle,1.231999999999999,1,0.96548146,0.03451851,0
sprsound2022::64837947_4.0_1_p1_13__event_002,sprsound2022,sprsound2022::64837947,calibration,False,0,normal,1.0860000000000003,0,0.98867875,0.011321267,0
sprsound2022::64837947_4.0_1_p2_14__event_000,sprsound2022,sprsound2022::64837947,calibration,False,0,normal,1.429,0,0.9939016,0.0060984557,0
sprsound2022::64837947_4.0_1_p2_14__event_001,sprsound2022,sprsound2022::64837947,calibration,False,0,normal,1.6170000000000004,0,0.99291044,0.007089571,0
sprsound2022::64837947_4.0_1_p2_14__event_002,sprsound2022,sprsound2022::64837947,calibration,False,0,normal,1.6160000000000003,0,0.9938261,0.0061738496,0
sprsound2022::64837947_4.0_1_p2_14__event_003,sprsound2022,sprsound2022::64837947,calibration,False,0,normal,1.5029999999999992,0,0.9778568,0.022143168,0
sprsound2022::64837947_4.0_1_p3_15__event_000,sprsound2022,sprsound2022::64837947,calibration,False,0,normal,1.2859999999999996,0,0.9925983,0.0074017216,0
sprsound2022::64840083_1.6_0_p1_697__event_000,sprsound2022,sprsound2022::64840083,calibration,False,0,normal,1.2160000000000002,0,0.9912066,0.008793479,0
sprsound2022::64840083_1.6_0_p1_697__event_001,sprsound2022,sprsound2022::64840083,calibration,False,0,normal,1.3599999999999994,0,0.9964567,0.0035433404,0
sprsound2022::64840083_1.6_0_p1_697__event_002,sprsound2022,sprsound2022::64840083,calibration,False,0,normal,1.266,0,0.9944891,0.005510875,0
sprsound2022::64840083_1.6_0_p1_697__event_003,sprsound2022,sprsound2022::64840083,calibration,False,0,normal,1.253,0,0.9833329,0.016667206,0
sprsound2022::64840083_1.6_0_p1_697__event_004,sprsound2022,sprsound2022::64840083,calibration,False,0,normal,1.2599999999999998,0,0.9876046,0.012395378,0
sprsound2022::64840083_1.6_0_p1_697__event_005,sprsound2022,sprsound2022::64840083,calibration,False,0,normal,1.0169999999999997,0,0.9864435,0.013556511,0
sprsound2022::64840083_1.6_0_p1_697__event_006,sprsound2022,sprsound2022::64840083,calibration,False,0,normal,1.362,0,0.9924075,0.0075925575,0
sprsound2022::64840083_1.6_0_p2_698__event_000,sprsound2022,sprsound2022::64840083,calibration,False,0,normal,1.5200000000000005,0,0.97584563,0.024154333,0
sprsound2022::64840083_1.6_0_p2_698__event_001,sprsound2022,sprsound2022::64840083,calibration,False,0,normal,1.1609999999999996,0,0.9793702,0.020629816,0
sprsound2022::64840083_1.6_0_p2_698__event_002,sprsound2022,sprsound2022::64840083,calibration,False,0,normal,1.266,0,0.98566574,0.014334193,0
sprsound2022::64840083_1.6_0_p2_698__event_003,sprsound2022,sprsound2022::64840083,calibration,False,0,normal,1.6010000000000009,0,0.99135065,0.008649295,0
sprsound2022::64840083_1.6_0_p2_698__event_004,sprsound2022,sprsound2022::64840083,calibration,False,0,normal,1.5220000000000002,0,0.96569854,0.0343015,0
sprsound2022::64840083_1.6_0_p2_698__event_005,sprsound2022,sprsound2022::64840083,calibration,False,0,normal,1.6420000000000012,0,0.9901841,0.00981584,0
sprsound2022::64840083_1.6_0_p2_698__event_006,sprsound2022,sprsound2022::64840083,calibration,False,0,normal,1.282,0,0.98096573,0.019034224,0
sprsound2022::64840083_1.6_0_p3_699__event_000,sprsound2022,sprsound2022::64840083,calibration,False,0,normal,1.6069999999999998,0,0.99337137,0.0066285916,0
sprsound2022::64840083_1.6_0_p3_699__event_001,sprsound2022,sprsound2022::64840083,calibration,False,0,normal,1.529,0,0.9958548,0.0041451217,0
sprsound2022::64840083_1.6_0_p3_699__event_002,sprsound2022,sprsound2022::64840083,calibration,False,0,normal,1.5920000000000003,0,0.99440813,0.005591882,0
sprsound2022::64840083_1.6_0_p3_699__event_003,sprsound2022,sprsound2022::64840083,calibration,False,0,normal,1.535,0,0.9955693,0.004430668,0
sprsound2022::64840083_1.6_0_p3_699__event_004,sprsound2022,sprsound2022::64840083,calibration,False,0,normal,1.5440000000000005,0,0.9934768,0.006523158,0
sprsound2022::64840083_1.6_0_p3_699__event_005,sprsound2022,sprsound2022::64840083,calibration,False,0,normal,1.4799999999999986,0,0.9941064,0.005893566,0
sprsound2022::64840083_1.6_0_p3_699__event_006,sprsound2022,sprsound2022::64840083,calibration,False,0,normal,1.0850000000000009,0,0.99143815,0.008561766,0
sprsound2022::64840083_1.6_0_p4_700__event_000,sprsound2022,sprsound2022::64840083,calibration,False,0,normal,1.2499999999999998,0,0.99275464,0.0072453404,0
sprsound2022::64840083_1.6_0_p4_700__event_001,sprsound2022,sprsound2022::64840083,calibration,False,0,normal,1.3280000000000003,0,0.9952762,0.0047237845,0
sprsound2022::64840083_1.6_0_p4_700__event_002,sprsound2022,sprsound2022::64840083,calibration,False,0,normal,1.1989999999999998,0,0.9903346,0.0096654,0
sprsound2022::64840083_1.6_0_p4_700__event_003,sprsound2022,sprsound2022::64840083,calibration,False,0,normal,0.995,0,0.9929254,0.007074623,0
sprsound2022::64840083_1.6_0_p4_700__event_004,sprsound2022,sprsound2022::64840083,calibration,False,0,normal,1.0310000000000006,0,0.9874063,0.012593723,0
sprsound2022::64840083_1.6_0_p4_700__event_005,sprsound2022,sprsound2022::64840083,calibration,False,0,normal,1.2400000000000002,0,0.98794854,0.012051395,0
sprsound2022::64840083_1.6_0_p4_700__event_006,sprsound2022,sprsound2022::64840083,calibration,False,0,normal,1.154,0,0.98485893,0.015141107,0
sprsound2022::64840083_1.6_0_p4_700__event_007,sprsound2022,sprsound2022::64840083,calibration,False,0,normal,1.3919999999999997,0,0.9932181,0.0067818686,0
sprsound2022::65039232_6.4_1_p2_374__event_000,sprsound2022,sprsound2022::65039232,calibration,False,0,normal,1.553,0,0.9946701,0.0053298743,0
sprsound2022::65039232_6.4_1_p2_374__event_001,sprsound2022,sprsound2022::65039232,calibration,False,0,normal,1.3859999999999992,0,0.9943937,0.005606239,0
sprsound2022::65039232_6.4_1_p2_374__event_002,sprsound2022,sprsound2022::65039232,calibration,False,0,normal,1.043,0,0.9625379,0.03746209,0
sprsound2022::65044049_0.8_1_p2_250__event_000,sprsound2022,sprsound2022::65044049,calibration,False,1,fine_crackle,2.480999999999999,1,0.34175566,0.6582444,1
sprsound2022::65044049_0.8_1_p3_251__event_000,sprsound2022,sprsound2022::65044049,calibration,False,0,normal,1.436,0,0.966437,0.033563085,0
sprsound2022::65045423_5.0_1_p1_213__event_000,sprsound2022,sprsound2022::65045423,calibration,False,0,normal,1.6010000000000004,0,0.98899066,0.011009334,0
sprsound2022::65045423_5.0_1_p1_213__event_001,sprsound2022,sprsound2022::65045423,calibration,False,0,normal,1.1769999999999996,0,0.9937211,0.0062788785,0
sprsound2022::65045423_5.0_1_p1_213__event_002,sprsound2022,sprsound2022::65045423,calibration,False,0,normal,1.3099999999999987,0,0.99407035,0.0059296526,0
sprsound2022::65045423_5.0_1_p1_213__event_003,sprsound2022,sprsound2022::65045423,calibration,False,0,normal,0.9749999999999996,0,0.9854578,0.0145422,0
sprsound2022::65045423_5.0_1_p1_213__event_004,sprsound2022,sprsound2022::65045423,calibration,False,0,normal,1.128,0,0.9878029,0.012197145,0
sprsound2022::65045423_5.0_1_p1_213__event_005,sprsound2022,sprsound2022::65045423,calibration,False,0,normal,1.3119999999999998,0,0.74380004,0.2562,0
sprsound2022::65045423_5.0_1_p1_213__event_006,sprsound2022,sprsound2022::65045423,calibration,False,0,normal,1.0429999999999993,0,0.8248155,0.17518447,0
sprsound2022::65045423_5.0_1_p1_217__event_000,sprsound2022,sprsound2022::65045423,calibration,False,0,normal,0.3929999999999998,0,0.98740757,0.012592477,0
sprsound2022::65045423_5.0_1_p1_217__event_001,sprsound2022,sprsound2022::65045423,calibration,False,0,normal,1.5629999999999995,0,0.993425,0.006574992,0
sprsound2022::65045423_5.0_1_p2_214__event_000,sprsound2022,sprsound2022::65045423,calibration,False,0,normal,2.015,0,0.99093086,0.009069195,0
sprsound2022::65045423_5.0_1_p2_214__event_001,sprsound2022,sprsound2022::65045423,calibration,False,0,normal,1.2159999999999993,0,0.95411307,0.045886915,0
sprsound2022::65045423_5.0_1_p2_214__event_002,sprsound2022,sprsound2022::65045423,calibration,False,0,normal,1.1620000000000008,0,0.9636643,0.036335737,0
sprsound2022::65045423_5.0_1_p2_214__event_003,sprsound2022,sprsound2022::65045423,calibration,False,0,normal,2.096,0,0.9799099,0.020090047,0
sprsound2022::65045423_5.0_1_p2_218__event_000,sprsound2022,sprsound2022::65045423,calibration,False,0,normal,1.4589999999999996,0,0.7252638,0.27473623,0
sprsound2022::65045423_5.0_1_p2_218__event_001,sprsound2022,sprsound2022::65045423,calibration,False,0,normal,1.3010000000000002,0,0.79350626,0.20649374,0
sprsound2022::65045423_5.0_1_p2_218__event_002,sprsound2022,sprsound2022::65045423,calibration,False,0,normal,1.165,0,0.9523291,0.047670864,0
sprsound2022::65045423_5.0_1_p2_218__event_003,sprsound2022,sprsound2022::65045423,calibration,False,0,normal,1.5879999999999992,0,0.7474849,0.25251505,0
sprsound2022::65045423_5.0_1_p3_215__event_000,sprsound2022,sprsound2022::65045423,calibration,False,0,normal,1.197000000000001,0,0.99462163,0.0053783995,0
sprsound2022::65045423_5.0_1_p3_215__event_001,sprsound2022,sprsound2022::65045423,calibration,False,0,normal,1.1830000000000005,0,0.99471223,0.005287783,0
sprsound2022::65045423_5.0_1_p3_215__event_002,sprsound2022,sprsound2022::65045423,calibration,False,0,normal,1.327,0,0.9750317,0.02496829,0
sprsound2022::65045423_5.0_1_p3_215__event_003,sprsound2022,sprsound2022::65045423,calibration,False,0,normal,0.5170000000000012,0,0.99149257,0.008507421,0
sprsound2022::65045423_5.0_1_p3_215__event_004,sprsound2022,sprsound2022::65045423,calibration,False,0,normal,1.0649999999999995,0,0.99014914,0.009850861,0
sprsound2022::65045423_5.0_1_p4_216__event_000,sprsound2022,sprsound2022::65045423,calibration,False,0,normal,1.8329999999999993,0,0.994333,0.005666938,0
sprsound2022::65045423_5.0_1_p4_216__event_001,sprsound2022,sprsound2022::65045423,calibration,False,0,normal,1.343,0,0.99184716,0.008152797,0
sprsound2022::65045423_5.0_1_p4_216__event_002,sprsound2022,sprsound2022::65045423,calibration,False,0,normal,1.4229999999999992,0,0.98578566,0.014214354,0
sprsound2022::65045423_5.0_1_p4_216__event_003,sprsound2022,sprsound2022::65045423,calibration,False,0,normal,1.3309999999999995,0,0.98188883,0.018111223,0
sprsound2022::65045423_5.0_1_p4_216__event_004,sprsound2022,sprsound2022::65045423,calibration,False,0,normal,2.23,0,0.9927416,0.007258437,0
sprsound2022::65045423_5.0_1_p4_220__event_000,sprsound2022,sprsound2022::65045423,calibration,False,0,normal,1.185,0,0.9963955,0.0036044559,0
sprsound2022::65045423_5.0_1_p4_220__event_001,sprsound2022,sprsound2022::65045423,calibration,False,0,normal,1.258,0,0.9743807,0.025619287,0
sprsound2022::65045423_5.0_1_p4_220__event_002,sprsound2022,sprsound2022::65045423,calibration,False,0,normal,1.4049999999999994,0,0.99507385,0.0049261604,0
sprsound2022::65045423_5.2_1_p1_2745__event_000,sprsound2022,sprsound2022::65045423,calibration,False,0,normal,0.8440000000000003,0,0.965158,0.034841996,0
sprsound2022::65045423_5.2_1_p1_2745__event_001,sprsound2022,sprsound2022::65045423,calibration,False,0,normal,0.9089999999999998,0,0.98040515,0.019594839,0
sprsound2022::65045423_5.2_1_p1_2745__event_002,sprsound2022,sprsound2022::65045423,calibration,False,0,normal,0.5909999999999993,0,0.99648404,0.0035159711,0
sprsound2022::65045423_5.2_1_p1_2805__event_000,sprsound2022,sprsound2022::65045423,calibration,False,0,normal,2.093,0,0.986702,0.013298018,0
sprsound2022::65045423_5.2_1_p1_2805__event_001,sprsound2022,sprsound2022::65045423,calibration,False,0,normal,2.625,0,0.9901978,0.009802257,0
sprsound2022::65045423_5.2_1_p1_2805__event_002,sprsound2022,sprsound2022::65045423,calibration,False,0,normal,1.5669999999999993,0,0.46009254,0.53990746,1
sprsound2022::65045423_5.2_1_p1_2853__event_000,sprsound2022,sprsound2022::65045423,calibration,False,1,rhonchi,0.955,1,0.0084546,0.9915454,1
sprsound2022::65045423_5.2_1_p1_2853__event_001,sprsound2022,sprsound2022::65045423,calibration,False,1,rhonchi,0.7780000000000005,1,0.07579055,0.9242094,1
sprsound2022::65045423_5.2_1_p1_2853__event_002,sprsound2022,sprsound2022::65045423,calibration,False,1,rhonchi,0.2689999999999992,1,0.095925204,0.9040748,1
sprsound2022::65045423_5.2_1_p1_2853__event_003,sprsound2022,sprsound2022::65045423,calibration,False,0,normal,1.633,0,0.8257114,0.17428854,0
sprsound2022::65045423_5.2_1_p1_2853__event_004,sprsound2022,sprsound2022::65045423,calibration,False,0,normal,1.5870000000000002,0,0.95754373,0.042456243,0
sprsound2022::65045423_5.2_1_p1_2853__event_005,sprsound2022,sprsound2022::65045423,calibration,False,0,normal,1.173,0,0.97551733,0.024482744,0
sprsound2022::65045423_5.2_1_p1_2853__event_006,sprsound2022,sprsound2022::65045423,calibration,False,0,normal,0.904,0,0.8267597,0.17324027,0
sprsound2022::65045423_5.2_1_p2_2684__event_000,sprsound2022,sprsound2022::65045423,calibration,False,0,normal,1.4660000000000002,0,0.29882023,0.7011798,1
sprsound2022::65045423_5.2_1_p2_2769__event_000,sprsound2022,sprsound2022::65045423,calibration,False,0,normal,1.338,0,0.54416984,0.45583016,0
sprsound2022::65045423_5.2_1_p2_2769__event_001,sprsound2022,sprsound2022::65045423,calibration,False,0,normal,1.2359999999999998,0,0.9131927,0.08680734,0
sprsound2022::65045423_5.2_1_p2_2781__event_000,sprsound2022,sprsound2022::65045423,calibration,False,0,normal,0.9389999999999998,0,0.9370662,0.06293386,0
sprsound2022::65045423_5.2_1_p2_2781__event_001,sprsound2022,sprsound2022::65045423,calibration,False,0,normal,1.5450000000000004,0,0.9541953,0.04580464,0
sprsound2022::65045423_5.2_1_p2_2781__event_002,sprsound2022,sprsound2022::65045423,calibration,False,0,normal,1.3080000000000007,0,0.9764153,0.023584776,0
sprsound2022::65045423_5.2_1_p2_2870__event_000,sprsound2022,sprsound2022::65045423,calibration,False,0,normal,1.896,0,0.9905099,0.009490088,0
sprsound2022::65045423_5.2_1_p2_2870__event_001,sprsound2022,sprsound2022::65045423,calibration,False,0,normal,1.7059999999999995,0,0.88727784,0.11272216,0
sprsound2022::65045423_5.2_1_p2_2870__event_002,sprsound2022,sprsound2022::65045423,calibration,False,1,rhonchi,0.6699999999999999,1,0.009176302,0.99082375,1
sprsound2022::65045423_5.2_1_p2_2870__event_003,sprsound2022,sprsound2022::65045423,calibration,False,1,rhonchi,0.6639999999999999,1,0.038647186,0.9613528,1
sprsound2022::65045423_5.2_1_p3_2757__event_000,sprsound2022,sprsound2022::65045423,calibration,False,0,normal,1.016,0,0.77005625,0.2299437,0
sprsound2022::65045423_5.2_1_p3_2757__event_001,sprsound2022,sprsound2022::65045423,calibration,False,0,normal,1.0419999999999998,0,0.9743973,0.025602646,0
sprsound2022::65045423_5.2_1_p3_2841__event_000,sprsound2022,sprsound2022::65045423,calibration,False,0,normal,1.7539999999999996,0,0.9964096,0.0035903668,0
sprsound2022::65045423_5.2_1_p4_2733__event_000,sprsound2022,sprsound2022::65045423,calibration,False,0,normal,1.21,0,0.9351612,0.064838834,0
sprsound2022::65045423_5.2_1_p4_2733__event_001,sprsound2022,sprsound2022::65045423,calibration,False,0,normal,1.471,0,0.992234,0.0077660386,0
sprsound2022::65045423_5.2_1_p4_2733__event_002,sprsound2022,sprsound2022::65045423,calibration,False,0,normal,0.7249999999999996,0,0.98476714,0.015232798,0
sprsound2022::65045423_5.2_1_p4_2829__event_000,sprsound2022,sprsound2022::65045423,calibration,False,0,normal,1.4139999999999997,0,0.9848263,0.015173664,0
sprsound2022::65052739_1.7_1_p1_417__event_000,sprsound2022,sprsound2022::65052739,calibration,False,0,normal,1.211,0,0.9956346,0.004365334,0
sprsound2022::65052739_1.7_1_p1_417__event_001,sprsound2022,sprsound2022::65052739,calibration,False,0,normal,0.9749999999999996,0,0.9877238,0.012276219,0
sprsound2022::65052739_1.7_1_p1_417__event_002,sprsound2022,sprsound2022::65052739,calibration,False,0,normal,1.016,0,0.9740313,0.025968717,0
sprsound2022::65052739_1.7_1_p1_417__event_003,sprsound2022,sprsound2022::65052739,calibration,False,0,normal,1.0870000000000006,0,0.9919624,0.008037646,0
sprsound2022::65052739_1.7_1_p1_417__event_004,sprsound2022,sprsound2022::65052739,calibration,False,0,normal,1.1119999999999983,0,0.99412245,0.0058775013,0
sprsound2022::65052739_1.7_1_p1_417__event_005,sprsound2022,sprsound2022::65052739,calibration,False,0,normal,1.6749999999999998,0,0.5251202,0.4748798,0
sprsound2022::65052739_1.7_1_p2_418__event_000,sprsound2022,sprsound2022::65052739,calibration,False,0,normal,0.9610000000000004,0,0.9714778,0.028522212,0
sprsound2022::65052739_1.7_1_p2_418__event_001,sprsound2022,sprsound2022::65052739,calibration,False,0,normal,1.2830000000000004,0,0.9966965,0.0033035225,0
sprsound2022::65052739_1.7_1_p2_418__event_002,sprsound2022,sprsound2022::65052739,calibration,False,0,normal,1.66,0,0.8800566,0.11994342,0
sprsound2022::65052739_1.7_1_p2_418__event_003,sprsound2022,sprsound2022::65052739,calibration,False,0,normal,1.5529999999999995,0,0.9828232,0.017176824,0
sprsound2022::65052739_1.7_1_p3_419__event_000,sprsound2022,sprsound2022::65052739,calibration,False,0,normal,1.1900000000000013,0,0.997537,0.0024629382,0
sprsound2022::65052739_1.7_1_p3_419__event_001,sprsound2022,sprsound2022::65052739,calibration,False,0,normal,1.2379999999999995,0,0.9917101,0.008289953,0
sprsound2022::65052739_1.7_1_p3_419__event_002,sprsound2022,sprsound2022::65052739,calibration,False,0,normal,1.4249999999999998,0,0.99655765,0.003442333,0
sprsound2022::65052739_1.7_1_p3_419__event_003,sprsound2022,sprsound2022::65052739,calibration,False,0,normal,1.2920000000000016,0,0.98038816,0.01961186,0
sprsound2022::65052739_1.7_1_p3_419__event_004,sprsound2022,sprsound2022::65052739,calibration,False,0,normal,1.193999999999999,0,0.99391806,0.006081911,0
sprsound2022::65052739_1.7_1_p4_420__event_000,sprsound2022,sprsound2022::65052739,calibration,False,0,normal,0.9540000000000006,0,0.99118656,0.0088134585,0
sprsound2022::65052739_1.7_1_p4_420__event_001,sprsound2022,sprsound2022::65052739,calibration,False,0,normal,1.6449999999999996,0,0.99572134,0.004278597,0
sprsound2022::65052739_1.7_1_p4_420__event_002,sprsound2022,sprsound2022::65052739,calibration,False,0,normal,1.0149999999999997,0,0.9916917,0.008308259,0
sprsound2022::65052739_1.7_1_p4_420__event_003,sprsound2022,sprsound2022::65052739,calibration,False,0,normal,1.1929999999999996,0,0.9230641,0.07693592,0
sprsound2022::65052739_1.7_1_p4_420__event_004,sprsound2022,sprsound2022::65052739,calibration,False,0,normal,1.668,0,0.943115,0.056885045,0
sprsound2022::65052739_1.7_1_p4_420__event_005,sprsound2022,sprsound2022::65052739,calibration,False,0,normal,1.6390000000000002,0,0.9756855,0.024314553,0
sprsound2022::65063170_5.1_0_p4_484__event_000,sprsound2022,sprsound2022::65063170,calibration,False,0,normal,1.481,0,0.9880695,0.011930514,0
sprsound2022::65063170_5.1_0_p4_484__event_001,sprsound2022,sprsound2022::65063170,calibration,False,0,normal,1.4520000000000004,0,0.9947583,0.005241643,0
sprsound2022::65064302_3.2_1_p1_1093__event_000,sprsound2022,sprsound2022::65064302,calibration,False,0,normal,1.9000000000000004,0,0.98574406,0.014255904,0
sprsound2022::65064302_3.2_1_p1_1093__event_001,sprsound2022,sprsound2022::65064302,calibration,False,0,normal,1.779,0,0.9815456,0.01845437,0
sprsound2022::65064302_3.2_1_p1_1093__event_002,sprsound2022,sprsound2022::65064302,calibration,False,0,normal,1.5510000000000002,0,0.9794779,0.020522075,0
sprsound2022::65064302_3.2_1_p1_1093__event_003,sprsound2022,sprsound2022::65064302,calibration,False,0,normal,1.4689999999999994,0,0.9939406,0.0060594375,0
sprsound2022::65064302_3.2_1_p1_1093__event_004,sprsound2022,sprsound2022::65064302,calibration,False,0,normal,1.1580000000000013,0,0.970182,0.029818004,0
sprsound2022::65064302_3.2_1_p1_1093__event_005,sprsound2022,sprsound2022::65064302,calibration,False,0,normal,1.543,0,0.97765714,0.02234284,0
sprsound2022::65064302_3.2_1_p2_1094__event_000,sprsound2022,sprsound2022::65064302,calibration,False,0,normal,1.543,0,0.98235023,0.017649736,0
sprsound2022::65064302_3.2_1_p2_1094__event_001,sprsound2022,sprsound2022::65064302,calibration,False,0,normal,1.5409999999999997,0,0.9913291,0.008670955,0
sprsound2022::65064302_3.2_1_p2_1094__event_002,sprsound2022,sprsound2022::65064302,calibration,False,0,normal,1.3760000000000003,0,0.977471,0.022529056,0
sprsound2022::65064302_3.2_1_p2_1094__event_003,sprsound2022,sprsound2022::65064302,calibration,False,0,normal,1.293,0,0.98559546,0.01440449,0
sprsound2022::65064302_3.2_1_p2_1094__event_004,sprsound2022,sprsound2022::65064302,calibration,False,0,normal,1.482000000000001,0,0.97227526,0.02772481,0
sprsound2022::65064302_3.2_1_p2_1094__event_005,sprsound2022,sprsound2022::65064302,calibration,False,0,normal,1.2609999999999992,0,0.99035114,0.009648805,0
sprsound2022::65064302_3.2_1_p2_1094__event_006,sprsound2022,sprsound2022::65064302,calibration,False,0,normal,1.2739999999999991,0,0.98698807,0.013011926,0
sprsound2022::65064302_3.2_1_p2_1094__event_007,sprsound2022,sprsound2022::65064302,calibration,False,0,normal,0.697000000000001,0,0.9168685,0.0831315,0
sprsound2022::65064302_3.2_1_p4_1096__event_000,sprsound2022,sprsound2022::65064302,calibration,False,0,normal,1.47,0,0.99318975,0.0068102074,0
sprsound2022::65064302_3.2_1_p4_1096__event_001,sprsound2022,sprsound2022::65064302,calibration,False,0,normal,1.3640000000000008,0,0.93635243,0.06364756,0
sprsound2022::65064302_3.2_1_p4_1096__event_002,sprsound2022,sprsound2022::65064302,calibration,False,0,normal,1.4620000000000002,0,0.97771204,0.022287922,0
sprsound2022::65064302_3.2_1_p4_1096__event_003,sprsound2022,sprsound2022::65064302,calibration,False,0,normal,1.37,0,0.9311141,0.068885855,0
sprsound2022::65064302_3.2_1_p4_1096__event_004,sprsound2022,sprsound2022::65064302,calibration,False,0,normal,0.9419999999999984,0,0.9735387,0.026461266,0
sprsound2022::65064302_3.2_1_p4_1096__event_005,sprsound2022,sprsound2022::65064302,calibration,False,0,normal,1.6760000000000002,0,0.3590823,0.64091766,1
sprsound2022::65064302_3.2_1_p4_1096__event_006,sprsound2022,sprsound2022::65064302,calibration,False,0,normal,1.606999999999999,0,0.19379526,0.80620474,1
sprsound2022::65068248_2.2_0_p1_1201__event_000,sprsound2022,sprsound2022::65068248,calibration,False,0,normal,1.1509999999999998,0,0.99114287,0.008857129,0
sprsound2022::65068248_2.2_0_p1_1201__event_001,sprsound2022,sprsound2022::65068248,calibration,False,0,normal,1.766,0,0.9842709,0.01572915,0
sprsound2022::65068248_2.2_0_p1_1201__event_002,sprsound2022,sprsound2022::65068248,calibration,False,0,normal,0.6029999999999998,0,0.81489444,0.18510553,0
sprsound2022::65068248_2.2_0_p1_1236__event_000,sprsound2022,sprsound2022::65068248,calibration,False,0,normal,1.034,0,0.08840055,0.9115994,1
sprsound2022::65068248_2.2_0_p1_1236__event_001,sprsound2022,sprsound2022::65068248,calibration,False,0,normal,1.0299999999999998,0,0.907405,0.092594996,0
sprsound2022::65068248_2.2_0_p2_1177__event_000,sprsound2022,sprsound2022::65068248,calibration,False,1,fine_crackle,1.1370000000000005,1,0.989758,0.010242026,0
sprsound2022::65068248_2.2_0_p2_1177__event_001,sprsound2022,sprsound2022::65068248,calibration,False,1,fine_crackle,1.048,1,0.8979167,0.10208326,0
sprsound2022::65068248_2.2_0_p2_1177__event_002,sprsound2022,sprsound2022::65068248,calibration,False,0,normal,1.99,0,0.98453516,0.015464853,0
sprsound2022::65068248_2.2_0_p2_1177__event_003,sprsound2022,sprsound2022::65068248,calibration,False,0,normal,1.878,0,0.43238634,0.56761366,1
sprsound2022::65068248_2.2_0_p2_1248__event_000,sprsound2022,sprsound2022::65068248,calibration,False,0,normal,1.1980000000000004,0,0.26323453,0.73676544,1
sprsound2022::65068248_2.2_0_p2_1248__event_001,sprsound2022,sprsound2022::65068248,calibration,False,0,normal,0.782,0,0.19933079,0.8006692,1
sprsound2022::65068248_2.2_0_p4_1259__event_000,sprsound2022,sprsound2022::65068248,calibration,False,0,normal,1.152,0,0.9888181,0.011181847,0
sprsound2022::65068248_2.2_0_p4_1259__event_001,sprsound2022,sprsound2022::65068248,calibration,False,0,normal,1.0810000000000004,0,0.09407567,0.9059243,1
sprsound2022::65068248_2.2_0_p4_1259__event_002,sprsound2022,sprsound2022::65068248,calibration,False,0,normal,0.9689999999999994,0,0.016593171,0.98340684,1
sprsound2022::65080696_11.1_1_p1_1873__event_000,sprsound2022,sprsound2022::65080696,calibration,False,0,normal,2.0380000000000003,0,0.9782824,0.021717673,0
sprsound2022::65080696_11.1_1_p1_1934__event_000,sprsound2022,sprsound2022::65080696,calibration,False,0,normal,1.67,0,0.99289316,0.0071068313,0
sprsound2022::65080696_11.1_1_p1_1934__event_001,sprsound2022,sprsound2022::65080696,calibration,False,0,normal,1.666,0,0.9485108,0.05148922,0
sprsound2022::65080696_11.1_1_p1_1934__event_002,sprsound2022,sprsound2022::65080696,calibration,False,0,normal,1.5909999999999993,0,0.9580296,0.041970327,0
sprsound2022::65080696_11.1_1_p2_1890__event_000,sprsound2022,sprsound2022::65080696,calibration,False,0,normal,1.1500000000000004,0,0.17148091,0.82851905,1
sprsound2022::65080696_11.1_1_p2_1890__event_001,sprsound2022,sprsound2022::65080696,calibration,False,0,normal,3.727,0,0.98388034,0.01611971,0
sprsound2022::65080696_11.1_1_p2_1927__event_000,sprsound2022,sprsound2022::65080696,calibration,False,0,normal,2.029,0,0.97507226,0.02492771,0
sprsound2022::65080696_11.1_1_p2_1927__event_001,sprsound2022,sprsound2022::65080696,calibration,False,0,normal,1.1340000000000003,0,0.8584799,0.14152007,0
sprsound2022::65080696_11.1_1_p2_1927__event_002,sprsound2022,sprsound2022::65080696,calibration,False,0,normal,3.5649999999999995,0,0.9944238,0.0055762674,0
sprsound2022::65080696_11.1_1_p2_1960__event_000,sprsound2022,sprsound2022::65080696,calibration,False,0,normal,1.37,0,0.9127505,0.08724947,0
sprsound2022::65080696_11.1_1_p2_1960__event_001,sprsound2022,sprsound2022::65080696,calibration,False,0,normal,1.7700000000000005,0,0.6569918,0.34300813,0
sprsound2022::65080696_11.1_1_p3_1911__event_000,sprsound2022,sprsound2022::65080696,calibration,False,0,normal,1.648,0,0.71143603,0.28856394,0
sprsound2022::65080696_11.1_1_p3_1911__event_001,sprsound2022,sprsound2022::65080696,calibration,False,0,normal,0.8410000000000002,0,0.18804361,0.8119564,1
sprsound2022::65080696_11.1_1_p3_1911__event_002,sprsound2022,sprsound2022::65080696,calibration,False,0,normal,2.2249999999999996,0,0.98164016,0.018359814,0
sprsound2022::65080696_11.1_1_p4_1831__event_000,sprsound2022,sprsound2022::65080696,calibration,False,1,fine_crackle,0.8040000000000003,1,0.007523004,0.992477,1
sprsound2022::65080696_11.1_1_p4_1831__event_001,sprsound2022,sprsound2022::65080696,calibration,False,0,normal,2.5069999999999997,0,0.9949064,0.005093563,0
sprsound2022::65080696_11.1_1_p4_1955__event_000,sprsound2022,sprsound2022::65080696,calibration,False,0,normal,1.444,0,0.91316086,0.08683918,0
