sample_id,dataset,patient_id,protocol_role,locked,binary_label_id,fine_label_name,event_duration_seconds,target,probability_1_seed20260729,probability_1_seed20260731,probability_1,probability_0,prediction
sprsound2022::40672181_13.1_0_p1_2728__event_000,sprsound2022,sprsound2022::40672181,calibration,False,0,normal,1.979,0,0.008203266,0.23540536,0.121804313,0.8781956870000001,0
sprsound2022::40672181_13.1_0_p1_2728__event_001,sprsound2022,sprsound2022::40672181,calibration,False,0,normal,1.621,0,0.0026891436,0.009725297,0.0062072203,0.9937927797,0
sprsound2022::40672181_13.1_0_p1_2728__event_002,sprsound2022,sprsound2022::40672181,calibration,False,0,normal,1.6320000000000006,0,0.021288108,0.009840337,0.015564222499999999,0.9844357775,0
sprsound2022::40672181_13.1_0_p1_2728__event_003,sprsound2022,sprsound2022::40672181,calibration,False,0,normal,0.7459999999999987,0,0.29470953,0.8191382,0.556923865,0.443076135,1
sprsound2022::40672181_13.1_0_p4_2764__event_000,sprsound2022,sprsound2022::40672181,calibration,False,0,normal,4.074999999999999,0,0.042902347,0.06901647,0.0559594085,0.9440405915,0
sprsound2022::40686765_6.7_1_p1_3025__event_000,sprsound2022,sprsound2022::40686765,calibration,False,0,normal,2.279000000000001,0,0.0019707426,0.010295762,0.0061332523,0.9938667477,0
sprsound2022::40686765_6.7_1_p1_3077__event_000,sprsound2022,sprsound2022::40686765,calibration,False,0,normal,1.618,0,0.0151203,0.018881852,0.017001076,0.982998924,0
sprsound2022::40686765_6.7_1_p2_2991__event_000,sprsound2022,sprsound2022::40686765,calibration,False,0,normal,1.267,0,0.040679496,0.14039838,0.090538938,0.909461062,0
sprsound2022::40686765_6.7_1_p2_2991__event_001,sprsound2022,sprsound2022::40686765,calibration,False,0,normal,1.6189999999999989,0,0.005045211,0.020684535,0.012864873,0.987135127,0
sprsound2022::40686765_6.7_1_p2_2991__event_002,sprsound2022,sprsound2022::40686765,calibration,False,0,normal,1.481,0,0.88321155,0.86374986,0.873480705,0.12651929500000003,1
sprsound2022::40686765_6.7_1_p2_3059__event_000,sprsound2022,sprsound2022::40686765,calibration,False,0,normal,2.609,0,0.0005018682,0.0012667298,0.000884299,0.999115701,0
sprsound2022::40686765_6.7_1_p2_3059__event_001,sprsound2022,sprsound2022::40686765,calibration,False,0,normal,1.2989999999999997,0,0.0038606431,0.006705219,0.00528293105,0.99471706895,0
sprsound2022::40686765_6.7_1_p3_3042__event_000,sprsound2022,sprsound2022::40686765,calibration,False,0,normal,1.798,0,0.07666228,0.03372535,0.055193815,0.944806185,0
sprsound2022::40686765_6.7_1_p3_3042__event_001,sprsound2022,sprsound2022::40686765,calibration,False,0,normal,0.7469999999999999,0,0.20447595,0.3543104,0.279393175,0.720606825,0
sprsound2022::40686765_6.7_1_p4_3008__event_000,sprsound2022,sprsound2022::40686765,calibration,False,0,normal,1.497,0,0.32480538,0.04395575,0.184380565,0.815619435,0
sprsound2022::40686765_6.7_1_p4_3008__event_001,sprsound2022,sprsound2022::40686765,calibration,False,0,normal,0.7690000000000001,0,0.8996946,0.98045117,0.940072885,0.05992711500000003,1
sprsound2022::40686765_6.7_1_p4_3095__event_000,sprsound2022,sprsound2022::40686765,calibration,False,0,normal,2.39,0,0.012781346,0.017157082,0.014969214000000002,0.985030786,0
sprsound2022::40686765_6.7_1_p4_3095__event_001,sprsound2022,sprsound2022::40686765,calibration,False,0,normal,1.341000000000001,0,0.6267169,0.108512625,0.3676147625,0.6323852375,0
sprsound2022::40686765_6.7_1_p4_3095__event_002,sprsound2022,sprsound2022::40686765,calibration,False,0,normal,1.8630000000000004,0,0.3094482,0.51777726,0.41361273,0.58638727,0
sprsound2022::40908606_3.7_1_p1_401__event_000,sprsound2022,sprsound2022::40908606,calibration,False,0,normal,0.8540000000000001,0,0.0016403173,0.0075261374,0.00458322735,0.99541677265,0
sprsound2022::40908606_3.7_1_p1_401__event_001,sprsound2022,sprsound2022::40908606,calibration,False,0,normal,1.0059999999999998,0,0.0027126758,0.007989121,0.0053508984,0.9946491016,0
sprsound2022::40908606_3.7_1_p1_401__event_002,sprsound2022,sprsound2022::40908606,calibration,False,0,normal,1.053,0,0.4423226,0.2978018,0.3700622,0.6299378,0
sprsound2022::40908606_3.7_1_p1_401__event_003,sprsound2022,sprsound2022::40908606,calibration,False,0,normal,1.0659999999999998,0,0.0006873069,0.006605776,0.00364654145,0.99635345855,0
sprsound2022::40908606_3.7_1_p1_401__event_004,sprsound2022,sprsound2022::40908606,calibration,False,0,normal,0.9260000000000002,0,0.0032670891,0.027732553,0.01549982105,0.98450017895,0
sprsound2022::40908606_3.7_1_p1_401__event_005,sprsound2022,sprsound2022::40908606,calibration,False,0,normal,1.6010000000000004,0,0.004537596,0.0068848603,0.00571122815,0.99428877185,0
sprsound2022::40908606_3.7_1_p2_402__event_000,sprsound2022,sprsound2022::40908606,calibration,False,0,normal,0.5589999999999999,0,0.012704597,0.01872588,0.0157152385,0.9842847615,0
sprsound2022::40908606_3.7_1_p2_402__event_001,sprsound2022,sprsound2022::40908606,calibration,False,0,normal,0.8129999999999997,0,0.0154859135,0.021269953,0.01837793325,0.98162206675,0
sprsound2022::40908606_3.7_1_p2_402__event_002,sprsound2022,sprsound2022::40908606,calibration,False,0,normal,0.6310000000000002,0,0.019596022,0.02063108,0.020113551,0.979886449,0
sprsound2022::40908606_3.7_1_p2_402__event_003,sprsound2022,sprsound2022::40908606,calibration,False,0,normal,0.8129999999999997,0,0.003460693,0.008249917,0.005855305,0.994144695,0
sprsound2022::40908606_3.7_1_p2_402__event_004,sprsound2022,sprsound2022::40908606,calibration,False,0,normal,0.9499999999999996,0,0.0024460803,0.023877027,0.01316155365,0.98683844635,0
sprsound2022::40908606_3.7_1_p3_403__event_000,sprsound2022,sprsound2022::40908606,calibration,False,0,normal,0.5140000000000001,0,0.012227514,0.008976856,0.010602185,0.989397815,0
sprsound2022::40908606_3.7_1_p3_403__event_001,sprsound2022,sprsound2022::40908606,calibration,False,0,normal,0.4879999999999995,0,0.0047101583,0.023078071,0.013894114649999999,0.98610588535,0
sprsound2022::40908606_3.7_1_p4_404__event_000,sprsound2022,sprsound2022::40908606,calibration,False,0,normal,1.2560000000000002,0,0.009101585,0.022846496,0.0159740405,0.9840259595,0
sprsound2022::40908606_3.7_1_p4_404__event_001,sprsound2022,sprsound2022::40908606,calibration,False,0,normal,1.2390000000000008,0,0.001071963,0.0061470526,0.0036095078,0.9963904922,0
sprsound2022::40943224_9.7_0_p4_96__event_000,sprsound2022,sprsound2022::40943224,calibration,False,0,normal,1.0739999999999998,0,0.0012661392,0.003477299,0.0023717191,0.9976282809,0
sprsound2022::40943224_9.7_0_p4_96__event_001,sprsound2022,sprsound2022::40943224,calibration,False,0,normal,2.096,0,0.02713587,0.037066992,0.032101431,0.967898569,0
sprsound2022::41068313_6.1_1_p1_1980__event_000,sprsound2022,sprsound2022::41068313,calibration,False,0,normal,0.8980000000000006,0,0.0600114,0.24716544,0.15358842,0.84641158,0
sprsound2022::41068313_6.1_1_p1_1980__event_001,sprsound2022,sprsound2022::41068313,calibration,False,0,normal,0.6779999999999999,0,0.95399785,0.9446991,0.9493484750000001,0.05065152499999992,1
sprsound2022::41068313_6.1_1_p1_1984__event_000,sprsound2022,sprsound2022::41068313,calibration,False,0,normal,1.306,0,0.008671489,0.009488142,0.0090798155,0.9909201845,0
sprsound2022::41068313_6.1_1_p1_1989__event_000,sprsound2022,sprsound2022::41068313,calibration,False,0,normal,1.241,0,0.88230914,0.8769325,0.87962082,0.12037918000000003,1
sprsound2022::41068313_6.1_1_p1_1989__event_001,sprsound2022,sprsound2022::41068313,calibration,False,0,normal,0.7900000000000009,0,0.42968392,0.5319775,0.48083071,0.51916929,0
sprsound2022::41068313_6.1_1_p2_1985__event_000,sprsound2022,sprsound2022::41068313,calibration,False,0,normal,1.334,0,0.0031750468,0.0023608452,0.002767946,0.997232054,0
sprsound2022::41068313_6.1_1_p2_1985__event_001,sprsound2022,sprsound2022::41068313,calibration,False,0,normal,0.7749999999999995,0,0.010074795,0.022188313,0.016131554,0.983868446,0
sprsound2022::41068313_6.1_1_p2_1985__event_002,sprsound2022,sprsound2022::41068313,calibration,False,0,normal,2.2750000000000004,0,0.0036593978,0.0048394767,0.00424943725,0.99575056275,0
sprsound2022::41068313_6.1_1_p2_1985__event_003,sprsound2022,sprsound2022::41068313,calibration,False,0,normal,1.3159999999999998,0,0.04250612,0.022164555,0.0323353375,0.9676646625,0
sprsound2022::41068313_6.1_1_p2_1991__event_000,sprsound2022,sprsound2022::41068313,calibration,False,0,normal,1.1719999999999997,0,0.015933203,0.008606137,0.01226967,0.98773033,0
sprsound2022::41068313_6.1_1_p2_1991__event_001,sprsound2022,sprsound2022::41068313,calibration,False,0,normal,0.7509999999999994,0,0.033266842,0.009002264,0.021134553,0.978865447,0
sprsound2022::41068313_6.1_1_p2_1991__event_002,sprsound2022,sprsound2022::41068313,calibration,False,0,normal,1.0910000000000002,0,0.056513395,0.04030277,0.048408082500000005,0.9515919175,0
sprsound2022::41068313_6.1_1_p3_1981__event_000,sprsound2022,sprsound2022::41068313,calibration,False,0,normal,1.5499999999999998,0,0.001344007,0.0067349467,0.00403947685,0.99596052315,0
sprsound2022::41068313_6.1_1_p3_1981__event_001,sprsound2022,sprsound2022::41068313,calibration,False,0,normal,1.0750000000000002,0,0.025675168,0.14522907,0.08545211899999999,0.9145478810000001,0
sprsound2022::41068313_6.1_1_p3_1981__event_002,sprsound2022,sprsound2022::41068313,calibration,False,0,normal,0.7480000000000011,0,0.03016542,0.023166806,0.026666112999999998,0.973333887,0
sprsound2022::41068313_6.1_1_p3_1988__event_000,sprsound2022,sprsound2022::41068313,calibration,False,0,normal,1.5560000000000005,0,0.0046222904,0.010092068,0.007357179199999999,0.9926428208,0
sprsound2022::41068313_6.1_1_p4_1982__event_000,sprsound2022,sprsound2022::41068313,calibration,False,0,normal,0.7699999999999996,0,0.026008898,0.032237828,0.029123363,0.970876637,0
sprsound2022::41068313_6.1_1_p4_1982__event_001,sprsound2022,sprsound2022::41068313,calibration,False,0,normal,0.4959999999999986,0,0.060834285,0.035916276,0.0483752805,0.9516247195,0
sprsound2022::41068313_6.1_1_p4_1982__event_002,sprsound2022,sprsound2022::41068313,calibration,False,0,normal,0.903,0,0.014186917,0.0104495725,0.01231824475,0.98768175525,0
sprsound2022::41068313_6.1_1_p4_3018__event_000,sprsound2022,sprsound2022::41068313,calibration,False,0,normal,1.54,0,0.013748196,0.017456988,0.015602592,0.984397408,0
sprsound2022::41068313_6.1_1_p4_3018__event_001,sprsound2022,sprsound2022::41068313,calibration,False,0,normal,1.54,0,0.0026529839,0.005569481,0.00411123245,0.99588876755,0
sprsound2022::41068313_6.1_1_p4_3018__event_002,sprsound2022,sprsound2022::41068313,calibration,False,0,normal,1.5630000000000006,0,0.0019392524,0.0033193093,0.00262928085,0.99737071915,0
sprsound2022::41068313_6.1_1_p4_3018__event_003,sprsound2022,sprsound2022::41068313,calibration,False,0,normal,1.2799999999999994,0,0.18636061,0.24709262,0.216726615,0.783273385,0
sprsound2022::41068313_6.1_1_p4_3018__event_004,sprsound2022,sprsound2022::41068313,calibration,False,0,normal,2.322,0,0.01794218,0.011104097,0.0145231385,0.9854768615,0
sprsound2022::41074281_5.0_1_p1_405__event_000,sprsound2022,sprsound2022::41074281,calibration,False,0,normal,1.7840000000000005,0,0.10081256,0.013921107,0.0573668335,0.9426331665,0
sprsound2022::41074281_5.0_1_p1_405__event_001,sprsound2022,sprsound2022::41074281,calibration,False,0,normal,2.117,0,0.00078745093,0.0027283034,0.0017578771650000001,0.998242122835,0
sprsound2022::41074281_5.0_1_p1_405__event_002,sprsound2022,sprsound2022::41074281,calibration,False,0,normal,1.6479999999999997,0,0.0011628269,0.003840686,0.00250175645,0.99749824355,0
sprsound2022::41074281_5.0_1_p2_406__event_000,sprsound2022,sprsound2022::41074281,calibration,False,0,normal,1.809,0,0.0010439612,0.003255359,0.0021496601,0.9978503399,0
sprsound2022::41074281_5.0_1_p2_406__event_001,sprsound2022,sprsound2022::41074281,calibration,False,0,normal,2.0630000000000006,0,0.0015720506,0.0033244276,0.0024482391,0.9975517609,0
sprsound2022::41074281_5.0_1_p2_406__event_002,sprsound2022,sprsound2022::41074281,calibration,False,0,normal,2.093,0,0.0024795437,0.0036097104,0.00304462705,0.99695537295,0
sprsound2022::41074281_5.0_1_p2_406__event_003,sprsound2022,sprsound2022::41074281,calibration,False,0,normal,0.9380000000000006,0,0.4253583,0.032661315,0.22900980750000002,0.7709901925,0
sprsound2022::41074281_5.0_1_p3_407__event_000,sprsound2022,sprsound2022::41074281,calibration,False,0,normal,1.889,0,0.036939897,0.0059310696,0.0214354833,0.9785645167,0
sprsound2022::41074281_5.0_1_p3_407__event_001,sprsound2022,sprsound2022::41074281,calibration,False,0,normal,2.221,0,0.013299449,0.006183026,0.0097412375,0.9902587625,0
sprsound2022::41074281_5.0_1_p3_407__event_002,sprsound2022,sprsound2022::41074281,calibration,False,0,normal,1.1479999999999997,0,0.084609754,0.076746255,0.0806780045,0.9193219955,0
sprsound2022::41074281_5.0_1_p3_407__event_003,sprsound2022,sprsound2022::41074281,calibration,False,0,normal,1.789,0,0.0074877185,0.016612152,0.012049935250000001,0.98795006475,0
sprsound2022::41074281_5.0_1_p4_408__event_000,sprsound2022,sprsound2022::41074281,calibration,False,0,normal,2.663000000000001,0,0.008960069,0.0038603388,0.0064102039,0.9935897961,0
sprsound2022::41096663_5.5_1_p1_561__event_000,sprsound2022,sprsound2022::41096663,calibration,False,0,normal,2.1660000000000004,0,0.037249725,0.027268128,0.0322589265,0.9677410735,0
sprsound2022::41108858_5.0_0_p1_1152__event_000,sprsound2022,sprsound2022::41108858,calibration,False,0,normal,1.2999999999999998,0,0.012343939,0.0043984777,0.00837120835,0.99162879165,0
sprsound2022::41108858_5.0_0_p1_1152__event_001,sprsound2022,sprsound2022::41108858,calibration,False,0,normal,0.7010000000000005,0,0.0029424476,0.004281137,0.0036117923,0.9963882077,0
sprsound2022::41108858_5.0_0_p1_1152__event_002,sprsound2022,sprsound2022::41108858,calibration,False,0,normal,1.1310000000000002,0,0.052438222,0.019822756,0.036130489,0.963869511,0
sprsound2022::41108858_5.0_0_p1_1152__event_003,sprsound2022,sprsound2022::41108858,calibration,False,0,normal,1.245,0,0.06076083,0.11071621,0.08573852,0.91426148,0
sprsound2022::41108858_5.0_0_p1_1152__event_004,sprsound2022,sprsound2022::41108858,calibration,False,0,normal,1.076,0,0.40216637,0.033712022,0.217939196,0.782060804,0
sprsound2022::41108858_5.0_0_p1_1455__event_000,sprsound2022,sprsound2022::41108858,calibration,False,0,normal,0.816,0,0.0025366286,0.0057452326,0.0041409306,0.9958590694,0
sprsound2022::41108858_5.0_0_p1_1455__event_001,sprsound2022,sprsound2022::41108858,calibration,False,0,normal,0.8040000000000003,0,0.002750749,0.016867112,0.0098089305,0.9901910695,0
sprsound2022::41108858_5.0_0_p1_1455__event_002,sprsound2022,sprsound2022::41108858,calibration,False,0,normal,0.8650000000000002,0,0.0030121314,0.017158952,0.0100855417,0.9899144583,0
sprsound2022::41108858_5.0_0_p1_1455__event_003,sprsound2022,sprsound2022::41108858,calibration,False,0,normal,1.0060000000000002,0,0.00391628,0.0057299207,0.00482310035,0.99517689965,0
sprsound2022::41108858_5.0_0_p1_1455__event_004,sprsound2022,sprsound2022::41108858,calibration,False,0,normal,0.7519999999999998,0,0.007815689,0.008619521,0.008217605,0.991782395,0
sprsound2022::41108858_5.0_0_p1_1455__event_005,sprsound2022,sprsound2022::41108858,calibration,False,0,normal,1.0939999999999994,0,0.0068117175,0.010775216,0.00879346675,0.99120653325,0
sprsound2022::41108858_5.0_0_p1_1484__event_000,sprsound2022,sprsound2022::41108858,calibration,False,0,normal,0.8580000000000001,0,0.0025904055,0.010746984,0.00666869475,0.99333130525,0
sprsound2022::41108858_5.0_0_p1_1484__event_001,sprsound2022,sprsound2022::41108858,calibration,False,0,normal,1.273,0,0.001150328,0.016687348,0.008918838,0.991081162,0
sprsound2022::41108858_5.0_0_p2_1142__event_000,sprsound2022,sprsound2022::41108858,calibration,False,0,normal,1.1849999999999998,0,0.0009889747,0.005554714,0.00327184435,0.99672815565,0
sprsound2022::41108858_5.0_0_p2_1142__event_001,sprsound2022,sprsound2022::41108858,calibration,False,0,normal,1.2329999999999997,0,0.011046648,0.08744109,0.049243868999999996,0.950756131,0
sprsound2022::41108858_5.0_0_p2_1142__event_002,sprsound2022,sprsound2022::41108858,calibration,False,0,normal,1.2279999999999998,0,0.0032485211,0.008300393,0.00577445705,0.99422554295,0
sprsound2022::41108858_5.0_0_p2_1142__event_003,sprsound2022,sprsound2022::41108858,calibration,False,0,normal,1.3129999999999995,0,0.3769082,0.17343196,0.27517008,0.72482992,0
sprsound2022::41108858_5.0_0_p2_1142__event_004,sprsound2022,sprsound2022::41108858,calibration,False,0,normal,1.1800000000000006,0,0.15488799,0.09410118,0.124494585,0.875505415,0
sprsound2022::41108858_5.0_0_p4_1161__event_000,sprsound2022,sprsound2022::41108858,calibration,False,0,normal,1.0040000000000004,0,0.50071114,0.8813368,0.69102397,0.30897602999999996,1
sprsound2022::41108858_5.0_0_p4_1161__event_001,sprsound2022,sprsound2022::41108858,calibration,False,0,normal,1.4010000000000007,0,0.0013255122,0.00407112,0.0026983161,0.9973016839,0
sprsound2022::41108858_5.0_0_p4_1468__event_000,sprsound2022,sprsound2022::41108858,calibration,False,0,normal,1.423,0,0.0014279208,0.004317011,0.0028724659,0.9971275341,0
sprsound2022::41108858_5.0_0_p4_1468__event_001,sprsound2022,sprsound2022::41108858,calibration,False,0,normal,1.229,0,0.0015922035,0.008506527,0.00504936525,0.99495063475,0
sprsound2022::41108858_5.0_0_p4_1468__event_002,sprsound2022,sprsound2022::41108858,calibration,False,0,normal,1.606,0,0.0017599319,0.005046439,0.00340318545,0.99659681455,0
sprsound2022::41108858_5.0_0_p4_1477__event_000,sprsound2022,sprsound2022::41108858,calibration,False,0,normal,1.0990000000000002,0,0.0029182022,0.0068513495,0.00488477585,0.99511522415,0
sprsound2022::41108858_5.0_0_p4_1477__event_001,sprsound2022,sprsound2022::41108858,calibration,False,0,normal,0.8740000000000001,0,0.0024576942,0.0045556035,0.00350664885,0.99649335115,0
sprsound2022::41108858_5.0_0_p4_1477__event_002,sprsound2022,sprsound2022::41108858,calibration,False,0,normal,0.8730000000000002,0,0.0099806385,0.0097992355,0.009889937,0.990110063,0
sprsound2022::41108858_5.0_0_p4_1477__event_003,sprsound2022,sprsound2022::41108858,calibration,False,0,normal,2.339,0,0.009941964,0.008989379,0.0094656715,0.9905343285,0
sprsound2022::41108858_5.0_0_p4_1477__event_004,sprsound2022,sprsound2022::41108858,calibration,False,0,normal,1.0939999999999994,0,0.406682,0.26189545,0.33428872499999995,0.665711275,0
sprsound2022::41126642_8.8_0_p1_2461__event_000,sprsound2022,sprsound2022::41126642,calibration,False,0,normal,2.241,0,0.0019177621,0.0025061965,0.0022119793,0.9977880207000001,0
sprsound2022::41126642_8.8_0_p1_2461__event_001,sprsound2022,sprsound2022::41126642,calibration,False,0,normal,2.3280000000000003,0,0.00048440497,0.0016859696,0.001085187285,0.998914812715,0
sprsound2022::41126642_8.8_0_p1_2461__event_002,sprsound2022,sprsound2022::41126642,calibration,False,0,normal,2.197,0,0.019035766,0.011802355,0.0154190605,0.9845809395,0
sprsound2022::41126642_8.8_0_p1_2461__event_003,sprsound2022,sprsound2022::41126642,calibration,False,0,normal,1.048,0,0.53467375,0.57104146,0.552857605,0.44714239499999997,1
sprsound2022::41126642_8.8_0_p1_2485__event_000,sprsound2022,sprsound2022::41126642,calibration,False,0,normal,1.808,0,0.0030428797,0.010709432,0.006876155849999999,0.99312384415,0
sprsound2022::41126642_8.8_0_p2_2509__event_000,sprsound2022,sprsound2022::41126642,calibration,False,0,normal,1.902,0,0.015064526,0.010757015,0.0129107705,0.9870892295,0
sprsound2022::41126642_8.8_0_p2_2509__event_001,sprsound2022,sprsound2022::41126642,calibration,False,0,normal,2.396000000000001,0,0.9061207,0.9181787,0.9121497000000001,0.08785029999999994,1
sprsound2022::41126642_8.8_0_p3_2521__event_000,sprsound2022,sprsound2022::41126642,calibration,False,0,normal,1.933,0,0.02338361,0.0116788,0.017531205,0.982468795,0
sprsound2022::41126642_8.8_0_p3_2521__event_001,sprsound2022,sprsound2022::41126642,calibration,False,0,normal,2.654,0,0.035978317,0.035495587,0.035736952,0.964263048,0
sprsound2022::41126642_8.8_0_p3_2521__event_002,sprsound2022,sprsound2022::41126642,calibration,False,0,normal,1.918,0,0.35807934,0.20685476,0.28246705,0.7175329500000001,0
sprsound2022::41126642_8.8_0_p4_2436__event_000,sprsound2022,sprsound2022::41126642,calibration,False,0,normal,1.893,0,0.0073383064,0.014237388,0.0107878472,0.9892121528,0
sprsound2022::41126642_8.8_0_p4_2436__event_001,sprsound2022,sprsound2022::41126642,calibration,False,0,normal,1.5459999999999994,0,0.018129848,0.015589347,0.0168595975,0.9831404025,0
sprsound2022::41126642_8.8_0_p4_2436__event_002,sprsound2022,sprsound2022::41126642,calibration,False,0,normal,2.0069999999999997,0,0.004234458,0.0060148356,0.0051246468,0.9948753532,0
sprsound2022::41126642_8.8_0_p4_2436__event_003,sprsound2022,sprsound2022::41126642,calibration,False,0,normal,2.017,0,0.016887104,0.036218252,0.026552678,0.973447322,0
sprsound2022::41159145_3.3_0_p1_189__event_000,sprsound2022,sprsound2022::41159145,calibration,False,1,fine_crackle,1.978,1,0.019101707,0.020187967,0.019644837,0.980355163,0
sprsound2022::41159145_3.3_0_p1_189__event_001,sprsound2022,sprsound2022::41159145,calibration,False,0,normal,2.0540000000000003,0,0.0051316884,0.23488158,0.1200066342,0.8799933658,0
sprsound2022::41159145_3.3_0_p1_193__event_000,sprsound2022,sprsound2022::41159145,calibration,False,0,normal,1.542,0,0.001489889,0.015695361,0.008592625000000001,0.991407375,0
sprsound2022::41159145_3.3_0_p1_193__event_001,sprsound2022,sprsound2022::41159145,calibration,False,0,normal,1.543,0,0.0019105659,0.007893624,0.00490209495,0.99509790505,0
sprsound2022::41159145_3.3_0_p1_193__event_002,sprsound2022,sprsound2022::41159145,calibration,False,0,normal,1.2990000000000013,0,0.010915515,0.43419257,0.2225540425,0.7774459575,0
sprsound2022::41159145_3.3_0_p2_194__event_000,sprsound2022,sprsound2022::41159145,calibration,False,0,normal,0.854,0,0.016770514,0.011752147,0.014261330499999999,0.9857386695,0
sprsound2022::41159145_3.3_0_p2_194__event_001,sprsound2022,sprsound2022::41159145,calibration,False,0,normal,0.8249999999999993,0,0.0042404598,0.0056796186,0.0049600392,0.9950399608,0
sprsound2022::41159145_3.3_0_p2_194__event_002,sprsound2022,sprsound2022::41159145,calibration,False,0,normal,0.7539999999999996,0,0.016916705,0.047833335,0.03237502,0.96762498,0
sprsound2022::41159145_3.3_0_p2_194__event_003,sprsound2022,sprsound2022::41159145,calibration,False,0,normal,0.8900000000000006,0,0.0016222302,0.012960958,0.0072915941,0.9927084059,0
sprsound2022::41159145_3.3_0_p2_194__event_004,sprsound2022,sprsound2022::41159145,calibration,False,0,normal,1.142,0,0.0033588891,0.005474413,0.0044166510499999995,0.99558334895,0
sprsound2022::41159145_3.3_0_p2_194__event_005,sprsound2022,sprsound2022::41159145,calibration,False,0,normal,1.1710000000000005,0,0.00380621,0.0049989014,0.0044025557,0.9955974443,0
sprsound2022::41159145_3.3_0_p2_194__event_006,sprsound2022,sprsound2022::41159145,calibration,False,0,normal,1.4299999999999995,0,0.0022517743,0.003920885,0.0030863296499999996,0.99691367035,0
sprsound2022::41159145_3.3_0_p2_194__event_007,sprsound2022,sprsound2022::41159145,calibration,False,0,normal,1.016,0,0.84592384,0.6510546,0.74848922,0.25151078000000004,1
sprsound2022::41159145_3.3_0_p2_730__event_000,sprsound2022,sprsound2022::41159145,calibration,False,0,normal,0.954,0,0.951076,0.89753747,0.924306735,0.07569326499999995,1
sprsound2022::41159145_3.3_0_p2_730__event_001,sprsound2022,sprsound2022::41159145,calibration,False,0,normal,1.0390000000000006,0,0.0049796468,0.018541202,0.0117604244,0.9882395756,0
sprsound2022::41159145_3.3_0_p2_730__event_002,sprsound2022,sprsound2022::41159145,calibration,False,0,normal,1.344,0,0.0032316535,0.010318677,0.0067751652499999995,0.99322483475,0
sprsound2022::41159145_3.3_0_p3_191__event_000,sprsound2022,sprsound2022::41159145,calibration,False,1,fine_crackle,1.3579999999999997,1,0.9887822,0.9729488,0.9808655,0.019134500000000054,1
sprsound2022::41159145_3.3_0_p3_191__event_001,sprsound2022,sprsound2022::41159145,calibration,False,0,normal,1.423,0,0.6814804,0.9499691,0.81572475,0.18427525,1
sprsound2022::41159145_3.3_0_p3_191__event_002,sprsound2022,sprsound2022::41159145,calibration,False,0,normal,2.1649999999999996,0,0.002441915,0.00784484,0.0051433775,0.9948566225,0
sprsound2022::41159145_3.3_0_p3_191__event_003,sprsound2022,sprsound2022::41159145,calibration,False,0,normal,1.584,0,0.025791489,0.05107755,0.0384345195,0.9615654805,0
sprsound2022::41159145_3.3_0_p4_192__event_000,sprsound2022,sprsound2022::41159145,calibration,False,0,normal,1.035,0,0.93230414,0.27321982,0.6027619799999999,0.3972380200000001,1
sprsound2022::41159145_3.3_0_p4_192__event_001,sprsound2022,sprsound2022::41159145,calibration,False,0,normal,1.4399999999999995,0,0.0034608701,0.0047467947,0.0041038324,0.9958961676,0
sprsound2022::41159145_3.3_0_p4_732__event_000,sprsound2022,sprsound2022::41159145,calibration,False,0,normal,0.7149999999999999,0,0.014461948,0.014978953,0.0147204505,0.9852795495,0
sprsound2022::41159145_3.3_0_p4_732__event_001,sprsound2022,sprsound2022::41159145,calibration,False,0,normal,0.952,0,0.037034873,0.03318161,0.0351082415,0.9648917585,0
sprsound2022::41159145_3.3_0_p4_732__event_002,sprsound2022,sprsound2022::41159145,calibration,False,0,normal,1.488,0,0.0011805788,0.003942725,0.0025616519,0.9974383481,0
sprsound2022::41159145_3.3_0_p4_732__event_003,sprsound2022,sprsound2022::41159145,calibration,False,0,normal,1.213,0,0.0027436975,0.0052460134,0.00399485545,0.99600514455,0
sprsound2022::41186340_6.6_0_p1_2105__event_000,sprsound2022,sprsound2022::41186340,calibration,False,1,fine_crackle,0.9060000000000006,1,0.9972579,0.99260485,0.994931375,0.005068625000000049,1
sprsound2022::41186340_6.6_0_p1_2105__event_001,sprsound2022,sprsound2022::41186340,calibration,False,1,fine_crackle,0.7669999999999995,1,0.9985683,0.993518,0.99604315,0.003956850000000012,1
sprsound2022::41186340_6.6_0_p1_2105__event_002,sprsound2022,sprsound2022::41186340,calibration,False,1,fine_crackle,0.8009999999999993,1,0.9852417,0.9859514,0.98559655,0.014403449999999984,1
sprsound2022::41186340_6.6_0_p1_2113__event_000,sprsound2022,sprsound2022::41186340,calibration,False,1,fine_crackle,0.7599999999999998,1,0.98131794,0.92790294,0.95461044,0.04538956000000005,1
sprsound2022::41186340_6.6_0_p1_2113__event_001,sprsound2022,sprsound2022::41186340,calibration,False,1,fine_crackle,0.8899999999999997,1,0.9933804,0.9879633,0.99067185,0.00932814999999998,1
sprsound2022::41186340_6.6_0_p1_2148__event_000,sprsound2022,sprsound2022::41186340,calibration,False,1,fine_crackle,1.0780000000000003,1,0.9966425,0.99585813,0.9962503149999999,0.003749685000000058,1
sprsound2022::41186340_6.6_0_p1_2148__event_001,sprsound2022,sprsound2022::41186340,calibration,False,1,fine_crackle,0.8389999999999986,1,0.99782854,0.99741817,0.997623355,0.0023766450000000106,1
sprsound2022::41186340_6.6_0_p1_2148__event_002,sprsound2022,sprsound2022::41186340,calibration,False,1,fine_crackle,0.579,1,0.98935705,0.9837924,0.986574725,0.013425275000000014,1
sprsound2022::41186340_6.6_0_p1_2151__event_000,sprsound2022,sprsound2022::41186340,calibration,False,1,fine_crackle,0.975,1,0.9893455,0.9353377,0.9623416,0.03765839999999998,1
sprsound2022::41186340_6.6_0_p1_2151__event_001,sprsound2022,sprsound2022::41186340,calibration,False,0,normal,0.902,0,0.01645827,0.015687704,0.016072987,0.983927013,0
sprsound2022::41186340_6.6_0_p1_2151__event_002,sprsound2022,sprsound2022::41186340,calibration,False,0,normal,1.104,0,0.19779159,0.03768869,0.11774014,0.88225986,0
sprsound2022::41186340_6.6_0_p1_2151__event_003,sprsound2022,sprsound2022::41186340,calibration,False,1,fine_crackle,0.902,1,0.998033,0.9886984,0.9933657,0.006634299999999982,1
sprsound2022::41186340_6.6_0_p1_2179__event_000,sprsound2022,sprsound2022::41186340,calibration,False,1,fine_crackle,0.9900000000000002,1,0.99730253,0.9943203,0.995811415,0.004188584999999967,1
sprsound2022::41186340_6.6_0_p1_2179__event_001,sprsound2022,sprsound2022::41186340,calibration,False,1,fine_crackle,0.9819999999999992,1,0.99777263,0.98653007,0.9921513500000001,0.007848649999999902,1
sprsound2022::41186340_6.6_0_p1_2296__event_000,sprsound2022,sprsound2022::41186340,calibration,False,0,normal,1.122,0,0.95458615,0.6037565,0.7791713250000001,0.22082867499999992,1
sprsound2022::41186340_6.6_0_p1_2296__event_001,sprsound2022,sprsound2022::41186340,calibration,False,0,normal,2.1730000000000005,0,0.039015975,0.0043574767,0.02168672585,0.97831327415,0
sprsound2022::41186340_6.6_0_p1_2326__event_000,sprsound2022,sprsound2022::41186340,calibration,False,1,fine_crackle,1.274,1,0.99575174,0.987293,0.99152237,0.008477630000000014,1
sprsound2022::41186340_6.6_0_p1_3039__event_000,sprsound2022,sprsound2022::41186340,calibration,False,1,fine_crackle,1.0359999999999996,1,0.9967385,0.98215955,0.989449025,0.010550975000000018,1
sprsound2022::41186340_6.6_0_p1_3039__event_001,sprsound2022,sprsound2022::41186340,calibration,False,1,fine_crackle,1.09,1,0.99505144,0.68949217,0.842271805,0.15772819500000002,1
sprsound2022::41186340_6.6_0_p1_3039__event_002,sprsound2022,sprsound2022::41186340,calibration,False,1,fine_crackle,1.007,1,0.9957243,0.99331397,0.994519135,0.005480865000000001,1
sprsound2022::41186340_6.6_0_p1_3055__event_000,sprsound2022,sprsound2022::41186340,calibration,False,1,fine_crackle,0.993,1,0.99648213,0.97946185,0.9879719899999999,0.012028010000000089,1
sprsound2022::41186340_6.6_0_p1_3055__event_001,sprsound2022,sprsound2022::41186340,calibration,False,1,fine_crackle,0.928,1,0.9981964,0.9961892,0.9971928,0.0028072000000000097,1
sprsound2022::41186340_6.6_0_p1_3055__event_002,sprsound2022,sprsound2022::41186340,calibration,False,1,fine_crackle,0.37,1,0.9966832,0.9952213,0.99595225,0.004047750000000017,1
sprsound2022::41186340_6.6_0_p1_3109__event_000,sprsound2022,sprsound2022::41186340,calibration,False,1,fine_crackle,1.055,1,0.9880918,0.9702389,0.9791653499999999,0.020834650000000066,1
sprsound2022::41186340_6.6_0_p1_3109__event_001,sprsound2022,sprsound2022::41186340,calibration,False,1,fine_crackle,0.9650000000000004,1,0.99408686,0.987433,0.9907599300000001,0.009240069999999934,1
sprsound2022::41186340_6.6_0_p1_3109__event_002,sprsound2022,sprsound2022::41186340,calibration,False,1,fine_crackle,0.8299999999999992,1,0.99816954,0.9969227,0.99754612,0.0024538800000000194,1
sprsound2022::41186340_6.6_0_p1_3109__event_003,sprsound2022,sprsound2022::41186340,calibration,False,1,fine_crackle,0.8219999999999992,1,0.9928069,0.9829773,0.9878921,0.01210789999999995,1
sprsound2022::41186340_6.6_0_p1_3143__event_000,sprsound2022,sprsound2022::41186340,calibration,False,0,normal,1.2970000000000006,0,0.1298645,0.057316355,0.09359042749999999,0.9064095725,0
sprsound2022::41186340_6.6_0_p1_3143__event_001,sprsound2022,sprsound2022::41186340,calibration,False,0,normal,1.367,0,0.018181162,0.009744355,0.0139627585,0.9860372415,0
sprsound2022::41186340_6.6_0_p1_3158__event_000,sprsound2022,sprsound2022::41186340,calibration,False,0,normal,1.3290000000000002,0,0.08866983,0.053887382,0.071278606,0.928721394,0
sprsound2022::41186340_6.6_0_p1_3158__event_001,sprsound2022,sprsound2022::41186340,calibration,False,0,normal,1.189,0,0.6372004,0.2952984,0.46624940000000004,0.5337506,0
sprsound2022::41186340_6.6_0_p1_3158__event_002,sprsound2022,sprsound2022::41186340,calibration,False,1,fine_crackle,0.9620000000000016,1,0.9485347,0.88605154,0.91729312,0.08270688000000004,1
sprsound2022::41186340_6.6_0_p1_3189__event_000,sprsound2022,sprsound2022::41186340,calibration,False,0,normal,0.9819999999999998,0,0.1902559,0.76170623,0.47598106500000004,0.524018935,0
sprsound2022::41186340_6.6_0_p1_3189__event_001,sprsound2022,sprsound2022::41186340,calibration,False,0,normal,1.0070000000000006,0,0.115302704,0.09660735,0.10595502700000001,0.894044973,0
sprsound2022::41186340_6.6_0_p2_2106__event_000,sprsound2022,sprsound2022::41186340,calibration,False,1,fine_crackle,1.13,1,0.9989297,0.99258465,0.995757175,0.00424282499999995,1
sprsound2022::41186340_6.6_0_p2_2106__event_001,sprsound2022,sprsound2022::41186340,calibration,False,1,fine_crackle,1.049,1,0.99842995,0.9822097,0.990319825,0.009680174999999958,1
sprsound2022::41186340_6.6_0_p2_2106__event_002,sprsound2022,sprsound2022::41186340,calibration,False,1,fine_crackle,1.391,1,0.9984964,0.9819723,0.9902343499999999,0.00976565000000007,1
sprsound2022::41186340_6.6_0_p2_2112__event_000,sprsound2022,sprsound2022::41186340,calibration,False,1,fine_crackle,0.942,1,0.9942624,0.9780418,0.9861521,0.013847900000000024,1
sprsound2022::41186340_6.6_0_p2_2112__event_001,sprsound2022,sprsound2022::41186340,calibration,False,0,normal,1.2800000000000002,0,0.969476,0.10940698,0.53944149,0.46055851000000003,1
sprsound2022::41186340_6.6_0_p2_2112__event_002,sprsound2022,sprsound2022::41186340,calibration,False,1,fine_crackle,1.1930000000000005,1,0.82585883,0.2869164,0.556387615,0.443612385,1
sprsound2022::41186340_6.6_0_p2_2112__event_003,sprsound2022,sprsound2022::41186340,calibration,False,0,normal,1.495,0,0.23214737,0.0678997,0.15002353499999999,0.849976465,0
sprsound2022::41186340_6.6_0_p2_2120__event_000,sprsound2022,sprsound2022::41186340,calibration,False,0,normal,1.824,0,0.049719363,0.017059641,0.033389502,0.966610498,0
sprsound2022::41186340_6.6_0_p2_2120__event_001,sprsound2022,sprsound2022::41186340,calibration,False,1,fine_crackle,1.0130000000000008,1,0.9783326,0.38409945,0.681216025,0.318783975,1
sprsound2022::41186340_6.6_0_p2_2163__event_000,sprsound2022,sprsound2022::41186340,calibration,False,1,fine_crackle,0.8240000000000003,1,0.9985103,0.99597895,0.997244625,0.0027553750000000043,1
sprsound2022::41186340_6.6_0_p2_2166__event_000,sprsound2022,sprsound2022::41186340,calibration,False,1,fine_crackle,1.122,1,0.9898262,0.9870036,0.9884149,0.011585100000000015,1
sprsound2022::41186340_6.6_0_p2_2166__event_001,sprsound2022,sprsound2022::41186340,calibration,False,1,fine_crackle,2.354,1,0.76056635,0.83354455,0.79705545,0.20294455,1
sprsound2022::41186340_6.6_0_p2_2221__event_000,sprsound2022,sprsound2022::41186340,calibration,False,1,fine_crackle,0.7089999999999996,1,0.9946021,0.71199316,0.85329763,0.14670236999999997,1
sprsound2022::41186340_6.6_0_p2_2251__event_000,sprsound2022,sprsound2022::41186340,calibration,False,1,fine_crackle,1.5759999999999996,1,0.98049164,0.29966933,0.640080485,0.35991951499999997,1
sprsound2022::41186340_6.6_0_p2_2251__event_001,sprsound2022,sprsound2022::41186340,calibration,False,1,fine_crackle,1.3280000000000003,1,0.8571021,0.50518423,0.6811431649999999,0.31885683500000006,1
sprsound2022::41186340_6.6_0_p2_2356__event_000,sprsound2022,sprsound2022::41186340,calibration,False,1,fine_crackle,1.2120000000000002,1,0.99004096,0.96634465,0.9781928049999999,0.021807195000000057,1
sprsound2022::41186340_6.6_0_p2_2356__event_001,sprsound2022,sprsound2022::41186340,calibration,False,1,fine_crackle,1.144,1,0.9829827,0.9475667,0.9652746999999999,0.03472530000000007,1
sprsound2022::41186340_6.6_0_p2_2701__event_000,sprsound2022,sprsound2022::41186340,calibration,False,1,fine_crackle,0.956,1,0.99614584,0.9533495,0.97474767,0.025252330000000045,1
sprsound2022::41186340_6.6_0_p2_2701__event_001,sprsound2022,sprsound2022::41186340,calibration,False,1,fine_crackle,1.0579999999999998,1,0.99804246,0.9890131,0.99352778,0.0064722200000000285,1
sprsound2022::41186340_6.6_0_p2_2701__event_002,sprsound2022,sprsound2022::41186340,calibration,False,1,fine_crackle,1.0,1,0.996748,0.98677945,0.991763725,0.008236275000000015,1
sprsound2022::41186340_6.6_0_p2_2701__event_003,sprsound2022,sprsound2022::41186340,calibration,False,1,fine_crackle,0.981,1,0.9983164,0.9878857,0.9931010499999999,0.00689895000000007,1
sprsound2022::41186340_6.6_0_p2_2701__event_004,sprsound2022,sprsound2022::41186340,calibration,False,1,fine_crackle,0.9450000000000004,1,0.99673295,0.97566843,0.98620069,0.013799310000000009,1
sprsound2022::41186340_6.6_0_p2_2761__event_000,sprsound2022,sprsound2022::41186340,calibration,False,1,fine_crackle,0.957,1,0.9612844,0.78790414,0.87459427,0.12540573,1
sprsound2022::41186340_6.6_0_p2_2761__event_001,sprsound2022,sprsound2022::41186340,calibration,False,1,fine_crackle,1.2769999999999997,1,0.99541336,0.9601597,0.9777865299999999,0.02221347000000007,1
sprsound2022::41186340_6.6_0_p2_2761__event_002,sprsound2022,sprsound2022::41186340,calibration,False,1,fine_crackle,1.0750000000000002,1,0.99623567,0.94016933,0.9682025000000001,0.03179749999999992,1
sprsound2022::41186340_6.6_0_p2_3004__event_000,sprsound2022,sprsound2022::41186340,calibration,False,1,fine_crackle,0.9799999999999998,1,0.9939138,0.9195558,0.9567348,0.043265200000000004,1
sprsound2022::41186340_6.6_0_p2_3004__event_001,sprsound2022,sprsound2022::41186340,calibration,False,1,fine_crackle,1.0510000000000002,1,0.9964012,0.9877088,0.992055,0.00794499999999998,1
sprsound2022::41186340_6.6_0_p2_3004__event_002,sprsound2022,sprsound2022::41186340,calibration,False,1,fine_crackle,1.0949999999999998,1,0.9944271,0.9944748,0.9944509500000001,0.005549049999999944,1
sprsound2022::41186340_6.6_0_p2_3074__event_000,sprsound2022,sprsound2022::41186340,calibration,False,1,fine_crackle,1.17,1,0.99501485,0.85903585,0.9270253500000001,0.07297464999999992,1
sprsound2022::41186340_6.6_0_p2_3074__event_001,sprsound2022,sprsound2022::41186340,calibration,False,1,fine_crackle,0.7830000000000004,1,0.99608374,0.92916507,0.962624405,0.037375594999999984,1
sprsound2022::41186340_6.6_0_p2_3074__event_002,sprsound2022,sprsound2022::41186340,calibration,False,1,fine_crackle,1.176,1,0.98701674,0.2230211,0.60501892,0.39498108,1
sprsound2022::41186340_6.6_0_p2_3074__event_003,sprsound2022,sprsound2022::41186340,calibration,False,1,fine_crackle,1.205,1,0.99834263,0.9753914,0.9868670150000001,0.01313298499999993,1
sprsound2022::41186340_6.6_0_p2_3173__event_000,sprsound2022,sprsound2022::41186340,calibration,False,1,fine_crackle,1.164,1,0.9929178,0.9620887,0.97750325,0.022496749999999954,1
sprsound2022::41186340_6.6_0_p2_3173__event_001,sprsound2022,sprsound2022::41186340,calibration,False,1,fine_crackle,1.031,1,0.9174349,0.46237865,0.6899067750000001,0.3100932249999999,1
sprsound2022::41186340_6.6_0_p2_3173__event_002,sprsound2022,sprsound2022::41186340,calibration,False,1,fine_crackle,1.0429999999999993,1,0.9915176,0.9466221,0.96906985,0.03093014999999999,1
sprsound2022::41186340_6.6_0_p2_3173__event_003,sprsound2022,sprsound2022::41186340,calibration,False,1,fine_crackle,0.912,1,0.9980628,0.98946136,0.99376208,0.006237920000000008,1
sprsound2022::41186340_6.6_0_p2_3174__event_000,sprsound2022,sprsound2022::41186340,calibration,False,0,normal,0.7669999999999995,0,0.9965101,0.9896824,0.99309625,0.006903749999999986,1
sprsound2022::41186340_6.6_0_p3_2107__event_000,sprsound2022,sprsound2022::41186340,calibration,False,0,normal,1.1800000000000002,0,0.0152046485,0.17171845,0.09346154925,0.9065384507500001,0
sprsound2022::41186340_6.6_0_p3_2107__event_001,sprsound2022,sprsound2022::41186340,calibration,False,0,normal,1.1150000000000002,0,0.0028708011,0.02266459,0.01276769555,0.98723230445,0
sprsound2022::41186340_6.6_0_p3_2114__event_000,sprsound2022,sprsound2022::41186340,calibration,False,0,normal,1.187,0,0.92436165,0.59081405,0.75758785,0.24241215000000005,1
sprsound2022::41186340_6.6_0_p3_2114__event_001,sprsound2022,sprsound2022::41186340,calibration,False,1,fine_crackle,1.3330000000000002,1,0.9773631,0.92078274,0.9490729200000001,0.0509270799999999,1
sprsound2022::41186340_6.6_0_p3_2114__event_002,sprsound2022,sprsound2022::41186340,calibration,False,1,fine_crackle,1.1880000000000006,1,0.9809487,0.90695244,0.9439505699999999,0.05604943000000007,1
sprsound2022::41186340_6.6_0_p3_2114__event_003,sprsound2022,sprsound2022::41186340,calibration,False,0,normal,0.9020000000000006,0,0.061267015,0.030977981,0.046122498,0.953877502,0
sprsound2022::41186340_6.6_0_p3_2118__event_000,sprsound2022,sprsound2022::41186340,calibration,False,0,normal,0.9960000000000004,0,0.013225112,0.095014654,0.054119883,0.945880117,0
sprsound2022::41186340_6.6_0_p3_2118__event_001,sprsound2022,sprsound2022::41186340,calibration,False,0,normal,1.5339999999999998,0,0.008700734,0.008220529,0.0084606315,0.9915393685,0
sprsound2022::41186340_6.6_0_p3_2118__event_002,sprsound2022,sprsound2022::41186340,calibration,False,0,normal,0.4199999999999999,0,0.9642527,0.9607994,0.9625260499999999,0.03747395000000009,1
sprsound2022::41186340_6.6_0_p3_2193__event_000,sprsound2022,sprsound2022::41186340,calibration,False,0,normal,0.905,0,0.005939335,0.060037997,0.032988666,0.967011334,0
sprsound2022::41186340_6.6_0_p3_2193__event_001,sprsound2022,sprsound2022::41186340,calibration,False,0,normal,1.064,0,0.014019906,0.046153344,0.030086625,0.969913375,0
sprsound2022::41186340_6.6_0_p3_2193__event_002,sprsound2022,sprsound2022::41186340,calibration,False,0,normal,1.1439999999999997,0,0.014082272,0.05954069,0.036811481,0.963188519,0
sprsound2022::41186340_6.6_0_p3_2193__event_003,sprsound2022,sprsound2022::41186340,calibration,False,0,normal,0.3639999999999999,0,0.01033195,0.040306184,0.025319067,0.974680933,0
sprsound2022::41186340_6.6_0_p3_2208__event_000,sprsound2022,sprsound2022::41186340,calibration,False,0,normal,1.5669999999999995,0,0.0017936135,0.008902675,0.005348144250000001,0.99465185575,0
sprsound2022::41186340_6.6_0_p3_2208__event_001,sprsound2022,sprsound2022::41186340,calibration,False,0,normal,1.3320000000000007,0,0.016193511,0.009665651,0.012929581,0.987070419,0
sprsound2022::41186340_6.6_0_p3_2281__event_000,sprsound2022,sprsound2022::41186340,calibration,False,0,normal,1.495,0,0.0029103959,0.0050892886,0.00399984225,0.99600015775,0
sprsound2022::41186340_6.6_0_p3_2371__event_000,sprsound2022,sprsound2022::41186340,calibration,False,0,normal,1.4170000000000005,0,0.027117336,0.018205332,0.022661333999999998,0.977338666,0
sprsound2022::41186340_6.6_0_p3_2371__event_001,sprsound2022,sprsound2022::41186340,calibration,False,0,normal,1.2960000000000005,0,0.38978022,0.037951123,0.21386567150000002,0.7861343285,0
sprsound2022::41186340_6.6_0_p3_2371__event_002,sprsound2022,sprsound2022::41186340,calibration,False,0,normal,1.0919999999999996,0,0.09958145,0.110822365,0.1052019075,0.8947980925,0
sprsound2022::41186340_6.6_0_p3_2785__event_000,sprsound2022,sprsound2022::41186340,calibration,False,0,normal,1.481,0,0.0039823516,0.13665007,0.0703162108,0.9296837892,0
sprsound2022::41186340_6.6_0_p3_2785__event_001,sprsound2022,sprsound2022::41186340,calibration,False,0,normal,0.8340000000000005,0,0.08143313,0.18259202,0.132012575,0.867987425,0
sprsound2022::41186340_6.6_0_p3_2785__event_002,sprsound2022,sprsound2022::41186340,calibration,False,0,normal,1.843,0,0.023043307,0.31223798,0.16764064350000002,0.8323593565,0
sprsound2022::41186340_6.6_0_p3_2785__event_003,sprsound2022,sprsound2022::41186340,calibration,False,0,normal,2.47,0,0.016710462,0.032909542,0.024810001999999998,0.9751899980000001,0
sprsound2022::41186340_6.6_0_p3_2969__event_000,sprsound2022,sprsound2022::41186340,calibration,False,0,normal,1.406,0,0.0008357184,0.0073781223,0.0041069203499999995,0.99589307965,0
sprsound2022::41186340_6.6_0_p3_2969__event_001,sprsound2022,sprsound2022::41186340,calibration,False,0,normal,1.1429999999999998,0,0.06431804,0.04736867,0.055843355000000004,0.944156645,0
sprsound2022::41186340_6.6_0_p3_3038__event_000,sprsound2022,sprsound2022::41186340,calibration,False,0,normal,1.1840000000000002,0,0.009859952,0.16263434,0.086247146,0.913752854,0
sprsound2022::41186340_6.6_0_p3_3038__event_001,sprsound2022,sprsound2022::41186340,calibration,False,0,normal,1.1929999999999996,0,0.18360795,0.20905545,0.1963317,0.8036683,0
sprsound2022::41186340_6.6_0_p3_3038__event_002,sprsound2022,sprsound2022::41186340,calibration,False,0,normal,1.0680000000000005,0,0.021943234,0.23190466,0.126923947,0.873076053,0
sprsound2022::41186340_6.6_0_p3_3056__event_000,sprsound2022,sprsound2022::41186340,calibration,False,0,normal,1.032,0,0.00092071004,0.0043371553,0.00262893267,0.99737106733,0
sprsound2022::41186340_6.6_0_p3_3056__event_001,sprsound2022,sprsound2022::41186340,calibration,False,0,normal,1.4139999999999997,0,0.9503504,0.90606695,0.928208675,0.07179132499999996,1
sprsound2022::41186340_6.6_0_p3_3056__event_002,sprsound2022,sprsound2022::41186340,calibration,False,0,normal,1.247999999999999,0,0.037494566,0.15822607,0.097860318,0.902139682,0
sprsound2022::41186340_6.6_0_p3_3056__event_003,sprsound2022,sprsound2022::41186340,calibration,False,0,normal,1.435,0,0.014700028,0.022279486,0.018489757000000002,0.981510243,0
sprsound2022::41186340_6.6_0_p3_3056__event_004,sprsound2022,sprsound2022::41186340,calibration,False,0,normal,1.318,0,0.5982661,0.7848387,0.6915524,0.30844760000000004,1
sprsound2022::41186340_6.6_0_p3_3142__event_000,sprsound2022,sprsound2022::41186340,calibration,False,0,normal,1.2780000000000005,0,0.07360612,0.23334184,0.15347398,0.84652602,0
sprsound2022::41186340_6.6_0_p3_3188__event_000,sprsound2022,sprsound2022::41186340,calibration,False,0,normal,1.3390000000000002,0,0.00051373465,0.002650255,0.001581994825,0.998418005175,0
sprsound2022::41186340_6.6_0_p3_3188__event_001,sprsound2022,sprsound2022::41186340,calibration,False,0,normal,0.9650000000000007,0,0.016204469,0.017427376,0.0168159225,0.9831840775,0
sprsound2022::41186340_6.6_0_p3_3188__event_002,sprsound2022,sprsound2022::41186340,calibration,False,0,normal,1.1240000000000006,0,0.6077979,0.825084,0.71644095,0.28355905000000003,1
sprsound2022::41186340_6.6_0_p3_3199__event_000,sprsound2022,sprsound2022::41186340,calibration,False,0,normal,1.229,0,0.0014861447,0.009135149,0.0053106468500000005,0.99468935315,0
sprsound2022::41186340_6.6_0_p3_3199__event_001,sprsound2022,sprsound2022::41186340,calibration,False,0,normal,1.0210000000000004,0,0.0037085812,0.012181257,0.0079449191,0.9920550809,0
sprsound2022::41186340_6.6_0_p3_3199__event_002,sprsound2022,sprsound2022::41186340,calibration,False,0,normal,1.8150000000000004,0,0.014125974,0.01306228,0.013594127000000001,0.986405873,0
sprsound2022::41186340_6.6_0_p4_2104__event_000,sprsound2022,sprsound2022::41186340,calibration,False,0,normal,1.2130000000000003,0,0.010247737,0.053511135,0.031879436,0.968120564,0
sprsound2022::41186340_6.6_0_p4_2104__event_001,sprsound2022,sprsound2022::41186340,calibration,False,0,normal,1.201,0,0.003837721,0.020730298,0.0122840095,0.9877159905,0
sprsound2022::41186340_6.6_0_p4_2104__event_002,sprsound2022,sprsound2022::41186340,calibration,False,0,normal,1.1509999999999998,0,0.009543775,0.04891769,0.0292307325,0.9707692675,0
sprsound2022::41186340_6.6_0_p4_2104__event_003,sprsound2022,sprsound2022::41186340,calibration,False,0,normal,1.1370000000000005,0,0.0050169635,0.11429003,0.05965349675,0.94034650325,0
sprsound2022::41186340_6.6_0_p4_2115__event_000,sprsound2022,sprsound2022::41186340,calibration,False,0,normal,1.3070000000000002,0,0.0107526835,0.008442588,0.00959763575,0.99040236425,0
sprsound2022::41186340_6.6_0_p4_2115__event_001,sprsound2022,sprsound2022::41186340,calibration,False,0,normal,1.27,0,0.022230064,0.023318717,0.022774390499999998,0.9772256095,0
sprsound2022::41186340_6.6_0_p4_2115__event_002,sprsound2022,sprsound2022::41186340,calibration,False,0,normal,1.152,0,0.002930232,0.021660253,0.012295242500000001,0.9877047575,0
sprsound2022::41186340_6.6_0_p4_2115__event_003,sprsound2022,sprsound2022::41186340,calibration,False,0,normal,0.8310000000000013,0,0.007662205,0.019466877,0.013564541,0.986435459,0
sprsound2022::41186340_6.6_0_p4_2133__event_000,sprsound2022,sprsound2022::41186340,calibration,False,0,normal,1.6439999999999997,0,0.0013872068,0.0051057693,0.0032464880500000003,0.99675351195,0
sprsound2022::41186340_6.6_0_p4_2135__event_000,sprsound2022,sprsound2022::41186340,calibration,False,0,normal,1.5710000000000002,0,0.0009968333,0.004020843,0.0025088381499999996,0.99749116185,0
sprsound2022::41186340_6.6_0_p4_2135__event_001,sprsound2022,sprsound2022::41186340,calibration,False,0,normal,1.3040000000000005,0,0.0010277183,0.0039413637,0.002484541,0.997515459,0
sprsound2022::41186340_6.6_0_p4_2135__event_002,sprsound2022,sprsound2022::41186340,calibration,False,0,normal,1.7839999999999998,0,0.0013377991,0.004921817,0.00312980805,0.99687019195,0
sprsound2022::41186340_6.6_0_p4_2194__event_000,sprsound2022,sprsound2022::41186340,calibration,False,0,normal,1.355,0,0.0012209221,0.0059793973,0.0036001596999999997,0.9963998403,0
sprsound2022::41186340_6.6_0_p4_2194__event_001,sprsound2022,sprsound2022::41186340,calibration,False,0,normal,1.3999999999999997,0,0.0016874631,0.0045620785,0.0031247708,0.9968752292,0
sprsound2022::41186340_6.6_0_p4_2207__event_000,sprsound2022,sprsound2022::41186340,calibration,False,0,normal,1.2260000000000002,0,0.001873777,0.010528685,0.006201231,0.993798769,0
sprsound2022::41186340_6.6_0_p4_2207__event_001,sprsound2022,sprsound2022::41186340,calibration,False,0,normal,1.229,0,0.0024740726,0.004345015,0.0034095438,0.9965904562,0
sprsound2022::41186340_6.6_0_p4_2207__event_002,sprsound2022,sprsound2022::41186340,calibration,False,0,normal,1.1479999999999997,0,0.0024317675,0.027971782,0.01520177475,0.98479822525,0
sprsound2022::41186340_6.6_0_p4_2207__event_003,sprsound2022,sprsound2022::41186340,calibration,False,0,normal,0.5130000000000008,0,0.051760305,0.0826733,0.0672168025,0.9327831975,0
sprsound2022::41186340_6.6_0_p4_2236__event_000,sprsound2022,sprsound2022::41186340,calibration,False,0,normal,0.7080000000000002,0,0.5989858,0.8337264,0.7163561,0.28364389999999995,1
sprsound2022::41186340_6.6_0_p4_2236__event_001,sprsound2022,sprsound2022::41186340,calibration,False,0,normal,1.6989999999999998,0,0.018988846,0.006187959,0.0125884025,0.9874115975,0
sprsound2022::41186340_6.6_0_p4_2266__event_000,sprsound2022,sprsound2022::41186340,calibration,False,0,normal,1.3610000000000009,0,0.024420502,0.034165557,0.029293029499999998,0.9707069705,0
sprsound2022::41186340_6.6_0_p4_2341__event_000,sprsound2022,sprsound2022::41186340,calibration,False,0,normal,1.2380000000000002,0,0.0011045577,0.0037885052,0.00244653145,0.99755346855,0
sprsound2022::41186340_6.6_0_p4_2341__event_001,sprsound2022,sprsound2022::41186340,calibration,False,0,normal,1.1449999999999996,0,0.023104735,0.030324195,0.026714465,0.973285535,0
sprsound2022::41186340_6.6_0_p4_2341__event_002,sprsound2022,sprsound2022::41186340,calibration,False,0,normal,1.04,0,0.0015008292,0.0053990083,0.00344991875,0.99655008125,0
sprsound2022::41186340_6.6_0_p4_2713__event_000,sprsound2022,sprsound2022::41186340,calibration,False,0,normal,1.045,0,0.001875208,0.006391854,0.004133531,0.995866469,0
sprsound2022::41186340_6.6_0_p4_2713__event_001,sprsound2022,sprsound2022::41186340,calibration,False,0,normal,0.8280000000000003,0,0.83891845,0.9578962,0.898407325,0.10159267500000002,1
sprsound2022::41186340_6.6_0_p4_2713__event_002,sprsound2022,sprsound2022::41186340,calibration,False,0,normal,0.8029999999999999,0,0.0031392572,0.007289575,0.0052144161,0.9947855839,0
sprsound2022::41186340_6.6_0_p4_2713__event_003,sprsound2022,sprsound2022::41186340,calibration,False,0,normal,0.997,0,0.5587269,0.9229474,0.7408371499999999,0.25916285000000006,1
sprsound2022::41186340_6.6_0_p4_2713__event_004,sprsound2022,sprsound2022::41186340,calibration,False,0,normal,1.2060000000000004,0,0.9339004,0.98364556,0.95877298,0.04122702,1
sprsound2022::41186340_6.6_0_p4_2713__event_005,sprsound2022,sprsound2022::41186340,calibration,False,0,normal,1.093,0,0.27963978,0.24845575,0.264047765,0.7359522350000001,0
sprsound2022::41186340_6.6_0_p4_2749__event_000,sprsound2022,sprsound2022::41186340,calibration,False,0,normal,1.091,0,0.0015043677,0.011680514,0.00659244085,0.99340755915,0
sprsound2022::41186340_6.6_0_p4_2749__event_001,sprsound2022,sprsound2022::41186340,calibration,False,0,normal,1.094,0,0.086846836,0.08591269,0.086379763,0.913620237,0
sprsound2022::41186340_6.6_0_p4_2749__event_002,sprsound2022,sprsound2022::41186340,calibration,False,0,normal,1.114,0,0.004272941,0.014995288,0.0096341145,0.9903658855,0
sprsound2022::41186340_6.6_0_p4_2749__event_003,sprsound2022,sprsound2022::41186340,calibration,False,0,normal,1.1789999999999994,0,0.091985755,0.1822403,0.13711302749999998,0.8628869725,0
sprsound2022::41186340_6.6_0_p4_2749__event_004,sprsound2022,sprsound2022::41186340,calibration,False,0,normal,1.6109999999999998,0,0.013618619,0.015699994,0.0146593065,0.9853406935,0
sprsound2022::41186340_6.6_0_p4_2951__event_000,sprsound2022,sprsound2022::41186340,calibration,False,0,normal,1.138,0,0.0009904229,0.009845654,0.00541803845,0.99458196155,0
sprsound2022::41186340_6.6_0_p4_2951__event_001,sprsound2022,sprsound2022::41186340,calibration,False,0,normal,0.988,0,0.0063754884,0.009254337,0.0078149127,0.9921850873,0
sprsound2022::41186340_6.6_0_p4_2951__event_002,sprsound2022,sprsound2022::41186340,calibration,False,0,normal,1.2380000000000004,0,0.008924858,0.045543846,0.027234352,0.972765648,0
sprsound2022::41186340_6.6_0_p4_3021__event_000,sprsound2022,sprsound2022::41186340,calibration,False,0,normal,1.2990000000000002,0,0.0012319438,0.0043948162,0.00281338,0.99718662,0
sprsound2022::41186340_6.6_0_p4_3021__event_001,sprsound2022,sprsound2022::41186340,calibration,False,0,normal,1.2550000000000003,0,0.008042305,0.03144055,0.0197414275,0.9802585725,0
sprsound2022::41186340_6.6_0_p4_3021__event_002,sprsound2022,sprsound2022::41186340,calibration,False,0,normal,1.0730000000000004,0,0.002850346,0.012885589,0.0078679675,0.9921320325,0
sprsound2022::41186340_6.6_0_p4_3021__event_003,sprsound2022,sprsound2022::41186340,calibration,False,0,normal,1.21,0,0.0025375846,0.0064652576,0.0045014211,0.9954985789,0
sprsound2022::41186340_6.6_0_p4_3092__event_000,sprsound2022,sprsound2022::41186340,calibration,False,0,normal,0.8889999999999998,0,0.002866627,0.014485441,0.008676034,0.991323966,0
sprsound2022::41186340_6.6_0_p4_3092__event_001,sprsound2022,sprsound2022::41186340,calibration,False,0,normal,0.9989999999999996,0,0.0050276313,0.056715813,0.03087172215,0.96912827785,0
sprsound2022::41186340_6.6_0_p4_3092__event_002,sprsound2022,sprsound2022::41186340,calibration,False,0,normal,1.011,0,0.0018577221,0.008289725,0.00507372355,0.99492627645,0
sprsound2022::41186340_6.6_0_p4_3092__event_003,sprsound2022,sprsound2022::41186340,calibration,False,0,normal,0.927,0,0.81924206,0.7748922,0.7970671300000001,0.20293286999999993,1
sprsound2022::41186340_6.6_0_p4_3092__event_004,sprsound2022,sprsound2022::41186340,calibration,False,0,normal,1.363,0,0.7376411,0.7345281,0.7360846000000001,0.2639153999999999,1
sprsound2022::41186340_6.6_0_p4_3126__event_000,sprsound2022,sprsound2022::41186340,calibration,False,0,normal,1.129,0,0.007366168,0.0251329,0.016249534,0.983750466,0
sprsound2022::41186340_6.6_0_p4_3126__event_001,sprsound2022,sprsound2022::41186340,calibration,False,0,normal,1.2359999999999998,0,0.004998745,0.0049450505,0.00497189775,0.99502810225,0
sprsound2022::41186340_6.6_0_p4_3159__event_000,sprsound2022,sprsound2022::41186340,calibration,False,0,normal,1.58,0,0.31007883,0.06257769,0.18632826000000002,0.81367174,0
sprsound2022::41186340_6.6_0_p4_3198__event_000,sprsound2022,sprsound2022::41186340,calibration,False,0,normal,1.385,0,0.001871848,0.0043360805,0.0031039642499999997,0.99689603575,0
sprsound2022::41186340_6.6_0_p4_3198__event_001,sprsound2022,sprsound2022::41186340,calibration,False,0,normal,1.4480000000000004,0,0.24723347,0.059149586,0.153191528,0.846808472,0
sprsound2022::41190734_9.5_0_p1_1182__event_000,sprsound2022,sprsound2022::41190734,calibration,False,0,normal,2.2870000000000004,0,0.0013411689,0.0056600883,0.0035006286,0.9964993714,0
sprsound2022::41190734_9.5_0_p1_1182__event_001,sprsound2022,sprsound2022::41190734,calibration,False,0,normal,1.6110000000000009,0,0.0302965,0.024757452,0.027526976,0.972473024,0
sprsound2022::41190734_9.5_0_p1_1217__event_000,sprsound2022,sprsound2022::41190734,calibration,False,0,normal,2.16,0,0.013798123,0.079717234,0.0467576785,0.9532423215,0
sprsound2022::41190734_9.5_0_p1_1217__event_001,sprsound2022,sprsound2022::41190734,calibration,False,1,coarse_crackle,1.266,1,0.90309614,0.96191293,0.9325045350000001,0.06749546499999992,1
sprsound2022::41190734_9.5_0_p1_1217__event_002,sprsound2022,sprsound2022::41190734,calibration,False,0,normal,3.233,0,0.052455384,0.043004196,0.04772979,0.95227021,0
sprsound2022::41190734_9.5_0_p2_1206__event_000,sprsound2022,sprsound2022::41190734,calibration,False,0,normal,1.5950000000000006,0,0.11702035,0.09711703,0.10706869,0.89293131,0
sprsound2022::41190734_9.5_0_p2_1206__event_001,sprsound2022,sprsound2022::41190734,calibration,False,0,normal,2.938,0,0.0064985193,0.011327635,0.00891307715,0.99108692285,0
sprsound2022::41190734_9.5_0_p2_1229__event_000,sprsound2022,sprsound2022::41190734,calibration,False,0,normal,2.107,0,0.012214771,0.011030037,0.011622404,0.988377596,0
sprsound2022::41190734_9.5_0_p2_1229__event_001,sprsound2022,sprsound2022::41190734,calibration,False,0,normal,3.585,0,0.03778561,0.03717906,0.037482335,0.962517665,0
sprsound2022::41190734_9.5_0_p2_1229__event_002,sprsound2022,sprsound2022::41190734,calibration,False,0,normal,1.2489999999999997,0,0.73569065,0.6457426,0.6907166250000001,0.3092833749999999,1
sprsound2022::41190734_9.5_0_p2_1333__event_000,sprsound2022,sprsound2022::41190734,calibration,False,0,normal,1.869,0,0.8710664,0.20741141,0.539238905,0.46076109499999995,1
sprsound2022::41190734_9.5_0_p2_1333__event_001,sprsound2022,sprsound2022::41190734,calibration,False,0,normal,1.848,0,0.014000447,0.024878604,0.0194395255,0.9805604745000001,0
sprsound2022::41190734_9.5_0_p4_1170__event_000,sprsound2022,sprsound2022::41190734,calibration,False,0,normal,1.9210000000000005,0,0.00026993948,0.0038002136,0.00203507654,0.99796492346,0
sprsound2022::41190734_9.5_0_p4_1170__event_001,sprsound2022,sprsound2022::41190734,calibration,False,0,normal,1.913,0,0.032033604,0.020472914,0.026253259,0.973746741,0
sprsound2022::41190734_9.5_0_p4_1170__event_002,sprsound2022,sprsound2022::41190734,calibration,False,0,normal,1.5019999999999998,0,0.34576064,0.57045025,0.45810544500000006,0.5418945549999999,0
sprsound2022::41202647_2.2_0_p1_681__event_000,sprsound2022,sprsound2022::41202647,calibration,False,1,fine_crackle,1.468,1,0.02069982,0.011238942,0.015969381,0.984030619,0
sprsound2022::41202647_2.2_0_p3_683__event_000,sprsound2022,sprsound2022::41202647,calibration,False,0,normal,1.077,0,0.0008655958,0.0052660527,0.00306582425,0.99693417575,0
sprsound2022::41202647_2.2_0_p3_683__event_001,sprsound2022,sprsound2022::41202647,calibration,False,0,normal,0.6489999999999991,0,0.0023454041,0.007922329,0.00513386655,0.99486613345,0
sprsound2022::41202647_2.2_0_p3_683__event_002,sprsound2022,sprsound2022::41202647,calibration,False,0,normal,1.847,0,0.7316263,0.114281915,0.42295410749999995,0.5770458925,0
sprsound2022::41202647_2.2_0_p3_683__event_003,sprsound2022,sprsound2022::41202647,calibration,False,0,normal,3.082,0,0.018493226,0.0047041895,0.011598707750000001,0.98840129225,0
sprsound2022::41227367_6.7_1_p2_626__event_000,sprsound2022,sprsound2022::41227367,calibration,False,0,normal,3.238999999999999,0,0.0017627362,0.010059138,0.0059109371,0.9940890629,0
sprsound2022::41227367_6.7_1_p2_626__event_001,sprsound2022,sprsound2022::41227367,calibration,False,0,normal,3.653,0,0.0061248154,0.014310379,0.0102175972,0.9897824028,0
sprsound2022::41227367_6.7_1_p4_628__event_000,sprsound2022,sprsound2022::41227367,calibration,False,0,normal,0.7260000000000001,0,0.009743758,0.044853397,0.0272985775,0.9727014225,0
sprsound2022::41227367_6.7_1_p4_628__event_001,sprsound2022,sprsound2022::41227367,calibration,False,0,normal,1.481,0,0.0026049141,0.008701964,0.0056534390499999995,0.99434656095,0
sprsound2022::41227367_6.7_1_p4_628__event_002,sprsound2022,sprsound2022::41227367,calibration,False,0,normal,0.847999999999999,0,0.0012823194,0.006595693,0.0039390062,0.9960609938,0
sprsound2022::41227367_6.7_1_p4_628__event_003,sprsound2022,sprsound2022::41227367,calibration,False,0,normal,1.0679999999999996,0,0.6465857,0.60623705,0.626411375,0.373588625,1
sprsound2022::41227367_6.7_1_p4_628__event_004,sprsound2022,sprsound2022::41227367,calibration,False,0,normal,0.9340000000000002,0,0.26312995,0.3159506,0.289540275,0.710459725,0
sprsound2022::41227367_6.8_1_p1_2669__event_000,sprsound2022,sprsound2022::41227367,calibration,False,0,normal,1.4530000000000003,0,0.0007934679,0.004544979,0.00266922345,0.99733077655,0
sprsound2022::41227367_6.8_1_p1_2669__event_001,sprsound2022,sprsound2022::41227367,calibration,False,0,normal,1.4040000000000008,0,0.04006876,0.039633848,0.039851304000000004,0.960148696,0
sprsound2022::41227367_6.8_1_p1_2669__event_002,sprsound2022,sprsound2022::41227367,calibration,False,0,normal,1.2719999999999998,0,0.0005557143,0.0022197214,0.0013877178500000002,0.99861228215,0
sprsound2022::41227367_6.8_1_p1_2669__event_003,sprsound2022,sprsound2022::41227367,calibration,False,0,normal,1.0489999999999997,0,0.001174946,0.006648613,0.0039117795,0.9960882205,0
sprsound2022::41227367_6.8_1_p2_2656__event_000,sprsound2022,sprsound2022::41227367,calibration,False,0,normal,1.9380000000000008,0,0.00061867037,0.0041368036,0.002377736985,0.997622263015,0
sprsound2022::41227367_6.8_1_p2_2656__event_001,sprsound2022,sprsound2022::41227367,calibration,False,0,normal,0.745000000000001,0,0.025553036,0.018652119,0.0221025775,0.9778974225,0
sprsound2022::41227367_6.8_1_p2_2656__event_002,sprsound2022,sprsound2022::41227367,calibration,False,0,normal,1.33,0,0.4833321,0.5008162,0.49207415,0.50792585,0
sprsound2022::41227367_6.8_1_p2_2656__event_003,sprsound2022,sprsound2022::41227367,calibration,False,0,normal,1.581,0,0.111927405,0.29598188,0.20395464249999998,0.7960453575,0
sprsound2022::41227367_6.8_1_p3_2695__event_000,sprsound2022,sprsound2022::41227367,calibration,False,0,normal,0.4880000000000013,0,0.3352471,0.1732528,0.25424995,0.74575005,0
sprsound2022::41227367_6.8_1_p4_2682__event_000,sprsound2022,sprsound2022::41227367,calibration,False,0,normal,1.857,0,0.0016514818,0.014135168,0.0078933249,0.9921066751,0
sprsound2022::41227367_6.8_1_p4_2682__event_001,sprsound2022,sprsound2022::41227367,calibration,False,0,normal,0.6560000000000006,0,0.0033611085,0.0059557795,0.004658444,0.995341556,0
sprsound2022::41227367_6.9_1_p1_2563__event_000,sprsound2022,sprsound2022::41227367,calibration,False,0,normal,1.2719999999999994,0,0.000694561,0.0033465137,0.00202053735,0.99797946265,0
sprsound2022::41227367_6.9_1_p1_2563__event_001,sprsound2022,sprsound2022::41227367,calibration,False,0,normal,1.366999999999999,0,0.30933887,0.11777903,0.21355895,0.78644105,0
sprsound2022::41227367_6.9_1_p1_2563__event_002,sprsound2022,sprsound2022::41227367,calibration,False,0,normal,1.0829999999999984,0,0.015862757,0.04366919,0.0297659735,0.9702340265,0
sprsound2022::41227367_6.9_1_p1_2563__event_003,sprsound2022,sprsound2022::41227367,calibration,False,0,normal,1.0980000000000008,0,0.0023366597,0.0036370112,0.00298683545,0.99701316455,0
sprsound2022::41227367_6.9_1_p1_2563__event_004,sprsound2022,sprsound2022::41227367,calibration,False,0,normal,1.459,0,0.978878,0.880683,0.9297805,0.07021949999999999,1
sprsound2022::41227367_6.9_1_p1_2563__event_005,sprsound2022,sprsound2022::41227367,calibration,False,0,normal,1.5889999999999995,0,0.2298402,0.2160223,0.22293125,0.77706875,0
sprsound2022::41227367_6.9_1_p1_2563__event_006,sprsound2022,sprsound2022::41227367,calibration,False,0,normal,1.9000000000000004,0,0.06061784,0.018194828,0.039406334,0.960593666,0
sprsound2022::41227367_6.9_1_p1_2609__event_000,sprsound2022,sprsound2022::41227367,calibration,False,0,normal,0.9680000000000007,0,0.0008436892,0.004799449,0.0028215691,0.9971784309,0
sprsound2022::41227367_6.9_1_p1_2609__event_001,sprsound2022,sprsound2022::41227367,calibration,False,0,normal,0.8490000000000002,0,0.08004715,0.023727693,0.0518874215,0.9481125785,0
sprsound2022::41227367_6.9_1_p1_2609__event_002,sprsound2022,sprsound2022::41227367,calibration,False,0,normal,0.8290000000000006,0,0.97337747,0.84266067,0.9080190699999999,0.09198093000000007,1
sprsound2022::41227367_6.9_1_p1_2685__event_000,sprsound2022,sprsound2022::41227367,calibration,False,0,normal,1.3979999999999997,0,0.0007470676,0.0011376988,0.0009423832,0.9990576168,0
sprsound2022::41227367_6.9_1_p1_2685__event_001,sprsound2022,sprsound2022::41227367,calibration,False,0,normal,1.209999999999999,0,0.1518327,0.068957,0.11039484999999999,0.88960515,0
sprsound2022::41227367_6.9_1_p1_2685__event_002,sprsound2022,sprsound2022::41227367,calibration,False,0,normal,1.122999999999999,0,0.036532268,0.025457228,0.030994748,0.969005252,0
sprsound2022::41227367_6.9_1_p1_2685__event_003,sprsound2022,sprsound2022::41227367,calibration,False,0,normal,0.7249999999999996,0,0.97647595,0.12185998,0.549167965,0.450832035,1
sprsound2022::41227367_6.9_1_p1_2685__event_004,sprsound2022,sprsound2022::41227367,calibration,False,0,normal,3.015000000000001,0,0.6639262,0.33576137,0.49984378500000004,0.500156215,0
sprsound2022::41227367_6.9_1_p1_2710__event_000,sprsound2022,sprsound2022::41227367,calibration,False,0,normal,0.7739999999999999,0,0.005850582,0.020078544,0.012964563,0.987035437,0
sprsound2022::41227367_6.9_1_p1_2710__event_001,sprsound2022,sprsound2022::41227367,calibration,False,0,normal,0.6519999999999997,0,0.07331018,0.09136719,0.082338685,0.917661315,0
sprsound2022::41227367_6.9_1_p1_2710__event_002,sprsound2022,sprsound2022::41227367,calibration,False,0,normal,0.543000000000001,0,0.23039334,0.3483785,0.28938591999999996,0.71061408,0
sprsound2022::41227367_6.9_1_p1_2710__event_003,sprsound2022,sprsound2022::41227367,calibration,False,0,normal,0.6769999999999996,0,0.86529016,0.86859095,0.866940555,0.133059445,1
sprsound2022::41227367_6.9_1_p1_2710__event_004,sprsound2022,sprsound2022::41227367,calibration,False,0,normal,1.0679999999999996,0,0.2881643,0.35417578,0.32117004,0.6788299600000001,0
sprsound2022::41227367_6.9_1_p1_2710__event_005,sprsound2022,sprsound2022::41227367,calibration,False,0,normal,0.9829999999999988,0,0.9418916,0.87492996,0.9084107800000001,0.09158921999999992,1
sprsound2022::41227367_6.9_1_p1_2794__event_000,sprsound2022,sprsound2022::41227367,calibration,False,0,normal,1.1029999999999998,0,0.37292543,0.040276192,0.206600811,0.7933991890000001,0
sprsound2022::41227367_6.9_1_p1_2794__event_001,sprsound2022,sprsound2022::41227367,calibration,False,0,normal,1.2300000000000004,0,0.03904162,0.032141577,0.0355915985,0.9644084015,0
sprsound2022::41227367_6.9_1_p1_2794__event_002,sprsound2022,sprsound2022::41227367,calibration,False,0,normal,1.1529999999999987,0,0.06682071,0.023822073,0.0453213915,0.9546786085,0
sprsound2022::41227367_6.9_1_p1_2830__event_000,sprsound2022,sprsound2022::41227367,calibration,False,0,normal,1.645,0,0.0027381005,0.003993887,0.00336599375,0.99663400625,0
sprsound2022::41227367_6.9_1_p1_2830__event_001,sprsound2022,sprsound2022::41227367,calibration,False,0,normal,1.138,0,0.0026075605,0.007887013,0.00524728675,0.99475271325,0
sprsound2022::41227367_6.9_1_p1_2830__event_002,sprsound2022,sprsound2022::41227367,calibration,False,0,normal,1.0050000000000008,0,0.001089043,0.004032869,0.0025609559999999996,0.997439044,0
sprsound2022::41227367_6.9_1_p1_2830__event_003,sprsound2022,sprsound2022::41227367,calibration,False,0,normal,1.5489999999999997,0,0.0009566257,0.0028314875,0.0018940566,0.9981059434,0
sprsound2022::41227367_6.9_1_p1_2830__event_004,sprsound2022,sprsound2022::41227367,calibration,False,0,normal,1.34,0,0.62140083,0.18410926,0.40275504500000003,0.597244955,0
sprsound2022::41227367_6.9_1_p1_2830__event_005,sprsound2022,sprsound2022::41227367,calibration,False,0,normal,1.129999999999999,0,0.5788831,0.92582035,0.752351725,0.24764827499999997,1
sprsound2022::41227367_6.9_1_p1_2830__event_006,sprsound2022,sprsound2022::41227367,calibration,False,0,normal,0.5409999999999986,0,0.27820963,0.09858188,0.188395755,0.8116042450000001,0
sprsound2022::41227367_6.9_1_p1_2830__event_007,sprsound2022,sprsound2022::41227367,calibration,False,0,normal,1.542,0,0.34789467,0.17027518,0.259084925,0.740915075,0
sprsound2022::41227367_6.9_1_p2_2575__event_000,sprsound2022,sprsound2022::41227367,calibration,False,0,normal,1.501,0,0.0010496462,0.0054946607,0.00327215345,0.99672784655,0
sprsound2022::41227367_6.9_1_p2_2575__event_001,sprsound2022,sprsound2022::41227367,calibration,False,0,normal,2.0540000000000003,0,0.0015296685,0.008683807,0.00510673775,0.99489326225,0
sprsound2022::41227367_6.9_1_p2_2575__event_002,sprsound2022,sprsound2022::41227367,calibration,False,0,normal,1.4800000000000004,0,0.00033709258,0.0038817837,0.00210943814,0.99789056186,0
sprsound2022::41227367_6.9_1_p2_2575__event_003,sprsound2022,sprsound2022::41227367,calibration,False,0,normal,0.8940000000000001,0,0.011192994,0.035218332,0.023205662999999998,0.976794337,0
sprsound2022::41227367_6.9_1_p2_2575__event_004,sprsound2022,sprsound2022::41227367,calibration,False,0,normal,0.6530000000000005,0,0.004925801,0.007260928,0.0060933645,0.9939066355,0
sprsound2022::41227367_6.9_1_p2_2659__event_000,sprsound2022,sprsound2022::41227367,calibration,False,0,normal,5.702,0,0.0042861244,0.0042362637,0.00426119405,0.99573880595,0
sprsound2022::41227367_6.9_1_p2_2818__event_000,sprsound2022,sprsound2022::41227367,calibration,False,0,normal,1.219,0,0.0124554355,0.013706008,0.01308072175,0.98691927825,0
sprsound2022::41227367_6.9_1_p2_2818__event_001,sprsound2022,sprsound2022::41227367,calibration,False,0,normal,0.6600000000000001,0,0.010742564,0.023437085,0.0170898245,0.9829101755,0
sprsound2022::41227367_6.9_1_p3_2586__event_000,sprsound2022,sprsound2022::41227367,calibration,False,0,normal,0.8980000000000015,0,0.0016049279,0.0067604207,0.0041826743000000005,0.9958173257,0
sprsound2022::41227367_6.9_1_p3_2586__event_001,sprsound2022,sprsound2022::41227367,calibration,False,0,normal,0.8409999999999993,0,0.0026069519,0.02103015,0.011818550950000001,0.98818144905,0
sprsound2022::41227367_6.9_1_p3_2586__event_002,sprsound2022,sprsound2022::41227367,calibration,False,0,normal,1.015,0,0.0016905183,0.007798358,0.00474443815,0.99525556185,0
sprsound2022::41227367_6.9_1_p3_2586__event_003,sprsound2022,sprsound2022::41227367,calibration,False,0,normal,0.985,0,0.93808275,0.90814745,0.9231151,0.07688490000000003,1
sprsound2022::41227367_6.9_1_p3_2586__event_004,sprsound2022,sprsound2022::41227367,calibration,False,0,normal,1.0519999999999998,0,0.9118611,0.6935498,0.8027054499999999,0.19729455000000007,1
sprsound2022::41227367_6.9_1_p3_2586__event_005,sprsound2022,sprsound2022::41227367,calibration,False,0,normal,1.0,0,0.7233522,0.9164561,0.8199041499999999,0.18009585000000006,1
sprsound2022::41227367_6.9_1_p3_2672__event_000,sprsound2022,sprsound2022::41227367,calibration,False,0,normal,1.157,0,0.0016835253,0.012349697,0.00701661115,0.99298338885,0
sprsound2022::41227367_6.9_1_p3_2672__event_001,sprsound2022,sprsound2022::41227367,calibration,False,0,normal,1.266,0,0.0065141963,0.008494729,0.00750446265,0.99249553735,0
sprsound2022::41227367_6.9_1_p3_2672__event_002,sprsound2022,sprsound2022::41227367,calibration,False,0,normal,1.2620000000000005,0,0.018175602,0.079505146,0.048840374,0.951159626,0
sprsound2022::41227367_6.9_1_p3_2672__event_003,sprsound2022,sprsound2022::41227367,calibration,False,0,normal,1.2630000000000008,0,0.036273457,0.012454069,0.024363763,0.975636237,0
sprsound2022::41227367_6.9_1_p3_2672__event_004,sprsound2022,sprsound2022::41227367,calibration,False,0,normal,1.274000000000001,0,0.008961132,0.010383383,0.0096722575,0.9903277425,0
sprsound2022::41227367_6.9_1_p3_2672__event_005,sprsound2022,sprsound2022::41227367,calibration,False,0,normal,1.0830000000000002,0,0.0022410399,0.0040512425,0.0031461412,0.9968538588,0
sprsound2022::41227367_6.9_1_p3_2746__event_000,sprsound2022,sprsound2022::41227367,calibration,False,0,normal,1.349,0,0.15901864,0.03192555,0.09547209499999999,0.904527905,0
sprsound2022::41227367_6.9_1_p3_2746__event_001,sprsound2022,sprsound2022::41227367,calibration,False,0,normal,1.219,0,0.0044657635,0.0070732194,0.00576949145,0.99423050855,0
sprsound2022::41227367_6.9_1_p3_2746__event_002,sprsound2022,sprsound2022::41227367,calibration,False,0,normal,1.393000000000001,0,0.0010832518,0.0032180056,0.0021506287,0.9978493713,0
sprsound2022::41227367_6.9_1_p3_2746__event_003,sprsound2022,sprsound2022::41227367,calibration,False,0,normal,0.9770000000000004,0,0.047294986,0.031290345,0.0392926655,0.9607073345,0
sprsound2022::41227367_6.9_1_p3_2746__event_004,sprsound2022,sprsound2022::41227367,calibration,False,0,normal,1.303,0,0.01471554,0.011699316,0.013207428,0.986792572,0
sprsound2022::41227367_6.9_1_p3_2770__event_000,sprsound2022,sprsound2022::41227367,calibration,False,0,normal,0.8959999999999999,0,0.013336738,0.071002774,0.042169756,0.9578302439999999,0
sprsound2022::41227367_6.9_1_p3_2842__event_000,sprsound2022,sprsound2022::41227367,calibration,False,0,normal,1.3590000000000002,0,0.0015522637,0.0031857332,0.00236899845,0.99763100155,0
sprsound2022::41227367_6.9_1_p3_2842__event_001,sprsound2022,sprsound2022::41227367,calibration,False,0,normal,0.5839999999999996,0,0.051520787,0.04687241,0.0491965985,0.9508034015,0
sprsound2022::41227367_6.9_1_p4_2597__event_000,sprsound2022,sprsound2022::41227367,calibration,False,0,normal,1.524,0,0.0011799538,0.004470477,0.0028252154,0.9971747846,0
sprsound2022::41227367_6.9_1_p4_2597__event_001,sprsound2022,sprsound2022::41227367,calibration,False,0,normal,1.408,0,0.001086468,0.0069068796,0.0039966737999999995,0.9960033262,0
sprsound2022::41227367_6.9_1_p4_2597__event_002,sprsound2022,sprsound2022::41227367,calibration,False,0,normal,1.221,0,0.007830339,0.008245139,0.008037739,0.991962261,0
sprsound2022::41227367_6.9_1_p4_2597__event_003,sprsound2022,sprsound2022::41227367,calibration,False,0,normal,1.1130000000000004,0,0.00088721554,0.009535505,0.00521136027,0.99478863973,0
sprsound2022::41227367_6.9_1_p4_2597__event_004,sprsound2022,sprsound2022::41227367,calibration,False,0,normal,1.5060000000000002,0,0.0020741583,0.0076807286,0.0048774434499999995,0.99512255655,0
sprsound2022::41227367_6.9_1_p4_2597__event_005,sprsound2022,sprsound2022::41227367,calibration,False,0,normal,1.492,0,0.9329955,0.68779254,0.8103940199999999,0.18960598000000006,1
sprsound2022::41227367_6.9_1_p4_2620__event_000,sprsound2022,sprsound2022::41227367,calibration,False,0,normal,1.2090000000000003,0,0.0025411341,0.012995832,0.00776848305,0.99223151695,0
sprsound2022::41227367_6.9_1_p4_2620__event_001,sprsound2022,sprsound2022::41227367,calibration,False,0,normal,1.012,0,0.62221473,0.22696687,0.42459080000000005,0.5754092,0
sprsound2022::41227367_6.9_1_p4_2620__event_002,sprsound2022,sprsound2022::41227367,calibration,False,0,normal,1.0009999999999994,0,0.006979132,0.029176408,0.01807777,0.98192223,0
sprsound2022::41227367_6.9_1_p4_2620__event_003,sprsound2022,sprsound2022::41227367,calibration,False,0,normal,0.8900000000000006,0,0.4593771,0.31987035,0.389623725,0.610376275,0
sprsound2022::41227367_6.9_1_p4_2620__event_004,sprsound2022,sprsound2022::41227367,calibration,False,0,normal,1.268000000000001,0,0.006029969,0.01005121,0.0080405895,0.9919594105,0
sprsound2022::41227367_6.9_1_p4_2620__event_005,sprsound2022,sprsound2022::41227367,calibration,False,0,normal,0.9349999999999988,0,0.9497772,0.95572066,0.95274893,0.04725106999999995,1
sprsound2022::41227367_6.9_1_p4_2698__event_000,sprsound2022,sprsound2022::41227367,calibration,False,0,normal,1.5149999999999997,0,0.0987495,0.025272302,0.062010901,0.937989099,0
sprsound2022::41227367_6.9_1_p4_2698__event_001,sprsound2022,sprsound2022::41227367,calibration,False,0,normal,2.0389999999999997,0,0.00186783,0.0027235057,0.00229566785,0.99770433215,0
sprsound2022::41227367_6.9_1_p4_2698__event_002,sprsound2022,sprsound2022::41227367,calibration,False,0,normal,2.1439999999999992,0,0.33447528,0.51047933,0.422477305,0.577522695,0
sprsound2022::41227367_6.9_1_p4_2758__event_000,sprsound2022,sprsound2022::41227367,calibration,False,0,normal,1.02,0,0.0194468,0.047135543,0.0332911715,0.9667088285,0
sprsound2022::41227367_6.9_1_p4_2758__event_001,sprsound2022,sprsound2022::41227367,calibration,False,0,normal,1.252000000000001,0,0.0069638644,0.010076385,0.0085201247,0.9914798753,0
sprsound2022::41227367_6.9_1_p4_2758__event_002,sprsound2022,sprsound2022::41227367,calibration,False,0,normal,1.123000000000001,0,0.023545243,0.0077126273,0.015628935150000002,0.98437106485,0
sprsound2022::41227367_6.9_1_p4_2758__event_003,sprsound2022,sprsound2022::41227367,calibration,False,0,normal,3.186,0,0.043723516,0.025514588,0.034619052,0.965380948,0
sprsound2022::41227367_6.9_1_p4_2758__event_004,sprsound2022,sprsound2022::41227367,calibration,False,0,normal,1.851,0,0.019162796,0.016721897,0.017942346499999998,0.9820576535,0
sprsound2022::41261802_10.5_0_p1_221__event_000,sprsound2022,sprsound2022::41261802,calibration,False,1,wheeze,0.7380000000000004,1,0.99899,0.9964091,0.9976995500000001,0.0023004499999998984,1
sprsound2022::41261802_10.5_0_p1_221__event_001,sprsound2022,sprsound2022::41261802,calibration,False,1,wheeze,1.6740000000000004,1,0.9674085,0.9088033,0.9381059,0.06189409999999995,1
sprsound2022::41261802_10.5_0_p1_225__event_000,sprsound2022,sprsound2022::41261802,calibration,False,0,normal,2.417,0,0.012781305,0.008550526,0.0106659155,0.9893340845,0
sprsound2022::41261802_10.5_0_p1_225__event_001,sprsound2022,sprsound2022::41261802,calibration,False,0,normal,2.21,0,0.010117114,0.027525343,0.018821228500000002,0.9811787715,0
sprsound2022::41261802_10.5_0_p1_225__event_002,sprsound2022,sprsound2022::41261802,calibration,False,0,normal,3.689000000000001,0,0.022339217,0.018748833,0.020544025,0.979455975,0
sprsound2022::41261802_10.5_0_p2_222__event_000,sprsound2022,sprsound2022::41261802,calibration,False,1,wheeze,1.35,1,0.99831104,0.9935783,0.9959446700000001,0.004055329999999913,1
sprsound2022::41261802_10.5_0_p2_222__event_001,sprsound2022,sprsound2022::41261802,calibration,False,1,wheeze,1.8199999999999992,1,0.9809091,0.91354436,0.94722673,0.05277326999999998,1
sprsound2022::41261802_10.5_0_p2_226__event_000,sprsound2022,sprsound2022::41261802,calibration,False,0,normal,2.319000000000001,0,0.07067915,0.012040971,0.0413600605,0.9586399395,0
sprsound2022::41261802_10.5_0_p2_226__event_001,sprsound2022,sprsound2022::41261802,calibration,False,0,normal,2.308,0,0.861798,0.15168709,0.5067425449999999,0.49325745500000007,1
sprsound2022::41261802_10.5_0_p2_226__event_002,sprsound2022,sprsound2022::41261802,calibration,False,0,normal,3.0249999999999995,0,0.04810508,0.029768862,0.038936971,0.961063029,0
sprsound2022::41261802_10.5_0_p2_226__event_003,sprsound2022,sprsound2022::41261802,calibration,False,0,normal,2.912000000000001,0,0.8649153,0.7816708,0.82329305,0.17670695000000003,1
sprsound2022::41261802_10.5_0_p3_227__event_000,sprsound2022,sprsound2022::41261802,calibration,False,0,normal,1.3980000000000006,0,0.008911223,0.0077189244,0.0083150737,0.9916849263,0
sprsound2022::41261802_10.5_0_p3_227__event_001,sprsound2022,sprsound2022::41261802,calibration,False,0,normal,1.258000000000001,0,0.003724353,0.003821963,0.003773158,0.996226842,0
sprsound2022::41261802_10.5_0_p3_227__event_002,sprsound2022,sprsound2022::41261802,calibration,False,0,normal,1.4299999999999995,0,0.003565418,0.006776982,0.0051712,0.9948288,0
sprsound2022::41261802_10.5_0_p3_227__event_003,sprsound2022,sprsound2022::41261802,calibration,False,0,normal,1.601,0,0.7789579,0.3360624,0.5575101499999999,0.4424898500000001,1
sprsound2022::41262295_4.1_0_p1_1017__event_000,sprsound2022,sprsound2022::41262295,calibration,False,0,normal,1.6339999999999986,0,0.81773925,0.8115414,0.814640325,0.18535967499999995,1
sprsound2022::41262295_4.1_0_p1_1017__event_001,sprsound2022,sprsound2022::41262295,calibration,False,0,normal,0.8879999999999999,0,0.015912402,0.047424257,0.031668329499999995,0.9683316705,0
sprsound2022::41262295_4.1_0_p1_1017__event_002,sprsound2022,sprsound2022::41262295,calibration,False,0,normal,2.274000000000001,0,0.0073407874,0.0065426645,0.00694172595,0.99305827405,0
sprsound2022::41262295_4.1_0_p1_1017__event_003,sprsound2022,sprsound2022::41262295,calibration,False,0,normal,2.1579999999999995,0,0.063293956,0.098624684,0.08095932,0.9190406799999999,0
sprsound2022::41262295_4.1_0_p2_1018__event_000,sprsound2022,sprsound2022::41262295,calibration,False,0,normal,1.572,0,0.06403029,0.046627782,0.055329036,0.944670964,0
sprsound2022::41262295_4.1_0_p2_1018__event_001,sprsound2022,sprsound2022::41262295,calibration,False,0,normal,1.822,0,0.9293913,0.85783815,0.8936147249999999,0.10638527500000006,1
sprsound2022::41262295_4.1_0_p2_1018__event_002,sprsound2022,sprsound2022::41262295,calibration,False,0,normal,1.561,0,0.035559837,0.016607983,0.02608391,0.97391609,0
sprsound2022::41262295_4.1_0_p2_1018__event_003,sprsound2022,sprsound2022::41262295,calibration,False,0,normal,1.5809999999999995,0,0.3654118,0.14357547,0.254493635,0.745506365,0
sprsound2022::41262295_4.1_0_p2_1018__event_004,sprsound2022,sprsound2022::41262295,calibration,False,0,normal,2.173,0,0.001756988,0.005690664,0.003723826,0.996276174,0
sprsound2022::41262295_4.1_0_p3_1019__event_000,sprsound2022,sprsound2022::41262295,calibration,False,0,normal,1.99,0,0.00044154807,0.002706367,0.001573957535,0.998426042465,0
sprsound2022::41262295_4.1_0_p3_1019__event_001,sprsound2022,sprsound2022::41262295,calibration,False,0,normal,1.5010000000000003,0,0.012978862,0.012197822,0.012588342,0.987411658,0
sprsound2022::41262295_4.1_0_p3_1019__event_002,sprsound2022,sprsound2022::41262295,calibration,False,0,normal,1.3629999999999995,0,0.35689354,0.6426854,0.49978946999999996,0.50021053,0
sprsound2022::41262295_4.1_0_p3_1019__event_003,sprsound2022,sprsound2022::41262295,calibration,False,0,normal,0.5579999999999998,0,0.0068808184,0.026392696,0.0166367572,0.9833632428,0
sprsound2022::41262295_4.1_0_p4_1020__event_000,sprsound2022,sprsound2022::41262295,calibration,False,0,normal,1.7409999999999997,0,0.00039806886,0.0031710847,0.00178457678,0.99821542322,0
sprsound2022::41262295_4.1_0_p4_1020__event_001,sprsound2022,sprsound2022::41262295,calibration,False,0,normal,1.7339999999999995,0,0.0005317009,0.0046780533,0.0026048771000000003,0.9973951229,0
sprsound2022::41262295_4.1_0_p4_1020__event_002,sprsound2022,sprsound2022::41262295,calibration,False,0,normal,1.535,0,0.0015261954,0.0047423365,0.0031342659500000003,0.99686573405,0
sprsound2022::41262295_4.1_0_p4_1020__event_003,sprsound2022,sprsound2022::41262295,calibration,False,0,normal,1.831999999999999,0,0.00038660612,0.002377038,0.0013818220600000002,0.99861817794,0
sprsound2022::41262295_4.1_0_p4_1020__event_004,sprsound2022,sprsound2022::41262295,calibration,False,0,normal,1.5140000000000011,0,0.0020702123,0.011062657,0.00656643465,0.99343356535,0
sprsound2022::41262295_4.1_0_p4_1020__event_005,sprsound2022,sprsound2022::41262295,calibration,False,0,normal,1.423,0,0.0011649567,0.0068749487,0.0040199527,0.9959800473,0
sprsound2022::41262295_4.1_0_p4_1020__event_006,sprsound2022,sprsound2022::41262295,calibration,False,0,normal,1.354000000000001,0,0.00090108655,0.0076343915,0.004267739025,0.995732260975,0
sprsound2022::41262295_4.1_0_p4_1020__event_007,sprsound2022,sprsound2022::41262295,calibration,False,0,normal,1.1399999999999988,0,0.0006842959,0.0051161167,0.0029002063000000003,0.9970997937,0
sprsound2022::41263406_5.2_1_p1_1113__event_000,sprsound2022,sprsound2022::41263406,calibration,False,0,normal,1.4960000000000004,0,0.004342774,0.011729469,0.0080361215,0.9919638785,0
sprsound2022::41263406_5.2_1_p1_1113__event_001,sprsound2022,sprsound2022::41263406,calibration,False,0,normal,1.6310000000000002,0,0.0006161977,0.0027082555,0.0016622266,0.9983377734,0
sprsound2022::41263406_5.2_1_p1_1113__event_002,sprsound2022,sprsound2022::41263406,calibration,False,0,normal,1.2559999999999985,0,0.0009530849,0.004168906,0.00256099545,0.99743900455,0
sprsound2022::41263406_5.2_1_p1_1113__event_003,sprsound2022,sprsound2022::41263406,calibration,False,0,normal,1.503,0,0.0061914413,0.0075710802,0.00688126075,0.99311873925,0
sprsound2022::41263406_5.2_1_p1_1113__event_004,sprsound2022,sprsound2022::41263406,calibration,False,0,normal,1.447,0,0.001391645,0.005084023,0.003237834,0.996762166,0
sprsound2022::41263406_5.2_1_p1_1113__event_005,sprsound2022,sprsound2022::41263406,calibration,False,0,normal,1.2409999999999997,0,0.0025099588,0.0074392688,0.0049746137999999995,0.9950253862,0
sprsound2022::41263406_5.2_1_p1_1113__event_006,sprsound2022,sprsound2022::41263406,calibration,False,0,normal,0.5100000000000007,0,0.02610446,0.024540253,0.0253223565,0.9746776435,0
sprsound2022::41263406_5.2_1_p2_1114__event_000,sprsound2022,sprsound2022::41263406,calibration,False,0,normal,1.254,0,0.021041464,0.010419372,0.015730418,0.984269582,0
sprsound2022::41263406_5.2_1_p2_1114__event_001,sprsound2022,sprsound2022::41263406,calibration,False,0,normal,1.2270000000000003,0,0.030284623,0.022176389,0.026230506,0.973769494,0
sprsound2022::41263406_5.2_1_p2_1114__event_002,sprsound2022,sprsound2022::41263406,calibration,False,0,normal,1.3230000000000004,0,0.3891962,0.11318863,0.251192415,0.748807585,0
sprsound2022::41263406_5.2_1_p2_1114__event_003,sprsound2022,sprsound2022::41263406,calibration,False,0,normal,1.1920000000000002,0,0.022827057,0.023129662,0.0229783595,0.9770216405,0
sprsound2022::41263406_5.2_1_p2_1114__event_004,sprsound2022,sprsound2022::41263406,calibration,False,0,normal,1.059000000000001,0,0.0640053,0.35432205,0.209163675,0.790836325,0
sprsound2022::41263406_5.2_1_p2_1118__event_000,sprsound2022,sprsound2022::41263406,calibration,False,0,normal,0.8210000000000001,0,0.04478234,0.12664436,0.08571335000000001,0.91428665,0
sprsound2022::41263406_5.2_1_p2_1118__event_001,sprsound2022,sprsound2022::41263406,calibration,False,0,normal,0.918,0,0.37643895,0.20864692,0.292542935,0.707457065,0
sprsound2022::41263406_5.2_1_p2_1118__event_002,sprsound2022,sprsound2022::41263406,calibration,False,0,normal,0.859,0,0.036679633,0.085907705,0.061293669,0.938706331,0
sprsound2022::41263406_5.2_1_p2_1118__event_003,sprsound2022,sprsound2022::41263406,calibration,False,0,normal,0.6810000000000009,0,0.40468457,0.67667514,0.540679855,0.45932014499999996,1
sprsound2022::41263406_5.2_1_p2_1118__event_004,sprsound2022,sprsound2022::41263406,calibration,False,0,normal,0.6000000000000014,0,0.38092956,0.5079479,0.44443873,0.55556127,0
sprsound2022::41263406_5.2_1_p2_1118__event_005,sprsound2022,sprsound2022::41263406,calibration,False,0,normal,0.8200000000000003,0,0.051179454,0.021437235,0.0363083445,0.9636916555,0
sprsound2022::41263406_5.2_1_p4_1116__event_000,sprsound2022,sprsound2022::41263406,calibration,False,0,normal,1.466,0,0.014370929,0.0121227335,0.01324683125,0.98675316875,0
sprsound2022::41263406_5.2_1_p4_1116__event_001,sprsound2022,sprsound2022::41263406,calibration,False,0,normal,1.303,0,0.0008069929,0.0029652074,0.0018861001499999998,0.99811389985,0
sprsound2022::41263406_5.2_1_p4_1116__event_002,sprsound2022,sprsound2022::41263406,calibration,False,0,normal,1.6100000000000003,0,0.00043338377,0.005784378,0.003108880885,0.996891119115,0
sprsound2022::41263406_5.2_1_p4_1116__event_003,sprsound2022,sprsound2022::41263406,calibration,False,0,normal,1.6180000000000003,0,0.00043051277,0.0031718628,0.001801187785,0.998198812215,0
sprsound2022::41263406_5.2_1_p4_1116__event_004,sprsound2022,sprsound2022::41263406,calibration,False,0,normal,1.5670000000000002,0,0.4588521,0.12071589,0.289783995,0.7102160049999999,0
sprsound2022::41263406_5.2_1_p4_1116__event_005,sprsound2022,sprsound2022::41263406,calibration,False,0,normal,1.5410000000000004,0,0.24763907,0.080875754,0.164257412,0.835742588,0
sprsound2022::41263406_5.2_1_p4_1116__event_006,sprsound2022,sprsound2022::41263406,calibration,False,0,normal,1.402000000000001,0,0.60086715,0.05943558,0.33015136500000003,0.6698486349999999,0
sprsound2022::41263406_5.2_1_p4_1116__event_007,sprsound2022,sprsound2022::41263406,calibration,False,0,normal,1.1769999999999996,0,0.015244605,0.016715258,0.0159799315,0.9840200685,0
sprsound2022::41263406_5.2_1_p4_1120__event_000,sprsound2022,sprsound2022::41263406,calibration,False,0,normal,1.25,0,0.44881508,0.03510807,0.24196157499999998,0.7580384250000001,0
sprsound2022::41263406_5.2_1_p4_1120__event_001,sprsound2022,sprsound2022::41263406,calibration,False,0,normal,0.9370000000000004,0,0.024201812,0.022529915,0.0233658635,0.9766341365,0
sprsound2022::41263406_5.2_1_p4_1120__event_002,sprsound2022,sprsound2022::41263406,calibration,False,0,normal,1.245,0,0.045371555,0.030934265,0.03815291,0.96184709,0
sprsound2022::41263406_5.2_1_p4_1120__event_003,sprsound2022,sprsound2022::41263406,calibration,False,0,normal,1.3339999999999996,0,0.001571268,0.005889723,0.0037304955,0.9962695045,0
sprsound2022::41263406_5.2_1_p4_1120__event_004,sprsound2022,sprsound2022::41263406,calibration,False,0,normal,1.279,0,0.0021092,0.0055341204,0.0038216602000000002,0.9961783398,0
sprsound2022::41263406_5.2_1_p4_1120__event_005,sprsound2022,sprsound2022::41263406,calibration,False,0,normal,2.2379999999999995,0,0.007837165,0.0060453243,0.00694124465,0.99305875535,0
sprsound2022::41263490_8.0_1_p4_896__event_000,sprsound2022,sprsound2022::41263490,calibration,False,0,normal,1.4420000000000002,0,0.0014790116,0.011165568,0.0063222898,0.9936777102,0
sprsound2022::41263490_8.0_1_p4_896__event_001,sprsound2022,sprsound2022::41263490,calibration,False,0,normal,2.5040000000000013,0,0.003720864,0.024262944,0.013991904000000001,0.986008096,0
sprsound2022::41263490_8.0_1_p4_896__event_002,sprsound2022,sprsound2022::41263490,calibration,False,0,normal,2.1169999999999995,0,0.0062425435,0.06838452,0.037313531750000004,0.96268646825,0
sprsound2022::41267028_0.2_0_p1_2439__event_000,sprsound2022,sprsound2022::41267028,calibration,False,1,stridor,0.7700000000000005,1,0.99818146,0.9987889,0.99848518,0.0015148200000000278,1
sprsound2022::41267028_0.2_0_p1_2439__event_001,sprsound2022,sprsound2022::41267028,calibration,False,1,stridor,1.0359999999999996,1,0.99842876,0.99433327,0.9963810150000001,0.003618984999999908,1
sprsound2022::41267028_0.2_0_p1_2439__event_002,sprsound2022,sprsound2022::41267028,calibration,False,1,stridor,0.9190000000000004,1,0.99929285,0.99599755,0.9976452,0.0023547999999999902,1
sprsound2022::41267028_0.2_0_p1_2439__event_003,sprsound2022,sprsound2022::41267028,calibration,False,1,stridor,0.9329999999999998,1,0.9988268,0.9880448,0.9934358,0.00656420000000002,1
sprsound2022::41267028_0.2_0_p1_2439__event_004,sprsound2022,sprsound2022::41267028,calibration,False,1,stridor,0.8849999999999998,1,0.99932206,0.98909086,0.99420646,0.005793539999999986,1
sprsound2022::41267028_0.2_0_p1_2439__event_005,sprsound2022,sprsound2022::41267028,calibration,False,1,stridor,0.613999999999999,1,0.99337524,0.9965719,0.99497357,0.005026430000000026,1
sprsound2022::41267028_0.2_0_p1_2439__event_006,sprsound2022,sprsound2022::41267028,calibration,False,1,stridor,0.904,1,0.5674437,0.78241235,0.674928025,0.32507197499999996,1
sprsound2022::41267028_0.2_0_p2_2452__event_000,sprsound2022,sprsound2022::41267028,calibration,False,1,stridor,1.173,1,0.99847525,0.9978035,0.998139375,0.0018606249999999491,1
sprsound2022::41267028_0.2_0_p2_2452__event_001,sprsound2022,sprsound2022::41267028,calibration,False,1,stridor,1.177,1,0.99829227,0.99428,0.9962861350000001,0.0037138649999999274,1
sprsound2022::41267028_0.2_0_p2_2452__event_002,sprsound2022,sprsound2022::41267028,calibration,False,1,stridor,1.1759999999999993,1,0.99676126,0.9974062,0.99708373,0.002916270000000054,1
sprsound2022::41267028_0.2_0_p3_2476__event_000,sprsound2022,sprsound2022::41267028,calibration,False,1,stridor,1.1870000000000005,1,0.99196845,0.9927152,0.992341825,0.007658174999999989,1
sprsound2022::41267028_0.2_0_p3_2476__event_001,sprsound2022,sprsound2022::41267028,calibration,False,1,stridor,1.096,1,0.98710734,0.99369335,0.9904003450000001,0.00959965499999993,1
sprsound2022::41267028_0.2_0_p3_2476__event_002,sprsound2022,sprsound2022::41267028,calibration,False,1,stridor,1.1159999999999997,1,0.994399,0.9948249,0.99461195,0.005388049999999978,1
sprsound2022::41267028_0.2_0_p3_2476__event_003,sprsound2022,sprsound2022::41267028,calibration,False,1,stridor,0.434000000000001,1,0.95284367,0.9966235,0.9747335850000001,0.02526641499999993,1
sprsound2022::41267028_0.2_0_p3_2476__event_004,sprsound2022,sprsound2022::41267028,calibration,False,1,fine_crackle,1.2420000000000009,1,0.9927764,0.9777909,0.98528365,0.014716350000000045,1
sprsound2022::41267028_0.3_0_p1_2225__event_000,sprsound2022,sprsound2022::41267028,calibration,False,1,wheeze,0.4269999999999996,1,0.9992192,0.9981735,0.99869635,0.0013036499999999895,1
sprsound2022::41267028_0.3_0_p1_2225__event_001,sprsound2022,sprsound2022::41267028,calibration,False,1,wheeze,0.451,1,0.99730706,0.99405956,0.99568331,0.004316690000000012,1
sprsound2022::41267028_0.3_0_p1_2225__event_002,sprsound2022,sprsound2022::41267028,calibration,False,1,wheeze,0.3700000000000001,1,0.9874213,0.98357487,0.9854980849999999,0.014501915000000087,1
sprsound2022::41267028_0.3_0_p1_2225__event_003,sprsound2022,sprsound2022::41267028,calibration,False,1,fine_crackle,0.3729999999999993,1,0.99519724,0.99869126,0.99694425,0.0030557500000000237,1
sprsound2022::41267028_0.3_0_p1_2225__event_004,sprsound2022,sprsound2022::41267028,calibration,False,1,wheeze,0.6789999999999994,1,0.9994948,0.99736077,0.9984277850000001,0.0015722149999999324,1
sprsound2022::41267028_0.3_0_p1_2225__event_005,sprsound2022,sprsound2022::41267028,calibration,False,1,wheeze,0.4370000000000003,1,0.96138024,0.9291059,0.9452430700000001,0.054756929999999926,1
sprsound2022::41267028_0.3_0_p1_2225__event_006,sprsound2022,sprsound2022::41267028,calibration,False,1,fine_crackle,0.4429999999999987,1,0.9986695,0.9980709,0.9983702,0.0016298000000000146,1
sprsound2022::41267028_0.3_0_p1_2225__event_007,sprsound2022,sprsound2022::41267028,calibration,False,1,wheeze,0.4900000000000002,1,0.9947187,0.99331653,0.994017615,0.0059823850000000345,1
sprsound2022::41267028_0.3_0_p1_2284__event_000,sprsound2022,sprsound2022::41267028,calibration,False,1,wheeze,0.2769999999999999,1,0.9951315,0.9908099,0.9929707,0.007029300000000016,1
sprsound2022::41267028_0.3_0_p1_2284__event_001,sprsound2022,sprsound2022::41267028,calibration,False,1,fine_crackle,0.394,1,0.9978289,0.9939468,0.99588785,0.004112149999999981,1
sprsound2022::41267028_0.3_0_p1_2284__event_002,sprsound2022,sprsound2022::41267028,calibration,False,1,wheeze,0.4100000000000001,1,0.9940084,0.9971854,0.9955969,0.004403099999999993,1
sprsound2022::41267028_0.3_0_p1_2284__event_003,sprsound2022,sprsound2022::41267028,calibration,False,1,wheeze,0.4209999999999998,1,0.9970721,0.9943711,0.9957216,0.0042784000000000155,1
sprsound2022::41267028_0.3_0_p1_2284__event_004,sprsound2022,sprsound2022::41267028,calibration,False,1,fine_crackle,0.3610000000000006,1,0.998171,0.9962112,0.9971911,0.002808900000000003,1
sprsound2022::41267028_0.3_0_p1_2284__event_005,sprsound2022,sprsound2022::41267028,calibration,False,1,fine_crackle,0.447,1,0.99688405,0.9951834,0.996033725,0.003966275000000019,1
sprsound2022::41267028_0.3_0_p1_2284__event_006,sprsound2022,sprsound2022::41267028,calibration,False,1,wheeze,0.3550000000000004,1,0.9949704,0.9952009,0.99508565,0.004914349999999956,1
sprsound2022::41267028_0.3_0_p1_2284__event_007,sprsound2022,sprsound2022::41267028,calibration,False,1,fine_crackle,0.3849999999999998,1,0.99704933,0.99258727,0.9948182999999999,0.005181700000000067,1
sprsound2022::41267028_0.3_0_p1_2284__event_008,sprsound2022,sprsound2022::41267028,calibration,False,1,wheeze,0.4380000000000006,1,0.9975382,0.9941003,0.99581925,0.004180749999999955,1
sprsound2022::41267028_0.3_0_p1_2284__event_009,sprsound2022,sprsound2022::41267028,calibration,False,1,fine_crackle,0.5389999999999997,1,0.98037684,0.98325056,0.9818137,0.01818629999999999,1
sprsound2022::41267028_0.3_0_p1_2284__event_010,sprsound2022,sprsound2022::41267028,calibration,False,1,wheeze,0.447,1,0.99967253,0.9980792,0.998875865,0.0011241349999999706,1
sprsound2022::41267028_0.3_0_p1_2427__event_000,sprsound2022,sprsound2022::41267028,calibration,False,1,wheeze,0.3490000000000002,1,0.9965061,0.99648935,0.996497725,0.003502274999999999,1
sprsound2022::41267028_0.3_0_p1_2427__event_001,sprsound2022,sprsound2022::41267028,calibration,False,1,wheeze,0.4279999999999999,1,0.9984211,0.9990715,0.9987463,0.0012537000000000242,1
sprsound2022::41267028_0.3_0_p1_2427__event_002,sprsound2022,sprsound2022::41267028,calibration,False,1,fine_crackle,0.585,1,0.9942794,0.99217755,0.993228475,0.0067715250000000005,1
sprsound2022::41267028_0.3_0_p1_2427__event_003,sprsound2022,sprsound2022::41267028,calibration,False,1,fine_crackle,0.532,1,0.86710167,0.91412205,0.89061186,0.10938813999999997,1
sprsound2022::41267028_0.3_0_p1_2427__event_004,sprsound2022,sprsound2022::41267028,calibration,False,1,fine_crackle,0.6440000000000001,1,0.9987104,0.9956474,0.9971789,0.002821100000000021,1
sprsound2022::41267028_0.3_0_p2_2211__event_000,sprsound2022,sprsound2022::41267028,calibration,False,1,wheeze,0.6150000000000002,1,0.9996724,0.99576306,0.99771773,0.0022822700000000307,1
sprsound2022::41267028_0.3_0_p2_2211__event_001,sprsound2022,sprsound2022::41267028,calibration,False,1,wheeze,0.565,1,0.9994874,0.99792874,0.99870807,0.0012919300000000522,1
sprsound2022::41267028_0.3_0_p2_2211__event_002,sprsound2022,sprsound2022::41267028,calibration,False,1,fine_crackle,0.4039999999999999,1,0.9988777,0.99613166,0.99750468,0.0024953199999999676,1
sprsound2022::41267028_0.3_0_p2_2211__event_003,sprsound2022,sprsound2022::41267028,calibration,False,1,wheeze,0.6579999999999995,1,0.99630785,0.99589974,0.996103795,0.003896204999999986,1
sprsound2022::41267028_0.3_0_p2_2211__event_004,sprsound2022,sprsound2022::41267028,calibration,False,1,fine_crackle,0.5529999999999999,1,0.99759907,0.99507153,0.9963353,0.003664699999999965,1
sprsound2022::41267028_0.3_0_p2_2211__event_005,sprsound2022,sprsound2022::41267028,calibration,False,1,wheeze,0.6550000000000002,1,0.999597,0.9966641,0.99813055,0.0018694500000000502,1
sprsound2022::41267028_0.3_0_p2_2211__event_006,sprsound2022,sprsound2022::41267028,calibration,False,1,fine_crackle,0.6999999999999993,1,0.997142,0.98732007,0.992231035,0.0077689650000000166,1
sprsound2022::41267028_0.3_0_p2_2211__event_007,sprsound2022,sprsound2022::41267028,calibration,False,1,wheeze,0.6109999999999998,1,0.9997899,0.9992387,0.9995143,0.00048570000000003333,1
sprsound2022::41267028_0.3_0_p2_2211__event_008,sprsound2022,sprsound2022::41267028,calibration,False,1,fine_crackle,0.455,1,0.9971085,0.98532665,0.991217575,0.008782425000000038,1
sprsound2022::41267028_0.3_0_p2_2211__event_009,sprsound2022,sprsound2022::41267028,calibration,False,1,wheeze,0.3390000000000004,1,0.99222505,0.9912492,0.991737125,0.008262875000000003,1
sprsound2022::41267028_0.3_0_p2_2211__event_010,sprsound2022,sprsound2022::41267028,calibration,False,1,wheeze,0.4279999999999999,1,0.9930815,0.98213196,0.98760673,0.012393270000000012,1
sprsound2022::41267028_0.3_0_p2_2269__event_000,sprsound2022,sprsound2022::41267028,calibration,False,1,wheeze,0.6100000000000001,1,0.99881494,0.99623424,0.99752459,0.0024754099999999557,1
sprsound2022::41267028_0.3_0_p2_2269__event_001,sprsound2022,sprsound2022::41267028,calibration,False,1,wheeze,0.5050000000000001,1,0.9988331,0.99627066,0.9975518800000001,0.0024481199999999426,1
sprsound2022::41267028_0.3_0_p2_2269__event_002,sprsound2022,sprsound2022::41267028,calibration,False,1,wheeze,0.5259999999999998,1,0.99926883,0.9978382,0.998553515,0.0014464849999999974,1
sprsound2022::41267028_0.3_0_p2_2269__event_003,sprsound2022,sprsound2022::41267028,calibration,False,1,wheeze,0.4089999999999998,1,0.99675685,0.9981273,0.997442075,0.002557924999999961,1
sprsound2022::41267028_0.3_0_p2_2269__event_004,sprsound2022,sprsound2022::41267028,calibration,False,1,wheeze,0.532,1,0.9981987,0.9971584,0.99767855,0.002321449999999947,1
sprsound2022::41267028_0.3_0_p2_2269__event_005,sprsound2022,sprsound2022::41267028,calibration,False,1,wheeze,0.5939999999999994,1,0.9997205,0.9951691,0.9974448,0.0025551999999999797,1
sprsound2022::41267028_0.3_0_p2_2269__event_006,sprsound2022,sprsound2022::41267028,calibration,False,1,wheeze,0.8039999999999994,1,0.9995284,0.9959329,0.99773065,0.002269349999999948,1
sprsound2022::41267028_0.3_0_p2_2269__event_007,sprsound2022,sprsound2022::41267028,calibration,False,1,fine_crackle,0.4950000000000001,1,0.99107563,0.9939535,0.992514565,0.007485434999999985,1
sprsound2022::41267028_0.3_0_p2_2269__event_008,sprsound2022,sprsound2022::41267028,calibration,False,1,fine_crackle,0.4500000000000002,1,0.9964121,0.9909843,0.9936982000000001,0.006301799999999913,1
sprsound2022::41267028_0.3_0_p2_2269__event_009,sprsound2022,sprsound2022::41267028,calibration,False,1,fine_crackle,0.5879999999999996,1,0.9861953,0.99593484,0.99106507,0.008934930000000008,1
sprsound2022::41267028_0.3_0_p2_2269__event_010,sprsound2022,sprsound2022::41267028,calibration,False,1,fine_crackle,0.4750000000000005,1,0.9764054,0.994361,0.9853832,0.014616799999999985,1
sprsound2022::41267028_0.3_0_p2_2269__event_011,sprsound2022,sprsound2022::41267028,calibration,False,1,fine_crackle,0.4210000000000002,1,0.9939883,0.98811275,0.991050525,0.008949474999999985,1
sprsound2022::41267028_0.3_0_p2_2269__event_012,sprsound2022,sprsound2022::41267028,calibration,False,1,fine_crackle,0.4590000000000005,1,0.99197257,0.9942053,0.9930889350000001,0.0069110649999999385,1
sprsound2022::41267028_0.3_0_p2_2402__event_000,sprsound2022,sprsound2022::41267028,calibration,False,1,fine_crackle,0.7970000000000002,1,0.9950771,0.9907898,0.99293345,0.007066550000000005,1
sprsound2022::41267028_0.3_0_p2_2402__event_001,sprsound2022,sprsound2022::41267028,calibration,False,1,fine_crackle,0.8609999999999998,1,0.9558455,0.99113667,0.973491085,0.026508914999999966,1
sprsound2022::41267028_0.3_0_p2_2402__event_002,sprsound2022,sprsound2022::41267028,calibration,False,1,fine_crackle,0.4400000000000004,1,0.9937675,0.99139565,0.992581575,0.007418425000000006,1
sprsound2022::41267028_0.3_0_p2_2402__event_003,sprsound2022,sprsound2022::41267028,calibration,False,1,fine_crackle,0.6970000000000001,1,0.99777335,0.9919658,0.9948695750000001,0.0051304249999999385,1
sprsound2022::41267028_0.3_0_p2_2402__event_004,sprsound2022,sprsound2022::41267028,calibration,False,1,fine_crackle,0.4670000000000005,1,0.99667126,0.9934948,0.99508303,0.0049169700000000205,1
sprsound2022::41267028_0.3_0_p2_2642__event_000,sprsound2022,sprsound2022::41267028,calibration,False,1,fine_crackle,0.5439999999999996,1,0.99798846,0.99762684,0.9978076499999999,0.002192350000000065,1
sprsound2022::41267028_0.3_0_p2_2642__event_001,sprsound2022,sprsound2022::41267028,calibration,False,1,fine_crackle,0.5419999999999998,1,0.9977737,0.9969928,0.9973832499999999,0.0026167500000000565,1
sprsound2022::41267028_0.3_0_p2_2642__event_002,sprsound2022,sprsound2022::41267028,calibration,False,1,fine_crackle,0.5380000000000003,1,0.9983317,0.99794966,0.99814068,0.0018593199999999976,1
sprsound2022::41267028_0.3_0_p2_2642__event_003,sprsound2022,sprsound2022::41267028,calibration,False,1,fine_crackle,0.7309999999999999,1,0.998789,0.9924803,0.99563465,0.004365350000000046,1
sprsound2022::41267028_0.3_0_p2_2642__event_004,sprsound2022,sprsound2022::41267028,calibration,False,1,fine_crackle,0.6769999999999996,1,0.9987651,0.99571604,0.99724057,0.002759430000000007,1
sprsound2022::41267028_0.3_0_p2_2642__event_005,sprsound2022,sprsound2022::41267028,calibration,False,1,fine_crackle,0.7240000000000002,1,0.9975133,0.99493355,0.996223425,0.0037765749999999487,1
sprsound2022::41267028_0.3_0_p2_2642__event_006,sprsound2022,sprsound2022::41267028,calibration,False,1,fine_crackle,0.6769999999999996,1,0.9991602,0.99610573,0.997632965,0.0023670350000000173,1
sprsound2022::41267028_0.3_0_p2_2642__event_007,sprsound2022,sprsound2022::41267028,calibration,False,1,fine_crackle,0.7469999999999999,1,0.9972331,0.9954619,0.9963474999999999,0.0036525000000000585,1
sprsound2022::41267028_0.3_0_p2_2642__event_008,sprsound2022,sprsound2022::41267028,calibration,False,1,fine_crackle,0.9619999999999996,1,0.998752,0.9929476,0.9958498,0.004150199999999993,1
sprsound2022::41267028_0.3_0_p2_2642__event_009,sprsound2022,sprsound2022::41267028,calibration,False,1,fine_crackle,0.9640000000000002,1,0.99538225,0.97016394,0.982773095,0.017226905000000015,1
sprsound2022::41267028_0.3_0_p2_2642__event_010,sprsound2022,sprsound2022::41267028,calibration,False,1,fine_crackle,0.7469999999999999,1,0.9977483,0.9958637,0.9968060000000001,0.003193999999999919,1
sprsound2022::41267028_0.3_0_p2_2706__event_000,sprsound2022,sprsound2022::41267028,calibration,False,1,fine_crackle,0.6950000000000003,1,0.99741924,0.9899824,0.99370082,0.00629917999999996,1
sprsound2022::41267028_0.3_0_p2_2706__event_001,sprsound2022,sprsound2022::41267028,calibration,False,1,fine_crackle,0.984,1,0.99667597,0.99121374,0.993944855,0.0060551450000000395,1
sprsound2022::41267028_0.3_0_p2_2706__event_002,sprsound2022,sprsound2022::41267028,calibration,False,1,fine_crackle,0.6839999999999993,1,0.9969221,0.9912676,0.99409485,0.005905150000000026,1
sprsound2022::41267028_0.3_0_p2_2706__event_003,sprsound2022,sprsound2022::41267028,calibration,False,1,fine_crackle,0.956999999999999,1,0.9984486,0.98998827,0.9942184350000001,0.005781564999999933,1
sprsound2022::41267028_0.3_0_p2_2706__event_004,sprsound2022,sprsound2022::41267028,calibration,False,1,fine_crackle,0.6160000000000001,1,0.9957113,0.9884941,0.9921027,0.007897299999999996,1
sprsound2022::41267028_0.3_0_p2_2706__event_005,sprsound2022,sprsound2022::41267028,calibration,False,1,fine_crackle,0.6440000000000006,1,0.99760616,0.99311113,0.995358645,0.004641354999999958,1
sprsound2022::41267028_0.3_0_p2_2706__event_006,sprsound2022,sprsound2022::41267028,calibration,False,1,fine_crackle,0.7229999999999999,1,0.99801815,0.99709415,0.9975561500000001,0.002443849999999914,1
sprsound2022::41267028_0.3_0_p2_2706__event_007,sprsound2022,sprsound2022::41267028,calibration,False,1,fine_crackle,0.6559999999999997,1,0.9989761,0.98648214,0.99272912,0.00727087999999998,1
sprsound2022::41267028_0.3_0_p2_2706__event_008,sprsound2022,sprsound2022::41267028,calibration,False,1,fine_crackle,0.7969999999999997,1,0.99793005,0.9953525,0.996641275,0.003358725000000007,1
sprsound2022::41267028_0.3_0_p2_2706__event_009,sprsound2022,sprsound2022::41267028,calibration,False,0,normal,0.853,0,0.017685117,0.032583117,0.025134117,0.974865883,0
sprsound2022::41267028_0.3_0_p3_2239__event_000,sprsound2022,sprsound2022::41267028,calibration,False,1,wheeze,0.4969999999999999,1,0.99852645,0.9969421,0.997734275,0.002265724999999996,1
sprsound2022::41267028_0.3_0_p3_2239__event_001,sprsound2022,sprsound2022::41267028,calibration,False,1,wheeze,0.516,1,0.99952555,0.99508506,0.997305305,0.002694694999999969,1
sprsound2022::41267028_0.3_0_p3_2239__event_002,sprsound2022,sprsound2022::41267028,calibration,False,1,wheeze,0.4329999999999998,1,0.99891794,0.9965804,0.9977491700000001,0.002250829999999926,1
sprsound2022::41267028_0.3_0_p3_2239__event_003,sprsound2022,sprsound2022::41267028,calibration,False,1,wheeze,0.4859999999999989,1,0.99369216,0.99557096,0.99463156,0.00536844000000003,1
sprsound2022::41267028_0.3_0_p3_2239__event_004,sprsound2022,sprsound2022::41267028,calibration,False,1,wheeze,0.4900000000000002,1,0.99937135,0.9940041,0.9966877249999999,0.0033122750000000867,1
sprsound2022::41267028_0.3_0_p3_2239__event_005,sprsound2022,sprsound2022::41267028,calibration,False,1,wheeze,0.5979999999999999,1,0.99963677,0.99860555,0.99912116,0.0008788400000000474,1
sprsound2022::41267028_0.3_0_p3_2239__event_006,sprsound2022,sprsound2022::41267028,calibration,False,1,wheeze,0.508,1,0.9995061,0.99770135,0.9986037249999999,0.0013962750000000579,1
sprsound2022::41267028_0.3_0_p3_2239__event_007,sprsound2022,sprsound2022::41267028,calibration,False,1,fine_crackle,0.5880000000000001,1,0.99685067,0.99168915,0.9942699100000001,0.00573008999999991,1
sprsound2022::41267028_0.3_0_p3_2239__event_008,sprsound2022,sprsound2022::41267028,calibration,False,1,fine_crackle,0.5230000000000001,1,0.99838316,0.99445623,0.996419695,0.0035803049999999503,1
sprsound2022::41267028_0.3_0_p3_2239__event_009,sprsound2022,sprsound2022::41267028,calibration,False,1,fine_crackle,0.5099999999999998,1,0.998689,0.9955245,0.99710675,0.0028932499999999584,1
sprsound2022::41267028_0.3_0_p3_2239__event_010,sprsound2022,sprsound2022::41267028,calibration,False,1,fine_crackle,0.5369999999999999,1,0.99785304,0.99699056,0.9974217999999999,0.002578200000000086,1
sprsound2022::41267028_0.3_0_p3_2239__event_011,sprsound2022,sprsound2022::41267028,calibration,False,1,fine_crackle,0.4559999999999995,1,0.9964372,0.9964837,0.99646045,0.003539549999999947,1
sprsound2022::41267028_0.3_0_p3_2239__event_012,sprsound2022,sprsound2022::41267028,calibration,False,1,fine_crackle,0.4459999999999997,1,0.99834585,0.99711466,0.997730255,0.0022697449999999897,1
sprsound2022::41267028_0.3_0_p3_2239__event_013,sprsound2022,sprsound2022::41267028,calibration,False,1,fine_crackle,0.8159999999999998,1,0.9978543,0.9856527,0.9917535,0.008246500000000045,1
sprsound2022::41267028_0.3_0_p3_2299__event_000,sprsound2022,sprsound2022::41267028,calibration,False,1,wheeze,0.513,1,0.9958261,0.992773,0.99429955,0.005700449999999968,1
sprsound2022::41267028_0.3_0_p3_2299__event_001,sprsound2022,sprsound2022::41267028,calibration,False,1,wheeze,0.472,1,0.9964456,0.9977616,0.9971036,0.002896400000000021,1
sprsound2022::41267028_0.3_0_p3_2299__event_002,sprsound2022,sprsound2022::41267028,calibration,False,1,fine_crackle,0.4089999999999999,1,0.99826705,0.9917075,0.994987275,0.005012725000000051,1
sprsound2022::41267028_0.3_0_p3_2299__event_003,sprsound2022,sprsound2022::41267028,calibration,False,1,fine_crackle,0.6950000000000003,1,0.99773526,0.9807885,0.9892618799999999,0.010738120000000073,1
sprsound2022::41267028_0.3_0_p3_2629__event_000,sprsound2022,sprsound2022::41267028,calibration,False,1,fine_crackle,0.6269999999999998,1,0.99334574,0.99164635,0.992496045,0.007503955000000007,1
sprsound2022::41267028_0.3_0_p3_2629__event_001,sprsound2022,sprsound2022::41267028,calibration,False,1,fine_crackle,0.9650000000000004,1,0.9834395,0.95123523,0.967337365,0.032662634999999995,1
sprsound2022::41267028_0.3_0_p3_2629__event_002,sprsound2022,sprsound2022::41267028,calibration,False,1,fine_crackle,0.7479999999999993,1,0.9967804,0.9888459,0.99281315,0.007186849999999967,1
sprsound2022::41267028_0.3_0_p3_2629__event_003,sprsound2022,sprsound2022::41267028,calibration,False,1,fine_crackle,0.7750000000000004,1,0.9985783,0.9903162,0.99444725,0.005552749999999995,1
sprsound2022::41267028_0.3_0_p3_2629__event_004,sprsound2022,sprsound2022::41267028,calibration,False,1,fine_crackle,0.7970000000000006,1,0.9980502,0.998293,0.9981716,0.0018283999999999523,1
sprsound2022::41267028_0.3_0_p3_2718__event_000,sprsound2022,sprsound2022::41267028,calibration,False,1,fine_crackle,1.0990000000000002,1,0.99647695,0.93790615,0.96719155,0.03280844999999999,1
sprsound2022::41267028_0.3_0_p3_2718__event_001,sprsound2022,sprsound2022::41267028,calibration,False,1,fine_crackle,0.9749999999999996,1,0.99660695,0.9774285,0.9870177250000001,0.012982274999999932,1
sprsound2022::41267028_0.3_0_p3_2718__event_002,sprsound2022,sprsound2022::41267028,calibration,False,1,fine_crackle,0.9179999999999992,1,0.9981224,0.9934837,0.9958030499999999,0.004196950000000088,1
sprsound2022::41267028_0.3_0_p3_2718__event_003,sprsound2022,sprsound2022::41267028,calibration,False,1,fine_crackle,0.9740000000000002,1,0.9967526,0.98553467,0.991143635,0.008856364999999977,1
sprsound2022::41267028_0.3_0_p3_2718__event_004,sprsound2022,sprsound2022::41267028,calibration,False,1,fine_crackle,0.8060000000000009,1,0.9982645,0.9950624,0.99666345,0.0033365499999999937,1
sprsound2022::41267028_0.3_0_p3_2718__event_005,sprsound2022,sprsound2022::41267028,calibration,False,1,fine_crackle,0.9009999999999998,1,0.9947149,0.99554837,0.9951316349999999,0.004868365000000097,1
sprsound2022::41267028_0.3_0_p3_2718__event_006,sprsound2022,sprsound2022::41267028,calibration,False,1,fine_crackle,0.8109999999999999,1,0.9983612,0.98666465,0.992512925,0.00748707500000001,1
sprsound2022::41267028_0.3_0_p3_2718__event_007,sprsound2022,sprsound2022::41267028,calibration,False,1,fine_crackle,0.79,1,0.99807656,0.9960932,0.9970848800000001,0.0029151199999999378,1
sprsound2022::41267028_0.3_0_p3_2718__event_008,sprsound2022,sprsound2022::41267028,calibration,False,1,fine_crackle,1.1109999999999998,1,0.99603695,0.9844897,0.990263325,0.009736674999999972,1
sprsound2022::41267028_0.3_0_p3_2718__event_009,sprsound2022,sprsound2022::41267028,calibration,False,1,fine_crackle,0.7640000000000002,1,0.99748755,0.9939156,0.995701575,0.004298424999999995,1
sprsound2022::41267028_0.3_0_p3_2718__event_010,sprsound2022,sprsound2022::41267028,calibration,False,1,fine_crackle,0.9170000000000004,1,0.99774545,0.99486864,0.996307045,0.0036929549999999978,1
sprsound2022::41267028_0.3_0_p3_2718__event_011,sprsound2022,sprsound2022::41267028,calibration,False,1,fine_crackle,0.483,1,0.99723995,0.99627364,0.996756795,0.0032432049999999712,1
sprsound2022::41267028_0.3_0_p3_2718__event_012,sprsound2022,sprsound2022::41267028,calibration,False,1,fine_crackle,0.5910000000000011,1,0.994843,0.97512203,0.984982515,0.015017484999999997,1
sprsound2022::41267028_0.3_0_p4_2254__event_000,sprsound2022,sprsound2022::41267028,calibration,False,1,wheeze,0.4430000000000005,1,0.9971029,0.997079,0.99709095,0.0029090499999999686,1
sprsound2022::41267028_0.3_0_p4_2254__event_001,sprsound2022,sprsound2022::41267028,calibration,False,1,wheeze,0.289,1,0.99859947,0.9945168,0.996558135,0.0034418649999999884,1
sprsound2022::41267028_0.3_0_p4_2314__event_000,sprsound2022,sprsound2022::41267028,calibration,False,1,wheeze,0.579,1,0.999371,0.99808323,0.998727115,0.0012728850000000014,1
sprsound2022::41267028_0.3_0_p4_2389__event_000,sprsound2022,sprsound2022::41267028,calibration,False,1,fine_crackle,0.3510000000000008,1,0.99772793,0.99078596,0.9942569450000001,0.005743054999999941,1
sprsound2022::41267028_0.3_0_p4_2389__event_001,sprsound2022,sprsound2022::41267028,calibration,False,0,normal,0.4039999999999999,0,0.7457242,0.99025774,0.8679909699999999,0.13200903000000008,1
sprsound2022::41267028_0.3_0_p4_2655__event_000,sprsound2022,sprsound2022::41267028,calibration,False,1,fine_crackle,0.6970000000000001,1,0.99767154,0.9940077,0.99583962,0.0041603799999999636,1
sprsound2022::41267028_0.3_0_p4_2655__event_001,sprsound2022,sprsound2022::41267028,calibration,False,1,fine_crackle,0.688,1,0.99753296,0.99273056,0.99513176,0.004868239999999968,1
sprsound2022::41267028_0.3_0_p4_2655__event_002,sprsound2022,sprsound2022::41267028,calibration,False,1,fine_crackle,0.6139999999999999,1,0.9980293,0.9942272,0.9961282499999999,0.0038717500000000626,1
sprsound2022::41267028_0.3_0_p4_2655__event_003,sprsound2022,sprsound2022::41267028,calibration,False,1,fine_crackle,0.6390000000000002,1,0.9985221,0.9946472,0.99658465,0.003415350000000039,1
sprsound2022::41267028_0.3_0_p4_2655__event_004,sprsound2022,sprsound2022::41267028,calibration,False,1,fine_crackle,0.7219999999999995,1,0.99833655,0.9965173,0.9974269250000001,0.0025730749999999247,1
sprsound2022::41267028_0.3_0_p4_2655__event_005,sprsound2022,sprsound2022::41267028,calibration,False,1,fine_crackle,0.6370000000000005,1,0.99839467,0.9909813,0.994687985,0.005312015000000003,1
sprsound2022::41267028_0.3_0_p4_2655__event_006,sprsound2022,sprsound2022::41267028,calibration,False,1,fine_crackle,0.7070000000000007,1,0.99863017,0.9938699,0.996250035,0.0037499650000000218,1
sprsound2022::41267028_0.3_0_p4_2655__event_007,sprsound2022,sprsound2022::41267028,calibration,False,1,fine_crackle,0.7089999999999996,1,0.9981645,0.9951971,0.9966808,0.0033191999999999666,1
sprsound2022::41267028_0.3_0_p4_2655__event_008,sprsound2022,sprsound2022::41267028,calibration,False,1,fine_crackle,0.7010000000000005,1,0.9986432,0.997051,0.9978471,0.002152900000000013,1
sprsound2022::41267028_0.3_0_p4_2655__event_009,sprsound2022,sprsound2022::41267028,calibration,False,1,fine_crackle,0.5969999999999995,1,0.99808747,0.99656016,0.997323815,0.0026761849999999976,1
sprsound2022::41267028_0.3_0_p4_2655__event_010,sprsound2022,sprsound2022::41267028,calibration,False,1,fine_crackle,0.7850000000000001,1,0.99692386,0.9927515,0.9948376800000001,0.0051623199999999425,1
sprsound2022::41267028_0.3_0_p4_2655__event_011,sprsound2022,sprsound2022::41267028,calibration,False,1,fine_crackle,0.7729999999999997,1,0.9979241,0.9960871,0.9970056,0.0029943999999999527,1
sprsound2022::41271028_3.4_1_p1_1678__event_000,sprsound2022,sprsound2022::41271028,calibration,False,1,wheeze,0.6930000000000005,1,0.9966534,0.9958034,0.9962284,0.003771599999999986,1
sprsound2022::41271028_3.4_1_p1_1678__event_001,sprsound2022,sprsound2022::41271028,calibration,False,0,normal,1.999,0,0.25442845,0.5152954,0.38486192499999994,0.6151380750000001,0
sprsound2022::41271028_3.4_1_p1_1678__event_002,sprsound2022,sprsound2022::41271028,calibration,False,0,normal,1.825000000000001,0,0.34765112,0.030267203,0.1889591615,0.8110408385,0
sprsound2022::41271028_3.4_1_p2_1702__event_000,sprsound2022,sprsound2022::41271028,calibration,False,0,normal,1.1959999999999995,0,0.3171004,0.01777546,0.16743793,0.83256207,0
sprsound2022::41271028_3.4_1_p2_1702__event_001,sprsound2022,sprsound2022::41271028,calibration,False,0,normal,0.9110000000000004,0,0.5764828,0.12928215,0.352882475,0.6471175250000001,0
sprsound2022::41271028_3.4_1_p3_1690__event_000,sprsound2022,sprsound2022::41271028,calibration,False,0,normal,1.6869999999999998,0,0.003557636,0.04669168,0.025124658,0.974875342,0
sprsound2022::41271028_3.4_1_p3_1690__event_001,sprsound2022,sprsound2022::41271028,calibration,False,0,normal,1.374,0,0.051688224,0.19113602,0.121412122,0.878587878,0
sprsound2022::41271028_3.4_1_p3_1690__event_002,sprsound2022,sprsound2022::41271028,calibration,False,0,normal,0.956999999999999,0,0.012708233,0.025572639,0.019140436,0.980859564,0
sprsound2022::41271028_3.4_1_p4_1714__event_000,sprsound2022,sprsound2022::41271028,calibration,False,0,normal,1.181,0,0.96096,0.61133146,0.7861457300000001,0.2138542699999999,1
sprsound2022::41271028_3.4_1_p4_1714__event_001,sprsound2022,sprsound2022::41271028,calibration,False,0,normal,1.0660000000000005,0,0.0073161367,0.023431575,0.01537385585,0.98462614415,0
sprsound2022::41271028_3.4_1_p4_1714__event_002,sprsound2022,sprsound2022::41271028,calibration,False,0,normal,1.0700000000000005,0,0.0022079877,0.012973799,0.00759089335,0.99240910665,0
sprsound2022::41271028_3.4_1_p4_1714__event_003,sprsound2022,sprsound2022::41271028,calibration,False,0,normal,1.2379999999999995,0,0.004223739,0.027148098,0.0156859185,0.9843140815,0
sprsound2022::41271028_3.4_1_p4_1714__event_004,sprsound2022,sprsound2022::41271028,calibration,False,0,normal,0.8900000000000006,0,0.0135967815,0.011309062,0.01245292175,0.98754707825,0
sprsound2022::41271028_3.4_1_p4_1714__event_005,sprsound2022,sprsound2022::41271028,calibration,False,1,coarse_crackle,1.1449999999999996,1,0.23291613,0.2138689,0.223392515,0.776607485,0
sprsound2022::41274453_4.3_1_p1_1390__event_000,sprsound2022,sprsound2022::41274453,calibration,False,1,rhonchi,0.54,1,0.9874756,0.9710099,0.97924275,0.02075724999999995,1
sprsound2022::41274453_4.3_1_p1_1390__event_001,sprsound2022,sprsound2022::41274453,calibration,False,1,rhonchi,0.4930000000000003,1,0.99692816,0.86889863,0.9329133949999999,0.06708660500000008,1
sprsound2022::41274453_4.3_1_p1_1390__event_002,sprsound2022,sprsound2022::41274453,calibration,False,1,rhonchi,0.5020000000000007,1,0.9913003,0.9886198,0.9899600500000001,0.010039949999999909,1
sprsound2022::41274453_4.3_1_p2_1366__event_000,sprsound2022,sprsound2022::41274453,calibration,False,1,wheeze,0.5619999999999998,1,0.997157,0.99729013,0.997223565,0.0027764350000000215,1
sprsound2022::41274453_4.3_1_p2_1366__event_001,sprsound2022,sprsound2022::41274453,calibration,False,0,normal,0.8169999999999993,0,0.018204678,0.050163627,0.0341841525,0.9658158475,0
sprsound2022::41274453_4.3_1_p2_1366__event_002,sprsound2022,sprsound2022::41274453,calibration,False,0,normal,0.8430000000000009,0,0.007002651,0.0117569715,0.00937981125,0.99062018875,0
sprsound2022::41274453_4.3_1_p2_1366__event_003,sprsound2022,sprsound2022::41274453,calibration,False,0,normal,0.9220000000000006,0,0.011032502,0.014707254,0.012869878,0.987130122,0
sprsound2022::41274453_4.3_1_p2_1366__event_004,sprsound2022,sprsound2022::41274453,calibration,False,1,rhonchi,0.6970000000000001,1,0.99890006,0.99316156,0.9960308099999999,0.003969190000000067,1
sprsound2022::41274453_4.3_1_p2_1430__event_000,sprsound2022,sprsound2022::41274453,calibration,False,0,normal,0.7639999999999999,0,0.012073785,0.022255588,0.017164686499999998,0.9828353135,0
sprsound2022::41274453_4.3_1_p2_1430__event_001,sprsound2022,sprsound2022::41274453,calibration,False,0,normal,0.9369999999999994,0,0.0072587146,0.014671242,0.010964978299999999,0.9890350217,0
sprsound2022::41274453_4.3_1_p2_1430__event_002,sprsound2022,sprsound2022::41274453,calibration,False,0,normal,0.8460000000000001,0,0.005487021,0.010634355,0.008060688,0.991939312,0
sprsound2022::41274453_4.3_1_p2_1430__event_003,sprsound2022,sprsound2022::41274453,calibration,False,0,normal,0.652000000000001,0,0.0036840863,0.015767954,0.00972602015,0.99027397985,0
sprsound2022::41274453_4.3_1_p3_1382__event_000,sprsound2022,sprsound2022::41274453,calibration,False,0,normal,1.3900000000000006,0,0.00091910217,0.0064295004,0.0036743012849999998,0.996325698715,0
sprsound2022::41274453_4.3_1_p3_1382__event_001,sprsound2022,sprsound2022::41274453,calibration,False,0,normal,1.0710000000000002,0,0.0031851535,0.0070462185,0.0051156859999999995,0.994884314,0
sprsound2022::41274453_4.3_1_p3_1382__event_002,sprsound2022,sprsound2022::41274453,calibration,False,0,normal,0.902,0,0.061043844,0.042268347,0.0516560955,0.9483439045,0
sprsound2022::41274453_4.3_1_p3_1414__event_000,sprsound2022,sprsound2022::41274453,calibration,False,0,normal,0.945,0,0.003807264,0.01291362,0.008360442000000001,0.991639558,0
sprsound2022::41274453_4.3_1_p3_1414__event_001,sprsound2022,sprsound2022::41274453,calibration,False,0,normal,0.7499999999999996,0,0.0025669483,0.012188707,0.00737782765,0.99262217235,0
sprsound2022::41274453_4.3_1_p3_1414__event_002,sprsound2022,sprsound2022::41274453,calibration,False,0,normal,0.8790000000000004,0,0.010030362,0.014779749,0.0124050555,0.9875949445,0
sprsound2022::41274453_4.3_1_p4_1357__event_000,sprsound2022,sprsound2022::41274453,calibration,False,0,normal,1.189,0,0.080273874,0.03366923,0.056971551999999995,0.943028448,0
sprsound2022::41274453_4.3_1_p4_1357__event_001,sprsound2022,sprsound2022::41274453,calibration,False,0,normal,1.064,0,0.0023386055,0.0031883297,0.0027634675999999997,0.9972365324,0
sprsound2022::41274453_4.3_1_p4_1357__event_002,sprsound2022,sprsound2022::41274453,calibration,False,0,normal,1.027,0,0.009941777,0.007998578,0.008970177499999999,0.9910298225,0
sprsound2022::41274453_4.3_1_p4_1357__event_003,sprsound2022,sprsound2022::41274453,calibration,False,1,rhonchi,0.4750000000000001,1,0.98297083,0.9848275,0.983899165,0.016100835000000036,1
sprsound2022::41274453_4.3_1_p4_1357__event_004,sprsound2022,sprsound2022::41274453,calibration,False,1,rhonchi,0.4100000000000001,1,0.96400845,0.97511035,0.9695594000000001,0.03044059999999993,1
sprsound2022::41274453_4.3_1_p4_1357__event_005,sprsound2022,sprsound2022::41274453,calibration,False,1,rhonchi,0.8389999999999995,1,0.9986557,0.97212833,0.985392015,0.014607985000000046,1
sprsound2022::41274453_4.3_1_p4_1357__event_006,sprsound2022,sprsound2022::41274453,calibration,False,0,normal,0.823999999999999,0,0.0067193187,0.0043396945,0.005529506599999999,0.9944704934,0
sprsound2022::41274453_4.3_1_p4_1357__event_007,sprsound2022,sprsound2022::41274453,calibration,False,1,rhonchi,0.439,1,0.64684314,0.78389543,0.715369285,0.28463071500000003,1
sprsound2022::41274453_4.3_1_p4_1398__event_000,sprsound2022,sprsound2022::41274453,calibration,False,1,rhonchi,0.4509999999999998,1,0.9984151,0.9905494,0.99448225,0.005517749999999988,1
sprsound2022::41274453_4.3_1_p4_1398__event_001,sprsound2022,sprsound2022::41274453,calibration,False,0,normal,1.0579999999999998,0,0.020254644,0.13735722,0.078805932,0.921194068,0
sprsound2022::41274453_4.3_1_p4_1422__event_000,sprsound2022,sprsound2022::41274453,calibration,False,0,normal,1.3369999999999995,0,0.0018284766,0.008480399,0.0051544378,0.9948455622,0
sprsound2022::41274453_4.3_1_p4_1422__event_001,sprsound2022,sprsound2022::41274453,calibration,False,0,normal,0.955,0,0.0041534263,0.016480887,0.01031715665,0.98968284335,0
sprsound2022::41274453_4.3_1_p4_1422__event_002,sprsound2022,sprsound2022::41274453,calibration,False,1,wheeze,0.5260000000000007,1,0.99893564,0.99817026,0.99855295,0.0014470500000000053,1
sprsound2022::41274453_4.3_1_p4_1422__event_003,sprsound2022,sprsound2022::41274453,calibration,False,1,wheeze,0.4329999999999998,1,0.99756455,0.9941711,0.9958678249999999,0.004132175000000071,1
sprsound2022::41275381_2.6_0_p2_2206__event_000,sprsound2022,sprsound2022::41275381,calibration,False,0,normal,0.4900000000000002,0,0.88843596,0.6718683,0.78015213,0.21984786999999995,1
sprsound2022::41275381_2.6_0_p2_2206__event_001,sprsound2022,sprsound2022::41275381,calibration,False,0,normal,0.9740000000000002,0,0.7045054,0.7565617,0.73053355,0.26946645,1
sprsound2022::41275381_2.6_0_p2_2206__event_002,sprsound2022,sprsound2022::41275381,calibration,False,0,normal,1.987,0,0.021757461,0.023041654,0.0223995575,0.9776004425,0
sprsound2022::41275381_2.6_0_p2_2279__event_000,sprsound2022,sprsound2022::41275381,calibration,False,0,normal,1.1500000000000004,0,0.006434568,0.01797567,0.012205119,0.987794881,0
sprsound2022::41275381_2.6_0_p2_2279__event_001,sprsound2022,sprsound2022::41275381,calibration,False,0,normal,1.3650000000000002,0,0.9404303,0.44937918,0.69490474,0.30509526,1
sprsound2022::41275381_2.6_0_p3_2192__event_000,sprsound2022,sprsound2022::41275381,calibration,False,0,normal,0.4190000000000005,0,0.09070304,0.069923,0.08031302,0.91968698,0
sprsound2022::41275381_2.6_0_p3_2192__event_001,sprsound2022,sprsound2022::41275381,calibration,False,0,normal,1.0650000000000002,0,0.043301377,0.032184403,0.03774289,0.96225711,0
sprsound2022::41275381_2.6_0_p3_2192__event_002,sprsound2022,sprsound2022::41275381,calibration,False,0,normal,1.1209999999999996,0,0.876388,0.24217875,0.5592833749999999,0.4407166250000001,1
sprsound2022::41275381_2.6_0_p3_2264__event_000,sprsound2022,sprsound2022::41275381,calibration,False,0,normal,1.35,0,0.00035540288,0.001962217,0.00115880994,0.99884119006,0
sprsound2022::41275381_2.6_0_p3_2264__event_001,sprsound2022,sprsound2022::41275381,calibration,False,0,normal,1.2369999999999997,0,0.0010948444,0.0033042275,0.00219953595,0.99780046405,0
sprsound2022::41275381_2.6_0_p3_2264__event_002,sprsound2022,sprsound2022::41275381,calibration,False,0,normal,1.2189999999999994,0,0.0009575238,0.0034280499,0.00219278685,0.99780721315,0
sprsound2022::41275381_2.6_0_p3_2264__event_003,sprsound2022,sprsound2022::41275381,calibration,False,0,normal,1.1830000000000007,0,0.00084480655,0.0044351467,0.002639976625,0.997360023375,0
sprsound2022::41275381_2.6_0_p3_2264__event_004,sprsound2022,sprsound2022::41275381,calibration,False,0,normal,0.3030000000000008,0,0.034506798,0.068225555,0.0513661765,0.9486338235,0
sprsound2022::41275381_2.6_0_p4_2178__event_000,sprsound2022,sprsound2022::41275381,calibration,False,0,normal,1.372,0,0.6216076,0.32222638,0.47191699,0.52808301,0
sprsound2022::41275381_2.6_0_p4_2178__event_001,sprsound2022,sprsound2022::41275381,calibration,False,0,normal,1.3579999999999997,0,0.7588877,0.27519098,0.51703934,0.48296066000000004,1
sprsound2022::41275381_2.6_0_p4_2249__event_000,sprsound2022,sprsound2022::41275381,calibration,False,0,normal,1.226,0,0.0011990612,0.0040088347,0.0026039479500000002,0.99739605205,0
sprsound2022::41275381_2.6_0_p4_2249__event_001,sprsound2022,sprsound2022::41275381,calibration,False,0,normal,1.0069999999999997,0,0.0074118427,0.0100216195,0.0087167311,0.9912832689,0
sprsound2022::41275381_2.6_0_p4_2249__event_002,sprsound2022,sprsound2022::41275381,calibration,False,0,normal,1.1509999999999998,0,0.0020921056,0.0030948294,0.0025934675,0.9974065325,0
sprsound2022::41275381_2.6_0_p4_2249__event_003,sprsound2022,sprsound2022::41275381,calibration,False,0,normal,1.465,0,0.002897682,0.0064558666,0.0046767743,0.9953232257,0
sprsound2022::41279835_14.1_0_p1_2945__event_000,sprsound2022,sprsound2022::41279835,calibration,False,1,fine_crackle,4.647,1,0.07458493,0.056995872,0.065790401,0.934209599,0
sprsound2022::41279835_14.1_0_p3_2054__event_000,sprsound2022,sprsound2022::41279835,calibration,False,0,normal,1.3420000000000003,0,0.38949662,0.27165428,0.33057545,0.66942455,0
sprsound2022::41279835_14.1_0_p3_2054__event_001,sprsound2022,sprsound2022::41279835,calibration,False,0,normal,1.1180000000000003,0,0.90279377,0.5553244,0.729059085,0.27094091499999995,1
sprsound2022::41279835_14.1_0_p3_2054__event_002,sprsound2022,sprsound2022::41279835,calibration,False,0,normal,1.8339999999999996,0,0.4512146,0.46404326,0.45762893000000004,0.54237107,0
sprsound2022::41279835_14.1_0_p3_2054__event_003,sprsound2022,sprsound2022::41279835,calibration,False,0,normal,0.559000000000001,0,0.28231823,0.113534644,0.197926437,0.802073563,0
sprsound2022::41279835_14.1_0_p4_2062__event_000,sprsound2022,sprsound2022::41279835,calibration,False,0,normal,0.8599999999999999,0,0.11057095,0.20378289,0.15717692,0.8428230800000001,0
sprsound2022::41279835_14.1_0_p4_2062__event_001,sprsound2022,sprsound2022::41279835,calibration,False,0,normal,0.827,0,0.06288885,0.25919133,0.16104009,0.83895991,0
sprsound2022::63211196_9.1_0_p1_2144__event_000,sprsound2022,sprsound2022::63211196,calibration,False,0,normal,1.935,0,0.00036052545,0.0022244737,0.001292499575,0.998707500425,0
sprsound2022::63211196_9.1_0_p1_2144__event_001,sprsound2022,sprsound2022::63211196,calibration,False,0,normal,1.66,0,0.0008818485,0.004807745,0.00284479675,0.99715520325,0
sprsound2022::63211196_9.1_0_p1_2144__event_002,sprsound2022,sprsound2022::63211196,calibration,False,0,normal,1.747,0,0.00076462823,0.003917517,0.0023410726149999997,0.997658927385,0
sprsound2022::63211196_9.1_0_p1_2174__event_000,sprsound2022,sprsound2022::63211196,calibration,False,0,normal,2.896,0,0.0017005637,0.011832647,0.00676660535,0.99323339465,0
sprsound2022::63211196_9.1_0_p1_2174__event_001,sprsound2022,sprsound2022::63211196,calibration,False,0,normal,2.520999999999999,0,0.0030593337,0.0066582314,0.004858782549999999,0.99514121745,0
sprsound2022::63211196_9.1_0_p1_2960__event_000,sprsound2022,sprsound2022::63211196,calibration,False,0,normal,1.812,0,0.0263295,0.07575947,0.051044485,0.948955515,0
sprsound2022::63211196_9.1_0_p1_2960__event_001,sprsound2022,sprsound2022::63211196,calibration,False,0,normal,1.897,0,0.0010535236,0.005783486,0.0034185048,0.9965814952,0
sprsound2022::63211196_9.1_0_p1_3082__event_000,sprsound2022,sprsound2022::63211196,calibration,False,0,normal,2.344,0,0.0013995296,0.0030931574,0.0022463435,0.9977536565,0
sprsound2022::63211196_9.1_0_p1_3082__event_001,sprsound2022,sprsound2022::63211196,calibration,False,0,normal,0.9469999999999992,0,0.007945508,0.02093973,0.014442619,0.985557381,0
sprsound2022::63211196_9.1_0_p1_3149__event_000,sprsound2022,sprsound2022::63211196,calibration,False,0,normal,1.99,0,0.0019466745,0.008120598,0.00503363625,0.99496636375,0
sprsound2022::63211196_9.1_0_p1_3149__event_001,sprsound2022,sprsound2022::63211196,calibration,False,0,normal,1.5459999999999994,0,0.0017585643,0.060129814,0.03094418915,0.96905581085,0
sprsound2022::63211196_9.1_0_p2_2203__event_000,sprsound2022,sprsound2022::63211196,calibration,False,0,normal,1.6719999999999997,0,0.00050956913,0.0027346315,0.001622100315,0.998377899685,0
sprsound2022::63211196_9.1_0_p2_2203__event_001,sprsound2022,sprsound2022::63211196,calibration,False,0,normal,1.367,0,0.205501,0.18074869,0.193124845,0.806875155,0
sprsound2022::63211196_9.1_0_p2_2203__event_002,sprsound2022,sprsound2022::63211196,calibration,False,0,normal,1.4749999999999996,0,0.0010635732,0.004368158,0.0027158656,0.9972841344,0
sprsound2022::63211196_9.1_0_p2_2203__event_003,sprsound2022,sprsound2022::63211196,calibration,False,0,normal,2.1579999999999995,0,0.010184924,0.022630645,0.0164077845,0.9835922155,0
sprsound2022::63211196_9.1_0_p2_2924__event_000,sprsound2022,sprsound2022::63211196,calibration,False,0,normal,1.882,0,0.010854944,0.008229962,0.009542453,0.990457547,0
sprsound2022::63211196_9.1_0_p2_2924__event_001,sprsound2022,sprsound2022::63211196,calibration,False,0,normal,1.918,0,0.00059259444,0.0031801795,0.0018863869700000001,0.99811361303,0
sprsound2022::63211196_9.1_0_p2_2924__event_002,sprsound2022,sprsound2022::63211196,calibration,False,0,normal,1.3659999999999997,0,0.0064318194,0.0062925466,0.006362183,0.993637817,0
sprsound2022::63211196_9.1_0_p2_2924__event_003,sprsound2022,sprsound2022::63211196,calibration,False,0,normal,2.5760000000000005,0,0.0028959245,0.0053443536,0.00412013905,0.99587986095,0
sprsound2022::63211196_9.1_0_p2_3100__event_000,sprsound2022,sprsound2022::63211196,calibration,False,0,normal,1.876999999999999,0,0.00091776066,0.0051108166,0.00301428863,0.99698571137,0
sprsound2022::63211196_9.1_0_p2_3100__event_001,sprsound2022,sprsound2022::63211196,calibration,False,0,normal,1.5259999999999998,0,0.041913383,0.02542216,0.0336677715,0.9663322285,0
sprsound2022::63211196_9.1_0_p2_3100__event_002,sprsound2022,sprsound2022::63211196,calibration,False,0,normal,2.990000000000001,0,0.011826716,0.007050043,0.0094383795,0.9905616205,0
sprsound2022::63211196_9.1_0_p2_3164__event_000,sprsound2022,sprsound2022::63211196,calibration,False,0,normal,1.028,0,0.0025915513,0.0077840164,0.00518778385,0.99481221615,0
sprsound2022::63211196_9.1_0_p2_3164__event_001,sprsound2022,sprsound2022::63211196,calibration,False,0,normal,0.714,0,0.019211864,0.060769685,0.0399907745,0.9600092255,0
sprsound2022::63211196_9.1_0_p2_3164__event_002,sprsound2022,sprsound2022::63211196,calibration,False,0,normal,1.096,0,0.009552481,0.027927106,0.0187397935,0.9812602065,0
sprsound2022::63211196_9.1_0_p2_3164__event_003,sprsound2022,sprsound2022::63211196,calibration,False,0,normal,0.8650000000000002,0,0.00335374,0.0027726686,0.0030632043,0.9969367957,0
sprsound2022::63211196_9.1_0_p2_3164__event_004,sprsound2022,sprsound2022::63211196,calibration,False,0,normal,0.9610000000000004,0,0.0011324277,0.009223208,0.00517781785,0.99482218215,0
sprsound2022::63211196_9.1_0_p2_3194__event_000,sprsound2022,sprsound2022::63211196,calibration,False,0,normal,0.94,0,0.0024795318,0.0074695116,0.0049745217,0.9950254783,0
sprsound2022::63211196_9.1_0_p2_3194__event_001,sprsound2022,sprsound2022::63211196,calibration,False,0,normal,1.6399999999999997,0,0.0055895704,0.009011857,0.007300713699999999,0.9926992863,0
sprsound2022::63211196_9.1_0_p2_3194__event_002,sprsound2022,sprsound2022::63211196,calibration,False,0,normal,1.5250000000000004,0,0.028507732,0.093865745,0.061186738500000004,0.9388132615,0
sprsound2022::63211196_9.1_0_p2_3194__event_003,sprsound2022,sprsound2022::63211196,calibration,False,0,normal,0.907,0,0.031232413,0.020552153,0.025892283000000002,0.974107717,0
sprsound2022::63211196_9.1_0_p2_3194__event_004,sprsound2022,sprsound2022::63211196,calibration,False,0,normal,0.7409999999999997,0,0.86863166,0.94039506,0.9045133599999999,0.09548664000000007,1
sprsound2022::63211196_9.1_0_p3_2159__event_000,sprsound2022,sprsound2022::63211196,calibration,False,0,normal,1.4229999999999996,0,0.0056000547,0.0036199277,0.0046099912,0.9953900088,0
sprsound2022::63211196_9.1_0_p3_2159__event_001,sprsound2022,sprsound2022::63211196,calibration,False,0,normal,1.6999999999999993,0,0.13891524,0.055406157,0.0971606985,0.9028393015,0
sprsound2022::63211196_9.1_0_p3_2159__event_002,sprsound2022,sprsound2022::63211196,calibration,False,0,normal,1.404,0,0.0043353415,0.009333638,0.0068344897500000005,0.99316551025,0
sprsound2022::63211196_9.1_0_p3_2159__event_003,sprsound2022,sprsound2022::63211196,calibration,False,0,normal,2.495,0,0.77220523,0.4607631,0.6164841649999999,0.3835158350000001,1
sprsound2022::63211196_9.1_0_p3_2942__event_000,sprsound2022,sprsound2022::63211196,calibration,False,0,normal,2.2079999999999993,0,0.0016214348,0.00530367,0.0034625524,0.9965374476,0
sprsound2022::63211196_9.1_0_p3_2942__event_001,sprsound2022,sprsound2022::63211196,calibration,False,0,normal,3.0330000000000004,0,0.0149005875,0.03544079,0.02517068875,0.97482931125,0
sprsound2022::63211196_9.1_0_p3_2942__event_002,sprsound2022,sprsound2022::63211196,calibration,False,0,normal,3.8869999999999982,0,0.07194281,0.09193571,0.08193926,0.91806074,0
sprsound2022::63211196_9.1_0_p3_3117__event_000,sprsound2022,sprsound2022::63211196,calibration,False,0,normal,1.5090000000000003,0,0.1713048,0.17988189,0.175593345,0.824406655,0
sprsound2022::63211196_9.1_0_p3_3179__event_000,sprsound2022,sprsound2022::63211196,calibration,False,0,normal,2.0620000000000003,0,0.35879296,0.053411357,0.2061021585,0.7938978415,0
sprsound2022::63211196_9.1_0_p3_3179__event_001,sprsound2022,sprsound2022::63211196,calibration,False,0,normal,2.034,0,0.052912317,0.034064084,0.043488200500000004,0.9565117995,0
sprsound2022::63211196_9.1_0_p3_3179__event_002,sprsound2022,sprsound2022::63211196,calibration,False,0,normal,0.9699999999999988,0,0.0031214696,0.0074428124,0.005282141000000001,0.994717859,0
sprsound2022::63211196_9.1_0_p3_3179__event_003,sprsound2022,sprsound2022::63211196,calibration,False,0,normal,1.0939999999999994,0,0.012125716,0.012285879,0.0122057975,0.9877942025,0
sprsound2022::63211196_9.1_0_p4_2189__event_000,sprsound2022,sprsound2022::63211196,calibration,False,0,normal,1.7410000000000003,0,0.013654587,0.010524735,0.012089661,0.987910339,0
sprsound2022::63211196_9.1_0_p4_2189__event_001,sprsound2022,sprsound2022::63211196,calibration,False,0,normal,1.3239999999999998,0,0.0014127932,0.004284769,0.0028487811,0.9971512189,0
sprsound2022::63211196_9.1_0_p4_2189__event_002,sprsound2022,sprsound2022::63211196,calibration,False,0,normal,1.2360000000000009,0,0.07119933,0.015579757,0.0433895435,0.9566104565,0
sprsound2022::63211196_9.1_0_p4_2189__event_003,sprsound2022,sprsound2022::63211196,calibration,False,0,normal,1.2359999999999989,0,0.52594537,0.31316277,0.41955407,0.58044593,0
sprsound2022::63211196_9.1_0_p4_2978__event_000,sprsound2022,sprsound2022::63211196,calibration,False,0,normal,1.897,0,0.20111272,0.14498262,0.17304767,0.82695233,0
sprsound2022::63211196_9.1_0_p4_2978__event_001,sprsound2022,sprsound2022::63211196,calibration,False,0,normal,1.6460000000000008,0,0.0007542192,0.004637433,0.0026958260999999997,0.9973041739,0
sprsound2022::63211196_9.1_0_p4_2978__event_002,sprsound2022,sprsound2022::63211196,calibration,False,0,normal,1.4620000000000002,0,0.0070906715,0.026999246,0.017044958750000002,0.98295504125,0
sprsound2022::63211196_9.1_0_p4_3064__event_000,sprsound2022,sprsound2022::63211196,calibration,False,0,normal,3.485,0,0.039446123,0.028325122,0.033885622500000004,0.9661143775,0
sprsound2022::63211196_9.1_0_p4_3064__event_001,sprsound2022,sprsound2022::63211196,calibration,False,0,normal,1.4600000000000009,0,0.09926387,0.44722834,0.273246105,0.726753895,0
sprsound2022::63211196_9.1_0_p4_3133__event_000,sprsound2022,sprsound2022::63211196,calibration,False,0,normal,2.285,0,0.001307363,0.0017733013,0.00154033215,0.99845966785,0
sprsound2022::63211196_9.1_0_p4_3133__event_001,sprsound2022,sprsound2022::63211196,calibration,False,0,normal,1.136999999999999,0,0.10292216,0.047926296,0.075424228,0.924575772,0
sprsound2022::63211196_9.1_0_p4_3133__event_002,sprsound2022,sprsound2022::63211196,calibration,False,0,normal,1.976,0,0.011445406,0.03224321,0.021844308,0.978155692,0
sprsound2022::63211196_9.1_0_p4_3204__event_000,sprsound2022,sprsound2022::63211196,calibration,False,0,normal,2.0469999999999997,0,0.00036325405,0.0027818852,0.0015725696250000001,0.998427430375,0
sprsound2022::63211196_9.1_0_p4_3204__event_001,sprsound2022,sprsound2022::63211196,calibration,False,0,normal,2.1389999999999993,0,0.0015130781,0.0041201026,0.00281659035,0.99718340965,0
sprsound2022::63211196_9.1_0_p4_3204__event_002,sprsound2022,sprsound2022::63211196,calibration,False,0,normal,2.145999999999999,0,0.0114521105,0.00403887,0.00774549025,0.99225450975,0
sprsound2022::63211196_9.1_0_p4_3204__event_003,sprsound2022,sprsound2022::63211196,calibration,False,0,normal,1.1319999999999997,0,0.0020533958,0.0072736056,0.0046635007,0.9953364993,0
sprsound2022::63613821_9.2_1_p1_1300__event_000,sprsound2022,sprsound2022::63613821,calibration,False,1,coarse_crackle,1.8809999999999991,1,0.8849185,0.5889949,0.7369567,0.2630433,1
sprsound2022::63613821_9.2_1_p2_1167__event_000,sprsound2022,sprsound2022::63613821,calibration,False,0,normal,1.9690000000000003,0,0.7223887,0.41086614,0.56662742,0.43337258,1
sprsound2022::63613821_9.2_1_p2_1167__event_001,sprsound2022,sprsound2022::63613821,calibration,False,0,normal,1.221,0,0.0868107,0.18867272,0.13774171,0.86225829,0
sprsound2022::63613821_9.2_1_p2_1167__event_002,sprsound2022,sprsound2022::63613821,calibration,False,0,normal,2.936,0,0.5660961,0.2593742,0.41273515,0.58726485,0
sprsound2022::63613821_9.2_1_p2_1356__event_000,sprsound2022,sprsound2022::63613821,calibration,False,0,normal,2.261,0,0.0024340462,0.0125946,0.0075143230999999994,0.9924856769,0
sprsound2022::63613821_9.2_1_p3_1157__event_000,sprsound2022,sprsound2022::63613821,calibration,False,0,normal,4.419,0,0.0015062068,0.005135281,0.0033207439,0.9966792561,0
sprsound2022::63613821_9.2_1_p3_1290__event_000,sprsound2022,sprsound2022::63613821,calibration,False,0,normal,2.0999999999999996,0,0.0064162645,0.004326446,0.00537135525,0.99462864475,0
sprsound2022::63613821_9.2_1_p3_1290__event_001,sprsound2022,sprsound2022::63613821,calibration,False,0,normal,2.2140000000000004,0,0.0027860075,0.0027318941,0.0027589508,0.9972410492,0
sprsound2022::63613821_9.2_1_p3_1290__event_002,sprsound2022,sprsound2022::63613821,calibration,False,0,normal,3.729,0,0.0026152197,0.0037139088,0.00316456425,0.99683543575,0
sprsound2022::63613821_9.2_1_p3_1365__event_000,sprsound2022,sprsound2022::63613821,calibration,False,0,normal,2.5500000000000003,0,0.002008147,0.009919471,0.005963809,0.994036191,0
sprsound2022::63613821_9.2_1_p3_1365__event_001,sprsound2022,sprsound2022::63613821,calibration,False,0,normal,1.556,0,0.0012021988,0.005920256,0.0035612274,0.9964387726,0
sprsound2022::63613821_9.2_1_p3_1365__event_002,sprsound2022,sprsound2022::63613821,calibration,False,0,normal,1.975,0,0.0024015196,0.009516021,0.0059587703,0.9940412297,0
sprsound2022::63613821_9.2_1_p4_1148__event_000,sprsound2022,sprsound2022::63613821,calibration,False,0,normal,1.8169999999999995,0,0.008469985,0.0140971355,0.01128356025,0.98871643975,0
sprsound2022::63613821_9.2_1_p4_1148__event_001,sprsound2022,sprsound2022::63613821,calibration,False,0,normal,1.5449999999999997,0,0.001475929,0.0076291882,0.0045525586,0.9954474414,0
sprsound2022::63613821_9.2_1_p4_1148__event_002,sprsound2022,sprsound2022::63613821,calibration,False,0,normal,1.362,0,0.0018953085,0.0033199815,0.002607645,0.997392355,0
sprsound2022::63613821_9.2_1_p4_1148__event_003,sprsound2022,sprsound2022::63613821,calibration,False,0,normal,1.362000000000001,0,0.002213182,0.0047841435,0.00349866275,0.99650133725,0
sprsound2022::63613821_9.2_1_p4_1270__event_000,sprsound2022,sprsound2022::63613821,calibration,False,0,normal,1.0649999999999995,0,0.009649561,0.016004177,0.012826869000000001,0.987173131,0
sprsound2022::63613821_9.2_1_p4_1270__event_001,sprsound2022,sprsound2022::63613821,calibration,False,0,normal,2.002,0,0.0062267254,0.0051270793,0.0056769023500000005,0.99432309765,0
sprsound2022::63613821_9.2_1_p4_1329__event_000,sprsound2022,sprsound2022::63613821,calibration,False,0,normal,1.512,0,0.22841404,0.018417543,0.12341579150000001,0.8765842085,0
sprsound2022::63613821_9.2_1_p4_1329__event_001,sprsound2022,sprsound2022::63613821,calibration,False,0,normal,1.1629999999999994,0,0.0068455385,0.008119726,0.00748263225,0.99251736775,0
sprsound2022::63613821_9.2_1_p4_1329__event_002,sprsound2022,sprsound2022::63613821,calibration,False,0,normal,3.457,0,0.00880452,0.00647811,0.007641314999999999,0.992358685,0
sprsound2022::63613821_9.2_1_p4_1338__event_000,sprsound2022,sprsound2022::63613821,calibration,False,0,normal,1.954,0,0.00881295,0.007506125,0.0081595375,0.9918404625,0
sprsound2022::63613821_9.2_1_p4_1338__event_001,sprsound2022,sprsound2022::63613821,calibration,False,0,normal,1.6909999999999998,0,0.07215881,0.059631497,0.0658951535,0.9341048465,0
sprsound2022::63613821_9.2_1_p4_1338__event_002,sprsound2022,sprsound2022::63613821,calibration,False,0,normal,1.636000000000001,0,0.001906531,0.005064442,0.0034854865,0.9965145135,0
sprsound2022::64678063_4.3_1_p1_2768__event_000,sprsound2022,sprsound2022::64678063,calibration,False,0,normal,1.234,0,0.24023694,0.1655469,0.20289192,0.79710808,0
sprsound2022::64678063_4.3_1_p1_2768__event_001,sprsound2022,sprsound2022::64678063,calibration,False,0,normal,1.487,0,0.00035242402,0.003812228,0.0020823260099999998,0.99791767399,0
sprsound2022::64678063_4.3_1_p1_2768__event_002,sprsound2022,sprsound2022::64678063,calibration,False,0,normal,1.5440000000000005,0,0.0019407858,0.006792029,0.0043664074,0.9956335926,0
sprsound2022::64678063_4.3_1_p1_2768__event_003,sprsound2022,sprsound2022::64678063,calibration,False,0,normal,0.5309999999999988,0,0.02149083,0.11205113,0.06677098,0.93322902,0
sprsound2022::64678063_4.3_1_p1_2840__event_000,sprsound2022,sprsound2022::64678063,calibration,False,0,normal,1.244,0,0.99333787,0.9866002,0.989969035,0.010030965000000003,1
sprsound2022::64678063_4.3_1_p1_2840__event_001,sprsound2022,sprsound2022::64678063,calibration,False,0,normal,1.0090000000000003,0,0.0021979401,0.014485468,0.008341704049999999,0.99165829595,0
sprsound2022::64678063_4.3_1_p1_2904__event_000,sprsound2022,sprsound2022::64678063,calibration,False,0,normal,1.611,0,0.06337979,0.2159898,0.139684795,0.860315205,0
sprsound2022::64678063_4.3_1_p1_2904__event_001,sprsound2022,sprsound2022::64678063,calibration,False,0,normal,1.7280000000000002,0,0.0011008087,0.006465255,0.0037830318499999997,0.99621696815,0
sprsound2022::64678063_4.3_1_p1_2904__event_002,sprsound2022,sprsound2022::64678063,calibration,False,0,normal,1.457,0,0.0062739593,0.01395005,0.010112004649999999,0.98988799535,0
sprsound2022::64678063_4.3_1_p1_2904__event_003,sprsound2022,sprsound2022::64678063,calibration,False,0,normal,0.9830000000000004,0,0.029445563,0.10945435,0.0694499565,0.9305500435,0
sprsound2022::64678063_4.3_1_p1_2904__event_004,sprsound2022,sprsound2022::64678063,calibration,False,1,wheeze,0.3380000000000001,1,0.9972203,0.99485505,0.996037675,0.003962325000000044,1
sprsound2022::64678063_4.3_1_p1_2904__event_005,sprsound2022,sprsound2022::64678063,calibration,False,1,wheeze,0.634,1,0.988572,0.992274,0.990423,0.009576999999999947,1
sprsound2022::64678063_4.3_1_p1_2922__event_000,sprsound2022,sprsound2022::64678063,calibration,False,0,normal,1.787,0,0.0021625434,0.005132565,0.0036475542,0.9963524458,0
sprsound2022::64678063_4.3_1_p1_2922__event_001,sprsound2022,sprsound2022::64678063,calibration,False,0,normal,1.552,0,0.0065710656,0.039879482,0.0232252738,0.9767747261999999,0
sprsound2022::64678063_4.3_1_p1_2922__event_002,sprsound2022,sprsound2022::64678063,calibration,False,0,normal,1.882,0,0.005608053,0.011937779,0.008772916,0.991227084,0
sprsound2022::64678063_4.3_1_p1_2922__event_003,sprsound2022,sprsound2022::64678063,calibration,False,0,normal,1.519,0,0.002242321,0.00554912,0.0038957205,0.9961042795,0
sprsound2022::64678063_4.3_1_p1_2922__event_004,sprsound2022,sprsound2022::64678063,calibration,False,0,normal,1.471000000000001,0,0.0021542911,0.025925247,0.01403976905,0.98596023095,0
sprsound2022::64678063_4.3_1_p2_2708__event_000,sprsound2022,sprsound2022::64678063,calibration,False,0,normal,1.163,0,0.13054945,0.20086192,0.165705685,0.834294315,0
sprsound2022::64678063_4.3_1_p2_2708__event_001,sprsound2022,sprsound2022::64678063,calibration,False,0,normal,0.8609999999999998,0,0.4956866,0.6284119,0.5620492500000001,0.43795074999999994,1
sprsound2022::64678063_4.3_1_p2_2708__event_002,sprsound2022,sprsound2022::64678063,calibration,False,0,normal,0.8629999999999995,0,0.9931417,0.99241227,0.992776985,0.007223014999999999,1
sprsound2022::64678063_4.3_1_p2_2792__event_000,sprsound2022,sprsound2022::64678063,calibration,False,0,normal,1.7400000000000002,0,0.022239836,0.010930295,0.0165850655,0.9834149345,0
sprsound2022::64678063_4.3_1_p2_2792__event_001,sprsound2022,sprsound2022::64678063,calibration,False,0,normal,1.215,0,0.2213916,0.121210545,0.17130107249999998,0.8286989275000001,0
sprsound2022::64678063_4.3_1_p2_2804__event_000,sprsound2022,sprsound2022::64678063,calibration,False,0,normal,1.2440000000000002,0,0.99416083,0.9771474,0.985654115,0.014345885000000003,1
sprsound2022::64678063_4.3_1_p2_2804__event_001,sprsound2022,sprsound2022::64678063,calibration,False,0,normal,1.4689999999999994,0,0.5048503,0.5741371,0.5394937,0.46050630000000004,1
sprsound2022::64678063_4.3_1_p2_2804__event_002,sprsound2022,sprsound2022::64678063,calibration,False,0,normal,1.1909999999999998,0,0.36187837,0.9173118,0.6395950850000001,0.36040491499999994,1
sprsound2022::64678063_4.3_1_p2_2804__event_003,sprsound2022,sprsound2022::64678063,calibration,False,0,normal,1.6220000000000008,0,0.0013350436,0.0060324846,0.0036837640999999996,0.9963162359,0
sprsound2022::64678063_4.3_1_p2_2804__event_004,sprsound2022,sprsound2022::64678063,calibration,False,0,normal,0.6210000000000004,0,0.0034579341,0.005814116,0.00463602505,0.99536397495,0
sprsound2022::64678063_4.3_1_p2_2852__event_000,sprsound2022,sprsound2022::64678063,calibration,False,0,normal,1.6639999999999997,0,0.02869255,0.44705626,0.23787440499999998,0.762125595,0
sprsound2022::64678063_4.3_1_p2_2852__event_001,sprsound2022,sprsound2022::64678063,calibration,False,0,normal,1.2560000000000002,0,0.01733032,0.025324907,0.021327613500000002,0.9786723865,0
sprsound2022::64678063_4.3_1_p2_2852__event_002,sprsound2022,sprsound2022::64678063,calibration,False,0,normal,1.492,0,0.0075967116,0.0137569215,0.010676816549999999,0.98932318345,0
sprsound2022::64678063_4.3_1_p2_2852__event_003,sprsound2022,sprsound2022::64678063,calibration,False,0,normal,0.8200000000000003,0,0.045940816,0.01781475,0.031877783,0.968122217,0
sprsound2022::64678063_4.3_1_p2_2976__event_000,sprsound2022,sprsound2022::64678063,calibration,False,0,normal,1.201,0,0.018980164,0.014542035,0.0167610995,0.9832389005,0
sprsound2022::64678063_4.3_1_p2_2976__event_001,sprsound2022,sprsound2022::64678063,calibration,False,0,normal,1.444,0,0.012720942,0.01878893,0.015754936,0.984245064,0
sprsound2022::64678063_4.3_1_p2_2976__event_002,sprsound2022,sprsound2022::64678063,calibration,False,0,normal,1.3390000000000004,0,0.015487338,0.0093509955,0.01241916675,0.98758083325,0
sprsound2022::64678063_4.3_1_p2_2976__event_003,sprsound2022,sprsound2022::64678063,calibration,False,0,normal,1.0830000000000002,0,0.010833738,0.014306155,0.0125699465,0.9874300535,0
sprsound2022::64678063_4.3_1_p3_2732__event_000,sprsound2022,sprsound2022::64678063,calibration,False,0,normal,1.447,0,0.001675266,0.036552362,0.019113814,0.980886186,0
sprsound2022::64678063_4.3_1_p3_2732__event_001,sprsound2022,sprsound2022::64678063,calibration,False,0,normal,1.5890000000000004,0,0.0008816947,0.006098172,0.00348993335,0.99651006665,0
sprsound2022::64678063_4.3_1_p3_2732__event_002,sprsound2022,sprsound2022::64678063,calibration,False,0,normal,1.4079999999999997,0,0.0009789655,0.004846679,0.0029128222499999997,0.99708717775,0
sprsound2022::64678063_4.3_1_p3_2732__event_003,sprsound2022,sprsound2022::64678063,calibration,False,0,normal,0.9210000000000012,0,0.029911187,0.038338955,0.034125071,0.965874929,0
sprsound2022::64678063_4.3_1_p3_2756__event_000,sprsound2022,sprsound2022::64678063,calibration,False,0,normal,1.4860000000000002,0,0.0016630096,0.007659472,0.0046612408,0.9953387592,0
sprsound2022::64678063_4.3_1_p3_2756__event_001,sprsound2022,sprsound2022::64678063,calibration,False,0,normal,1.088,0,0.5108018,0.22756729,0.369184545,0.630815455,0
sprsound2022::64678063_4.3_1_p3_2756__event_002,sprsound2022,sprsound2022::64678063,calibration,False,0,normal,1.4220000000000002,0,0.048188847,0.046484917,0.047336882,0.952663118,0
sprsound2022::64678063_4.3_1_p3_2756__event_003,sprsound2022,sprsound2022::64678063,calibration,False,0,normal,1.6399999999999997,0,0.00063781824,0.005129775,0.00288379662,0.99711620338,0
sprsound2022::64678063_4.3_1_p3_2756__event_004,sprsound2022,sprsound2022::64678063,calibration,False,0,normal,1.5499999999999998,0,0.006797599,0.0076332395,0.00721541925,0.99278458075,0
sprsound2022::64678063_4.3_1_p3_2756__event_005,sprsound2022,sprsound2022::64678063,calibration,False,0,normal,0.8439999999999994,0,0.005143587,0.010702636,0.0079231115,0.9920768885,0
sprsound2022::64678063_4.3_1_p3_2828__event_000,sprsound2022,sprsound2022::64678063,calibration,False,0,normal,1.159,0,0.011653835,0.0112373475,0.01144559125,0.98855440875,0
sprsound2022::64678063_4.3_1_p3_2828__event_001,sprsound2022,sprsound2022::64678063,calibration,False,0,normal,1.525,0,0.011598542,0.046638314,0.029118428000000002,0.970881572,0
sprsound2022::64678063_4.3_1_p3_2828__event_002,sprsound2022,sprsound2022::64678063,calibration,False,0,normal,1.3669999999999995,0,0.61122525,0.77931756,0.695271405,0.30472859500000005,1
sprsound2022::64678063_4.3_1_p3_2828__event_003,sprsound2022,sprsound2022::64678063,calibration,False,0,normal,1.9739999999999993,0,0.007607205,0.009123008,0.0083651065,0.9916348935,0
sprsound2022::64678063_4.3_1_p3_2828__event_004,sprsound2022,sprsound2022::64678063,calibration,False,0,normal,0.3520000000000003,0,0.013623174,0.059953183,0.0367881785,0.9632118215,0
sprsound2022::64678063_4.3_1_p3_2869__event_000,sprsound2022,sprsound2022::64678063,calibration,False,0,normal,1.1679999999999997,0,0.8984743,0.93642795,0.9174511249999999,0.08254887500000008,1
sprsound2022::64678063_4.3_1_p3_2869__event_001,sprsound2022,sprsound2022::64678063,calibration,False,0,normal,1.2769999999999992,0,0.012586811,0.010117176,0.011351993500000001,0.9886480065,0
sprsound2022::64678063_4.3_1_p3_2869__event_002,sprsound2022,sprsound2022::64678063,calibration,False,0,normal,1.149,0,0.4490964,0.074368514,0.26173245700000003,0.738267543,0
sprsound2022::64678063_4.3_1_p3_2869__event_003,sprsound2022,sprsound2022::64678063,calibration,False,0,normal,1.060999999999999,0,0.43649274,0.57438624,0.50543949,0.49456051,1
sprsound2022::64678063_4.3_1_p3_2958__event_000,sprsound2022,sprsound2022::64678063,calibration,False,0,normal,1.4429999999999998,0,0.002535589,0.0059857634,0.0042606762,0.9957393238,0
sprsound2022::64678063_4.3_1_p3_2958__event_001,sprsound2022,sprsound2022::64678063,calibration,False,0,normal,1.239,0,0.012907807,0.011331391,0.012119599,0.987880401,0
sprsound2022::64678063_4.3_1_p3_2958__event_002,sprsound2022,sprsound2022::64678063,calibration,False,0,normal,1.3710000000000004,0,0.0021084754,0.016432261,0.0092703682,0.9907296318,0
sprsound2022::64678063_4.3_1_p3_2958__event_003,sprsound2022,sprsound2022::64678063,calibration,False,0,normal,1.367,0,0.00083541416,0.010443922,0.00563966808,0.99436033192,0
sprsound2022::64678063_4.3_1_p3_2958__event_004,sprsound2022,sprsound2022::64678063,calibration,False,0,normal,1.1049999999999995,0,0.003309423,0.035169594,0.0192395085,0.9807604915,0
sprsound2022::64678063_4.3_1_p3_2958__event_005,sprsound2022,sprsound2022::64678063,calibration,False,0,normal,0.4050000000000011,0,0.16964738,0.39375606,0.28170172,0.71829828,0
sprsound2022::64678063_4.3_1_p4_2744__event_000,sprsound2022,sprsound2022::64678063,calibration,False,0,normal,0.602,0,0.017670626,0.13562657,0.076648598,0.923351402,0
sprsound2022::64678063_4.3_1_p4_2744__event_001,sprsound2022,sprsound2022::64678063,calibration,False,0,normal,1.263,0,0.008671539,0.016119339,0.012395439000000001,0.987604561,0
sprsound2022::64678063_4.3_1_p4_2744__event_002,sprsound2022,sprsound2022::64678063,calibration,False,0,normal,1.1020000000000003,0,0.03887565,0.033934556,0.036405102999999994,0.963594897,0
sprsound2022::64678063_4.3_1_p4_2744__event_003,sprsound2022,sprsound2022::64678063,calibration,False,0,normal,0.6419999999999995,0,0.046624433,0.043911684,0.0452680585,0.9547319415,0
sprsound2022::64678063_4.3_1_p4_2780__event_000,sprsound2022,sprsound2022::64678063,calibration,False,0,normal,1.482,0,0.00061325735,0.013562794,0.007088025675,0.992911974325,0
sprsound2022::64678063_4.3_1_p4_2780__event_001,sprsound2022,sprsound2022::64678063,calibration,False,0,normal,1.4830000000000003,0,0.0005424818,0.003042816,0.0017926488999999999,0.9982073511,0
sprsound2022::64678063_4.3_1_p4_2780__event_002,sprsound2022,sprsound2022::64678063,calibration,False,0,normal,1.443999999999999,0,0.0017337863,0.0052767396,0.00350526295,0.99649473705,0
sprsound2022::64678063_4.3_1_p4_2780__event_003,sprsound2022,sprsound2022::64678063,calibration,False,0,normal,0.33,0,0.93226445,0.3290247,0.630644575,0.36935542499999996,1
sprsound2022::64678063_4.3_1_p4_2886__event_000,sprsound2022,sprsound2022::64678063,calibration,False,0,normal,1.0739999999999998,0,0.002145009,0.00522635,0.0036856795,0.9963143205,0
sprsound2022::64678063_4.3_1_p4_2940__event_000,sprsound2022,sprsound2022::64678063,calibration,False,0,normal,1.631,0,0.011521593,0.00642105,0.0089713215,0.9910286785,0
sprsound2022::64837947_4.0_1_p1_13__event_000,sprsound2022,sprsound2022::64837947,calibration,False,1,fine_crackle,1.0549999999999995,1,0.96291554,0.95878637,0.960850955,0.03914904500000005,1
sprsound2022::64837947_4.0_1_p1_13__event_001,sprsound2022,sprsound2022::64837947,calibration,False,1,fine_crackle,1.231999999999999,1,0.16078305,0.038448818,0.099615934,0.900384066,0
sprsound2022::64837947_4.0_1_p1_13__event_002,sprsound2022,sprsound2022::64837947,calibration,False,0,normal,1.0860000000000003,0,0.007810149,0.010304166,0.0090571575,0.9909428425,0
sprsound2022::64837947_4.0_1_p2_14__event_000,sprsound2022,sprsound2022::64837947,calibration,False,0,normal,1.429,0,0.005766072,0.0061144214,0.0059402467,0.9940597533,0
sprsound2022::64837947_4.0_1_p2_14__event_001,sprsound2022,sprsound2022::64837947,calibration,False,0,normal,1.6170000000000004,0,0.009660085,0.006926551,0.008293318000000001,0.991706682,0
sprsound2022::64837947_4.0_1_p2_14__event_002,sprsound2022,sprsound2022::64837947,calibration,False,0,normal,1.6160000000000003,0,0.0053135757,0.005199479,0.00525652735,0.99474347265,0
sprsound2022::64837947_4.0_1_p2_14__event_003,sprsound2022,sprsound2022::64837947,calibration,False,0,normal,1.5029999999999992,0,0.12868974,0.03476068,0.08172520999999999,0.91827479,0
sprsound2022::64837947_4.0_1_p3_15__event_000,sprsound2022,sprsound2022::64837947,calibration,False,0,normal,1.2859999999999996,0,0.0020651086,0.0068355114,0.00445031,0.99554969,0
sprsound2022::64840083_1.6_0_p1_697__event_000,sprsound2022,sprsound2022::64840083,calibration,False,0,normal,1.2160000000000002,0,0.0016970056,0.0072858315,0.00449141855,0.99550858145,0
sprsound2022::64840083_1.6_0_p1_697__event_001,sprsound2022,sprsound2022::64840083,calibration,False,0,normal,1.3599999999999994,0,0.00073498534,0.0035341713,0.0021345783200000003,0.99786542168,0
sprsound2022::64840083_1.6_0_p1_697__event_002,sprsound2022,sprsound2022::64840083,calibration,False,0,normal,1.266,0,0.0011339838,0.0065527135,0.00384334865,0.99615665135,0
sprsound2022::64840083_1.6_0_p1_697__event_003,sprsound2022,sprsound2022::64840083,calibration,False,0,normal,1.253,0,0.0016767316,0.01572985,0.0087032908,0.9912967092,0
sprsound2022::64840083_1.6_0_p1_697__event_004,sprsound2022,sprsound2022::64840083,calibration,False,0,normal,1.2599999999999998,0,0.0064083133,0.015807707,0.01110801015,0.98889198985,0
sprsound2022::64840083_1.6_0_p1_697__event_005,sprsound2022,sprsound2022::64840083,calibration,False,0,normal,1.0169999999999997,0,0.00679386,0.011684268,0.009239064,0.990760936,0
sprsound2022::64840083_1.6_0_p1_697__event_006,sprsound2022,sprsound2022::64840083,calibration,False,0,normal,1.362,0,0.0010578382,0.007165116,0.0041114771,0.9958885229,0
sprsound2022::64840083_1.6_0_p2_698__event_000,sprsound2022,sprsound2022::64840083,calibration,False,0,normal,1.5200000000000005,0,0.00330171,0.026429335,0.0148655225,0.9851344775,0
sprsound2022::64840083_1.6_0_p2_698__event_001,sprsound2022,sprsound2022::64840083,calibration,False,0,normal,1.1609999999999996,0,0.0057245283,0.0216731,0.01369881415,0.98630118585,0
sprsound2022::64840083_1.6_0_p2_698__event_002,sprsound2022,sprsound2022::64840083,calibration,False,0,normal,1.266,0,0.0020700102,0.013792587,0.007931298600000001,0.9920687014,0
sprsound2022::64840083_1.6_0_p2_698__event_003,sprsound2022,sprsound2022::64840083,calibration,False,0,normal,1.6010000000000009,0,0.0013712498,0.008974243,0.0051727464,0.9948272536,0
sprsound2022::64840083_1.6_0_p2_698__event_004,sprsound2022,sprsound2022::64840083,calibration,False,0,normal,1.5220000000000002,0,0.0049479506,0.04022539,0.0225866703,0.9774133297,0
sprsound2022::64840083_1.6_0_p2_698__event_005,sprsound2022,sprsound2022::64840083,calibration,False,0,normal,1.6420000000000012,0,0.0023458381,0.008811904,0.00557887105,0.99442112895,0
sprsound2022::64840083_1.6_0_p2_698__event_006,sprsound2022,sprsound2022::64840083,calibration,False,0,normal,1.282,0,0.0011824798,0.016943531,0.0090630054,0.9909369946,0
sprsound2022::64840083_1.6_0_p3_699__event_000,sprsound2022,sprsound2022::64840083,calibration,False,0,normal,1.6069999999999998,0,0.0005741002,0.0058810906,0.0032275954,0.9967724046,0
sprsound2022::64840083_1.6_0_p3_699__event_001,sprsound2022,sprsound2022::64840083,calibration,False,0,normal,1.529,0,0.0012637147,0.0041148253,0.0026892699999999997,0.99731073,0
sprsound2022::64840083_1.6_0_p3_699__event_002,sprsound2022,sprsound2022::64840083,calibration,False,0,normal,1.5920000000000003,0,0.0010150006,0.005053346,0.0030341733,0.9969658267,0
sprsound2022::64840083_1.6_0_p3_699__event_003,sprsound2022,sprsound2022::64840083,calibration,False,0,normal,1.535,0,0.0012382896,0.0040684394,0.0026533645000000002,0.9973466355,0
sprsound2022::64840083_1.6_0_p3_699__event_004,sprsound2022,sprsound2022::64840083,calibration,False,0,normal,1.5440000000000005,0,0.003497351,0.006487178,0.0049922644999999995,0.9950077355,0
sprsound2022::64840083_1.6_0_p3_699__event_005,sprsound2022,sprsound2022::64840083,calibration,False,0,normal,1.4799999999999986,0,0.002387212,0.007013745,0.0047004785,0.9952995215,0
sprsound2022::64840083_1.6_0_p3_699__event_006,sprsound2022,sprsound2022::64840083,calibration,False,0,normal,1.0850000000000009,0,0.001103252,0.0076413965,0.00437232425,0.99562767575,0
sprsound2022::64840083_1.6_0_p4_700__event_000,sprsound2022,sprsound2022::64840083,calibration,False,0,normal,1.2499999999999998,0,0.00048164057,0.0073179933,0.0038998169349999997,0.996100183065,0
sprsound2022::64840083_1.6_0_p4_700__event_001,sprsound2022,sprsound2022::64840083,calibration,False,0,normal,1.3280000000000003,0,0.0007469765,0.0041489895,0.002447983,0.997552017,0
sprsound2022::64840083_1.6_0_p4_700__event_002,sprsound2022,sprsound2022::64840083,calibration,False,0,normal,1.1989999999999998,0,0.0017111795,0.010595923,0.00615355125,0.99384644875,0
sprsound2022::64840083_1.6_0_p4_700__event_003,sprsound2022,sprsound2022::64840083,calibration,False,0,normal,0.995,0,0.0013750258,0.0063990443,0.0038870350500000003,0.99611296495,0
sprsound2022::64840083_1.6_0_p4_700__event_004,sprsound2022,sprsound2022::64840083,calibration,False,0,normal,1.0310000000000006,0,0.0028731825,0.013795143,0.008334162749999999,0.99166583725,0
sprsound2022::64840083_1.6_0_p4_700__event_005,sprsound2022,sprsound2022::64840083,calibration,False,0,normal,1.2400000000000002,0,0.0019061002,0.013917678,0.0079118891,0.9920881109,0
sprsound2022::64840083_1.6_0_p4_700__event_006,sprsound2022,sprsound2022::64840083,calibration,False,0,normal,1.154,0,0.0015140944,0.011859474,0.0066867842,0.9933132158,0
sprsound2022::64840083_1.6_0_p4_700__event_007,sprsound2022,sprsound2022::64840083,calibration,False,0,normal,1.3919999999999997,0,0.00066066935,0.004338321,0.002499495175,0.997500504825,0
sprsound2022::65039232_6.4_1_p2_374__event_000,sprsound2022,sprsound2022::65039232,calibration,False,0,normal,1.553,0,0.00092953193,0.004969575,0.002949553465,0.997050446535,0
sprsound2022::65039232_6.4_1_p2_374__event_001,sprsound2022,sprsound2022::65039232,calibration,False,0,normal,1.3859999999999992,0,0.0004642779,0.0050726896,0.00276848375,0.99723151625,0
sprsound2022::65039232_6.4_1_p2_374__event_002,sprsound2022,sprsound2022::65039232,calibration,False,0,normal,1.043,0,0.0052913437,0.0247255,0.01500842185,0.98499157815,0
sprsound2022::65044049_0.8_1_p2_250__event_000,sprsound2022,sprsound2022::65044049,calibration,False,1,fine_crackle,2.480999999999999,1,0.83994806,0.6476619,0.74380498,0.25619502000000005,1
sprsound2022::65044049_0.8_1_p3_251__event_000,sprsound2022,sprsound2022::65044049,calibration,False,0,normal,1.436,0,0.025762822,0.03738028,0.031571551,0.968428449,0
sprsound2022::65045423_5.0_1_p1_213__event_000,sprsound2022,sprsound2022::65045423,calibration,False,0,normal,1.6010000000000004,0,0.0011282505,0.008552264,0.0048402572500000005,0.99515974275,0
sprsound2022::65045423_5.0_1_p1_213__event_001,sprsound2022,sprsound2022::65045423,calibration,False,0,normal,1.1769999999999996,0,0.0014324132,0.00623224,0.0038323266,0.9961676734,0
sprsound2022::65045423_5.0_1_p1_213__event_002,sprsound2022,sprsound2022::65045423,calibration,False,0,normal,1.3099999999999987,0,0.0010467767,0.005258308,0.00315254235,0.99684745765,0
sprsound2022::65045423_5.0_1_p1_213__event_003,sprsound2022,sprsound2022::65045423,calibration,False,0,normal,0.9749999999999996,0,0.0039348505,0.009827207,0.00688102875,0.99311897125,0
sprsound2022::65045423_5.0_1_p1_213__event_004,sprsound2022,sprsound2022::65045423,calibration,False,0,normal,1.128,0,0.0036645962,0.011868249,0.0077664226000000005,0.9922335774,0
sprsound2022::65045423_5.0_1_p1_213__event_005,sprsound2022,sprsound2022::65045423,calibration,False,0,normal,1.3119999999999998,0,0.08869985,0.14310592,0.115902885,0.884097115,0
sprsound2022::65045423_5.0_1_p1_213__event_006,sprsound2022,sprsound2022::65045423,calibration,False,0,normal,1.0429999999999993,0,0.03697854,0.06407811,0.050528325,0.949471675,0
sprsound2022::65045423_5.0_1_p1_217__event_000,sprsound2022,sprsound2022::65045423,calibration,False,0,normal,0.3929999999999998,0,0.009410093,0.010010642,0.0097103675,0.9902896325,0
sprsound2022::65045423_5.0_1_p1_217__event_001,sprsound2022,sprsound2022::65045423,calibration,False,0,normal,1.5629999999999995,0,0.015872927,0.0068055103,0.01133921865,0.98866078135,0
sprsound2022::65045423_5.0_1_p2_214__event_000,sprsound2022,sprsound2022::65045423,calibration,False,0,normal,2.015,0,0.0031287398,0.010061019,0.0065948794,0.9934051206,0
sprsound2022::65045423_5.0_1_p2_214__event_001,sprsound2022,sprsound2022::65045423,calibration,False,0,normal,1.2159999999999993,0,0.0011380235,0.07638256,0.03876029175,0.96123970825,0
sprsound2022::65045423_5.0_1_p2_214__event_002,sprsound2022,sprsound2022::65045423,calibration,False,0,normal,1.1620000000000008,0,0.011229584,0.048679706,0.029954645000000002,0.970045355,0
sprsound2022::65045423_5.0_1_p2_214__event_003,sprsound2022,sprsound2022::65045423,calibration,False,0,normal,2.096,0,0.0065506874,0.024782091,0.0156663892,0.9843336108,0
sprsound2022::65045423_5.0_1_p2_218__event_000,sprsound2022,sprsound2022::65045423,calibration,False,0,normal,1.4589999999999996,0,0.17320263,0.43232337,0.302763,0.697237,0
sprsound2022::65045423_5.0_1_p2_218__event_001,sprsound2022,sprsound2022::65045423,calibration,False,0,normal,1.3010000000000002,0,0.007491561,0.073599294,0.040545427499999995,0.9594545725,0
sprsound2022::65045423_5.0_1_p2_218__event_002,sprsound2022,sprsound2022::65045423,calibration,False,0,normal,1.165,0,0.26118922,0.05431341,0.157751315,0.8422486849999999,0
sprsound2022::65045423_5.0_1_p2_218__event_003,sprsound2022,sprsound2022::65045423,calibration,False,0,normal,1.5879999999999992,0,0.06464781,0.26303315,0.16384048,0.83615952,0
sprsound2022::65045423_5.0_1_p3_215__event_000,sprsound2022,sprsound2022::65045423,calibration,False,0,normal,1.197000000000001,0,0.0019319336,0.005033214,0.0034825738000000004,0.9965174262,0
sprsound2022::65045423_5.0_1_p3_215__event_001,sprsound2022,sprsound2022::65045423,calibration,False,0,normal,1.1830000000000005,0,0.001405778,0.0048539243,0.0031298511499999997,0.99687014885,0
sprsound2022::65045423_5.0_1_p3_215__event_002,sprsound2022,sprsound2022::65045423,calibration,False,0,normal,1.327,0,0.06736025,0.017950922,0.042655585999999995,0.957344414,0
sprsound2022::65045423_5.0_1_p3_215__event_003,sprsound2022,sprsound2022::65045423,calibration,False,0,normal,0.5170000000000012,0,0.0048418795,0.01377547,0.009308674749999999,0.99069132525,0
sprsound2022::65045423_5.0_1_p3_215__event_004,sprsound2022,sprsound2022::65045423,calibration,False,0,normal,1.0649999999999995,0,0.004004916,0.0061866716,0.0050957938,0.9949042062,0
sprsound2022::65045423_5.0_1_p4_216__event_000,sprsound2022,sprsound2022::65045423,calibration,False,0,normal,1.8329999999999993,0,0.004819753,0.0065192035,0.00566947825,0.99433052175,0
sprsound2022::65045423_5.0_1_p4_216__event_001,sprsound2022,sprsound2022::65045423,calibration,False,0,normal,1.343,0,0.0028946854,0.008689346,0.0057920157,0.9942079843,0
sprsound2022::65045423_5.0_1_p4_216__event_002,sprsound2022,sprsound2022::65045423,calibration,False,0,normal,1.4229999999999992,0,0.0035526713,0.015331191,0.00944193115,0.99055806885,0
sprsound2022::65045423_5.0_1_p4_216__event_003,sprsound2022,sprsound2022::65045423,calibration,False,0,normal,1.3309999999999995,0,0.053506102,0.02267787,0.038091986,0.961908014,0
sprsound2022::65045423_5.0_1_p4_216__event_004,sprsound2022,sprsound2022::65045423,calibration,False,0,normal,2.23,0,0.009172418,0.0074301735,0.00830129575,0.99169870425,0
sprsound2022::65045423_5.0_1_p4_220__event_000,sprsound2022,sprsound2022::65045423,calibration,False,0,normal,1.185,0,0.0006114225,0.003377784,0.00199460325,0.99800539675,0
sprsound2022::65045423_5.0_1_p4_220__event_001,sprsound2022,sprsound2022::65045423,calibration,False,0,normal,1.258,0,0.033022378,0.02363589,0.028329134,0.971670866,0
sprsound2022::65045423_5.0_1_p4_220__event_002,sprsound2022,sprsound2022::65045423,calibration,False,0,normal,1.4049999999999994,0,0.0011432879,0.005648787,0.00339603745,0.99660396255,0
sprsound2022::65045423_5.2_1_p1_2745__event_000,sprsound2022,sprsound2022::65045423,calibration,False,0,normal,0.8440000000000003,0,0.021400085,0.03573904,0.0285695625,0.9714304375,0
sprsound2022::65045423_5.2_1_p1_2745__event_001,sprsound2022,sprsound2022::65045423,calibration,False,0,normal,0.9089999999999998,0,0.02437054,0.022445938,0.023408238999999997,0.976591761,0
sprsound2022::65045423_5.2_1_p1_2745__event_002,sprsound2022,sprsound2022::65045423,calibration,False,0,normal,0.5909999999999993,0,0.005530762,0.0049487185,0.0052397402499999995,0.99476025975,0
sprsound2022::65045423_5.2_1_p1_2805__event_000,sprsound2022,sprsound2022::65045423,calibration,False,0,normal,2.093,0,0.00567193,0.009563021,0.0076174755,0.9923825245,0
sprsound2022::65045423_5.2_1_p1_2805__event_001,sprsound2022,sprsound2022::65045423,calibration,False,0,normal,2.625,0,0.0044520223,0.008792606,0.006622314149999999,0.99337768585,0
sprsound2022::65045423_5.2_1_p1_2805__event_002,sprsound2022,sprsound2022::65045423,calibration,False,0,normal,1.5669999999999993,0,0.26954347,0.5679526,0.418748035,0.581251965,0
sprsound2022::65045423_5.2_1_p1_2853__event_000,sprsound2022,sprsound2022::65045423,calibration,False,1,rhonchi,0.955,1,0.98795044,0.9867849,0.98736767,0.01263232999999997,1
sprsound2022::65045423_5.2_1_p1_2853__event_001,sprsound2022,sprsound2022::65045423,calibration,False,1,rhonchi,0.7780000000000005,1,0.98049575,0.9135665,0.947031125,0.052968875000000026,1
sprsound2022::65045423_5.2_1_p1_2853__event_002,sprsound2022,sprsound2022::65045423,calibration,False,1,rhonchi,0.2689999999999992,1,0.9676642,0.9560807,0.96187245,0.03812755000000001,1
sprsound2022::65045423_5.2_1_p1_2853__event_003,sprsound2022,sprsound2022::65045423,calibration,False,0,normal,1.633,0,0.009428707,0.06790396,0.0386663335,0.9613336665,0
sprsound2022::65045423_5.2_1_p1_2853__event_004,sprsound2022,sprsound2022::65045423,calibration,False,0,normal,1.5870000000000002,0,0.02383725,0.03879908,0.031318165,0.968681835,0
sprsound2022::65045423_5.2_1_p1_2853__event_005,sprsound2022,sprsound2022::65045423,calibration,False,0,normal,1.173,0,0.0077562705,0.020381356,0.01406881325,0.98593118675,0
sprsound2022::65045423_5.2_1_p1_2853__event_006,sprsound2022,sprsound2022::65045423,calibration,False,0,normal,0.904,0,0.16215257,0.069404975,0.11577877249999999,0.8842212275,0
sprsound2022::65045423_5.2_1_p2_2684__event_000,sprsound2022,sprsound2022::65045423,calibration,False,0,normal,1.4660000000000002,0,0.73804843,0.7453858,0.7417171149999999,0.2582828850000001,1
sprsound2022::65045423_5.2_1_p2_2769__event_000,sprsound2022,sprsound2022::65045423,calibration,False,0,normal,1.338,0,0.489816,0.4496658,0.4697409,0.5302591,0
sprsound2022::65045423_5.2_1_p2_2769__event_001,sprsound2022,sprsound2022::65045423,calibration,False,0,normal,1.2359999999999998,0,0.035691626,0.08472788,0.060209753000000005,0.939790247,0
sprsound2022::65045423_5.2_1_p2_2781__event_000,sprsound2022,sprsound2022::65045423,calibration,False,0,normal,0.9389999999999998,0,0.005985628,0.06719706,0.036591344,0.963408656,0
sprsound2022::65045423_5.2_1_p2_2781__event_001,sprsound2022,sprsound2022::65045423,calibration,False,0,normal,1.5450000000000004,0,0.0056604585,0.035020053,0.02034025575,0.97965974425,0
sprsound2022::65045423_5.2_1_p2_2781__event_002,sprsound2022,sprsound2022::65045423,calibration,False,0,normal,1.3080000000000007,0,0.15936571,0.025571998,0.09246885399999999,0.907531146,0
sprsound2022::65045423_5.2_1_p2_2870__event_000,sprsound2022,sprsound2022::65045423,calibration,False,0,normal,1.896,0,0.0027349046,0.008244399,0.0054896518,0.9945103482,0
sprsound2022::65045423_5.2_1_p2_2870__event_001,sprsound2022,sprsound2022::65045423,calibration,False,0,normal,1.7059999999999995,0,0.07474307,0.12266623,0.09870465,0.90129535,0
sprsound2022::65045423_5.2_1_p2_2870__event_002,sprsound2022,sprsound2022::65045423,calibration,False,1,rhonchi,0.6699999999999999,1,0.99530053,0.99065053,0.99297553,0.007024469999999949,1
sprsound2022::65045423_5.2_1_p2_2870__event_003,sprsound2022,sprsound2022::65045423,calibration,False,1,rhonchi,0.6639999999999999,1,0.9748204,0.92947173,0.952146065,0.047853935000000014,1
sprsound2022::65045423_5.2_1_p3_2757__event_000,sprsound2022,sprsound2022::65045423,calibration,False,0,normal,1.016,0,0.072479896,0.07415951,0.073319703,0.926680297,0
sprsound2022::65045423_5.2_1_p3_2757__event_001,sprsound2022,sprsound2022::65045423,calibration,False,0,normal,1.0419999999999998,0,0.020146383,0.017259076,0.0187027295,0.9812972705,0
sprsound2022::65045423_5.2_1_p3_2841__event_000,sprsound2022,sprsound2022::65045423,calibration,False,0,normal,1.7539999999999996,0,0.0008998815,0.003160987,0.00203043425,0.99796956575,0
sprsound2022::65045423_5.2_1_p4_2733__event_000,sprsound2022,sprsound2022::65045423,calibration,False,0,normal,1.21,0,0.014542487,0.07408838,0.0443154335,0.9556845665,0
sprsound2022::65045423_5.2_1_p4_2733__event_001,sprsound2022,sprsound2022::65045423,calibration,False,0,normal,1.471,0,0.004336035,0.008390128,0.0063630815,0.9936369185,0
sprsound2022::65045423_5.2_1_p4_2733__event_002,sprsound2022,sprsound2022::65045423,calibration,False,0,normal,0.7249999999999996,0,0.007100649,0.009818153,0.008459401,0.991540599,0
sprsound2022::65045423_5.2_1_p4_2829__event_000,sprsound2022,sprsound2022::65045423,calibration,False,0,normal,1.4139999999999997,0,0.01841568,0.014970962,0.016693321,0.983306679,0
sprsound2022::65052739_1.7_1_p1_417__event_000,sprsound2022,sprsound2022::65052739,calibration,False,0,normal,1.211,0,0.0012505869,0.0046501877,0.0029503873,0.9970496127,0
sprsound2022::65052739_1.7_1_p1_417__event_001,sprsound2022,sprsound2022::65052739,calibration,False,0,normal,0.9749999999999996,0,0.0012721785,0.011987054,0.00662961625,0.99337038375,0
sprsound2022::65052739_1.7_1_p1_417__event_002,sprsound2022,sprsound2022::65052739,calibration,False,0,normal,1.016,0,0.0015163423,0.02666605,0.01409119615,0.98590880385,0
sprsound2022::65052739_1.7_1_p1_417__event_003,sprsound2022,sprsound2022::65052739,calibration,False,0,normal,1.0870000000000006,0,0.0007335848,0.0077939816,0.0042637832,0.9957362168,0
sprsound2022::65052739_1.7_1_p1_417__event_004,sprsound2022,sprsound2022::65052739,calibration,False,0,normal,1.1119999999999983,0,0.0011278356,0.0052547376,0.0031912866,0.9968087134,0
sprsound2022::65052739_1.7_1_p1_417__event_005,sprsound2022,sprsound2022::65052739,calibration,False,0,normal,1.6749999999999998,0,0.3794167,0.40097505,0.39019587499999997,0.609804125,0
sprsound2022::65052739_1.7_1_p2_418__event_000,sprsound2022,sprsound2022::65052739,calibration,False,0,normal,0.9610000000000004,0,0.0066598053,0.024640728,0.01565026665,0.98434973335,0
sprsound2022::65052739_1.7_1_p2_418__event_001,sprsound2022,sprsound2022::65052739,calibration,False,0,normal,1.2830000000000004,0,0.0007144889,0.0042212866,0.00246788775,0.99753211225,0
sprsound2022::65052739_1.7_1_p2_418__event_002,sprsound2022,sprsound2022::65052739,calibration,False,0,normal,1.66,0,0.014577086,0.071271926,0.042924506,0.957075494,0
sprsound2022::65052739_1.7_1_p2_418__event_003,sprsound2022,sprsound2022::65052739,calibration,False,0,normal,1.5529999999999995,0,0.0051211365,0.013144161,0.00913264875,0.99086735125,0
sprsound2022::65052739_1.7_1_p3_419__event_000,sprsound2022,sprsound2022::65052739,calibration,False,0,normal,1.1900000000000013,0,0.0008851467,0.0025587962,0.00172197145,0.99827802855,0
sprsound2022::65052739_1.7_1_p3_419__event_001,sprsound2022,sprsound2022::65052739,calibration,False,0,normal,1.2379999999999995,0,0.009881269,0.010107878,0.0099945735,0.9900054265,0
sprsound2022::65052739_1.7_1_p3_419__event_002,sprsound2022,sprsound2022::65052739,calibration,False,0,normal,1.4249999999999998,0,0.0017400285,0.0027822966,0.00226116255,0.99773883745,0
sprsound2022::65052739_1.7_1_p3_419__event_003,sprsound2022,sprsound2022::65052739,calibration,False,0,normal,1.2920000000000016,0,0.010195269,0.030120049,0.020157659,0.979842341,0
sprsound2022::65052739_1.7_1_p3_419__event_004,sprsound2022,sprsound2022::65052739,calibration,False,0,normal,1.193999999999999,0,0.0030540065,0.0075224983,0.0052882524,0.9947117476,0
sprsound2022::65052739_1.7_1_p4_420__event_000,sprsound2022,sprsound2022::65052739,calibration,False,0,normal,0.9540000000000006,0,0.0018296281,0.0074564004,0.00464301425,0.99535698575,0
sprsound2022::65052739_1.7_1_p4_420__event_001,sprsound2022,sprsound2022::65052739,calibration,False,0,normal,1.6449999999999996,0,0.0012699448,0.0044146255,0.00284228515,0.99715771485,0
sprsound2022::65052739_1.7_1_p4_420__event_002,sprsound2022,sprsound2022::65052739,calibration,False,0,normal,1.0149999999999997,0,0.0034510596,0.0065458356,0.0049984476,0.9950015524,0
sprsound2022::65052739_1.7_1_p4_420__event_003,sprsound2022,sprsound2022::65052739,calibration,False,0,normal,1.1929999999999996,0,0.02096792,0.12132862,0.07114827,0.92885173,0
sprsound2022::65052739_1.7_1_p4_420__event_004,sprsound2022,sprsound2022::65052739,calibration,False,0,normal,1.668,0,0.118628226,0.039744973,0.07918659950000001,0.9208134004999999,0
sprsound2022::65052739_1.7_1_p4_420__event_005,sprsound2022,sprsound2022::65052739,calibration,False,0,normal,1.6390000000000002,0,0.016122483,0.022478146,0.0193003145,0.9806996855,0
sprsound2022::65063170_5.1_0_p4_484__event_000,sprsound2022,sprsound2022::65063170,calibration,False,0,normal,1.481,0,0.0057275333,0.014473029,0.01010028115,0.98989971885,0
sprsound2022::65063170_5.1_0_p4_484__event_001,sprsound2022,sprsound2022::65063170,calibration,False,0,normal,1.4520000000000004,0,0.00277638,0.005679319,0.0042278495,0.9957721505,0
sprsound2022::65064302_3.2_1_p1_1093__event_000,sprsound2022,sprsound2022::65064302,calibration,False,0,normal,1.9000000000000004,0,0.0014372687,0.014253568,0.00784541835,0.99215458165,0
sprsound2022::65064302_3.2_1_p1_1093__event_001,sprsound2022,sprsound2022::65064302,calibration,False,0,normal,1.779,0,0.005258213,0.018568754,0.0119134835,0.9880865165,0
sprsound2022::65064302_3.2_1_p1_1093__event_002,sprsound2022,sprsound2022::65064302,calibration,False,0,normal,1.5510000000000002,0,0.004735216,0.022866208,0.013800712,0.986199288,0
sprsound2022::65064302_3.2_1_p1_1093__event_003,sprsound2022,sprsound2022::65064302,calibration,False,0,normal,1.4689999999999994,0,0.0029821128,0.0064357244,0.0047089186,0.9952910814,0
sprsound2022::65064302_3.2_1_p1_1093__event_004,sprsound2022,sprsound2022::65064302,calibration,False,0,normal,1.1580000000000013,0,0.013458566,0.028600056,0.021029311,0.978970689,0
sprsound2022::65064302_3.2_1_p1_1093__event_005,sprsound2022,sprsound2022::65064302,calibration,False,0,normal,1.543,0,0.008293513,0.022014692,0.015154102499999999,0.9848458975,0
sprsound2022::65064302_3.2_1_p2_1094__event_000,sprsound2022,sprsound2022::65064302,calibration,False,0,normal,1.543,0,0.0046221763,0.015720148,0.01017116215,0.98982883785,0
sprsound2022::65064302_3.2_1_p2_1094__event_001,sprsound2022,sprsound2022::65064302,calibration,False,0,normal,1.5409999999999997,0,0.0009168181,0.00754562,0.00423121905,0.99576878095,0
sprsound2022::65064302_3.2_1_p2_1094__event_002,sprsound2022,sprsound2022::65064302,calibration,False,0,normal,1.3760000000000003,0,0.0025574556,0.023291957,0.0129247063,0.9870752937,0
sprsound2022::65064302_3.2_1_p2_1094__event_003,sprsound2022,sprsound2022::65064302,calibration,False,0,normal,1.293,0,0.0030206179,0.009842739,0.00643167845,0.99356832155,0
sprsound2022::65064302_3.2_1_p2_1094__event_004,sprsound2022,sprsound2022::65064302,calibration,False,0,normal,1.482000000000001,0,0.011595936,0.022713557,0.017154746499999998,0.9828452535,0
sprsound2022::65064302_3.2_1_p2_1094__event_005,sprsound2022,sprsound2022::65064302,calibration,False,0,normal,1.2609999999999992,0,0.002258491,0.013867136,0.0080628135,0.9919371865,0
sprsound2022::65064302_3.2_1_p2_1094__event_006,sprsound2022,sprsound2022::65064302,calibration,False,0,normal,1.2739999999999991,0,0.0020680143,0.012704196,0.00738610515,0.99261389485,0
sprsound2022::65064302_3.2_1_p2_1094__event_007,sprsound2022,sprsound2022::65064302,calibration,False,0,normal,0.697000000000001,0,0.019970132,0.09068662,0.055328376,0.944671624,0
sprsound2022::65064302_3.2_1_p4_1096__event_000,sprsound2022,sprsound2022::65064302,calibration,False,0,normal,1.47,0,0.014044413,0.009929249,0.011986831,0.988013169,0
sprsound2022::65064302_3.2_1_p4_1096__event_001,sprsound2022,sprsound2022::65064302,calibration,False,0,normal,1.3640000000000008,0,0.20222959,0.07626171,0.13924565,0.86075435,0
sprsound2022::65064302_3.2_1_p4_1096__event_002,sprsound2022,sprsound2022::65064302,calibration,False,0,normal,1.4620000000000002,0,0.0051452876,0.02166828,0.0134067838,0.9865932162,0
sprsound2022::65064302_3.2_1_p4_1096__event_003,sprsound2022,sprsound2022::65064302,calibration,False,0,normal,1.37,0,0.38962823,0.07157416,0.230601195,0.769398805,0
sprsound2022::65064302_3.2_1_p4_1096__event_004,sprsound2022,sprsound2022::65064302,calibration,False,0,normal,0.9419999999999984,0,0.013208259,0.028673813,0.020941036,0.979058964,0
sprsound2022::65064302_3.2_1_p4_1096__event_005,sprsound2022,sprsound2022::65064302,calibration,False,0,normal,1.6760000000000002,0,0.5749642,0.5446451,0.55980465,0.44019535,1
sprsound2022::65064302_3.2_1_p4_1096__event_006,sprsound2022,sprsound2022::65064302,calibration,False,0,normal,1.606999999999999,0,0.9922008,0.7317546,0.8619777,0.13802230000000004,1
sprsound2022::65068248_2.2_0_p1_1201__event_000,sprsound2022,sprsound2022::65068248,calibration,False,0,normal,1.1509999999999998,0,0.0008303121,0.007444098,0.0041372050499999995,0.99586279495,0
sprsound2022::65068248_2.2_0_p1_1201__event_001,sprsound2022,sprsound2022::65068248,calibration,False,0,normal,1.766,0,0.004485603,0.016911276,0.0106984395,0.9893015605,0
sprsound2022::65068248_2.2_0_p1_1201__event_002,sprsound2022,sprsound2022::65068248,calibration,False,0,normal,0.6029999999999998,0,0.028091837,0.23985249,0.1339721635,0.8660278365,0
sprsound2022::65068248_2.2_0_p1_1236__event_000,sprsound2022,sprsound2022::65068248,calibration,False,0,normal,1.034,0,0.9815456,0.8890384,0.935292,0.06470799999999999,1
sprsound2022::65068248_2.2_0_p1_1236__event_001,sprsound2022,sprsound2022::65068248,calibration,False,0,normal,1.0299999999999998,0,0.033057526,0.06532478,0.049191153,0.950808847,0
sprsound2022::65068248_2.2_0_p2_1177__event_000,sprsound2022,sprsound2022::65068248,calibration,False,1,fine_crackle,1.1370000000000005,1,0.01220139,0.014911574,0.013556482,0.986443518,0
sprsound2022::65068248_2.2_0_p2_1177__event_001,sprsound2022,sprsound2022::65068248,calibration,False,1,fine_crackle,1.048,1,0.08124395,0.068390496,0.07481722299999999,0.9251827770000001,0
sprsound2022::65068248_2.2_0_p2_1177__event_002,sprsound2022,sprsound2022::65068248,calibration,False,0,normal,1.99,0,0.017010767,0.012817588,0.0149141775,0.9850858225,0
sprsound2022::65068248_2.2_0_p2_1177__event_003,sprsound2022,sprsound2022::65068248,calibration,False,0,normal,1.878,0,0.3874791,0.6431089,0.515294,0.48470599999999997,1
sprsound2022::65068248_2.2_0_p2_1248__event_000,sprsound2022,sprsound2022::65068248,calibration,False,0,normal,1.1980000000000004,0,0.11424953,0.89654744,0.505398485,0.49460151500000005,1
sprsound2022::65068248_2.2_0_p2_1248__event_001,sprsound2022,sprsound2022::65068248,calibration,False,0,normal,0.782,0,0.98164856,0.743477,0.86256278,0.13743722000000003,1
sprsound2022::65068248_2.2_0_p4_1259__event_000,sprsound2022,sprsound2022::65068248,calibration,False,0,normal,1.152,0,0.012165746,0.017451772,0.014808759000000001,0.985191241,0
sprsound2022::65068248_2.2_0_p4_1259__event_001,sprsound2022,sprsound2022::65068248,calibration,False,0,normal,1.0810000000000004,0,0.5288554,0.8703908,0.6996230999999999,0.30037690000000006,1
sprsound2022::65068248_2.2_0_p4_1259__event_002,sprsound2022,sprsound2022::65068248,calibration,False,0,normal,0.9689999999999994,0,0.9943341,0.9726227,0.9834784,0.016521600000000025,1
sprsound2022::65080696_11.1_1_p1_1873__event_000,sprsound2022,sprsound2022::65080696,calibration,False,0,normal,2.0380000000000003,0,0.060543332,0.024913117,0.042728224499999995,0.9572717755,0
sprsound2022::65080696_11.1_1_p1_1934__event_000,sprsound2022,sprsound2022::65080696,calibration,False,0,normal,1.67,0,0.0050291293,0.006643205,0.00583616715,0.99416383285,0
sprsound2022::65080696_11.1_1_p1_1934__event_001,sprsound2022,sprsound2022::65080696,calibration,False,0,normal,1.666,0,0.038201906,0.036505353,0.0373536295,0.9626463705,0
sprsound2022::65080696_11.1_1_p1_1934__event_002,sprsound2022,sprsound2022::65080696,calibration,False,0,normal,1.5909999999999993,0,0.1299726,0.045627546,0.08780007299999999,0.912199927,0
sprsound2022::65080696_11.1_1_p2_1890__event_000,sprsound2022,sprsound2022::65080696,calibration,False,0,normal,1.1500000000000004,0,0.89018667,0.7101808,0.800183735,0.19981626500000005,1
sprsound2022::65080696_11.1_1_p2_1890__event_001,sprsound2022,sprsound2022::65080696,calibration,False,0,normal,3.727,0,0.008106634,0.016855517,0.012481075500000001,0.9875189245,0
sprsound2022::65080696_11.1_1_p2_1927__event_000,sprsound2022,sprsound2022::65080696,calibration,False,0,normal,2.029,0,0.03239741,0.027944328,0.030170869000000003,0.969829131,0
sprsound2022::65080696_11.1_1_p2_1927__event_001,sprsound2022,sprsound2022::65080696,calibration,False,0,normal,1.1340000000000003,0,0.1785007,0.09147414,0.13498742,0.86501258,0
sprsound2022::65080696_11.1_1_p2_1927__event_002,sprsound2022,sprsound2022::65080696,calibration,False,0,normal,3.5649999999999995,0,0.005750734,0.004228223,0.0049894785,0.9950105215,0
sprsound2022::65080696_11.1_1_p2_1960__event_000,sprsound2022,sprsound2022::65080696,calibration,False,0,normal,1.37,0,0.15861815,0.09825044,0.128434295,0.871565705,0
sprsound2022::65080696_11.1_1_p2_1960__event_001,sprsound2022,sprsound2022::65080696,calibration,False,0,normal,1.7700000000000005,0,0.7261909,0.2955384,0.51086465,0.48913534999999997,1
sprsound2022::65080696_11.1_1_p3_1911__event_000,sprsound2022,sprsound2022::65080696,calibration,False,0,normal,1.648,0,0.8670041,0.16128837,0.514146235,0.485853765,1
sprsound2022::65080696_11.1_1_p3_1911__event_001,sprsound2022,sprsound2022::65080696,calibration,False,0,normal,0.8410000000000002,0,0.67355174,0.7116515,0.69260162,0.30739837999999997,1
sprsound2022::65080696_11.1_1_p3_1911__event_002,sprsound2022,sprsound2022::65080696,calibration,False,0,normal,2.2249999999999996,0,0.020261696,0.011587621,0.0159246585,0.9840753415,0
sprsound2022::65080696_11.1_1_p4_1831__event_000,sprsound2022,sprsound2022::65080696,calibration,False,1,fine_crackle,0.8040000000000003,1,0.99633515,0.9900712,0.993203175,0.006796825000000006,1
sprsound2022::65080696_11.1_1_p4_1831__event_001,sprsound2022,sprsound2022::65080696,calibration,False,0,normal,2.5069999999999997,0,0.0013205236,0.0032038754,0.0022621995,0.9977378005,0
sprsound2022::65080696_11.1_1_p4_1955__event_000,sprsound2022,sprsound2022::65080696,calibration,False,0,normal,1.444,0,0.03152131,0.05712495,0.04432313,0.95567687,0
