dataset,role,class,accepted,total_class,coverage,error_risk,entropy_cutoff
icbhi2017,calibration,Normal,1,281,0.0035587188612099642,1.0,0.23664557429230004
icbhi2017,calibration,Normal,2,281,0.0071174377224199285,0.5,0.39695631376420115
icbhi2017,calibration,Normal,3,281,0.010676156583629894,0.6666666666666666,0.40606904541543754
icbhi2017,calibration,Normal,4,281,0.014234875444839857,0.75,0.44614993744668124
icbhi2017,calibration,Normal,5,281,0.017793594306049824,0.6,0.4524391205999675
icbhi2017,calibration,Normal,6,281,0.021352313167259787,0.6666666666666666,0.4564427941451036
icbhi2017,calibration,Normal,7,281,0.02491103202846975,0.5714285714285714,0.4571508230638096
icbhi2017,calibration,Normal,8,281,0.028469750889679714,0.5,0.4768660744914627
icbhi2017,calibration,Normal,9,281,0.03202846975088968,0.4444444444444444,0.4775498204626331
icbhi2017,calibration,Normal,10,281,0.03558718861209965,0.4,0.4952629735529147
icbhi2017,calibration,Normal,11,281,0.03914590747330961,0.36363636363636365,0.5013482474516064
icbhi2017,calibration,Normal,12,281,0.042704626334519574,0.3333333333333333,0.5034889650030463
icbhi2017,calibration,Normal,13,281,0.046263345195729534,0.3076923076923077,0.5108806762907642
icbhi2017,calibration,Normal,14,281,0.0498220640569395,0.2857142857142857,0.5273953306716948
icbhi2017,calibration,Normal,15,281,0.05338078291814947,0.26666666666666666,0.5294117054247283
icbhi2017,calibration,Normal,16,281,0.05693950177935943,0.25,0.532696670098461
icbhi2017,calibration,Normal,17,281,0.060498220640569395,0.23529411764705882,0.5344272925908812
icbhi2017,calibration,Normal,18,281,0.06405693950177936,0.2777777777777778,0.5424915497309805
icbhi2017,calibration,Normal,19,281,0.06761565836298933,0.2631578947368421,0.5485311960622563
icbhi2017,calibration,Normal,20,281,0.0711743772241993,0.25,0.5486991291934198
icbhi2017,calibration,Normal,21,281,0.07473309608540925,0.2857142857142857,0.5508572238443554
icbhi2017,calibration,Normal,22,281,0.07829181494661921,0.2727272727272727,0.5555655197100745
icbhi2017,calibration,Normal,23,281,0.08185053380782918,0.30434782608695654,0.5557801508468686
icbhi2017,calibration,Normal,24,281,0.08540925266903915,0.2916666666666667,0.5682996765657982
icbhi2017,calibration,Normal,25,281,0.08896797153024912,0.28,0.5690954590912538
icbhi2017,calibration,Normal,26,281,0.09252669039145907,0.3076923076923077,0.569838979719131
icbhi2017,calibration,Normal,27,281,0.09608540925266904,0.2962962962962963,0.5759287115439663
icbhi2017,calibration,Normal,28,281,0.099644128113879,0.2857142857142857,0.5798934420376313
icbhi2017,calibration,Normal,29,281,0.10320284697508897,0.27586206896551724,0.5799444967181775
icbhi2017,calibration,Normal,30,281,0.10676156583629894,0.26666666666666666,0.5813009098502752
icbhi2017,calibration,Normal,31,281,0.1103202846975089,0.25806451612903225,0.5865367523587646
icbhi2017,calibration,Normal,32,281,0.11387900355871886,0.25,0.5883586026160583
icbhi2017,calibration,Normal,33,281,0.11743772241992882,0.24242424242424243,0.5932770088238026
icbhi2017,calibration,Normal,34,281,0.12099644128113879,0.23529411764705882,0.5941081594760252
icbhi2017,calibration,Normal,35,281,0.12455516014234876,0.22857142857142856,0.5945368207451848
icbhi2017,calibration,Normal,36,281,0.12811387900355872,0.2222222222222222,0.5957691137303986
icbhi2017,calibration,Normal,37,281,0.13167259786476868,0.21621621621621623,0.5969013233438668
icbhi2017,calibration,Normal,38,281,0.13523131672597866,0.21052631578947367,0.6051033559062835
icbhi2017,calibration,Normal,39,281,0.1387900355871886,0.20512820512820512,0.6070491968294969
icbhi2017,calibration,Normal,40,281,0.1423487544483986,0.2,0.6115950569759524
icbhi2017,calibration,Normal,41,281,0.14590747330960854,0.1951219512195122,0.6189032013099641
icbhi2017,calibration,Normal,42,281,0.1494661921708185,0.19047619047619047,0.6237432991192193
icbhi2017,calibration,Normal,43,281,0.15302491103202848,0.18604651162790697,0.6284289594573792
icbhi2017,calibration,Normal,44,281,0.15658362989323843,0.18181818181818182,0.6311566351320473
icbhi2017,calibration,Normal,45,281,0.1601423487544484,0.17777777777777778,0.6325420447680555
icbhi2017,calibration,Normal,46,281,0.16370106761565836,0.17391304347826086,0.6366613737437389
icbhi2017,calibration,Normal,47,281,0.16725978647686832,0.1702127659574468,0.6384494311421263
icbhi2017,calibration,Normal,48,281,0.1708185053380783,0.16666666666666666,0.6386401752171448
icbhi2017,calibration,Normal,49,281,0.17437722419928825,0.16326530612244897,0.638645212632032
icbhi2017,calibration,Normal,50,281,0.17793594306049823,0.16,0.6400694438559458
icbhi2017,calibration,Normal,51,281,0.18149466192170818,0.1568627450980392,0.6417903471118308
icbhi2017,calibration,Normal,52,281,0.18505338078291814,0.15384615384615385,0.6421760911455419
icbhi2017,calibration,Normal,53,281,0.18861209964412812,0.1509433962264151,0.6488610239202932
icbhi2017,calibration,Normal,54,281,0.19217081850533807,0.14814814814814814,0.6490094176438189
icbhi2017,calibration,Normal,55,281,0.19572953736654805,0.14545454545454545,0.6495830746166196
icbhi2017,calibration,Normal,56,281,0.199288256227758,0.14285714285714285,0.6498144493766883
icbhi2017,calibration,Normal,57,281,0.20284697508896798,0.15789473684210525,0.6509218506315393
icbhi2017,calibration,Normal,58,281,0.20640569395017794,0.1724137931034483,0.653563910200611
icbhi2017,calibration,Normal,59,281,0.2099644128113879,0.1694915254237288,0.6540682246271752
icbhi2017,calibration,Normal,60,281,0.21352313167259787,0.16666666666666666,0.6571463069301713
icbhi2017,calibration,Normal,61,281,0.21708185053380782,0.16393442622950818,0.6580944198804057
icbhi2017,calibration,Normal,62,281,0.2206405693950178,0.1774193548387097,0.6582989912985208
icbhi2017,calibration,Normal,63,281,0.22419928825622776,0.1746031746031746,0.6588448979474659
icbhi2017,calibration,Normal,64,281,0.2277580071174377,0.171875,0.6599030712914857
icbhi2017,calibration,Normal,65,281,0.2313167259786477,0.16923076923076924,0.6631680198911765
icbhi2017,calibration,Normal,66,281,0.23487544483985764,0.16666666666666666,0.6648398009087604
icbhi2017,calibration,Normal,67,281,0.23843416370106763,0.16417910447761194,0.6667715493829584
icbhi2017,calibration,Normal,68,281,0.24199288256227758,0.16176470588235295,0.6676061653293562
icbhi2017,calibration,Normal,69,281,0.24555160142348753,0.15942028985507245,0.6712142116837978
icbhi2017,calibration,Normal,70,281,0.2491103202846975,0.15714285714285714,0.6757576486611936
icbhi2017,calibration,Normal,71,281,0.2526690391459075,0.15492957746478872,0.6805456029625806
icbhi2017,calibration,Normal,72,281,0.25622775800711745,0.16666666666666666,0.6825063218808461
icbhi2017,calibration,Normal,73,281,0.2597864768683274,0.1643835616438356,0.6900142313001757
icbhi2017,calibration,Normal,74,281,0.26334519572953735,0.16216216216216217,0.6903338722976894
icbhi2017,calibration,Normal,75,281,0.2669039145907473,0.16,0.6920878469551301
icbhi2017,calibration,Normal,76,281,0.2704626334519573,0.15789473684210525,0.6928915297740289
icbhi2017,calibration,Normal,77,281,0.27402135231316727,0.15584415584415584,0.694278074542771
icbhi2017,calibration,Normal,78,281,0.2775800711743772,0.15384615384615385,0.6973034532642276
icbhi2017,calibration,Normal,79,281,0.28113879003558717,0.16455696202531644,0.7013803073981484
icbhi2017,calibration,Normal,80,281,0.2846975088967972,0.1625,0.7151494329789626
icbhi2017,calibration,Normal,81,281,0.28825622775800713,0.16049382716049382,0.7188479581006952
icbhi2017,calibration,Normal,82,281,0.2918149466192171,0.15853658536585366,0.7209801054222958
icbhi2017,calibration,Normal,83,281,0.29537366548042704,0.1686746987951807,0.7243806330380624
icbhi2017,calibration,Normal,84,281,0.298932384341637,0.17857142857142858,0.7284212518921946
icbhi2017,calibration,Normal,85,281,0.302491103202847,0.17647058823529413,0.7285494640774429
icbhi2017,calibration,Normal,86,281,0.30604982206405695,0.1744186046511628,0.7320875930742372
icbhi2017,calibration,Normal,87,281,0.3096085409252669,0.1724137931034483,0.732946047109793
icbhi2017,calibration,Normal,88,281,0.31316725978647686,0.17045454545454544,0.7357584970067083
icbhi2017,calibration,Normal,89,281,0.3167259786476868,0.1797752808988764,0.7368992312482358
icbhi2017,calibration,Normal,90,281,0.3202846975088968,0.17777777777777778,0.7385490097537722
icbhi2017,calibration,Normal,91,281,0.3238434163701068,0.17582417582417584,0.7416916866790606
icbhi2017,calibration,Normal,92,281,0.3274021352313167,0.17391304347826086,0.742858962094403
icbhi2017,calibration,Normal,93,281,0.3309608540925267,0.17204301075268819,0.7430465339143333
icbhi2017,calibration,Normal,94,281,0.33451957295373663,0.1702127659574468,0.7434472550309734
icbhi2017,calibration,Normal,95,281,0.33807829181494664,0.16842105263157894,0.745666697030574
icbhi2017,calibration,Normal,96,281,0.3416370106761566,0.16666666666666666,0.7464043430662494
icbhi2017,calibration,Normal,97,281,0.34519572953736655,0.17525773195876287,0.7467658597944328
icbhi2017,calibration,Normal,98,281,0.3487544483985765,0.17346938775510204,0.7508483971876906
icbhi2017,calibration,Normal,99,281,0.35231316725978645,0.1717171717171717,0.7518430290076326
icbhi2017,calibration,Normal,100,281,0.35587188612099646,0.17,0.7537923537385978
icbhi2017,calibration,Normal,101,281,0.3594306049822064,0.16831683168316833,0.7557425353731272
icbhi2017,calibration,Normal,102,281,0.36298932384341637,0.17647058823529413,0.7577506088370788
icbhi2017,calibration,Normal,103,281,0.3665480427046263,0.17475728155339806,0.7586782311079938
icbhi2017,calibration,Normal,104,281,0.3701067615658363,0.17307692307692307,0.761458091792785
icbhi2017,calibration,Normal,105,281,0.3736654804270463,0.17142857142857143,0.7677640464021482
icbhi2017,calibration,Normal,106,281,0.37722419928825623,0.16981132075471697,0.768170073424806
icbhi2017,calibration,Normal,107,281,0.3807829181494662,0.16822429906542055,0.7696635030323565
icbhi2017,calibration,Normal,108,281,0.38434163701067614,0.16666666666666666,0.7775520695247564
icbhi2017,calibration,Normal,109,281,0.3879003558718861,0.1743119266055046,0.7778876900720256
icbhi2017,calibration,Normal,110,281,0.3914590747330961,0.17272727272727273,0.7790678280899215
icbhi2017,calibration,Normal,111,281,0.39501779359430605,0.17117117117117117,0.7809753899519623
icbhi2017,calibration,Normal,112,281,0.398576512455516,0.16964285714285715,0.7903569191738049
icbhi2017,calibration,Normal,113,281,0.40213523131672596,0.168141592920354,0.793585473359142
icbhi2017,calibration,Normal,114,281,0.40569395017793597,0.16666666666666666,0.7972728324163615
icbhi2017,calibration,Normal,115,281,0.4092526690391459,0.16521739130434782,0.7995323162564884
icbhi2017,calibration,Normal,116,281,0.4128113879003559,0.16379310344827586,0.8004018250011157
icbhi2017,calibration,Normal,117,281,0.41637010676156583,0.1623931623931624,0.8010138874293077
icbhi2017,calibration,Normal,118,281,0.4199288256227758,0.1694915254237288,0.8015303616771992
icbhi2017,calibration,Normal,119,281,0.4234875444839858,0.17647058823529413,0.8032941435575657
icbhi2017,calibration,Normal,120,281,0.42704626334519574,0.175,0.808855484106794
icbhi2017,calibration,Normal,121,281,0.4306049822064057,0.17355371900826447,0.8095560565670948
icbhi2017,calibration,Normal,122,281,0.43416370106761565,0.1721311475409836,0.8123777158835547
icbhi2017,calibration,Normal,123,281,0.4377224199288256,0.17073170731707318,0.8150051324793746
icbhi2017,calibration,Normal,124,281,0.4412811387900356,0.1693548387096774,0.8159272069156925
icbhi2017,calibration,Normal,125,281,0.44483985765124556,0.168,0.816702679394626
icbhi2017,calibration,Normal,126,281,0.4483985765124555,0.16666666666666666,0.8215465572441492
icbhi2017,calibration,Normal,127,281,0.45195729537366547,0.1732283464566929,0.8237058772051992
icbhi2017,calibration,Normal,128,281,0.4555160142348754,0.171875,0.826565237201467
icbhi2017,calibration,Normal,129,281,0.45907473309608543,0.17054263565891473,0.8267009581905586
icbhi2017,calibration,Normal,130,281,0.4626334519572954,0.16923076923076924,0.8278326542653958
icbhi2017,calibration,Normal,131,281,0.46619217081850534,0.17557251908396945,0.8283014323968301
icbhi2017,calibration,Normal,132,281,0.4697508896797153,0.17424242424242425,0.8285535679080477
icbhi2017,calibration,Normal,133,281,0.47330960854092524,0.17293233082706766,0.8286426144635428
icbhi2017,calibration,Normal,134,281,0.47686832740213525,0.17164179104477612,0.833717869221983
icbhi2017,calibration,Normal,135,281,0.4804270462633452,0.17037037037037037,0.8349980760070725
icbhi2017,calibration,Normal,136,281,0.48398576512455516,0.16911764705882354,0.8352409393663404
icbhi2017,calibration,Normal,137,281,0.4875444839857651,0.1678832116788321,0.8396938303082547
icbhi2017,calibration,Normal,138,281,0.49110320284697506,0.17391304347826086,0.8447991221725326
icbhi2017,calibration,Normal,139,281,0.49466192170818507,0.17266187050359713,0.84586675861196
icbhi2017,calibration,Normal,140,281,0.498220640569395,0.17142857142857143,0.8488305503074821
icbhi2017,calibration,Normal,141,281,0.501779359430605,0.1702127659574468,0.8500130816414622
icbhi2017,calibration,Normal,142,281,0.505338078291815,0.176056338028169,0.8526195779830561
icbhi2017,calibration,Normal,143,281,0.5088967971530249,0.17482517482517482,0.8542310937216427
icbhi2017,calibration,Normal,144,281,0.5124555160142349,0.1736111111111111,0.8553898204900608
icbhi2017,calibration,Normal,145,281,0.5160142348754448,0.1724137931034483,0.8554786480270778
icbhi2017,calibration,Normal,146,281,0.5195729537366548,0.17123287671232876,0.8566634693523191
icbhi2017,calibration,Normal,147,281,0.5231316725978647,0.17006802721088435,0.8570702116474567
icbhi2017,calibration,Normal,148,281,0.5266903914590747,0.16891891891891891,0.8574947233543029
icbhi2017,calibration,Normal,149,281,0.5302491103202847,0.16778523489932887,0.8594017983565143
icbhi2017,calibration,Normal,150,281,0.5338078291814946,0.17333333333333334,0.8623928627404821
icbhi2017,calibration,Normal,151,281,0.5373665480427047,0.17218543046357615,0.8658709211814415
icbhi2017,calibration,Normal,152,281,0.5409252669039146,0.17105263157894737,0.873203820596239
icbhi2017,calibration,Normal,153,281,0.5444839857651246,0.16993464052287582,0.874267539946663
icbhi2017,calibration,Normal,154,281,0.5480427046263345,0.16883116883116883,0.8750476739937193
icbhi2017,calibration,Normal,155,281,0.5516014234875445,0.16774193548387098,0.8783121082992004
icbhi2017,calibration,Normal,156,281,0.5551601423487544,0.17307692307692307,0.8789983490029738
icbhi2017,calibration,Normal,157,281,0.5587188612099644,0.17197452229299362,0.8834975055658643
icbhi2017,calibration,Normal,158,281,0.5622775800711743,0.17088607594936708,0.887173417861723
icbhi2017,calibration,Normal,159,281,0.5658362989323843,0.1761006289308176,0.8889042800995594
icbhi2017,calibration,Normal,160,281,0.5693950177935944,0.175,0.8910414555528783
icbhi2017,calibration,Normal,161,281,0.5729537366548043,0.17391304347826086,0.8927333325938507
icbhi2017,calibration,Normal,162,281,0.5765124555160143,0.1728395061728395,0.8930975670251227
icbhi2017,calibration,Normal,163,281,0.5800711743772242,0.17791411042944785,0.8967200302969193
icbhi2017,calibration,Normal,164,281,0.5836298932384342,0.17682926829268292,0.8992013756313042
icbhi2017,calibration,Normal,165,281,0.5871886120996441,0.17575757575757575,0.8998511922542438
icbhi2017,calibration,Normal,166,281,0.5907473309608541,0.1746987951807229,0.9026614846755412
icbhi2017,calibration,Normal,167,281,0.594306049822064,0.17365269461077845,0.9031010123376199
icbhi2017,calibration,Normal,168,281,0.597864768683274,0.17857142857142858,0.9033717352204601
icbhi2017,calibration,Normal,169,281,0.6014234875444839,0.1834319526627219,0.9046966975344105
icbhi2017,calibration,Normal,170,281,0.604982206405694,0.18235294117647058,0.9051945408365458
icbhi2017,calibration,Normal,171,281,0.608540925266904,0.18128654970760233,0.9052666611791993
icbhi2017,calibration,Normal,172,281,0.6120996441281139,0.18023255813953487,0.9066207492575832
icbhi2017,calibration,Normal,173,281,0.6156583629893239,0.1791907514450867,0.9084673479128856
icbhi2017,calibration,Normal,174,281,0.6192170818505338,0.1781609195402299,0.9096799906848496
icbhi2017,calibration,Normal,175,281,0.6227758007117438,0.17714285714285713,0.9126011568402692
icbhi2017,calibration,Normal,176,281,0.6263345195729537,0.17613636363636365,0.9181677126626446
icbhi2017,calibration,Normal,177,281,0.6298932384341637,0.1751412429378531,0.9197059260759345
icbhi2017,calibration,Normal,178,281,0.6334519572953736,0.17415730337078653,0.921054575875969
icbhi2017,calibration,Normal,179,281,0.6370106761565836,0.17318435754189945,0.9211831468287454
icbhi2017,calibration,Normal,180,281,0.6405693950177936,0.17222222222222222,0.9244561445605974
icbhi2017,calibration,Normal,181,281,0.6441281138790036,0.17679558011049723,0.9256233390563801
icbhi2017,calibration,Normal,182,281,0.6476868327402135,0.1813186813186813,0.9272336650410812
icbhi2017,calibration,Normal,183,281,0.6512455516014235,0.18032786885245902,0.9282045851751044
icbhi2017,calibration,Normal,184,281,0.6548042704626335,0.18478260869565216,0.9287675008043765
icbhi2017,calibration,Normal,185,281,0.6583629893238434,0.1891891891891892,0.9311576509812161
icbhi2017,calibration,Normal,186,281,0.6619217081850534,0.1881720430107527,0.9313468930926584
icbhi2017,calibration,Normal,187,281,0.6654804270462633,0.1925133689839572,0.9381062138304144
icbhi2017,calibration,Normal,188,281,0.6690391459074733,0.19148936170212766,0.9388909073837594
icbhi2017,calibration,Normal,189,281,0.6725978647686833,0.19047619047619047,0.9391408376180707
icbhi2017,calibration,Normal,190,281,0.6761565836298933,0.19473684210526315,0.9414122540953516
icbhi2017,calibration,Normal,191,281,0.6797153024911032,0.193717277486911,0.9421930776815154
icbhi2017,calibration,Normal,192,281,0.6832740213523132,0.19270833333333334,0.9431625811294455
icbhi2017,calibration,Normal,193,281,0.6868327402135231,0.19170984455958548,0.9433561974517726
icbhi2017,calibration,Normal,194,281,0.6903914590747331,0.1958762886597938,0.9443200023359352
icbhi2017,calibration,Normal,195,281,0.693950177935943,0.19487179487179487,0.9445103800895001
icbhi2017,calibration,Normal,196,281,0.697508896797153,0.19387755102040816,0.9447551969528559
icbhi2017,calibration,Normal,197,281,0.701067615658363,0.19289340101522842,0.9448936954401677
icbhi2017,calibration,Normal,198,281,0.7046263345195729,0.1919191919191919,0.9457003522636314
icbhi2017,calibration,Normal,199,281,0.708185053380783,0.19597989949748743,0.9479439254447964
icbhi2017,calibration,Normal,200,281,0.7117437722419929,0.195,0.9479746426223269
icbhi2017,calibration,Normal,201,281,0.7153024911032029,0.19402985074626866,0.948416283886874
icbhi2017,calibration,Normal,202,281,0.7188612099644128,0.19306930693069307,0.9490257457027071
icbhi2017,calibration,Normal,203,281,0.7224199288256228,0.1921182266009852,0.9492259403366249
icbhi2017,calibration,Normal,204,281,0.7259786476868327,0.19607843137254902,0.951942044567644
icbhi2017,calibration,Normal,205,281,0.7295373665480427,0.1951219512195122,0.9534147755958314
icbhi2017,calibration,Normal,206,281,0.7330960854092526,0.1941747572815534,0.9544378864362033
icbhi2017,calibration,Normal,207,281,0.7366548042704626,0.19806763285024154,0.955438930396159
icbhi2017,calibration,Normal,208,281,0.7402135231316725,0.20192307692307693,0.9556221394522472
icbhi2017,calibration,Normal,209,281,0.7437722419928826,0.20574162679425836,0.9564936174225798
icbhi2017,calibration,Normal,210,281,0.7473309608540926,0.20952380952380953,0.9586371811652218
icbhi2017,calibration,Normal,211,281,0.7508896797153025,0.20853080568720378,0.958640376269582
icbhi2017,calibration,Normal,212,281,0.7544483985765125,0.20754716981132076,0.9601801241602919
icbhi2017,calibration,Normal,213,281,0.7580071174377224,0.2112676056338028,0.9603509232571141
icbhi2017,calibration,Normal,214,281,0.7615658362989324,0.21495327102803738,0.9610914480561357
icbhi2017,calibration,Normal,215,281,0.7651245551601423,0.21395348837209302,0.9617011052352461
icbhi2017,calibration,Normal,216,281,0.7686832740213523,0.21296296296296297,0.9670356121964296
icbhi2017,calibration,Normal,217,281,0.7722419928825622,0.2119815668202765,0.96718190206189
icbhi2017,calibration,Normal,218,281,0.7758007117437722,0.21100917431192662,0.9673232704778165
icbhi2017,calibration,Normal,219,281,0.7793594306049823,0.2100456621004566,0.9677625325143965
icbhi2017,calibration,Normal,220,281,0.7829181494661922,0.20909090909090908,0.9714120390662431
icbhi2017,calibration,Normal,221,281,0.7864768683274022,0.2081447963800905,0.9738535429823285
icbhi2017,calibration,Normal,222,281,0.7900355871886121,0.2072072072072072,0.9799472734180813
icbhi2017,calibration,Normal,223,281,0.7935943060498221,0.2062780269058296,0.9815355796093927
icbhi2017,calibration,Normal,224,281,0.797153024911032,0.20535714285714285,0.9815370682704183
icbhi2017,calibration,Normal,225,281,0.800711743772242,0.2088888888888889,0.9826763996777651
icbhi2017,calibration,Normal,226,281,0.8042704626334519,0.2079646017699115,0.9828123447847533
icbhi2017,calibration,Normal,227,281,0.8078291814946619,0.21145374449339208,0.983344077378907
icbhi2017,calibration,Normal,228,281,0.8113879003558719,0.21052631578947367,0.9836320255359714
icbhi2017,calibration,Normal,229,281,0.8149466192170819,0.21397379912663755,0.9846625485990635
icbhi2017,calibration,Normal,230,281,0.8185053380782918,0.21739130434782608,0.9866608103025384
icbhi2017,calibration,Normal,231,281,0.8220640569395018,0.21645021645021645,0.9867649607698392
icbhi2017,calibration,Normal,232,281,0.8256227758007118,0.21551724137931033,0.9868597065397161
icbhi2017,calibration,Normal,233,281,0.8291814946619217,0.2145922746781116,0.9869146841943899
icbhi2017,calibration,Normal,234,281,0.8327402135231317,0.21367521367521367,0.9869615356591258
icbhi2017,calibration,Normal,235,281,0.8362989323843416,0.2127659574468085,0.9873951810800924
icbhi2017,calibration,Normal,236,281,0.8398576512455516,0.21610169491525424,0.9878576142920646
icbhi2017,calibration,Normal,237,281,0.8434163701067615,0.21518987341772153,0.9881385897626573
icbhi2017,calibration,Normal,238,281,0.8469750889679716,0.21428571428571427,0.9882361532545226
icbhi2017,calibration,Normal,239,281,0.8505338078291815,0.2175732217573222,0.9884244885584156
icbhi2017,calibration,Normal,240,281,0.8540925266903915,0.21666666666666667,0.9891361896593751
icbhi2017,calibration,Normal,241,281,0.8576512455516014,0.21991701244813278,0.9902916467075099
icbhi2017,calibration,Normal,242,281,0.8612099644128114,0.2190082644628099,0.9920295194696839
icbhi2017,calibration,Normal,243,281,0.8647686832740213,0.2222222222222222,0.99222134470243
icbhi2017,calibration,Normal,244,281,0.8683274021352313,0.22540983606557377,0.9924170812538704
icbhi2017,calibration,Normal,245,281,0.8718861209964412,0.22448979591836735,0.9934174251779028
icbhi2017,calibration,Normal,246,281,0.8754448398576512,0.22764227642276422,0.993458892874405
icbhi2017,calibration,Normal,247,281,0.8790035587188612,0.22672064777327935,0.9934653067985504
icbhi2017,calibration,Normal,248,281,0.8825622775800712,0.22580645161290322,0.9936837429569406
icbhi2017,calibration,Normal,249,281,0.8861209964412812,0.2248995983935743,0.9939300565973765
icbhi2017,calibration,Normal,250,281,0.8896797153024911,0.228,0.9943413709014978
icbhi2017,calibration,Normal,251,281,0.8932384341637011,0.23107569721115537,0.9947381499282423
icbhi2017,calibration,Normal,252,281,0.896797153024911,0.23412698412698413,0.9951800851199816
icbhi2017,calibration,Normal,253,281,0.900355871886121,0.23715415019762845,0.996002042281881
icbhi2017,calibration,Normal,254,281,0.9039145907473309,0.24015748031496062,0.996088867193219
icbhi2017,calibration,Normal,255,281,0.9074733096085409,0.23921568627450981,0.9962713475632705
icbhi2017,calibration,Normal,256,281,0.9110320284697508,0.2421875,0.9969671068402762
icbhi2017,calibration,Normal,257,281,0.9145907473309609,0.24124513618677043,0.9972403563592899
icbhi2017,calibration,Normal,258,281,0.9181494661921709,0.2441860465116279,0.9972624030240853
icbhi2017,calibration,Normal,259,281,0.9217081850533808,0.2471042471042471,0.9976214134317336
icbhi2017,calibration,Normal,260,281,0.9252669039145908,0.24615384615384617,0.9977020114683443
icbhi2017,calibration,Normal,261,281,0.9288256227758007,0.24904214559386972,0.9977354638722317
icbhi2017,calibration,Normal,262,281,0.9323843416370107,0.2480916030534351,0.9980704113726813
icbhi2017,calibration,Normal,263,281,0.9359430604982206,0.2509505703422053,0.9981381952156353
icbhi2017,calibration,Normal,264,281,0.9395017793594306,0.2537878787878788,0.9981399892375569
icbhi2017,calibration,Normal,265,281,0.9430604982206405,0.25660377358490566,0.9982086080168898
icbhi2017,calibration,Normal,266,281,0.9466192170818505,0.2556390977443609,0.9984629595922486
icbhi2017,calibration,Normal,267,281,0.9501779359430605,0.25842696629213485,0.9987571383025187
icbhi2017,calibration,Normal,268,281,0.9537366548042705,0.26119402985074625,0.9989050534234314
icbhi2017,calibration,Normal,269,281,0.9572953736654805,0.26022304832713755,0.9992117049168308
icbhi2017,calibration,Normal,270,281,0.9608540925266904,0.26296296296296295,0.9992317546116384
icbhi2017,calibration,Normal,271,281,0.9644128113879004,0.26199261992619927,0.9992360632935258
icbhi2017,calibration,Normal,272,281,0.9679715302491103,0.2647058823529412,0.9992431035651845
icbhi2017,calibration,Normal,273,281,0.9715302491103203,0.26373626373626374,0.999538344367429
icbhi2017,calibration,Normal,274,281,0.9750889679715302,0.26277372262773724,0.9996048113680768
icbhi2017,calibration,Normal,275,281,0.9786476868327402,0.26181818181818184,0.9997211726357261
icbhi2017,calibration,Normal,276,281,0.9822064056939501,0.2644927536231884,0.9997229991887557
icbhi2017,calibration,Normal,277,281,0.9857651245551602,0.26714801444043323,0.9997417119952818
icbhi2017,calibration,Normal,278,281,0.9893238434163701,0.26618705035971224,0.9998968978601815
icbhi2017,calibration,Normal,279,281,0.9928825622775801,0.26881720430107525,0.9999366547518345
icbhi2017,calibration,Normal,280,281,0.99644128113879,0.2714285714285714,0.9999624275263187
icbhi2017,calibration,Normal,281,281,1.0,0.27402135231316727,0.9999644413202514
icbhi2017,calibration,Adventitious,1,280,0.0035714285714285713,0.0,0.193791778925504
icbhi2017,calibration,Adventitious,2,280,0.007142857142857143,0.0,0.25381572888624726
icbhi2017,calibration,Adventitious,3,280,0.010714285714285714,0.0,0.2831678285532005
icbhi2017,calibration,Adventitious,4,280,0.014285714285714285,0.0,0.3024270869115064
icbhi2017,calibration,Adventitious,5,280,0.017857142857142856,0.0,0.32559131127856883
icbhi2017,calibration,Adventitious,6,280,0.02142857142857143,0.0,0.3493693948578389
icbhi2017,calibration,Adventitious,7,280,0.025,0.0,0.35505410458016134
icbhi2017,calibration,Adventitious,8,280,0.02857142857142857,0.0,0.3663789797196235
icbhi2017,calibration,Adventitious,9,280,0.03214285714285714,0.0,0.3738619830246004
icbhi2017,calibration,Adventitious,10,280,0.03571428571428571,0.0,0.3742277625430306
icbhi2017,calibration,Adventitious,11,280,0.039285714285714285,0.0,0.3818378993946998
icbhi2017,calibration,Adventitious,12,280,0.04285714285714286,0.0,0.385363889056058
icbhi2017,calibration,Adventitious,13,280,0.04642857142857143,0.0,0.38779232673455244
icbhi2017,calibration,Adventitious,14,280,0.05,0.0,0.4165643449136258
icbhi2017,calibration,Adventitious,15,280,0.05357142857142857,0.0,0.42761111396883195
icbhi2017,calibration,Adventitious,16,280,0.05714285714285714,0.0,0.4411455517191944
icbhi2017,calibration,Adventitious,17,280,0.060714285714285714,0.0,0.44427139968113816
icbhi2017,calibration,Adventitious,18,280,0.06428571428571428,0.0,0.4550110335919389
icbhi2017,calibration,Adventitious,19,280,0.06785714285714285,0.0,0.4562795417073814
icbhi2017,calibration,Adventitious,20,280,0.07142857142857142,0.05,0.47406699736843017
icbhi2017,calibration,Adventitious,21,280,0.075,0.047619047619047616,0.47580475943784656
icbhi2017,calibration,Adventitious,22,280,0.07857142857142857,0.045454545454545456,0.48335303190710976
icbhi2017,calibration,Adventitious,23,280,0.08214285714285714,0.043478260869565216,0.48542843039353084
icbhi2017,calibration,Adventitious,24,280,0.08571428571428572,0.041666666666666664,0.4858247312399802
icbhi2017,calibration,Adventitious,25,280,0.08928571428571429,0.04,0.48924498739410865
icbhi2017,calibration,Adventitious,26,280,0.09285714285714286,0.038461538461538464,0.49038658839043137
icbhi2017,calibration,Adventitious,27,280,0.09642857142857143,0.037037037037037035,0.49051747237003634
icbhi2017,calibration,Adventitious,28,280,0.1,0.03571428571428571,0.49132842023378975
icbhi2017,calibration,Adventitious,29,280,0.10357142857142858,0.034482758620689655,0.49422225704416883
icbhi2017,calibration,Adventitious,30,280,0.10714285714285714,0.03333333333333333,0.49923887862486804
icbhi2017,calibration,Adventitious,31,280,0.11071428571428571,0.03225806451612903,0.5062878311210974
icbhi2017,calibration,Adventitious,32,280,0.11428571428571428,0.0625,0.5078081522881138
icbhi2017,calibration,Adventitious,33,280,0.11785714285714285,0.06060606060606061,0.5098902127491786
icbhi2017,calibration,Adventitious,34,280,0.12142857142857143,0.058823529411764705,0.5126086644135528
icbhi2017,calibration,Adventitious,35,280,0.125,0.05714285714285714,0.5127086326791981
icbhi2017,calibration,Adventitious,36,280,0.12857142857142856,0.08333333333333333,0.517716402022445
icbhi2017,calibration,Adventitious,37,280,0.13214285714285715,0.08108108108108109,0.520263802759676
icbhi2017,calibration,Adventitious,38,280,0.1357142857142857,0.07894736842105263,0.5206512398685007
icbhi2017,calibration,Adventitious,39,280,0.1392857142857143,0.07692307692307693,0.5278202541892459
icbhi2017,calibration,Adventitious,40,280,0.14285714285714285,0.075,0.5290271503158706
icbhi2017,calibration,Adventitious,41,280,0.14642857142857144,0.0975609756097561,0.5308768404621539
icbhi2017,calibration,Adventitious,42,280,0.15,0.09523809523809523,0.5330106590697229
icbhi2017,calibration,Adventitious,43,280,0.15357142857142858,0.09302325581395349,0.5332096587329545
icbhi2017,calibration,Adventitious,44,280,0.15714285714285714,0.09090909090909091,0.5353883698279046
icbhi2017,calibration,Adventitious,45,280,0.16071428571428573,0.08888888888888889,0.5388658684486555
icbhi2017,calibration,Adventitious,46,280,0.16428571428571428,0.10869565217391304,0.5390352906957551
icbhi2017,calibration,Adventitious,47,280,0.16785714285714284,0.10638297872340426,0.5581500126483744
icbhi2017,calibration,Adventitious,48,280,0.17142857142857143,0.125,0.5593733017441245
icbhi2017,calibration,Adventitious,49,280,0.175,0.12244897959183673,0.5612734769458626
icbhi2017,calibration,Adventitious,50,280,0.17857142857142858,0.12,0.5632736860412833
icbhi2017,calibration,Adventitious,51,280,0.18214285714285713,0.11764705882352941,0.5689432148656289
icbhi2017,calibration,Adventitious,52,280,0.18571428571428572,0.11538461538461539,0.5725282434295563
icbhi2017,calibration,Adventitious,53,280,0.18928571428571428,0.1320754716981132,0.5782685428135855
icbhi2017,calibration,Adventitious,54,280,0.19285714285714287,0.12962962962962962,0.5866387087277153
icbhi2017,calibration,Adventitious,55,280,0.19642857142857142,0.12727272727272726,0.5886201084839777
icbhi2017,calibration,Adventitious,56,280,0.2,0.125,0.5911734467941613
icbhi2017,calibration,Adventitious,57,280,0.20357142857142857,0.12280701754385964,0.5975181886331541
icbhi2017,calibration,Adventitious,58,280,0.20714285714285716,0.1206896551724138,0.6016497711534973
icbhi2017,calibration,Adventitious,59,280,0.21071428571428572,0.13559322033898305,0.6035851776219769
icbhi2017,calibration,Adventitious,60,280,0.21428571428571427,0.15,0.606457158924275
icbhi2017,calibration,Adventitious,61,280,0.21785714285714286,0.14754098360655737,0.6079719234821025
icbhi2017,calibration,Adventitious,62,280,0.22142857142857142,0.14516129032258066,0.6100011622417811
icbhi2017,calibration,Adventitious,63,280,0.225,0.15873015873015872,0.6132464121139497
icbhi2017,calibration,Adventitious,64,280,0.22857142857142856,0.15625,0.6144216934579408
icbhi2017,calibration,Adventitious,65,280,0.23214285714285715,0.15384615384615385,0.6149499240688203
icbhi2017,calibration,Adventitious,66,280,0.2357142857142857,0.15151515151515152,0.6187408095435583
icbhi2017,calibration,Adventitious,67,280,0.2392857142857143,0.14925373134328357,0.6241629199377654
icbhi2017,calibration,Adventitious,68,280,0.24285714285714285,0.14705882352941177,0.6242955201130568
icbhi2017,calibration,Adventitious,69,280,0.24642857142857144,0.14492753623188406,0.6257582487142088
icbhi2017,calibration,Adventitious,70,280,0.25,0.14285714285714285,0.6343745354639803
icbhi2017,calibration,Adventitious,71,280,0.25357142857142856,0.14084507042253522,0.6351806742599889
icbhi2017,calibration,Adventitious,72,280,0.2571428571428571,0.1388888888888889,0.6357899688902332
icbhi2017,calibration,Adventitious,73,280,0.26071428571428573,0.136986301369863,0.6379937040415586
icbhi2017,calibration,Adventitious,74,280,0.2642857142857143,0.13513513513513514,0.63824966775961
icbhi2017,calibration,Adventitious,75,280,0.26785714285714285,0.13333333333333333,0.638998888791887
icbhi2017,calibration,Adventitious,76,280,0.2714285714285714,0.13157894736842105,0.6414377854110995
icbhi2017,calibration,Adventitious,77,280,0.275,0.14285714285714285,0.6443975172085644
icbhi2017,calibration,Adventitious,78,280,0.2785714285714286,0.15384615384615385,0.6444013624786019
icbhi2017,calibration,Adventitious,79,280,0.28214285714285714,0.1518987341772152,0.6446449264635574
icbhi2017,calibration,Adventitious,80,280,0.2857142857142857,0.15,0.6515130443080809
icbhi2017,calibration,Adventitious,81,280,0.2892857142857143,0.14814814814814814,0.6519558636237708
icbhi2017,calibration,Adventitious,82,280,0.29285714285714287,0.14634146341463414,0.6564764554854768
icbhi2017,calibration,Adventitious,83,280,0.29642857142857143,0.1566265060240964,0.6579960984475394
icbhi2017,calibration,Adventitious,84,280,0.3,0.15476190476190477,0.6587013529204251
icbhi2017,calibration,Adventitious,85,280,0.30357142857142855,0.15294117647058825,0.6616720966199716
icbhi2017,calibration,Adventitious,86,280,0.30714285714285716,0.1511627906976744,0.6622087864937618
icbhi2017,calibration,Adventitious,87,280,0.3107142857142857,0.14942528735632185,0.663291777869273
icbhi2017,calibration,Adventitious,88,280,0.3142857142857143,0.14772727272727273,0.6642328719873526
icbhi2017,calibration,Adventitious,89,280,0.31785714285714284,0.14606741573033707,0.6676789358312469
icbhi2017,calibration,Adventitious,90,280,0.32142857142857145,0.15555555555555556,0.6680094922980265
icbhi2017,calibration,Adventitious,91,280,0.325,0.15384615384615385,0.6725417689195168
icbhi2017,calibration,Adventitious,92,280,0.32857142857142857,0.15217391304347827,0.6733036995946936
icbhi2017,calibration,Adventitious,93,280,0.33214285714285713,0.16129032258064516,0.6751685975418518
icbhi2017,calibration,Adventitious,94,280,0.3357142857142857,0.1702127659574468,0.6782985018673772
icbhi2017,calibration,Adventitious,95,280,0.3392857142857143,0.17894736842105263,0.6830932385797076
icbhi2017,calibration,Adventitious,96,280,0.34285714285714286,0.17708333333333334,0.6901999154516444
icbhi2017,calibration,Adventitious,97,280,0.3464285714285714,0.17525773195876287,0.6985652307272765
icbhi2017,calibration,Adventitious,98,280,0.35,0.17346938775510204,0.6997839766823725
icbhi2017,calibration,Adventitious,99,280,0.3535714285714286,0.1717171717171717,0.701344020757337
icbhi2017,calibration,Adventitious,100,280,0.35714285714285715,0.17,0.7045391176520077
icbhi2017,calibration,Adventitious,101,280,0.3607142857142857,0.16831683168316833,0.7062311129490967
icbhi2017,calibration,Adventitious,102,280,0.36428571428571427,0.16666666666666666,0.7063754651973883
icbhi2017,calibration,Adventitious,103,280,0.3678571428571429,0.1650485436893204,0.7085898539640804
icbhi2017,calibration,Adventitious,104,280,0.37142857142857144,0.16346153846153846,0.7100036420856911
icbhi2017,calibration,Adventitious,105,280,0.375,0.1619047619047619,0.7121156643377381
icbhi2017,calibration,Adventitious,106,280,0.37857142857142856,0.16037735849056603,0.7138130205746434
icbhi2017,calibration,Adventitious,107,280,0.3821428571428571,0.1588785046728972,0.719478208101038
icbhi2017,calibration,Adventitious,108,280,0.38571428571428573,0.1574074074074074,0.719584057381221
icbhi2017,calibration,Adventitious,109,280,0.3892857142857143,0.1651376146788991,0.720253377704287
icbhi2017,calibration,Adventitious,110,280,0.39285714285714285,0.16363636363636364,0.7207964522754999
icbhi2017,calibration,Adventitious,111,280,0.3964285714285714,0.16216216216216217,0.7258942427534095
icbhi2017,calibration,Adventitious,112,280,0.4,0.16071428571428573,0.7268749150911775
icbhi2017,calibration,Adventitious,113,280,0.4035714285714286,0.1592920353982301,0.7270740644009575
icbhi2017,calibration,Adventitious,114,280,0.40714285714285714,0.16666666666666666,0.7274699520108237
icbhi2017,calibration,Adventitious,115,280,0.4107142857142857,0.16521739130434782,0.7301243473839493
icbhi2017,calibration,Adventitious,116,280,0.4142857142857143,0.16379310344827586,0.7319787687251739
icbhi2017,calibration,Adventitious,117,280,0.41785714285714287,0.1623931623931624,0.7358466653606797
icbhi2017,calibration,Adventitious,118,280,0.42142857142857143,0.16101694915254236,0.7370926028543041
icbhi2017,calibration,Adventitious,119,280,0.425,0.15966386554621848,0.7376461732909965
icbhi2017,calibration,Adventitious,120,280,0.42857142857142855,0.16666666666666666,0.7376558248620466
icbhi2017,calibration,Adventitious,121,280,0.43214285714285716,0.1652892561983471,0.7383996049903044
icbhi2017,calibration,Adventitious,122,280,0.4357142857142857,0.16393442622950818,0.7390125949589236
icbhi2017,calibration,Adventitious,123,280,0.4392857142857143,0.16260162601626016,0.746874853774347
icbhi2017,calibration,Adventitious,124,280,0.44285714285714284,0.16129032258064516,0.7471998123854005
icbhi2017,calibration,Adventitious,125,280,0.44642857142857145,0.16,0.7489117694691626
icbhi2017,calibration,Adventitious,126,280,0.45,0.16666666666666666,0.7495502025989081
icbhi2017,calibration,Adventitious,127,280,0.45357142857142857,0.16535433070866143,0.7496934158880998
icbhi2017,calibration,Adventitious,128,280,0.45714285714285713,0.1640625,0.7510223306421067
icbhi2017,calibration,Adventitious,129,280,0.4607142857142857,0.16279069767441862,0.7512846275262824
icbhi2017,calibration,Adventitious,130,280,0.4642857142857143,0.16153846153846155,0.7533609482262797
icbhi2017,calibration,Adventitious,131,280,0.46785714285714286,0.16793893129770993,0.7575417706043762
icbhi2017,calibration,Adventitious,132,280,0.4714285714285714,0.16666666666666666,0.7584806455043271
icbhi2017,calibration,Adventitious,133,280,0.475,0.16541353383458646,0.7590505107951818
icbhi2017,calibration,Adventitious,134,280,0.4785714285714286,0.16417910447761194,0.7598252315076276
icbhi2017,calibration,Adventitious,135,280,0.48214285714285715,0.16296296296296298,0.7603787176583547
icbhi2017,calibration,Adventitious,136,280,0.4857142857142857,0.16176470588235295,0.7613248830815826
icbhi2017,calibration,Adventitious,137,280,0.48928571428571427,0.16058394160583941,0.7645435188611069
icbhi2017,calibration,Adventitious,138,280,0.4928571428571429,0.16666666666666666,0.768168030121122
icbhi2017,calibration,Adventitious,139,280,0.49642857142857144,0.16546762589928057,0.7739552677127857
icbhi2017,calibration,Adventitious,140,280,0.5,0.17142857142857143,0.7759843016918175
icbhi2017,calibration,Adventitious,141,280,0.5035714285714286,0.1702127659574468,0.7775103530111596
icbhi2017,calibration,Adventitious,142,280,0.5071428571428571,0.176056338028169,0.7838145157305667
icbhi2017,calibration,Adventitious,143,280,0.5107142857142857,0.18181818181818182,0.7847379013071488
icbhi2017,calibration,Adventitious,144,280,0.5142857142857142,0.18055555555555555,0.7897113060319324
icbhi2017,calibration,Adventitious,145,280,0.5178571428571429,0.1793103448275862,0.7905827617070084
icbhi2017,calibration,Adventitious,146,280,0.5214285714285715,0.18493150684931506,0.791202455374902
icbhi2017,calibration,Adventitious,147,280,0.525,0.1836734693877551,0.7916701840197667
icbhi2017,calibration,Adventitious,148,280,0.5285714285714286,0.18243243243243243,0.7922487316602783
icbhi2017,calibration,Adventitious,149,280,0.5321428571428571,0.18120805369127516,0.7926025503939563
icbhi2017,calibration,Adventitious,150,280,0.5357142857142857,0.18,0.7934855628147217
icbhi2017,calibration,Adventitious,151,280,0.5392857142857143,0.17880794701986755,0.7941455841277734
icbhi2017,calibration,Adventitious,152,280,0.5428571428571428,0.17763157894736842,0.7962029945835667
icbhi2017,calibration,Adventitious,153,280,0.5464285714285714,0.1830065359477124,0.7974052264935081
icbhi2017,calibration,Adventitious,154,280,0.55,0.18181818181818182,0.7990864195240431
icbhi2017,calibration,Adventitious,155,280,0.5535714285714286,0.1870967741935484,0.7993176887811447
icbhi2017,calibration,Adventitious,156,280,0.5571428571428572,0.1858974358974359,0.801891784023309
icbhi2017,calibration,Adventitious,157,280,0.5607142857142857,0.1910828025477707,0.8034037506952045
icbhi2017,calibration,Adventitious,158,280,0.5642857142857143,0.189873417721519,0.8065830959431426
icbhi2017,calibration,Adventitious,159,280,0.5678571428571428,0.18867924528301888,0.8074660533434619
icbhi2017,calibration,Adventitious,160,280,0.5714285714285714,0.1875,0.8096370999756913
icbhi2017,calibration,Adventitious,161,280,0.575,0.18633540372670807,0.816438269359652
icbhi2017,calibration,Adventitious,162,280,0.5785714285714286,0.19135802469135801,0.8174208510729033
icbhi2017,calibration,Adventitious,163,280,0.5821428571428572,0.1901840490797546,0.8196599244606482
icbhi2017,calibration,Adventitious,164,280,0.5857142857142857,0.18902439024390244,0.8230143660609628
icbhi2017,calibration,Adventitious,165,280,0.5892857142857143,0.18787878787878787,0.8254168105339369
icbhi2017,calibration,Adventitious,166,280,0.5928571428571429,0.18674698795180722,0.8265713198221813
icbhi2017,calibration,Adventitious,167,280,0.5964285714285714,0.19161676646706588,0.8289447233749364
icbhi2017,calibration,Adventitious,168,280,0.6,0.19642857142857142,0.8324183746549452
icbhi2017,calibration,Adventitious,169,280,0.6035714285714285,0.1952662721893491,0.8357769761963232
icbhi2017,calibration,Adventitious,170,280,0.6071428571428571,0.19411764705882353,0.8374057118410506
icbhi2017,calibration,Adventitious,171,280,0.6107142857142858,0.19298245614035087,0.839795509008841
icbhi2017,calibration,Adventitious,172,280,0.6142857142857143,0.19186046511627908,0.8417914731103827
icbhi2017,calibration,Adventitious,173,280,0.6178571428571429,0.1907514450867052,0.8499047978578421
icbhi2017,calibration,Adventitious,174,280,0.6214285714285714,0.1896551724137931,0.8531254252910347
icbhi2017,calibration,Adventitious,175,280,0.625,0.18857142857142858,0.8553938550137443
icbhi2017,calibration,Adventitious,176,280,0.6285714285714286,0.1875,0.8554740725379226
icbhi2017,calibration,Adventitious,177,280,0.6321428571428571,0.1864406779661017,0.8587960339889384
icbhi2017,calibration,Adventitious,178,280,0.6357142857142857,0.1853932584269663,0.8594708942170219
icbhi2017,calibration,Adventitious,179,280,0.6392857142857142,0.18435754189944134,0.8653841284212583
icbhi2017,calibration,Adventitious,180,280,0.6428571428571429,0.18333333333333332,0.8654942945568319
icbhi2017,calibration,Adventitious,181,280,0.6464285714285715,0.18232044198895028,0.8660726824919395
icbhi2017,calibration,Adventitious,182,280,0.65,0.1813186813186813,0.8667713037856543
icbhi2017,calibration,Adventitious,183,280,0.6535714285714286,0.18032786885245902,0.8684249494456512
icbhi2017,calibration,Adventitious,184,280,0.6571428571428571,0.1793478260869565,0.8771423551413815
icbhi2017,calibration,Adventitious,185,280,0.6607142857142857,0.1783783783783784,0.8806180289125446
icbhi2017,calibration,Adventitious,186,280,0.6642857142857143,0.1774193548387097,0.8834265156856409
icbhi2017,calibration,Adventitious,187,280,0.6678571428571428,0.17647058823529413,0.8838346628658464
icbhi2017,calibration,Adventitious,188,280,0.6714285714285714,0.18085106382978725,0.885172496856049
icbhi2017,calibration,Adventitious,189,280,0.675,0.17989417989417988,0.8913116436268673
icbhi2017,calibration,Adventitious,190,280,0.6785714285714286,0.18421052631578946,0.8933874879081001
icbhi2017,calibration,Adventitious,191,280,0.6821428571428572,0.18324607329842932,0.8936836482297327
icbhi2017,calibration,Adventitious,192,280,0.6857142857142857,0.18229166666666666,0.895436451860889
icbhi2017,calibration,Adventitious,193,280,0.6892857142857143,0.18134715025906736,0.8956626155033752
icbhi2017,calibration,Adventitious,194,280,0.6928571428571428,0.18041237113402062,0.8966866422979124
icbhi2017,calibration,Adventitious,195,280,0.6964285714285714,0.1794871794871795,0.8969867009988349
icbhi2017,calibration,Adventitious,196,280,0.7,0.17857142857142858,0.89719524891794
icbhi2017,calibration,Adventitious,197,280,0.7035714285714286,0.17766497461928935,0.8985003246555344
icbhi2017,calibration,Adventitious,198,280,0.7071428571428572,0.18181818181818182,0.8990519349702395
icbhi2017,calibration,Adventitious,199,280,0.7107142857142857,0.18090452261306533,0.8995290354246308
icbhi2017,calibration,Adventitious,200,280,0.7142857142857143,0.18,0.8997240283538837
icbhi2017,calibration,Adventitious,201,280,0.7178571428571429,0.1791044776119403,0.9003971825638146
icbhi2017,calibration,Adventitious,202,280,0.7214285714285714,0.1782178217821782,0.9016577659761957
icbhi2017,calibration,Adventitious,203,280,0.725,0.18226600985221675,0.9042930843807045
icbhi2017,calibration,Adventitious,204,280,0.7285714285714285,0.18627450980392157,0.9055497819582965
icbhi2017,calibration,Adventitious,205,280,0.7321428571428571,0.18536585365853658,0.9098523299369098
icbhi2017,calibration,Adventitious,206,280,0.7357142857142858,0.18446601941747573,0.9122975415763755
icbhi2017,calibration,Adventitious,207,280,0.7392857142857143,0.18357487922705315,0.9134112082267545
icbhi2017,calibration,Adventitious,208,280,0.7428571428571429,0.18269230769230768,0.9172438730081927
icbhi2017,calibration,Adventitious,209,280,0.7464285714285714,0.18181818181818182,0.9201901319151821
icbhi2017,calibration,Adventitious,210,280,0.75,0.18571428571428572,0.9216869987867533
icbhi2017,calibration,Adventitious,211,280,0.7535714285714286,0.1848341232227488,0.9261540963092881
icbhi2017,calibration,Adventitious,212,280,0.7571428571428571,0.18867924528301888,0.9262036185536375
icbhi2017,calibration,Adventitious,213,280,0.7607142857142857,0.18779342723004694,0.9284001791228301
icbhi2017,calibration,Adventitious,214,280,0.7642857142857142,0.18691588785046728,0.9285117839854676
icbhi2017,calibration,Adventitious,215,280,0.7678571428571429,0.18604651162790697,0.9291258844745637
icbhi2017,calibration,Adventitious,216,280,0.7714285714285715,0.18981481481481483,0.9342025989663504
icbhi2017,calibration,Adventitious,217,280,0.775,0.1935483870967742,0.9369105366787667
icbhi2017,calibration,Adventitious,218,280,0.7785714285714286,0.19724770642201836,0.9371239243267124
icbhi2017,calibration,Adventitious,219,280,0.7821428571428571,0.1963470319634703,0.9410913982789698
icbhi2017,calibration,Adventitious,220,280,0.7857142857142857,0.19545454545454546,0.9429548788501739
icbhi2017,calibration,Adventitious,221,280,0.7892857142857143,0.19909502262443438,0.9431053235714713
icbhi2017,calibration,Adventitious,222,280,0.7928571428571428,0.20270270270270271,0.9437705320802005
icbhi2017,calibration,Adventitious,223,280,0.7964285714285714,0.2062780269058296,0.9484605157345272
icbhi2017,calibration,Adventitious,224,280,0.8,0.20982142857142858,0.9493391392841947
icbhi2017,calibration,Adventitious,225,280,0.8035714285714286,0.2088888888888889,0.9497881010870459
icbhi2017,calibration,Adventitious,226,280,0.8071428571428572,0.2079646017699115,0.9499306482328967
icbhi2017,calibration,Adventitious,227,280,0.8107142857142857,0.20704845814977973,0.9546373727186475
icbhi2017,calibration,Adventitious,228,280,0.8142857142857143,0.21052631578947367,0.9562600169050224
icbhi2017,calibration,Adventitious,229,280,0.8178571428571428,0.21397379912663755,0.9580174866684977
icbhi2017,calibration,Adventitious,230,280,0.8214285714285714,0.21304347826086956,0.9589928128234668
icbhi2017,calibration,Adventitious,231,280,0.825,0.21645021645021645,0.9590911443892085
icbhi2017,calibration,Adventitious,232,280,0.8285714285714286,0.21551724137931033,0.9602272532990039
icbhi2017,calibration,Adventitious,233,280,0.8321428571428572,0.2145922746781116,0.9614460061111444
icbhi2017,calibration,Adventitious,234,280,0.8357142857142857,0.21367521367521367,0.9616321814081387
icbhi2017,calibration,Adventitious,235,280,0.8392857142857143,0.2170212765957447,0.9621389561389024
icbhi2017,calibration,Adventitious,236,280,0.8428571428571429,0.21610169491525424,0.9637912231318994
icbhi2017,calibration,Adventitious,237,280,0.8464285714285714,0.21518987341772153,0.964273452998392
icbhi2017,calibration,Adventitious,238,280,0.85,0.21428571428571427,0.9651267768831803
icbhi2017,calibration,Adventitious,239,280,0.8535714285714285,0.21338912133891214,0.9688377788283099
icbhi2017,calibration,Adventitious,240,280,0.8571428571428571,0.2125,0.9694428750418723
icbhi2017,calibration,Adventitious,241,280,0.8607142857142858,0.21161825726141079,0.9709731722621029
icbhi2017,calibration,Adventitious,242,280,0.8642857142857143,0.21487603305785125,0.9718054190549879
icbhi2017,calibration,Adventitious,243,280,0.8678571428571429,0.21810699588477367,0.9724353712924809
icbhi2017,calibration,Adventitious,244,280,0.8714285714285714,0.21721311475409835,0.9750643482816329
icbhi2017,calibration,Adventitious,245,280,0.875,0.22040816326530613,0.9753682861777994
icbhi2017,calibration,Adventitious,246,280,0.8785714285714286,0.21951219512195122,0.976635665395683
icbhi2017,calibration,Adventitious,247,280,0.8821428571428571,0.21862348178137653,0.9771689828335656
icbhi2017,calibration,Adventitious,248,280,0.8857142857142857,0.21774193548387097,0.9772090347575805
icbhi2017,calibration,Adventitious,249,280,0.8892857142857142,0.22088353413654618,0.9782218269214142
icbhi2017,calibration,Adventitious,250,280,0.8928571428571429,0.224,0.9790024963723026
icbhi2017,calibration,Adventitious,251,280,0.8964285714285715,0.22310756972111553,0.9794381591954601
icbhi2017,calibration,Adventitious,252,280,0.9,0.2261904761904762,0.9813271220747996
icbhi2017,calibration,Adventitious,253,280,0.9035714285714286,0.22529644268774704,0.9845060612791264
icbhi2017,calibration,Adventitious,254,280,0.9071428571428571,0.22440944881889763,0.9853062150837705
icbhi2017,calibration,Adventitious,255,280,0.9107142857142857,0.22745098039215686,0.985673963369716
icbhi2017,calibration,Adventitious,256,280,0.9142857142857143,0.2265625,0.9859949181751148
icbhi2017,calibration,Adventitious,257,280,0.9178571428571428,0.22568093385214008,0.9861312139858032
icbhi2017,calibration,Adventitious,258,280,0.9214285714285714,0.2248062015503876,0.9884144223596021
icbhi2017,calibration,Adventitious,259,280,0.925,0.2277992277992278,0.9887642180496488
icbhi2017,calibration,Adventitious,260,280,0.9285714285714286,0.22692307692307692,0.9891428876593419
icbhi2017,calibration,Adventitious,261,280,0.9321428571428572,0.22988505747126436,0.989289149041403
icbhi2017,calibration,Adventitious,262,280,0.9357142857142857,0.23282442748091603,0.9949009650080984
icbhi2017,calibration,Adventitious,263,280,0.9392857142857143,0.23574144486692014,0.9949937635850947
icbhi2017,calibration,Adventitious,264,280,0.9428571428571428,0.23484848484848486,0.9960221322033191
icbhi2017,calibration,Adventitious,265,280,0.9464285714285714,0.2339622641509434,0.9961877763659843
icbhi2017,calibration,Adventitious,266,280,0.95,0.23308270676691728,0.9963323631647866
icbhi2017,calibration,Adventitious,267,280,0.9535714285714286,0.23595505617977527,0.9969947718881779
icbhi2017,calibration,Adventitious,268,280,0.9571428571428572,0.23880597014925373,0.9972331589752351
icbhi2017,calibration,Adventitious,269,280,0.9607142857142857,0.241635687732342,0.9972678252432611
icbhi2017,calibration,Adventitious,270,280,0.9642857142857143,0.24444444444444444,0.9974010850829298
icbhi2017,calibration,Adventitious,271,280,0.9678571428571429,0.24354243542435425,0.9974742967990244
icbhi2017,calibration,Adventitious,272,280,0.9714285714285714,0.24632352941176472,0.9979628251178634
icbhi2017,calibration,Adventitious,273,280,0.975,0.2490842490842491,0.9984369103233715
icbhi2017,calibration,Adventitious,274,280,0.9785714285714285,0.2518248175182482,0.9984399228981354
icbhi2017,calibration,Adventitious,275,280,0.9821428571428571,0.2509090909090909,0.9992607436960799
icbhi2017,calibration,Adventitious,276,280,0.9857142857142858,0.2536231884057971,0.9993444080984691
icbhi2017,calibration,Adventitious,277,280,0.9892857142857143,0.2563176895306859,0.99941634999724
icbhi2017,calibration,Adventitious,278,280,0.9928571428571429,0.2589928057553957,0.9998716950146894
icbhi2017,calibration,Adventitious,279,280,0.9964285714285714,0.25806451612903225,0.9998966173990379
icbhi2017,calibration,Adventitious,280,280,1.0,0.26071428571428573,0.9999181396247798
icbhi2017,validation_select,Normal,1,287,0.003484320557491289,0.0,0.38550688013224954
icbhi2017,validation_select,Normal,2,287,0.006968641114982578,0.0,0.4243088755649189
icbhi2017,validation_select,Normal,3,287,0.010452961672473868,0.0,0.43104089883505264
icbhi2017,validation_select,Normal,4,287,0.013937282229965157,0.0,0.4433316739930989
icbhi2017,validation_select,Normal,5,287,0.017421602787456445,0.0,0.4607524472246349
icbhi2017,validation_select,Normal,6,287,0.020905923344947737,0.0,0.47105795416675933
icbhi2017,validation_select,Normal,7,287,0.024390243902439025,0.0,0.47363948677212175
icbhi2017,validation_select,Normal,8,287,0.027874564459930314,0.0,0.4838696922824532
icbhi2017,validation_select,Normal,9,287,0.0313588850174216,0.0,0.5029584990700269
icbhi2017,validation_select,Normal,10,287,0.03484320557491289,0.0,0.5080849036231492
icbhi2017,validation_select,Normal,11,287,0.03832752613240418,0.0,0.5098200874168418
icbhi2017,validation_select,Normal,12,287,0.041811846689895474,0.0,0.5149066670441013
icbhi2017,validation_select,Normal,13,287,0.04529616724738676,0.0,0.5241209682978077
icbhi2017,validation_select,Normal,14,287,0.04878048780487805,0.0,0.5275454926119149
icbhi2017,validation_select,Normal,15,287,0.05226480836236934,0.0,0.5368142507511618
icbhi2017,validation_select,Normal,16,287,0.05574912891986063,0.0,0.5371742194464862
icbhi2017,validation_select,Normal,17,287,0.059233449477351915,0.0,0.5414357528657953
icbhi2017,validation_select,Normal,18,287,0.0627177700348432,0.0,0.542789897123006
icbhi2017,validation_select,Normal,19,287,0.06620209059233449,0.0,0.5466856445109235
icbhi2017,validation_select,Normal,20,287,0.06968641114982578,0.0,0.5480975957763374
icbhi2017,validation_select,Normal,21,287,0.07317073170731707,0.0,0.5488124475978499
icbhi2017,validation_select,Normal,22,287,0.07665505226480836,0.0,0.5521321618190335
icbhi2017,validation_select,Normal,23,287,0.08013937282229965,0.0,0.55523521033401
icbhi2017,validation_select,Normal,24,287,0.08362369337979095,0.0,0.5559206173261512
icbhi2017,validation_select,Normal,25,287,0.08710801393728224,0.0,0.5579790703363166
icbhi2017,validation_select,Normal,26,287,0.09059233449477352,0.0,0.5593847889780553
icbhi2017,validation_select,Normal,27,287,0.09407665505226481,0.0,0.5613122560462352
icbhi2017,validation_select,Normal,28,287,0.0975609756097561,0.0,0.5715477212465787
icbhi2017,validation_select,Normal,29,287,0.10104529616724739,0.0,0.5734968189608861
icbhi2017,validation_select,Normal,30,287,0.10452961672473868,0.0,0.5804227458762063
icbhi2017,validation_select,Normal,31,287,0.10801393728222997,0.0,0.5807643854435455
icbhi2017,validation_select,Normal,32,287,0.11149825783972125,0.0,0.5826566071700164
icbhi2017,validation_select,Normal,33,287,0.11498257839721254,0.0,0.5833901784641647
icbhi2017,validation_select,Normal,34,287,0.11846689895470383,0.0,0.5895169751007466
icbhi2017,validation_select,Normal,35,287,0.12195121951219512,0.0,0.5897877219052896
icbhi2017,validation_select,Normal,36,287,0.1254355400696864,0.0,0.5984385624320518
icbhi2017,validation_select,Normal,37,287,0.1289198606271777,0.0,0.5986508564693401
icbhi2017,validation_select,Normal,38,287,0.13240418118466898,0.0,0.599408207658182
icbhi2017,validation_select,Normal,39,287,0.13588850174216027,0.0,0.6042014013111059
icbhi2017,validation_select,Normal,40,287,0.13937282229965156,0.0,0.6264535567462778
icbhi2017,validation_select,Normal,41,287,0.14285714285714285,0.0,0.6279844841401502
icbhi2017,validation_select,Normal,42,287,0.14634146341463414,0.0,0.6291993393508284
icbhi2017,validation_select,Normal,43,287,0.14982578397212543,0.0,0.6358105441509626
icbhi2017,validation_select,Normal,44,287,0.15331010452961671,0.0,0.6386075761904684
icbhi2017,validation_select,Normal,45,287,0.156794425087108,0.0,0.6520212194552247
icbhi2017,validation_select,Normal,46,287,0.1602787456445993,0.0,0.6533494465976345
icbhi2017,validation_select,Normal,47,287,0.16376306620209058,0.0,0.6564866037359213
icbhi2017,validation_select,Normal,48,287,0.1672473867595819,0.0,0.6578813061627325
icbhi2017,validation_select,Normal,49,287,0.17073170731707318,0.0,0.6620209624550266
icbhi2017,validation_select,Normal,50,287,0.17421602787456447,0.0,0.6664103335157641
icbhi2017,validation_select,Normal,51,287,0.17770034843205576,0.0,0.6667979267275385
icbhi2017,validation_select,Normal,52,287,0.18118466898954705,0.0,0.6697527683896162
icbhi2017,validation_select,Normal,53,287,0.18466898954703834,0.0,0.6745134827526941
icbhi2017,validation_select,Normal,54,287,0.18815331010452963,0.0,0.6782976750778515
icbhi2017,validation_select,Normal,55,287,0.1916376306620209,0.0,0.6783494069595362
icbhi2017,validation_select,Normal,56,287,0.1951219512195122,0.0,0.6816077328671408
icbhi2017,validation_select,Normal,57,287,0.1986062717770035,0.0,0.6825234369548522
icbhi2017,validation_select,Normal,58,287,0.20209059233449478,0.0,0.6865115461702643
icbhi2017,validation_select,Normal,59,287,0.20557491289198607,0.0,0.6913483096647391
icbhi2017,validation_select,Normal,60,287,0.20905923344947736,0.016666666666666666,0.6995107496953786
icbhi2017,validation_select,Normal,61,287,0.21254355400696864,0.01639344262295082,0.7021333720357612
icbhi2017,validation_select,Normal,62,287,0.21602787456445993,0.016129032258064516,0.7045515340029281
icbhi2017,validation_select,Normal,63,287,0.21951219512195122,0.015873015873015872,0.7059622889946908
icbhi2017,validation_select,Normal,64,287,0.2229965156794425,0.03125,0.7078652603776235
icbhi2017,validation_select,Normal,65,287,0.2264808362369338,0.046153846153846156,0.7090999650736769
icbhi2017,validation_select,Normal,66,287,0.22996515679442509,0.045454545454545456,0.7123371679993165
icbhi2017,validation_select,Normal,67,287,0.23344947735191637,0.04477611940298507,0.7145080317648734
icbhi2017,validation_select,Normal,68,287,0.23693379790940766,0.04411764705882353,0.7159190414416673
icbhi2017,validation_select,Normal,69,287,0.24041811846689895,0.043478260869565216,0.7191379674846656
icbhi2017,validation_select,Normal,70,287,0.24390243902439024,0.04285714285714286,0.7267163619249514
icbhi2017,validation_select,Normal,71,287,0.24738675958188153,0.04225352112676056,0.7286888532856273
icbhi2017,validation_select,Normal,72,287,0.2508710801393728,0.041666666666666664,0.7373918842693652
icbhi2017,validation_select,Normal,73,287,0.25435540069686413,0.0410958904109589,0.7390242135237817
icbhi2017,validation_select,Normal,74,287,0.2578397212543554,0.04054054054054054,0.7392723139392217
icbhi2017,validation_select,Normal,75,287,0.2613240418118467,0.04,0.7401238588893905
icbhi2017,validation_select,Normal,76,287,0.26480836236933797,0.039473684210526314,0.7425705897789268
icbhi2017,validation_select,Normal,77,287,0.2682926829268293,0.03896103896103896,0.7432714608351878
icbhi2017,validation_select,Normal,78,287,0.27177700348432055,0.038461538461538464,0.7449954156038798
icbhi2017,validation_select,Normal,79,287,0.27526132404181186,0.0379746835443038,0.7451404525927372
icbhi2017,validation_select,Normal,80,287,0.2787456445993031,0.0375,0.7483746190321054
icbhi2017,validation_select,Normal,81,287,0.28222996515679444,0.04938271604938271,0.7549486833533146
icbhi2017,validation_select,Normal,82,287,0.2857142857142857,0.04878048780487805,0.7559830190789371
icbhi2017,validation_select,Normal,83,287,0.289198606271777,0.060240963855421686,0.7572074162652627
icbhi2017,validation_select,Normal,84,287,0.2926829268292683,0.05952380952380952,0.7579893439108759
icbhi2017,validation_select,Normal,85,287,0.2961672473867596,0.058823529411764705,0.7584376977547288
icbhi2017,validation_select,Normal,86,287,0.29965156794425085,0.05813953488372093,0.7596146795884634
icbhi2017,validation_select,Normal,87,287,0.30313588850174217,0.06896551724137931,0.7628016168542042
icbhi2017,validation_select,Normal,88,287,0.30662020905923343,0.07954545454545454,0.7634983118265425
icbhi2017,validation_select,Normal,89,287,0.31010452961672474,0.07865168539325842,0.767160001672234
icbhi2017,validation_select,Normal,90,287,0.313588850174216,0.07777777777777778,0.7765930549399388
icbhi2017,validation_select,Normal,91,287,0.3170731707317073,0.07692307692307693,0.7766414978205781
icbhi2017,validation_select,Normal,92,287,0.3205574912891986,0.07608695652173914,0.7820735295030794
icbhi2017,validation_select,Normal,93,287,0.3240418118466899,0.07526881720430108,0.7824528611812513
icbhi2017,validation_select,Normal,94,287,0.32752613240418116,0.07446808510638298,0.7862954269612921
icbhi2017,validation_select,Normal,95,287,0.3310104529616725,0.07368421052631578,0.7917593858982886
icbhi2017,validation_select,Normal,96,287,0.3344947735191638,0.08333333333333333,0.7952870657978118
icbhi2017,validation_select,Normal,97,287,0.33797909407665505,0.08247422680412371,0.7971641511743813
icbhi2017,validation_select,Normal,98,287,0.34146341463414637,0.09183673469387756,0.7986581251446958
icbhi2017,validation_select,Normal,99,287,0.34494773519163763,0.09090909090909091,0.7995580913736563
icbhi2017,validation_select,Normal,100,287,0.34843205574912894,0.1,0.8016201113334123
icbhi2017,validation_select,Normal,101,287,0.3519163763066202,0.09900990099009901,0.8039731644719154
icbhi2017,validation_select,Normal,102,287,0.3554006968641115,0.09803921568627451,0.8076375029573633
icbhi2017,validation_select,Normal,103,287,0.3588850174216028,0.0970873786407767,0.810683980923623
icbhi2017,validation_select,Normal,104,287,0.3623693379790941,0.09615384615384616,0.812139479801677
icbhi2017,validation_select,Normal,105,287,0.36585365853658536,0.09523809523809523,0.8160497914613015
icbhi2017,validation_select,Normal,106,287,0.3693379790940767,0.09433962264150944,0.8188557040048314
icbhi2017,validation_select,Normal,107,287,0.37282229965156793,0.09345794392523364,0.8194685758574322
icbhi2017,validation_select,Normal,108,287,0.37630662020905925,0.10185185185185185,0.8229923222165701
icbhi2017,validation_select,Normal,109,287,0.3797909407665505,0.10091743119266056,0.8248173638935571
icbhi2017,validation_select,Normal,110,287,0.3832752613240418,0.1,0.8248895544179794
icbhi2017,validation_select,Normal,111,287,0.3867595818815331,0.0990990990990991,0.8270257177349519
icbhi2017,validation_select,Normal,112,287,0.3902439024390244,0.09821428571428571,0.8275869544847547
icbhi2017,validation_select,Normal,113,287,0.39372822299651566,0.09734513274336283,0.8298014302170162
icbhi2017,validation_select,Normal,114,287,0.397212543554007,0.09649122807017543,0.8304252000552341
icbhi2017,validation_select,Normal,115,287,0.40069686411149824,0.09565217391304348,0.8311762209072328
icbhi2017,validation_select,Normal,116,287,0.40418118466898956,0.09482758620689655,0.8320832199963051
icbhi2017,validation_select,Normal,117,287,0.4076655052264808,0.10256410256410256,0.83238083058629
icbhi2017,validation_select,Normal,118,287,0.41114982578397213,0.1016949152542373,0.8328835677347286
icbhi2017,validation_select,Normal,119,287,0.4146341463414634,0.1092436974789916,0.8362767259018788
icbhi2017,validation_select,Normal,120,287,0.4181184668989547,0.10833333333333334,0.8372186246832818
icbhi2017,validation_select,Normal,121,287,0.42160278745644597,0.10743801652892562,0.8426906633457458
icbhi2017,validation_select,Normal,122,287,0.4250871080139373,0.10655737704918032,0.8431460404234561
icbhi2017,validation_select,Normal,123,287,0.42857142857142855,0.10569105691056911,0.844011498763647
icbhi2017,validation_select,Normal,124,287,0.43205574912891986,0.10483870967741936,0.844868628377317
icbhi2017,validation_select,Normal,125,287,0.4355400696864111,0.104,0.846976966906359
icbhi2017,validation_select,Normal,126,287,0.43902439024390244,0.10317460317460317,0.8473296129289395
icbhi2017,validation_select,Normal,127,287,0.4425087108013937,0.10236220472440945,0.8479219584951981
icbhi2017,validation_select,Normal,128,287,0.445993031358885,0.1015625,0.8483357156419264
icbhi2017,validation_select,Normal,129,287,0.44947735191637633,0.10077519379844961,0.8497094422863793
icbhi2017,validation_select,Normal,130,287,0.4529616724738676,0.1,0.857430969354018
icbhi2017,validation_select,Normal,131,287,0.4564459930313589,0.09923664122137404,0.8607830908223312
icbhi2017,validation_select,Normal,132,287,0.45993031358885017,0.09848484848484848,0.8608052573720966
icbhi2017,validation_select,Normal,133,287,0.4634146341463415,0.10526315789473684,0.8618850251240983
icbhi2017,validation_select,Normal,134,287,0.46689895470383275,0.11194029850746269,0.8637497661570943
icbhi2017,validation_select,Normal,135,287,0.47038327526132406,0.11851851851851852,0.8653469437605216
icbhi2017,validation_select,Normal,136,287,0.4738675958188153,0.11764705882352941,0.8662841557008848
icbhi2017,validation_select,Normal,137,287,0.47735191637630664,0.11678832116788321,0.8676764567905768
icbhi2017,validation_select,Normal,138,287,0.4808362369337979,0.11594202898550725,0.868779607871477
icbhi2017,validation_select,Normal,139,287,0.4843205574912892,0.1223021582733813,0.8721845467003821
icbhi2017,validation_select,Normal,140,287,0.4878048780487805,0.12142857142857143,0.8728576622142494
icbhi2017,validation_select,Normal,141,287,0.4912891986062718,0.1276595744680851,0.8733719077433446
icbhi2017,validation_select,Normal,142,287,0.49477351916376305,0.1267605633802817,0.8733859702690814
icbhi2017,validation_select,Normal,143,287,0.49825783972125437,0.1258741258741259,0.8766273960743409
icbhi2017,validation_select,Normal,144,287,0.5017421602787456,0.13194444444444445,0.8767009982296482
icbhi2017,validation_select,Normal,145,287,0.5052264808362369,0.1310344827586207,0.878976336755923
icbhi2017,validation_select,Normal,146,287,0.5087108013937283,0.136986301369863,0.8812550818507298
icbhi2017,validation_select,Normal,147,287,0.5121951219512195,0.14285714285714285,0.883074166172653
icbhi2017,validation_select,Normal,148,287,0.5156794425087108,0.14864864864864866,0.8842151804514113
icbhi2017,validation_select,Normal,149,287,0.519163763066202,0.1476510067114094,0.8857378674850829
icbhi2017,validation_select,Normal,150,287,0.5226480836236934,0.15333333333333332,0.8857458092705657
icbhi2017,validation_select,Normal,151,287,0.5261324041811847,0.152317880794702,0.8868271760165599
icbhi2017,validation_select,Normal,152,287,0.5296167247386759,0.15789473684210525,0.8871066308762656
icbhi2017,validation_select,Normal,153,287,0.5331010452961672,0.1568627450980392,0.887291686959706
icbhi2017,validation_select,Normal,154,287,0.5365853658536586,0.16233766233766234,0.8873061859654483
icbhi2017,validation_select,Normal,155,287,0.5400696864111498,0.16774193548387098,0.8888496782486759
icbhi2017,validation_select,Normal,156,287,0.5435540069686411,0.16666666666666666,0.8909300400768386
icbhi2017,validation_select,Normal,157,287,0.5470383275261324,0.17197452229299362,0.892273789275546
icbhi2017,validation_select,Normal,158,287,0.5505226480836237,0.17088607594936708,0.8928010318305577
icbhi2017,validation_select,Normal,159,287,0.554006968641115,0.16981132075471697,0.893452291139238
icbhi2017,validation_select,Normal,160,287,0.5574912891986062,0.16875,0.8965418866015087
icbhi2017,validation_select,Normal,161,287,0.5609756097560976,0.16770186335403728,0.8967547915273808
icbhi2017,validation_select,Normal,162,287,0.5644599303135889,0.16666666666666666,0.9016446155652149
icbhi2017,validation_select,Normal,163,287,0.5679442508710801,0.1656441717791411,0.9032893541486334
icbhi2017,validation_select,Normal,164,287,0.5714285714285714,0.17073170731707318,0.9047843895460034
icbhi2017,validation_select,Normal,165,287,0.5749128919860628,0.1696969696969697,0.9083354930449439
icbhi2017,validation_select,Normal,166,287,0.578397212543554,0.1686746987951807,0.9106891199707539
icbhi2017,validation_select,Normal,167,287,0.5818815331010453,0.17365269461077845,0.9124415435047109
icbhi2017,validation_select,Normal,168,287,0.5853658536585366,0.17857142857142858,0.9146424869796745
icbhi2017,validation_select,Normal,169,287,0.5888501742160279,0.17751479289940827,0.9175684130271841
icbhi2017,validation_select,Normal,170,287,0.5923344947735192,0.17647058823529413,0.9177287177582395
icbhi2017,validation_select,Normal,171,287,0.5958188153310104,0.18128654970760233,0.9190807944146233
icbhi2017,validation_select,Normal,172,287,0.5993031358885017,0.18023255813953487,0.9201544015943145
icbhi2017,validation_select,Normal,173,287,0.6027874564459931,0.1791907514450867,0.9209448793833107
icbhi2017,validation_select,Normal,174,287,0.6062717770034843,0.1781609195402299,0.9229237782736006
icbhi2017,validation_select,Normal,175,287,0.6097560975609756,0.17714285714285713,0.9263013590736477
icbhi2017,validation_select,Normal,176,287,0.6132404181184669,0.17613636363636365,0.9288248983745079
icbhi2017,validation_select,Normal,177,287,0.6167247386759582,0.1751412429378531,0.929348552803025
icbhi2017,validation_select,Normal,178,287,0.6202090592334495,0.1797752808988764,0.9297299665205544
icbhi2017,validation_select,Normal,179,287,0.6236933797909407,0.18435754189944134,0.9303120709650832
icbhi2017,validation_select,Normal,180,287,0.627177700348432,0.18333333333333332,0.9315520882880297
icbhi2017,validation_select,Normal,181,287,0.6306620209059234,0.1878453038674033,0.9320195649097112
icbhi2017,validation_select,Normal,182,287,0.6341463414634146,0.19230769230769232,0.9329342446011479
icbhi2017,validation_select,Normal,183,287,0.6376306620209059,0.19672131147540983,0.9330778950568124
icbhi2017,validation_select,Normal,184,287,0.6411149825783972,0.1956521739130435,0.9341670570788798
icbhi2017,validation_select,Normal,185,287,0.6445993031358885,0.2,0.9344901215141194
icbhi2017,validation_select,Normal,186,287,0.6480836236933798,0.1989247311827957,0.935612724774775
icbhi2017,validation_select,Normal,187,287,0.6515679442508711,0.19786096256684493,0.9365149478820668
icbhi2017,validation_select,Normal,188,287,0.6550522648083623,0.19680851063829788,0.9366434968751604
icbhi2017,validation_select,Normal,189,287,0.6585365853658537,0.19576719576719576,0.9373893551004092
icbhi2017,validation_select,Normal,190,287,0.662020905923345,0.19473684210526315,0.9423763365922427
icbhi2017,validation_select,Normal,191,287,0.6655052264808362,0.193717277486911,0.9427631697234373
icbhi2017,validation_select,Normal,192,287,0.6689895470383276,0.19270833333333334,0.9446423497487625
icbhi2017,validation_select,Normal,193,287,0.6724738675958188,0.19689119170984457,0.9465654084344571
icbhi2017,validation_select,Normal,194,287,0.6759581881533101,0.20103092783505155,0.9465864991071412
icbhi2017,validation_select,Normal,195,287,0.6794425087108014,0.20512820512820512,0.949996942095046
icbhi2017,validation_select,Normal,196,287,0.6829268292682927,0.20918367346938777,0.9512245471080375
icbhi2017,validation_select,Normal,197,287,0.686411149825784,0.20812182741116753,0.9519334673911971
icbhi2017,validation_select,Normal,198,287,0.6898954703832753,0.20707070707070707,0.9525341329570516
icbhi2017,validation_select,Normal,199,287,0.6933797909407665,0.21105527638190955,0.9562432618808494
icbhi2017,validation_select,Normal,200,287,0.6968641114982579,0.215,0.9576282747847316
icbhi2017,validation_select,Normal,201,287,0.7003484320557491,0.21393034825870647,0.9583589176448682
icbhi2017,validation_select,Normal,202,287,0.7038327526132404,0.21782178217821782,0.9586237200129003
icbhi2017,validation_select,Normal,203,287,0.7073170731707317,0.21674876847290642,0.9586328811488387
icbhi2017,validation_select,Normal,204,287,0.710801393728223,0.22058823529411764,0.9590965288977137
icbhi2017,validation_select,Normal,205,287,0.7142857142857143,0.22439024390243903,0.9593606739145961
icbhi2017,validation_select,Normal,206,287,0.7177700348432056,0.22330097087378642,0.9603482973364754
icbhi2017,validation_select,Normal,207,287,0.7212543554006968,0.2222222222222222,0.9603543282571293
icbhi2017,validation_select,Normal,208,287,0.7247386759581882,0.22596153846153846,0.9621388137774974
icbhi2017,validation_select,Normal,209,287,0.7282229965156795,0.22488038277511962,0.9629981778474119
icbhi2017,validation_select,Normal,210,287,0.7317073170731707,0.22380952380952382,0.9651238911673261
icbhi2017,validation_select,Normal,211,287,0.735191637630662,0.22274881516587677,0.9653045599482455
icbhi2017,validation_select,Normal,212,287,0.7386759581881533,0.22169811320754718,0.9654518093396579
icbhi2017,validation_select,Normal,213,287,0.7421602787456446,0.22535211267605634,0.9656029960784029
icbhi2017,validation_select,Normal,214,287,0.7456445993031359,0.22897196261682243,0.9683224370380922
icbhi2017,validation_select,Normal,215,287,0.7491289198606271,0.22790697674418606,0.9683846178149186
icbhi2017,validation_select,Normal,216,287,0.7526132404181185,0.23148148148148148,0.9690208723193755
icbhi2017,validation_select,Normal,217,287,0.7560975609756098,0.2304147465437788,0.969175569363088
icbhi2017,validation_select,Normal,218,287,0.759581881533101,0.23394495412844038,0.9710396237783534
icbhi2017,validation_select,Normal,219,287,0.7630662020905923,0.2374429223744292,0.9712858642262564
icbhi2017,validation_select,Normal,220,287,0.7665505226480837,0.23636363636363636,0.9718801534762396
icbhi2017,validation_select,Normal,221,287,0.7700348432055749,0.2398190045248869,0.9719845311137542
icbhi2017,validation_select,Normal,222,287,0.7735191637630662,0.24324324324324326,0.9721278717958075
icbhi2017,validation_select,Normal,223,287,0.7770034843205574,0.24663677130044842,0.9724467588283425
icbhi2017,validation_select,Normal,224,287,0.7804878048780488,0.24553571428571427,0.9732941884017157
icbhi2017,validation_select,Normal,225,287,0.7839721254355401,0.24444444444444444,0.973331600941816
icbhi2017,validation_select,Normal,226,287,0.7874564459930313,0.24336283185840707,0.9738094429746404
icbhi2017,validation_select,Normal,227,287,0.7909407665505227,0.24669603524229075,0.9739072858859548
icbhi2017,validation_select,Normal,228,287,0.794425087108014,0.25,0.9770355888143275
icbhi2017,validation_select,Normal,229,287,0.7979094076655052,0.25327510917030566,0.9780541250936342
icbhi2017,validation_select,Normal,230,287,0.8013937282229965,0.25217391304347825,0.9782393199132278
icbhi2017,validation_select,Normal,231,287,0.8048780487804879,0.2510822510822511,0.9811468572606113
icbhi2017,validation_select,Normal,232,287,0.8083623693379791,0.2543103448275862,0.9817910503209423
icbhi2017,validation_select,Normal,233,287,0.8118466898954704,0.2575107296137339,0.9818470247502994
icbhi2017,validation_select,Normal,234,287,0.8153310104529616,0.2606837606837607,0.9825503387166427
icbhi2017,validation_select,Normal,235,287,0.818815331010453,0.26382978723404255,0.9841796347197879
icbhi2017,validation_select,Normal,236,287,0.8222996515679443,0.2669491525423729,0.9843816051374737
icbhi2017,validation_select,Normal,237,287,0.8257839721254355,0.270042194092827,0.9852022634947524
icbhi2017,validation_select,Normal,238,287,0.8292682926829268,0.2689075630252101,0.9853361374366226
icbhi2017,validation_select,Normal,239,287,0.8327526132404182,0.26778242677824265,0.9854394456570518
icbhi2017,validation_select,Normal,240,287,0.8362369337979094,0.26666666666666666,0.9858423106271409
icbhi2017,validation_select,Normal,241,287,0.8397212543554007,0.2697095435684647,0.9858555250541701
icbhi2017,validation_select,Normal,242,287,0.8432055749128919,0.26859504132231404,0.9859649750783944
icbhi2017,validation_select,Normal,243,287,0.8466898954703833,0.2716049382716049,0.9859993609381329
icbhi2017,validation_select,Normal,244,287,0.8501742160278746,0.27049180327868855,0.9873368706785232
icbhi2017,validation_select,Normal,245,287,0.8536585365853658,0.27346938775510204,0.9877306271669704
icbhi2017,validation_select,Normal,246,287,0.8571428571428571,0.27235772357723576,0.9881794216970525
icbhi2017,validation_select,Normal,247,287,0.8606271777003485,0.27530364372469635,0.9884650094613535
icbhi2017,validation_select,Normal,248,287,0.8641114982578397,0.27419354838709675,0.9888414086249262
icbhi2017,validation_select,Normal,249,287,0.867595818815331,0.27710843373493976,0.9893714433268069
icbhi2017,validation_select,Normal,250,287,0.8710801393728222,0.28,0.9909793713361976
icbhi2017,validation_select,Normal,251,287,0.8745644599303136,0.28286852589641437,0.9911079618078834
icbhi2017,validation_select,Normal,252,287,0.8780487804878049,0.2857142857142857,0.9911723337171003
icbhi2017,validation_select,Normal,253,287,0.8815331010452961,0.2885375494071146,0.9921440064571635
icbhi2017,validation_select,Normal,254,287,0.8850174216027874,0.29133858267716534,0.9926217722081047
icbhi2017,validation_select,Normal,255,287,0.8885017421602788,0.29411764705882354,0.9928523254265647
icbhi2017,validation_select,Normal,256,287,0.89198606271777,0.296875,0.9936505267170915
icbhi2017,validation_select,Normal,257,287,0.8954703832752613,0.29961089494163423,0.9942768217967368
icbhi2017,validation_select,Normal,258,287,0.8989547038327527,0.29844961240310075,0.9951949517241665
icbhi2017,validation_select,Normal,259,287,0.9024390243902439,0.2972972972972973,0.9952661803417687
icbhi2017,validation_select,Normal,260,287,0.9059233449477352,0.3,0.9957500814411826
icbhi2017,validation_select,Normal,261,287,0.9094076655052264,0.30268199233716475,0.996190336311519
icbhi2017,validation_select,Normal,262,287,0.9128919860627178,0.3015267175572519,0.9965464436423777
icbhi2017,validation_select,Normal,263,287,0.9163763066202091,0.3041825095057034,0.9965655954030673
icbhi2017,validation_select,Normal,264,287,0.9198606271777003,0.3068181818181818,0.9969425941460667
icbhi2017,validation_select,Normal,265,287,0.9233449477351916,0.30566037735849055,0.9972423710718401
icbhi2017,validation_select,Normal,266,287,0.926829268292683,0.3082706766917293,0.9978079406654147
icbhi2017,validation_select,Normal,267,287,0.9303135888501742,0.30711610486891383,0.9983649291843031
icbhi2017,validation_select,Normal,268,287,0.9337979094076655,0.30970149253731344,0.9984424429965166
icbhi2017,validation_select,Normal,269,287,0.9372822299651568,0.31226765799256506,0.9984515326962757
icbhi2017,validation_select,Normal,270,287,0.9407665505226481,0.3111111111111111,0.9984934310963541
icbhi2017,validation_select,Normal,271,287,0.9442508710801394,0.31365313653136534,0.9985409519018148
icbhi2017,validation_select,Normal,272,287,0.9477351916376306,0.3161764705882353,0.9986144175892975
icbhi2017,validation_select,Normal,273,287,0.9512195121951219,0.315018315018315,0.9988172060635999
icbhi2017,validation_select,Normal,274,287,0.9547038327526133,0.3175182481751825,0.9992988435754683
icbhi2017,validation_select,Normal,275,287,0.9581881533101045,0.31636363636363635,0.9993324186645474
icbhi2017,validation_select,Normal,276,287,0.9616724738675958,0.3188405797101449,0.9993573666337424
icbhi2017,validation_select,Normal,277,287,0.9651567944250871,0.3176895306859206,0.999416088509571
icbhi2017,validation_select,Normal,278,287,0.9686411149825784,0.31654676258992803,0.9995844405395882
icbhi2017,validation_select,Normal,279,287,0.9721254355400697,0.3154121863799283,0.9996061432843871
icbhi2017,validation_select,Normal,280,287,0.975609756097561,0.3142857142857143,0.999660029944589
icbhi2017,validation_select,Normal,281,287,0.9790940766550522,0.31316725978647686,0.9996692317196876
icbhi2017,validation_select,Normal,282,287,0.9825783972125436,0.31560283687943264,0.9996852486184283
icbhi2017,validation_select,Normal,283,287,0.9860627177700348,0.31802120141342755,0.9996897683378078
icbhi2017,validation_select,Normal,284,287,0.9895470383275261,0.31690140845070425,0.9999007553060492
icbhi2017,validation_select,Normal,285,287,0.9930313588850174,0.3157894736842105,0.999982281363433
icbhi2017,validation_select,Normal,286,287,0.9965156794425087,0.3146853146853147,0.9999865519051916
icbhi2017,validation_select,Normal,287,287,1.0,0.3170731707317073,0.9999999162965747
icbhi2017,validation_select,Adventitious,1,267,0.003745318352059925,0.0,0.2538220442518803
icbhi2017,validation_select,Adventitious,2,267,0.00749063670411985,0.0,0.274628287987945
icbhi2017,validation_select,Adventitious,3,267,0.011235955056179775,0.0,0.30417659349632975
icbhi2017,validation_select,Adventitious,4,267,0.0149812734082397,0.0,0.3821248661922658
icbhi2017,validation_select,Adventitious,5,267,0.018726591760299626,0.0,0.38417171016892204
icbhi2017,validation_select,Adventitious,6,267,0.02247191011235955,0.0,0.3958043702313461
icbhi2017,validation_select,Adventitious,7,267,0.026217228464419477,0.0,0.4208719527161564
icbhi2017,validation_select,Adventitious,8,267,0.0299625468164794,0.0,0.42715927862120634
icbhi2017,validation_select,Adventitious,9,267,0.033707865168539325,0.0,0.42848275446655526
icbhi2017,validation_select,Adventitious,10,267,0.03745318352059925,0.0,0.44054674578365405
icbhi2017,validation_select,Adventitious,11,267,0.04119850187265917,0.0,0.4535805001981565
icbhi2017,validation_select,Adventitious,12,267,0.0449438202247191,0.0,0.47123148425904915
icbhi2017,validation_select,Adventitious,13,267,0.04868913857677903,0.0,0.47481593870656635
icbhi2017,validation_select,Adventitious,14,267,0.052434456928838954,0.0,0.4750712544356914
icbhi2017,validation_select,Adventitious,15,267,0.056179775280898875,0.0,0.4794546429325108
icbhi2017,validation_select,Adventitious,16,267,0.0599250936329588,0.0625,0.4941446634946098
icbhi2017,validation_select,Adventitious,17,267,0.06367041198501873,0.058823529411764705,0.5030388706238551
icbhi2017,validation_select,Adventitious,18,267,0.06741573033707865,0.05555555555555555,0.5033325500916732
icbhi2017,validation_select,Adventitious,19,267,0.07116104868913857,0.05263157894736842,0.5073892881608885
icbhi2017,validation_select,Adventitious,20,267,0.0749063670411985,0.05,0.5117765998857589
icbhi2017,validation_select,Adventitious,21,267,0.07865168539325842,0.047619047619047616,0.5132044395192732
icbhi2017,validation_select,Adventitious,22,267,0.08239700374531835,0.09090909090909091,0.5191129782140149
icbhi2017,validation_select,Adventitious,23,267,0.08614232209737828,0.08695652173913043,0.5339298060598019
icbhi2017,validation_select,Adventitious,24,267,0.0898876404494382,0.08333333333333333,0.5394992927189952
icbhi2017,validation_select,Adventitious,25,267,0.09363295880149813,0.12,0.5401353797265834
icbhi2017,validation_select,Adventitious,26,267,0.09737827715355805,0.11538461538461539,0.5443395344710336
icbhi2017,validation_select,Adventitious,27,267,0.10112359550561797,0.14814814814814814,0.5488098611707303
icbhi2017,validation_select,Adventitious,28,267,0.10486891385767791,0.14285714285714285,0.5554081633596415
icbhi2017,validation_select,Adventitious,29,267,0.10861423220973783,0.13793103448275862,0.5660292688859246
icbhi2017,validation_select,Adventitious,30,267,0.11235955056179775,0.13333333333333333,0.5788336862324115
icbhi2017,validation_select,Adventitious,31,267,0.11610486891385768,0.16129032258064516,0.5848756093527392
icbhi2017,validation_select,Adventitious,32,267,0.1198501872659176,0.15625,0.5906766914273218
icbhi2017,validation_select,Adventitious,33,267,0.12359550561797752,0.18181818181818182,0.6108818431229789
icbhi2017,validation_select,Adventitious,34,267,0.12734082397003746,0.17647058823529413,0.6108883647369662
icbhi2017,validation_select,Adventitious,35,267,0.13108614232209737,0.17142857142857143,0.6119092594934669
icbhi2017,validation_select,Adventitious,36,267,0.1348314606741573,0.19444444444444445,0.6177809905231111
icbhi2017,validation_select,Adventitious,37,267,0.13857677902621723,0.1891891891891892,0.6180624504353168
icbhi2017,validation_select,Adventitious,38,267,0.14232209737827714,0.18421052631578946,0.6199687667954935
icbhi2017,validation_select,Adventitious,39,267,0.14606741573033707,0.20512820512820512,0.6266501334325384
icbhi2017,validation_select,Adventitious,40,267,0.149812734082397,0.2,0.626936440944887
icbhi2017,validation_select,Adventitious,41,267,0.15355805243445692,0.1951219512195122,0.6315016806278815
icbhi2017,validation_select,Adventitious,42,267,0.15730337078651685,0.19047619047619047,0.6393705527412968
icbhi2017,validation_select,Adventitious,43,267,0.16104868913857678,0.18604651162790697,0.6449052245560379
icbhi2017,validation_select,Adventitious,44,267,0.1647940074906367,0.18181818181818182,0.6532056626387233
icbhi2017,validation_select,Adventitious,45,267,0.16853932584269662,0.17777777777777778,0.6533097433634425
icbhi2017,validation_select,Adventitious,46,267,0.17228464419475656,0.17391304347826086,0.6572117156842809
icbhi2017,validation_select,Adventitious,47,267,0.1760299625468165,0.1702127659574468,0.6582363975173965
icbhi2017,validation_select,Adventitious,48,267,0.1797752808988764,0.16666666666666666,0.6589876835519589
icbhi2017,validation_select,Adventitious,49,267,0.18352059925093633,0.1836734693877551,0.6643375307334448
icbhi2017,validation_select,Adventitious,50,267,0.18726591760299627,0.2,0.6663447622525263
icbhi2017,validation_select,Adventitious,51,267,0.19101123595505617,0.19607843137254902,0.6675844981860599
icbhi2017,validation_select,Adventitious,52,267,0.1947565543071161,0.19230769230769232,0.6683568262570118
icbhi2017,validation_select,Adventitious,53,267,0.19850187265917604,0.18867924528301888,0.6793219865937209
icbhi2017,validation_select,Adventitious,54,267,0.20224719101123595,0.18518518518518517,0.6801188140116344
icbhi2017,validation_select,Adventitious,55,267,0.20599250936329588,0.18181818181818182,0.6837077221082265
icbhi2017,validation_select,Adventitious,56,267,0.20973782771535582,0.17857142857142858,0.6859822535450697
icbhi2017,validation_select,Adventitious,57,267,0.21348314606741572,0.17543859649122806,0.687593275320162
icbhi2017,validation_select,Adventitious,58,267,0.21722846441947566,0.1724137931034483,0.6878210339731521
icbhi2017,validation_select,Adventitious,59,267,0.2209737827715356,0.1694915254237288,0.6888954854301821
icbhi2017,validation_select,Adventitious,60,267,0.2247191011235955,0.16666666666666666,0.6936989748752256
icbhi2017,validation_select,Adventitious,61,267,0.22846441947565543,0.16393442622950818,0.6937773720606877
icbhi2017,validation_select,Adventitious,62,267,0.23220973782771537,0.16129032258064516,0.6944022865502952
icbhi2017,validation_select,Adventitious,63,267,0.23595505617977527,0.15873015873015872,0.6944470957943263
icbhi2017,validation_select,Adventitious,64,267,0.2397003745318352,0.15625,0.694582019545319
icbhi2017,validation_select,Adventitious,65,267,0.24344569288389514,0.15384615384615385,0.6950765020709668
icbhi2017,validation_select,Adventitious,66,267,0.24719101123595505,0.15151515151515152,0.6963898094031757
icbhi2017,validation_select,Adventitious,67,267,0.250936329588015,0.16417910447761194,0.7016562714725627
icbhi2017,validation_select,Adventitious,68,267,0.2546816479400749,0.17647058823529413,0.7027412417327248
icbhi2017,validation_select,Adventitious,69,267,0.25842696629213485,0.17391304347826086,0.7035714933634832
icbhi2017,validation_select,Adventitious,70,267,0.26217228464419473,0.17142857142857143,0.7103358863032734
icbhi2017,validation_select,Adventitious,71,267,0.26591760299625467,0.16901408450704225,0.7111952841410214
icbhi2017,validation_select,Adventitious,72,267,0.2696629213483146,0.18055555555555555,0.7277548458487827
icbhi2017,validation_select,Adventitious,73,267,0.27340823970037453,0.1917808219178082,0.7319542074446471
icbhi2017,validation_select,Adventitious,74,267,0.27715355805243447,0.1891891891891892,0.7321916888525581
icbhi2017,validation_select,Adventitious,75,267,0.2808988764044944,0.18666666666666668,0.7360739177335947
icbhi2017,validation_select,Adventitious,76,267,0.2846441947565543,0.19736842105263158,0.7370733404085754
icbhi2017,validation_select,Adventitious,77,267,0.2883895131086142,0.19480519480519481,0.7439743296415582
icbhi2017,validation_select,Adventitious,78,267,0.29213483146067415,0.19230769230769232,0.7444498550580033
icbhi2017,validation_select,Adventitious,79,267,0.2958801498127341,0.20253164556962025,0.7547429475337767
icbhi2017,validation_select,Adventitious,80,267,0.299625468164794,0.2,0.7561379099634575
icbhi2017,validation_select,Adventitious,81,267,0.30337078651685395,0.20987654320987653,0.759532175745563
icbhi2017,validation_select,Adventitious,82,267,0.30711610486891383,0.2073170731707317,0.7602748768193469
icbhi2017,validation_select,Adventitious,83,267,0.31086142322097376,0.20481927710843373,0.7624153342734851
icbhi2017,validation_select,Adventitious,84,267,0.3146067415730337,0.20238095238095238,0.7626779495815926
icbhi2017,validation_select,Adventitious,85,267,0.31835205992509363,0.2,0.7647989563727142
icbhi2017,validation_select,Adventitious,86,267,0.32209737827715357,0.20930232558139536,0.7674063929341238
icbhi2017,validation_select,Adventitious,87,267,0.3258426966292135,0.20689655172413793,0.772436053970265
icbhi2017,validation_select,Adventitious,88,267,0.3295880149812734,0.2159090909090909,0.7728492418866081
icbhi2017,validation_select,Adventitious,89,267,0.3333333333333333,0.2247191011235955,0.7735439437159846
icbhi2017,validation_select,Adventitious,90,267,0.33707865168539325,0.2222222222222222,0.7741155831078154
icbhi2017,validation_select,Adventitious,91,267,0.3408239700374532,0.23076923076923078,0.7809420711965681
icbhi2017,validation_select,Adventitious,92,267,0.3445692883895131,0.22826086956521738,0.7837154217030743
icbhi2017,validation_select,Adventitious,93,267,0.34831460674157305,0.22580645161290322,0.7871524087521905
icbhi2017,validation_select,Adventitious,94,267,0.352059925093633,0.22340425531914893,0.7893312012096714
icbhi2017,validation_select,Adventitious,95,267,0.35580524344569286,0.22105263157894736,0.7934394963835691
icbhi2017,validation_select,Adventitious,96,267,0.3595505617977528,0.21875,0.7934948020941084
icbhi2017,validation_select,Adventitious,97,267,0.36329588014981273,0.21649484536082475,0.8008569750824732
icbhi2017,validation_select,Adventitious,98,267,0.36704119850187267,0.21428571428571427,0.8009954831108327
icbhi2017,validation_select,Adventitious,99,267,0.3707865168539326,0.21212121212121213,0.801152185869399
icbhi2017,validation_select,Adventitious,100,267,0.37453183520599254,0.22,0.8062266827047067
icbhi2017,validation_select,Adventitious,101,267,0.3782771535580524,0.21782178217821782,0.8117774129231402
icbhi2017,validation_select,Adventitious,102,267,0.38202247191011235,0.21568627450980393,0.8172460363813041
icbhi2017,validation_select,Adventitious,103,267,0.3857677902621723,0.21359223300970873,0.8184624515104204
icbhi2017,validation_select,Adventitious,104,267,0.3895131086142322,0.21153846153846154,0.8196780041530842
icbhi2017,validation_select,Adventitious,105,267,0.39325842696629215,0.20952380952380953,0.8210713984459591
icbhi2017,validation_select,Adventitious,106,267,0.3970037453183521,0.20754716981132076,0.8224961715980007
icbhi2017,validation_select,Adventitious,107,267,0.40074906367041196,0.205607476635514,0.8259992238232089
icbhi2017,validation_select,Adventitious,108,267,0.4044943820224719,0.2037037037037037,0.826623765613067
icbhi2017,validation_select,Adventitious,109,267,0.40823970037453183,0.2018348623853211,0.8273662929464093
icbhi2017,validation_select,Adventitious,110,267,0.41198501872659177,0.2,0.8361384355125767
icbhi2017,validation_select,Adventitious,111,267,0.4157303370786517,0.1981981981981982,0.8364808826553806
icbhi2017,validation_select,Adventitious,112,267,0.41947565543071164,0.19642857142857142,0.8388789753175965
icbhi2017,validation_select,Adventitious,113,267,0.4232209737827715,0.19469026548672566,0.84198989143399
icbhi2017,validation_select,Adventitious,114,267,0.42696629213483145,0.19298245614035087,0.8436231159662719
icbhi2017,validation_select,Adventitious,115,267,0.4307116104868914,0.19130434782608696,0.8437960177229239
icbhi2017,validation_select,Adventitious,116,267,0.4344569288389513,0.1896551724137931,0.8446793473130629
icbhi2017,validation_select,Adventitious,117,267,0.43820224719101125,0.18803418803418803,0.8455383509430905
icbhi2017,validation_select,Adventitious,118,267,0.4419475655430712,0.19491525423728814,0.8462668127527637
icbhi2017,validation_select,Adventitious,119,267,0.44569288389513106,0.20168067226890757,0.8468238274836769
icbhi2017,validation_select,Adventitious,120,267,0.449438202247191,0.2,0.8479051749823399
icbhi2017,validation_select,Adventitious,121,267,0.45318352059925093,0.19834710743801653,0.8482835071926804
icbhi2017,validation_select,Adventitious,122,267,0.45692883895131087,0.19672131147540983,0.8491095948103985
icbhi2017,validation_select,Adventitious,123,267,0.4606741573033708,0.1951219512195122,0.8513409835705279
icbhi2017,validation_select,Adventitious,124,267,0.46441947565543074,0.1935483870967742,0.8517381869098096
icbhi2017,validation_select,Adventitious,125,267,0.4681647940074906,0.192,0.8521974436907255
icbhi2017,validation_select,Adventitious,126,267,0.47191011235955055,0.19047619047619047,0.8529299462632376
icbhi2017,validation_select,Adventitious,127,267,0.4756554307116105,0.1889763779527559,0.8588614128031833
icbhi2017,validation_select,Adventitious,128,267,0.4794007490636704,0.1875,0.8595332259681626
icbhi2017,validation_select,Adventitious,129,267,0.48314606741573035,0.18604651162790697,0.8610031768743852
icbhi2017,validation_select,Adventitious,130,267,0.4868913857677903,0.18461538461538463,0.86251930149493
icbhi2017,validation_select,Adventitious,131,267,0.49063670411985016,0.183206106870229,0.8642986266201258
icbhi2017,validation_select,Adventitious,132,267,0.4943820224719101,0.18181818181818182,0.8660479138838693
icbhi2017,validation_select,Adventitious,133,267,0.49812734082397003,0.18045112781954886,0.8680256236313169
icbhi2017,validation_select,Adventitious,134,267,0.50187265917603,0.1791044776119403,0.876365252376466
icbhi2017,validation_select,Adventitious,135,267,0.5056179775280899,0.17777777777777778,0.8772408944533489
icbhi2017,validation_select,Adventitious,136,267,0.5093632958801498,0.17647058823529413,0.8777829326378622
icbhi2017,validation_select,Adventitious,137,267,0.5131086142322098,0.17518248175182483,0.8818584430292794
icbhi2017,validation_select,Adventitious,138,267,0.5168539325842697,0.18115942028985507,0.882153982460102
icbhi2017,validation_select,Adventitious,139,267,0.5205992509363296,0.17985611510791366,0.8843276473706408
icbhi2017,validation_select,Adventitious,140,267,0.5243445692883895,0.17857142857142858,0.8863748038582707
icbhi2017,validation_select,Adventitious,141,267,0.5280898876404494,0.1773049645390071,0.8873309449171849
icbhi2017,validation_select,Adventitious,142,267,0.5318352059925093,0.176056338028169,0.8900356504963427
icbhi2017,validation_select,Adventitious,143,267,0.5355805243445693,0.17482517482517482,0.8901249798411698
icbhi2017,validation_select,Adventitious,144,267,0.5393258426966292,0.1736111111111111,0.8910716015746374
icbhi2017,validation_select,Adventitious,145,267,0.5430711610486891,0.1724137931034483,0.8945183571847828
icbhi2017,validation_select,Adventitious,146,267,0.5468164794007491,0.1780821917808219,0.8953925218070709
icbhi2017,validation_select,Adventitious,147,267,0.550561797752809,0.17687074829931973,0.8959989266542969
icbhi2017,validation_select,Adventitious,148,267,0.5543071161048689,0.17567567567567569,0.8962792243941675
icbhi2017,validation_select,Adventitious,149,267,0.5580524344569289,0.174496644295302,0.8970536033358991
icbhi2017,validation_select,Adventitious,150,267,0.5617977528089888,0.17333333333333334,0.8979865076471861
icbhi2017,validation_select,Adventitious,151,267,0.5655430711610487,0.17218543046357615,0.8998623154326669
icbhi2017,validation_select,Adventitious,152,267,0.5692883895131086,0.17763157894736842,0.9008375553094649
icbhi2017,validation_select,Adventitious,153,267,0.5730337078651685,0.17647058823529413,0.9025883494867577
icbhi2017,validation_select,Adventitious,154,267,0.5767790262172284,0.17532467532467533,0.9027527279273576
icbhi2017,validation_select,Adventitious,155,267,0.5805243445692884,0.17419354838709677,0.9065327167192182
icbhi2017,validation_select,Adventitious,156,267,0.5842696629213483,0.17307692307692307,0.9067649323883545
icbhi2017,validation_select,Adventitious,157,267,0.5880149812734082,0.17197452229299362,0.9095738003125781
icbhi2017,validation_select,Adventitious,158,267,0.5917602996254682,0.17088607594936708,0.9100298289259184
icbhi2017,validation_select,Adventitious,159,267,0.5955056179775281,0.16981132075471697,0.9134203182231266
icbhi2017,validation_select,Adventitious,160,267,0.599250936329588,0.16875,0.9137929559560205
icbhi2017,validation_select,Adventitious,161,267,0.602996254681648,0.16770186335403728,0.91431073583215
icbhi2017,validation_select,Adventitious,162,267,0.6067415730337079,0.16666666666666666,0.9161458820656111
icbhi2017,validation_select,Adventitious,163,267,0.6104868913857678,0.1656441717791411,0.9162472352291936
icbhi2017,validation_select,Adventitious,164,267,0.6142322097378277,0.16463414634146342,0.9218603307429307
icbhi2017,validation_select,Adventitious,165,267,0.6179775280898876,0.16363636363636364,0.9224781123054573
icbhi2017,validation_select,Adventitious,166,267,0.6217228464419475,0.1686746987951807,0.9226272637476078
icbhi2017,validation_select,Adventitious,167,267,0.6254681647940075,0.16766467065868262,0.9238482921910871
icbhi2017,validation_select,Adventitious,168,267,0.6292134831460674,0.17261904761904762,0.9270140800961509
icbhi2017,validation_select,Adventitious,169,267,0.6329588014981273,0.17159763313609466,0.9353996702078381
icbhi2017,validation_select,Adventitious,170,267,0.6367041198501873,0.17058823529411765,0.9358874734421022
icbhi2017,validation_select,Adventitious,171,267,0.6404494382022472,0.17543859649122806,0.9380023297118959
icbhi2017,validation_select,Adventitious,172,267,0.6441947565543071,0.1744186046511628,0.9383933533020152
icbhi2017,validation_select,Adventitious,173,267,0.6479400749063671,0.17341040462427745,0.940104735688289
icbhi2017,validation_select,Adventitious,174,267,0.651685393258427,0.1724137931034483,0.9402038018807309
icbhi2017,validation_select,Adventitious,175,267,0.6554307116104869,0.17142857142857143,0.9409617325742518
icbhi2017,validation_select,Adventitious,176,267,0.6591760299625468,0.17045454545454544,0.9410481391411878
icbhi2017,validation_select,Adventitious,177,267,0.6629213483146067,0.1694915254237288,0.94186631482907
icbhi2017,validation_select,Adventitious,178,267,0.6666666666666666,0.17415730337078653,0.9429915377737204
icbhi2017,validation_select,Adventitious,179,267,0.6704119850187266,0.17318435754189945,0.9435636080275652
icbhi2017,validation_select,Adventitious,180,267,0.6741573033707865,0.17222222222222222,0.9436886073852132
icbhi2017,validation_select,Adventitious,181,267,0.6779026217228464,0.1712707182320442,0.9438842517363293
icbhi2017,validation_select,Adventitious,182,267,0.6816479400749064,0.17582417582417584,0.9454044657109082
icbhi2017,validation_select,Adventitious,183,267,0.6853932584269663,0.17486338797814208,0.9466976453256616
icbhi2017,validation_select,Adventitious,184,267,0.6891385767790262,0.17391304347826086,0.9480948506274627
icbhi2017,validation_select,Adventitious,185,267,0.6928838951310862,0.17297297297297298,0.9482098149333189
icbhi2017,validation_select,Adventitious,186,267,0.6966292134831461,0.1774193548387097,0.9486355537326979
icbhi2017,validation_select,Adventitious,187,267,0.700374531835206,0.17647058823529413,0.9505782994757024
icbhi2017,validation_select,Adventitious,188,267,0.704119850187266,0.17553191489361702,0.9519070170326097
icbhi2017,validation_select,Adventitious,189,267,0.7078651685393258,0.1746031746031746,0.9527254709740254
icbhi2017,validation_select,Adventitious,190,267,0.7116104868913857,0.1736842105263158,0.9541781747026353
icbhi2017,validation_select,Adventitious,191,267,0.7153558052434457,0.17277486910994763,0.9552230237944381
icbhi2017,validation_select,Adventitious,192,267,0.7191011235955056,0.171875,0.9563017665367554
icbhi2017,validation_select,Adventitious,193,267,0.7228464419475655,0.17616580310880828,0.9579689420905326
icbhi2017,validation_select,Adventitious,194,267,0.7265917602996255,0.17525773195876287,0.9580190025398985
icbhi2017,validation_select,Adventitious,195,267,0.7303370786516854,0.17435897435897435,0.9615227302470645
icbhi2017,validation_select,Adventitious,196,267,0.7340823970037453,0.17346938775510204,0.9625673687418292
icbhi2017,validation_select,Adventitious,197,267,0.7378277153558053,0.17258883248730963,0.9661827871932301
icbhi2017,validation_select,Adventitious,198,267,0.7415730337078652,0.1717171717171717,0.9670713103833481
icbhi2017,validation_select,Adventitious,199,267,0.7453183520599251,0.1708542713567839,0.9682460280839308
icbhi2017,validation_select,Adventitious,200,267,0.7490636704119851,0.17,0.9689946088334889
icbhi2017,validation_select,Adventitious,201,267,0.7528089887640449,0.17412935323383086,0.9703798320536859
icbhi2017,validation_select,Adventitious,202,267,0.7565543071161048,0.17326732673267325,0.9710820407431018
icbhi2017,validation_select,Adventitious,203,267,0.7602996254681648,0.17733990147783252,0.9713686767175657
icbhi2017,validation_select,Adventitious,204,267,0.7640449438202247,0.17647058823529413,0.9715646038791128
icbhi2017,validation_select,Adventitious,205,267,0.7677902621722846,0.17560975609756097,0.9716825564518107
icbhi2017,validation_select,Adventitious,206,267,0.7715355805243446,0.1796116504854369,0.9742506862230212
icbhi2017,validation_select,Adventitious,207,267,0.7752808988764045,0.18357487922705315,0.9773269051106539
icbhi2017,validation_select,Adventitious,208,267,0.7790262172284644,0.18269230769230768,0.9774204513683589
icbhi2017,validation_select,Adventitious,209,267,0.7827715355805244,0.18660287081339713,0.9777121076133493
icbhi2017,validation_select,Adventitious,210,267,0.7865168539325843,0.18571428571428572,0.9780146135898616
icbhi2017,validation_select,Adventitious,211,267,0.7902621722846442,0.1848341232227488,0.9803860334457268
icbhi2017,validation_select,Adventitious,212,267,0.7940074906367042,0.18396226415094338,0.9823433770239259
icbhi2017,validation_select,Adventitious,213,267,0.797752808988764,0.18779342723004694,0.982609689361274
icbhi2017,validation_select,Adventitious,214,267,0.8014981273408239,0.18691588785046728,0.9828195781286204
icbhi2017,validation_select,Adventitious,215,267,0.8052434456928839,0.18604651162790697,0.9839375999576897
icbhi2017,validation_select,Adventitious,216,267,0.8089887640449438,0.18518518518518517,0.9842177734008877
icbhi2017,validation_select,Adventitious,217,267,0.8127340823970037,0.1889400921658986,0.9849501836319314
icbhi2017,validation_select,Adventitious,218,267,0.8164794007490637,0.1926605504587156,0.9853992749403073
icbhi2017,validation_select,Adventitious,219,267,0.8202247191011236,0.1917808219178082,0.9859173239169433
icbhi2017,validation_select,Adventitious,220,267,0.8239700374531835,0.19090909090909092,0.9871474045151988
icbhi2017,validation_select,Adventitious,221,267,0.8277153558052435,0.19004524886877827,0.9873561603333506
icbhi2017,validation_select,Adventitious,222,267,0.8314606741573034,0.19369369369369369,0.9875460346193544
icbhi2017,validation_select,Adventitious,223,267,0.8352059925093633,0.19282511210762332,0.9877701292361256
icbhi2017,validation_select,Adventitious,224,267,0.8389513108614233,0.19196428571428573,0.9879944320572411
icbhi2017,validation_select,Adventitious,225,267,0.8426966292134831,0.19111111111111112,0.9887015223246645
icbhi2017,validation_select,Adventitious,226,267,0.846441947565543,0.1902654867256637,0.9889843345097964
icbhi2017,validation_select,Adventitious,227,267,0.850187265917603,0.1894273127753304,0.9894692320381641
icbhi2017,validation_select,Adventitious,228,267,0.8539325842696629,0.19298245614035087,0.9907426191589422
icbhi2017,validation_select,Adventitious,229,267,0.8576779026217228,0.1965065502183406,0.991058706547634
icbhi2017,validation_select,Adventitious,230,267,0.8614232209737828,0.2,0.9919239997335394
icbhi2017,validation_select,Adventitious,231,267,0.8651685393258427,0.19913419913419914,0.9922401039956754
icbhi2017,validation_select,Adventitious,232,267,0.8689138576779026,0.2025862068965517,0.9940810454200629
icbhi2017,validation_select,Adventitious,233,267,0.8726591760299626,0.20600858369098712,0.9941992598714043
icbhi2017,validation_select,Adventitious,234,267,0.8764044943820225,0.20512820512820512,0.9946022506318877
icbhi2017,validation_select,Adventitious,235,267,0.8801498127340824,0.20851063829787234,0.9951600215802016
icbhi2017,validation_select,Adventitious,236,267,0.8838951310861424,0.2076271186440678,0.9952069778828655
icbhi2017,validation_select,Adventitious,237,267,0.8876404494382022,0.2109704641350211,0.996072086210281
icbhi2017,validation_select,Adventitious,238,267,0.8913857677902621,0.21008403361344538,0.9961163202373072
icbhi2017,validation_select,Adventitious,239,267,0.8951310861423221,0.20920502092050208,0.9962486166879919
icbhi2017,validation_select,Adventitious,240,267,0.898876404494382,0.20833333333333334,0.9963363175896556
icbhi2017,validation_select,Adventitious,241,267,0.9026217228464419,0.21161825726141079,0.9963612359248524
icbhi2017,validation_select,Adventitious,242,267,0.9063670411985019,0.21074380165289255,0.9969507230838696
icbhi2017,validation_select,Adventitious,243,267,0.9101123595505618,0.20987654320987653,0.9971093079732211
icbhi2017,validation_select,Adventitious,244,267,0.9138576779026217,0.21311475409836064,0.9971202622324582
icbhi2017,validation_select,Adventitious,245,267,0.9176029962546817,0.2163265306122449,0.9976409851539776
icbhi2017,validation_select,Adventitious,246,267,0.9213483146067416,0.21544715447154472,0.9976646979066306
icbhi2017,validation_select,Adventitious,247,267,0.9250936329588015,0.21862348178137653,0.9981190192174677
icbhi2017,validation_select,Adventitious,248,267,0.9288389513108615,0.21774193548387097,0.9983058180075929
icbhi2017,validation_select,Adventitious,249,267,0.9325842696629213,0.22088353413654618,0.9985258061087441
icbhi2017,validation_select,Adventitious,250,267,0.9363295880149812,0.224,0.9985274871555335
icbhi2017,validation_select,Adventitious,251,267,0.9400749063670412,0.22310756972111553,0.9987043424804549
icbhi2017,validation_select,Adventitious,252,267,0.9438202247191011,0.2261904761904762,0.9987576754472346
icbhi2017,validation_select,Adventitious,253,267,0.947565543071161,0.22924901185770752,0.9988873131168184
icbhi2017,validation_select,Adventitious,254,267,0.951310861423221,0.23228346456692914,0.9988916912470328
icbhi2017,validation_select,Adventitious,255,267,0.9550561797752809,0.23137254901960785,0.9991304169551002
icbhi2017,validation_select,Adventitious,256,267,0.9588014981273408,0.23046875,0.9992365278483526
icbhi2017,validation_select,Adventitious,257,267,0.9625468164794008,0.23346303501945526,0.9994317445676184
icbhi2017,validation_select,Adventitious,258,267,0.9662921348314607,0.23255813953488372,0.9994882039323794
icbhi2017,validation_select,Adventitious,259,267,0.9700374531835206,0.23552123552123552,0.9996857946609882
icbhi2017,validation_select,Adventitious,260,267,0.9737827715355806,0.23846153846153847,0.9998494761001421
icbhi2017,validation_select,Adventitious,261,267,0.9775280898876404,0.2413793103448276,0.9998606513707368
icbhi2017,validation_select,Adventitious,262,267,0.9812734082397003,0.24045801526717558,0.9998802094822548
icbhi2017,validation_select,Adventitious,263,267,0.9850187265917603,0.23954372623574144,0.9999202294428347
icbhi2017,validation_select,Adventitious,264,267,0.9887640449438202,0.24242424242424243,0.9999478786500212
icbhi2017,validation_select,Adventitious,265,267,0.9925093632958801,0.24528301886792453,0.9999794325970842
icbhi2017,validation_select,Adventitious,266,267,0.9962546816479401,0.24436090225563908,0.999993210964604
icbhi2017,validation_select,Adventitious,267,267,1.0,0.24719101123595505,0.9999936228775427
sprsound2022,calibration,Normal,1,802,0.0012468827930174563,0.0,0.009239398851347846
sprsound2022,calibration,Normal,2,802,0.0024937655860349127,0.0,0.010435622268417447
sprsound2022,calibration,Normal,3,802,0.003740648379052369,0.0,0.012103824181551774
sprsound2022,calibration,Normal,4,802,0.004987531172069825,0.0,0.012304479120755014
sprsound2022,calibration,Normal,5,802,0.006234413965087282,0.0,0.01344632823763452
sprsound2022,calibration,Normal,6,802,0.007481296758104738,0.0,0.013481936806426818
sprsound2022,calibration,Normal,7,802,0.008728179551122194,0.0,0.014040751047491513
sprsound2022,calibration,Normal,8,802,0.00997506234413965,0.0,0.014116159487969899
sprsound2022,calibration,Normal,9,802,0.011221945137157107,0.0,0.014333176821116676
sprsound2022,calibration,Normal,10,802,0.012468827930174564,0.0,0.014817523310163937
sprsound2022,calibration,Normal,11,802,0.01371571072319202,0.0,0.01516089599894957
sprsound2022,calibration,Normal,12,802,0.014962593516209476,0.0,0.01582797999450346
sprsound2022,calibration,Normal,13,802,0.016209476309226933,0.0,0.015983499357863376
sprsound2022,calibration,Normal,14,802,0.017456359102244388,0.0,0.01606775995252668
sprsound2022,calibration,Normal,15,802,0.018703241895261846,0.0,0.016176573605982316
sprsound2022,calibration,Normal,16,802,0.0199501246882793,0.0,0.01631409689018234
sprsound2022,calibration,Normal,17,802,0.02119700748129676,0.0,0.01675031846744618
sprsound2022,calibration,Normal,18,802,0.022443890274314215,0.0,0.01716170154494465
sprsound2022,calibration,Normal,19,802,0.02369077306733167,0.0,0.017481962828071174
sprsound2022,calibration,Normal,20,802,0.02493765586034913,0.0,0.01769755714466184
sprsound2022,calibration,Normal,21,802,0.026184538653366583,0.0,0.017773974216663664
sprsound2022,calibration,Normal,22,802,0.02743142144638404,0.0,0.017814931667006043
sprsound2022,calibration,Normal,23,802,0.028678304239401497,0.0,0.017909174508586295
sprsound2022,calibration,Normal,24,802,0.029925187032418952,0.0,0.018569349359938144
sprsound2022,calibration,Normal,25,802,0.03117206982543641,0.0,0.018660551121369072
sprsound2022,calibration,Normal,26,802,0.032418952618453865,0.0,0.018747288776002867
sprsound2022,calibration,Normal,27,802,0.03366583541147132,0.0,0.018801299727441604
sprsound2022,calibration,Normal,28,802,0.034912718204488775,0.0,0.01887604101892173
sprsound2022,calibration,Normal,29,802,0.03615960099750624,0.0,0.018926406828839285
sprsound2022,calibration,Normal,30,802,0.03740648379052369,0.0,0.01895692246902846
sprsound2022,calibration,Normal,31,802,0.03865336658354115,0.0,0.019076008705278043
sprsound2022,calibration,Normal,32,802,0.0399002493765586,0.0,0.01929335585952005
sprsound2022,calibration,Normal,33,802,0.04114713216957606,0.0,0.019374314510815033
sprsound2022,calibration,Normal,34,802,0.04239401496259352,0.0,0.019451638808664087
sprsound2022,calibration,Normal,35,802,0.043640897755610975,0.0,0.019498468201580944
sprsound2022,calibration,Normal,36,802,0.04488778054862843,0.0,0.019783451606246436
sprsound2022,calibration,Normal,37,802,0.046134663341645885,0.0,0.020127302280936888
sprsound2022,calibration,Normal,38,802,0.04738154613466334,0.0,0.020353541533932307
sprsound2022,calibration,Normal,39,802,0.048628428927680795,0.0,0.020366643860068187
sprsound2022,calibration,Normal,40,802,0.04987531172069826,0.0,0.02038960363705831
sprsound2022,calibration,Normal,41,802,0.05112219451371571,0.0,0.02053714408321131
sprsound2022,calibration,Normal,42,802,0.05236907730673317,0.0,0.02062469758135753
sprsound2022,calibration,Normal,43,802,0.05361596009975062,0.0,0.020801025012538648
sprsound2022,calibration,Normal,44,802,0.05486284289276808,0.0,0.021092362605681057
sprsound2022,calibration,Normal,45,802,0.05610972568578554,0.0,0.021119443152028253
sprsound2022,calibration,Normal,46,802,0.057356608478802994,0.0,0.021172407989569406
sprsound2022,calibration,Normal,47,802,0.05860349127182045,0.0,0.02126928973401475
sprsound2022,calibration,Normal,48,802,0.059850374064837904,0.0,0.02144889902770212
sprsound2022,calibration,Normal,49,802,0.06109725685785536,0.0,0.021473831065313965
sprsound2022,calibration,Normal,50,802,0.06234413965087282,0.0,0.021506305615690783
sprsound2022,calibration,Normal,51,802,0.06359102244389027,0.0,0.021521487553331206
sprsound2022,calibration,Normal,52,802,0.06483790523690773,0.0,0.021813218136066865
sprsound2022,calibration,Normal,53,802,0.06608478802992519,0.0,0.021880129791126003
sprsound2022,calibration,Normal,54,802,0.06733167082294264,0.0,0.021904990508912734
sprsound2022,calibration,Normal,55,802,0.0685785536159601,0.0,0.02210334523770859
sprsound2022,calibration,Normal,56,802,0.06982543640897755,0.0,0.022207619624048693
sprsound2022,calibration,Normal,57,802,0.07107231920199501,0.0,0.02235867223021721
sprsound2022,calibration,Normal,58,802,0.07231920199501247,0.0,0.022379894187737448
sprsound2022,calibration,Normal,59,802,0.07356608478802992,0.0,0.022438288619402967
sprsound2022,calibration,Normal,60,802,0.07481296758104738,0.0,0.022448094236886117
sprsound2022,calibration,Normal,61,802,0.07605985037406483,0.0,0.022510436681131233
sprsound2022,calibration,Normal,62,802,0.0773067331670823,0.0,0.022511813377659003
sprsound2022,calibration,Normal,63,802,0.07855361596009976,0.0,0.02257423404110202
sprsound2022,calibration,Normal,64,802,0.0798004987531172,0.0,0.022629569857003973
sprsound2022,calibration,Normal,65,802,0.08104738154613467,0.0,0.022743162907574728
sprsound2022,calibration,Normal,66,802,0.08229426433915212,0.0,0.022875514321093506
sprsound2022,calibration,Normal,67,802,0.08354114713216958,0.0,0.02288683438093407
sprsound2022,calibration,Normal,68,802,0.08478802992518704,0.0,0.023146654430046223
sprsound2022,calibration,Normal,69,802,0.08603491271820449,0.0,0.023243129831724246
sprsound2022,calibration,Normal,70,802,0.08728179551122195,0.0,0.023256708535297998
sprsound2022,calibration,Normal,71,802,0.0885286783042394,0.0,0.02330986733828366
sprsound2022,calibration,Normal,72,802,0.08977556109725686,0.0,0.02353589213775693
sprsound2022,calibration,Normal,73,802,0.09102244389027432,0.0,0.02354032447231732
sprsound2022,calibration,Normal,74,802,0.09226932668329177,0.0,0.023641780494700473
sprsound2022,calibration,Normal,75,802,0.09351620947630923,0.0,0.023711688358547523
sprsound2022,calibration,Normal,76,802,0.09476309226932668,0.0,0.023744270704030616
sprsound2022,calibration,Normal,77,802,0.09600997506234414,0.0,0.02379850034776981
sprsound2022,calibration,Normal,78,802,0.09725685785536159,0.0,0.023849323688427765
sprsound2022,calibration,Normal,79,802,0.09850374064837905,0.0,0.024144416867939847
sprsound2022,calibration,Normal,80,802,0.09975062344139651,0.0,0.02438974422880596
sprsound2022,calibration,Normal,81,802,0.10099750623441396,0.0,0.02458924910360299
sprsound2022,calibration,Normal,82,802,0.10224438902743142,0.0,0.024774191191437856
sprsound2022,calibration,Normal,83,802,0.10349127182044887,0.0,0.02480486008006489
sprsound2022,calibration,Normal,84,802,0.10473815461346633,0.0,0.02490565245514577
sprsound2022,calibration,Normal,85,802,0.1059850374064838,0.0,0.025019483202803283
sprsound2022,calibration,Normal,86,802,0.10723192019950124,0.0,0.025032556902864454
sprsound2022,calibration,Normal,87,802,0.1084788029925187,0.0,0.025295343453585133
sprsound2022,calibration,Normal,88,802,0.10972568578553615,0.0,0.025297350019113533
sprsound2022,calibration,Normal,89,802,0.11097256857855362,0.0,0.025495556359116715
sprsound2022,calibration,Normal,90,802,0.11221945137157108,0.0,0.025654242351888734
sprsound2022,calibration,Normal,91,802,0.11346633416458853,0.0,0.02572599602422649
sprsound2022,calibration,Normal,92,802,0.11471321695760599,0.0,0.02582590677306173
sprsound2022,calibration,Normal,93,802,0.11596009975062344,0.0,0.025849825257561895
sprsound2022,calibration,Normal,94,802,0.1172069825436409,0.0,0.025966044250348385
sprsound2022,calibration,Normal,95,802,0.11845386533665836,0.0,0.026041877418182532
sprsound2022,calibration,Normal,96,802,0.11970074812967581,0.0,0.026058066154118962
sprsound2022,calibration,Normal,97,802,0.12094763092269327,0.0,0.026075775433882453
sprsound2022,calibration,Normal,98,802,0.12219451371571072,0.0,0.02607660629923178
sprsound2022,calibration,Normal,99,802,0.12344139650872818,0.0,0.026176061454690373
sprsound2022,calibration,Normal,100,802,0.12468827930174564,0.0,0.02628309429673869
sprsound2022,calibration,Normal,101,802,0.1259351620947631,0.0,0.026324908795290654
sprsound2022,calibration,Normal,102,802,0.12718204488778054,0.0,0.02633510037677406
sprsound2022,calibration,Normal,103,802,0.128428927680798,0.0,0.026463955356405815
sprsound2022,calibration,Normal,104,802,0.12967581047381546,0.0,0.026502900897781446
sprsound2022,calibration,Normal,105,802,0.13092269326683292,0.0,0.026614340375708024
sprsound2022,calibration,Normal,106,802,0.13216957605985039,0.0,0.026786315914762375
sprsound2022,calibration,Normal,107,802,0.13341645885286782,0.0,0.02705320349937833
sprsound2022,calibration,Normal,108,802,0.13466334164588528,0.0,0.02731013871014385
sprsound2022,calibration,Normal,109,802,0.13591022443890274,0.0,0.027390163773610435
sprsound2022,calibration,Normal,110,802,0.1371571072319202,0.0,0.02750538940558958
sprsound2022,calibration,Normal,111,802,0.13840399002493767,0.0,0.027558021462772402
sprsound2022,calibration,Normal,112,802,0.1396508728179551,0.0,0.02767426369312067
sprsound2022,calibration,Normal,113,802,0.14089775561097256,0.0,0.02768522590480648
sprsound2022,calibration,Normal,114,802,0.14214463840399003,0.0,0.028011727530713505
sprsound2022,calibration,Normal,115,802,0.1433915211970075,0.0,0.028098651586593575
sprsound2022,calibration,Normal,116,802,0.14463840399002495,0.0,0.028133473503005012
sprsound2022,calibration,Normal,117,802,0.14588528678304238,0.0,0.02819747424821606
sprsound2022,calibration,Normal,118,802,0.14713216957605985,0.0,0.028721630376821856
sprsound2022,calibration,Normal,119,802,0.1483790523690773,0.0,0.02872503516039577
sprsound2022,calibration,Normal,120,802,0.14962593516209477,0.0,0.028863353334021218
sprsound2022,calibration,Normal,121,802,0.15087281795511223,0.0,0.028986243704618213
sprsound2022,calibration,Normal,122,802,0.15211970074812967,0.0,0.02907314020170789
sprsound2022,calibration,Normal,123,802,0.15336658354114713,0.0,0.029117821238599406
sprsound2022,calibration,Normal,124,802,0.1546134663341646,0.0,0.02939517052624083
sprsound2022,calibration,Normal,125,802,0.15586034912718205,0.0,0.029442217580806077
sprsound2022,calibration,Normal,126,802,0.1571072319201995,0.0,0.029484151696548007
sprsound2022,calibration,Normal,127,802,0.15835411471321695,0.0,0.029496423262869605
sprsound2022,calibration,Normal,128,802,0.1596009975062344,0.0,0.029506322737974832
sprsound2022,calibration,Normal,129,802,0.16084788029925187,0.0,0.02950879158535248
sprsound2022,calibration,Normal,130,802,0.16209476309226933,0.0,0.029535113390013804
sprsound2022,calibration,Normal,131,802,0.1633416458852868,0.0,0.029664556211823255
sprsound2022,calibration,Normal,132,802,0.16458852867830423,0.0,0.029741435038137944
sprsound2022,calibration,Normal,133,802,0.1658354114713217,0.0,0.02999393481389958
sprsound2022,calibration,Normal,134,802,0.16708229426433915,0.0,0.030132710215214728
sprsound2022,calibration,Normal,135,802,0.16832917705735662,0.0,0.030170212712362802
sprsound2022,calibration,Normal,136,802,0.16957605985037408,0.0,0.030207528648379528
sprsound2022,calibration,Normal,137,802,0.1708229426433915,0.0,0.030425925429405146
sprsound2022,calibration,Normal,138,802,0.17206982543640897,0.0,0.030463937436808357
sprsound2022,calibration,Normal,139,802,0.17331670822942644,0.0,0.030466595699482495
sprsound2022,calibration,Normal,140,802,0.1745635910224439,0.0,0.030515156429400194
sprsound2022,calibration,Normal,141,802,0.17581047381546136,0.0,0.03055493527012848
sprsound2022,calibration,Normal,142,802,0.1770573566084788,0.0,0.030602562625851135
sprsound2022,calibration,Normal,143,802,0.17830423940149626,0.0,0.030762908575391858
sprsound2022,calibration,Normal,144,802,0.17955112219451372,0.0,0.030900681747822845
sprsound2022,calibration,Normal,145,802,0.18079800498753118,0.0,0.030929395591292794
sprsound2022,calibration,Normal,146,802,0.18204488778054864,0.0,0.031080804308032794
sprsound2022,calibration,Normal,147,802,0.18329177057356608,0.0,0.03111867983299038
sprsound2022,calibration,Normal,148,802,0.18453865336658354,0.0,0.03119328675294
sprsound2022,calibration,Normal,149,802,0.185785536159601,0.0,0.03130660279837349
sprsound2022,calibration,Normal,150,802,0.18703241895261846,0.0,0.03161883757884564
sprsound2022,calibration,Normal,151,802,0.1882793017456359,0.0,0.03179153706380361
sprsound2022,calibration,Normal,152,802,0.18952618453865336,0.0,0.03194820798705466
sprsound2022,calibration,Normal,153,802,0.19077306733167082,0.0,0.03205486359202235
sprsound2022,calibration,Normal,154,802,0.19201995012468828,0.0,0.03214682123068854
sprsound2022,calibration,Normal,155,802,0.19326683291770574,0.0,0.032465352554556404
sprsound2022,calibration,Normal,156,802,0.19451371571072318,0.0,0.032598552986533684
sprsound2022,calibration,Normal,157,802,0.19576059850374064,0.0,0.0331782826744114
sprsound2022,calibration,Normal,158,802,0.1970074812967581,0.0,0.03341915754145262
sprsound2022,calibration,Normal,159,802,0.19825436408977556,0.0,0.03346271607427318
sprsound2022,calibration,Normal,160,802,0.19950124688279303,0.0,0.03348537585842288
sprsound2022,calibration,Normal,161,802,0.20074812967581046,0.0,0.03357297837942364
sprsound2022,calibration,Normal,162,802,0.20199501246882792,0.0,0.03391738738095263
sprsound2022,calibration,Normal,163,802,0.20324189526184538,0.0,0.03397509345771093
sprsound2022,calibration,Normal,164,802,0.20448877805486285,0.0,0.03416782635917811
sprsound2022,calibration,Normal,165,802,0.2057356608478803,0.0,0.034242532302933774
sprsound2022,calibration,Normal,166,802,0.20698254364089774,0.0,0.03431558379878901
sprsound2022,calibration,Normal,167,802,0.2082294264339152,0.0,0.03451616759265956
sprsound2022,calibration,Normal,168,802,0.20947630922693267,0.0,0.03460832495568097
sprsound2022,calibration,Normal,169,802,0.21072319201995013,0.0,0.03465151634844625
sprsound2022,calibration,Normal,170,802,0.2119700748129676,0.0,0.03471710600551241
sprsound2022,calibration,Normal,171,802,0.21321695760598502,0.0,0.03477821060145768
sprsound2022,calibration,Normal,172,802,0.2144638403990025,0.0,0.03479182436506521
sprsound2022,calibration,Normal,173,802,0.21571072319201995,0.0,0.0349246576473557
sprsound2022,calibration,Normal,174,802,0.2169576059850374,0.0,0.0349403331955564
sprsound2022,calibration,Normal,175,802,0.21820448877805487,0.0,0.03494876150293404
sprsound2022,calibration,Normal,176,802,0.2194513715710723,0.0,0.03511738776289985
sprsound2022,calibration,Normal,177,802,0.22069825436408977,0.0,0.03533746939596616
sprsound2022,calibration,Normal,178,802,0.22194513715710723,0.0,0.03545716749260844
sprsound2022,calibration,Normal,179,802,0.2231920199501247,0.0,0.03574639360024728
sprsound2022,calibration,Normal,180,802,0.22443890274314215,0.0,0.035894736770658145
sprsound2022,calibration,Normal,181,802,0.2256857855361596,0.0,0.03592897699532262
sprsound2022,calibration,Normal,182,802,0.22693266832917705,0.0,0.0359372461746101
sprsound2022,calibration,Normal,183,802,0.2281795511221945,0.0,0.03609876855092537
sprsound2022,calibration,Normal,184,802,0.22942643391521197,0.0,0.03652808397139285
sprsound2022,calibration,Normal,185,802,0.23067331670822944,0.0,0.03665577329081525
sprsound2022,calibration,Normal,186,802,0.23192019950124687,0.0,0.03674982250697655
sprsound2022,calibration,Normal,187,802,0.23316708229426433,0.0,0.036776318314912765
sprsound2022,calibration,Normal,188,802,0.2344139650872818,0.0,0.03684953469606615
sprsound2022,calibration,Normal,189,802,0.23566084788029926,0.0,0.03694751584797037
sprsound2022,calibration,Normal,190,802,0.23690773067331672,0.0,0.03703807375636231
sprsound2022,calibration,Normal,191,802,0.23815461346633415,0.0,0.03703819755217319
sprsound2022,calibration,Normal,192,802,0.23940149625935161,0.0,0.03707246877509242
sprsound2022,calibration,Normal,193,802,0.24064837905236908,0.0,0.03717548971765354
sprsound2022,calibration,Normal,194,802,0.24189526184538654,0.0,0.037287080434929294
sprsound2022,calibration,Normal,195,802,0.243142144638404,0.0,0.03736741866523334
sprsound2022,calibration,Normal,196,802,0.24438902743142144,0.0,0.037456415041036556
sprsound2022,calibration,Normal,197,802,0.2456359102244389,0.0,0.03755365543508497
sprsound2022,calibration,Normal,198,802,0.24688279301745636,0.0,0.03755519586845039
sprsound2022,calibration,Normal,199,802,0.24812967581047382,0.0,0.037794607357442056
sprsound2022,calibration,Normal,200,802,0.24937655860349128,0.0,0.03794912822103929
sprsound2022,calibration,Normal,201,802,0.2506234413965087,0.0,0.03803905198628195
sprsound2022,calibration,Normal,202,802,0.2518703241895262,0.0,0.038052629268421595
sprsound2022,calibration,Normal,203,802,0.25311720698254364,0.0,0.03811640090800128
sprsound2022,calibration,Normal,204,802,0.2543640897755611,0.0,0.03825040425182598
sprsound2022,calibration,Normal,205,802,0.25561097256857856,0.0,0.03834477205613157
sprsound2022,calibration,Normal,206,802,0.256857855361596,0.0,0.03844285227530885
sprsound2022,calibration,Normal,207,802,0.2581047381546135,0.0,0.038520433880113586
sprsound2022,calibration,Normal,208,802,0.2593516209476309,0.0,0.038719860772073844
sprsound2022,calibration,Normal,209,802,0.26059850374064836,0.0,0.03874584489643573
sprsound2022,calibration,Normal,210,802,0.26184538653366585,0.0,0.03886865563183776
sprsound2022,calibration,Normal,211,802,0.2630922693266833,0.0,0.039032139599524195
sprsound2022,calibration,Normal,212,802,0.26433915211970077,0.0,0.039076199734217124
sprsound2022,calibration,Normal,213,802,0.2655860349127182,0.0,0.0391189303028781
sprsound2022,calibration,Normal,214,802,0.26683291770573564,0.0,0.039145551538198355
sprsound2022,calibration,Normal,215,802,0.26807980049875313,0.0,0.039628674108101856
sprsound2022,calibration,Normal,216,802,0.26932668329177056,0.0,0.03966667809361991
sprsound2022,calibration,Normal,217,802,0.27057356608478805,0.0,0.03979814330192733
sprsound2022,calibration,Normal,218,802,0.2718204488778055,0.0,0.03979978661338609
sprsound2022,calibration,Normal,219,802,0.2730673316708229,0.0,0.040131502528912844
sprsound2022,calibration,Normal,220,802,0.2743142144638404,0.0,0.04027786867371332
sprsound2022,calibration,Normal,221,802,0.27556109725685785,0.0,0.0405234278309395
sprsound2022,calibration,Normal,222,802,0.27680798004987534,0.0,0.04053497686369818
sprsound2022,calibration,Normal,223,802,0.27805486284289277,0.0,0.04072170557099589
sprsound2022,calibration,Normal,224,802,0.2793017456359102,0.0,0.04082795086015378
sprsound2022,calibration,Normal,225,802,0.2805486284289277,0.0,0.04090831820460698
sprsound2022,calibration,Normal,226,802,0.2817955112219451,0.0,0.04098035857719902
sprsound2022,calibration,Normal,227,802,0.2830423940149626,0.0,0.04115846107636481
sprsound2022,calibration,Normal,228,802,0.28428927680798005,0.0,0.04127661568382685
sprsound2022,calibration,Normal,229,802,0.2855361596009975,0.0,0.04129694398139673
sprsound2022,calibration,Normal,230,802,0.286783042394015,0.0,0.041597615733046635
sprsound2022,calibration,Normal,231,802,0.2880299251870324,0.0,0.04183350213184801
sprsound2022,calibration,Normal,232,802,0.2892768079800499,0.0,0.0421139135546103
sprsound2022,calibration,Normal,233,802,0.29052369077306733,0.0,0.04215852377607419
sprsound2022,calibration,Normal,234,802,0.29177057356608477,0.0,0.04218712248466766
sprsound2022,calibration,Normal,235,802,0.29301745635910226,0.0,0.04238240821314651
sprsound2022,calibration,Normal,236,802,0.2942643391521197,0.0,0.0425268764059033
sprsound2022,calibration,Normal,237,802,0.2955112219451372,0.0,0.04255828301960967
sprsound2022,calibration,Normal,238,802,0.2967581047381546,0.0,0.042578668088583994
sprsound2022,calibration,Normal,239,802,0.29800498753117205,0.0,0.04260920810599579
sprsound2022,calibration,Normal,240,802,0.29925187032418954,0.0,0.0428419875652149
sprsound2022,calibration,Normal,241,802,0.300498753117207,0.0,0.042924117294672555
sprsound2022,calibration,Normal,242,802,0.30174563591022446,0.0,0.04294565810023459
sprsound2022,calibration,Normal,243,802,0.3029925187032419,0.0,0.04300466630064544
sprsound2022,calibration,Normal,244,802,0.30423940149625933,0.0,0.04320032341426111
sprsound2022,calibration,Normal,245,802,0.3054862842892768,0.0,0.04324394244059534
sprsound2022,calibration,Normal,246,802,0.30673316708229426,0.0,0.04344200066689716
sprsound2022,calibration,Normal,247,802,0.30798004987531175,0.0,0.0437277390959992
sprsound2022,calibration,Normal,248,802,0.3092269326683292,0.0,0.04372973870300818
sprsound2022,calibration,Normal,249,802,0.3104738154613466,0.0,0.04377992195247534
sprsound2022,calibration,Normal,250,802,0.3117206982543641,0.0,0.04385593116455643
sprsound2022,calibration,Normal,251,802,0.31296758104738154,0.0,0.043924218279819974
sprsound2022,calibration,Normal,252,802,0.314214463840399,0.0,0.04436097367184014
sprsound2022,calibration,Normal,253,802,0.31546134663341646,0.0,0.04436420334989224
sprsound2022,calibration,Normal,254,802,0.3167082294264339,0.0,0.04460303066217743
sprsound2022,calibration,Normal,255,802,0.3179551122194514,0.0,0.04468766845619912
sprsound2022,calibration,Normal,256,802,0.3192019950124688,0.0,0.04475553687689575
sprsound2022,calibration,Normal,257,802,0.3204488778054863,0.0,0.04479994181903572
sprsound2022,calibration,Normal,258,802,0.32169576059850374,0.0,0.04485139052973013
sprsound2022,calibration,Normal,259,802,0.3229426433915212,0.0,0.045053024678840474
sprsound2022,calibration,Normal,260,802,0.32418952618453867,0.0,0.04507445933897274
sprsound2022,calibration,Normal,261,802,0.3254364089775561,0.0,0.04526408880305121
sprsound2022,calibration,Normal,262,802,0.3266832917705736,0.0,0.045968054592069055
sprsound2022,calibration,Normal,263,802,0.327930174563591,0.0,0.04653017154774735
sprsound2022,calibration,Normal,264,802,0.32917705735660846,0.0,0.0467061231486297
sprsound2022,calibration,Normal,265,802,0.33042394014962595,0.0,0.04723965003271228
sprsound2022,calibration,Normal,266,802,0.3316708229426434,0.0,0.04733089634080841
sprsound2022,calibration,Normal,267,802,0.3329177057356609,0.0,0.047484724077949805
sprsound2022,calibration,Normal,268,802,0.3341645885286783,0.0,0.047487246329171916
sprsound2022,calibration,Normal,269,802,0.33541147132169574,0.0,0.047526233572852614
sprsound2022,calibration,Normal,270,802,0.33665835411471323,0.0,0.04761294741104886
sprsound2022,calibration,Normal,271,802,0.33790523690773067,0.0,0.048005721073024386
sprsound2022,calibration,Normal,272,802,0.33915211970074816,0.0,0.04801528811232471
sprsound2022,calibration,Normal,273,802,0.3403990024937656,0.0,0.04823761247527747
sprsound2022,calibration,Normal,274,802,0.341645885286783,0.0,0.048509696744227726
sprsound2022,calibration,Normal,275,802,0.3428927680798005,0.0,0.048681580766323805
sprsound2022,calibration,Normal,276,802,0.34413965087281795,0.0,0.049230125873483126
sprsound2022,calibration,Normal,277,802,0.34538653366583544,0.0,0.05092065156413026
sprsound2022,calibration,Normal,278,802,0.34663341645885287,0.0,0.05093129857557846
sprsound2022,calibration,Normal,279,802,0.3478802992518703,0.0,0.05111964831605632
sprsound2022,calibration,Normal,280,802,0.3491271820448878,0.0,0.05115381437679162
sprsound2022,calibration,Normal,281,802,0.35037406483790523,0.0,0.051382863959513046
sprsound2022,calibration,Normal,282,802,0.3516209476309227,0.0,0.05141121900303841
sprsound2022,calibration,Normal,283,802,0.35286783042394015,0.0,0.05142934528226676
sprsound2022,calibration,Normal,284,802,0.3541147132169576,0.0,0.05204782548482199
sprsound2022,calibration,Normal,285,802,0.3553615960099751,0.0,0.052121525246459445
sprsound2022,calibration,Normal,286,802,0.3566084788029925,0.0,0.052248984410168876
sprsound2022,calibration,Normal,287,802,0.35785536159601,0.0,0.052421671902477276
sprsound2022,calibration,Normal,288,802,0.35910224438902744,0.0,0.052621546408520965
sprsound2022,calibration,Normal,289,802,0.36034912718204487,0.0,0.052622782764718434
sprsound2022,calibration,Normal,290,802,0.36159600997506236,0.0,0.05267240142776325
sprsound2022,calibration,Normal,291,802,0.3628428927680798,0.0,0.05273159488225249
sprsound2022,calibration,Normal,292,802,0.3640897755610973,0.0,0.05300442761970949
sprsound2022,calibration,Normal,293,802,0.3653366583541147,0.0,0.05331149030304867
sprsound2022,calibration,Normal,294,802,0.36658354114713215,0.0,0.05344621090299256
sprsound2022,calibration,Normal,295,802,0.36783042394014964,0.0,0.05360996265447554
sprsound2022,calibration,Normal,296,802,0.3690773067331671,0.0,0.05361687449484936
sprsound2022,calibration,Normal,297,802,0.37032418952618457,0.0,0.05371023003416501
sprsound2022,calibration,Normal,298,802,0.371571072319202,0.0,0.053809800774829115
sprsound2022,calibration,Normal,299,802,0.37281795511221943,0.0,0.05385801129246319
sprsound2022,calibration,Normal,300,802,0.3740648379052369,0.0,0.05402709614779412
sprsound2022,calibration,Normal,301,802,0.37531172069825436,0.0,0.05423751235640295
sprsound2022,calibration,Normal,302,802,0.3765586034912718,0.0,0.05452227598105845
sprsound2022,calibration,Normal,303,802,0.3778054862842893,0.0,0.05471057747482571
sprsound2022,calibration,Normal,304,802,0.3790523690773067,0.0,0.0547224012177907
sprsound2022,calibration,Normal,305,802,0.3802992518703242,0.0,0.054729012604879536
sprsound2022,calibration,Normal,306,802,0.38154613466334164,0.0,0.05483687957349999
sprsound2022,calibration,Normal,307,802,0.3827930174563591,0.0,0.05499486460268838
sprsound2022,calibration,Normal,308,802,0.38403990024937656,0.0,0.05506709715523319
sprsound2022,calibration,Normal,309,802,0.385286783042394,0.0,0.055373685392572675
sprsound2022,calibration,Normal,310,802,0.3865336658354115,0.0,0.05568918538748135
sprsound2022,calibration,Normal,311,802,0.3877805486284289,0.0,0.055992690977081504
sprsound2022,calibration,Normal,312,802,0.38902743142144636,0.0,0.05607054140467579
sprsound2022,calibration,Normal,313,802,0.39027431421446385,0.0,0.0562577176721453
sprsound2022,calibration,Normal,314,802,0.3915211970074813,0.0,0.056334783243083233
sprsound2022,calibration,Normal,315,802,0.39276807980049877,0.0,0.05639191187848609
sprsound2022,calibration,Normal,316,802,0.3940149625935162,0.0,0.05663206795719052
sprsound2022,calibration,Normal,317,802,0.39526184538653364,0.0,0.05729427153487516
sprsound2022,calibration,Normal,318,802,0.39650872817955113,0.0,0.05766124849171836
sprsound2022,calibration,Normal,319,802,0.39775561097256856,0.0,0.05787976327833932
sprsound2022,calibration,Normal,320,802,0.39900249376558605,0.0,0.05853012715328179
sprsound2022,calibration,Normal,321,802,0.4002493765586035,0.0,0.05901437733709867
sprsound2022,calibration,Normal,322,802,0.4014962593516209,0.0,0.059282775771454486
sprsound2022,calibration,Normal,323,802,0.4027431421446384,0.0,0.05928471507120808
sprsound2022,calibration,Normal,324,802,0.40399002493765584,0.0,0.059294939788589726
sprsound2022,calibration,Normal,325,802,0.40523690773067333,0.0,0.0593228352524075
sprsound2022,calibration,Normal,326,802,0.40648379052369077,0.0,0.059696272914131376
sprsound2022,calibration,Normal,327,802,0.4077306733167082,0.0,0.05992233425920174
sprsound2022,calibration,Normal,328,802,0.4089775561097257,0.0,0.06009475831417351
sprsound2022,calibration,Normal,329,802,0.4102244389027431,0.0,0.06045990371141622
sprsound2022,calibration,Normal,330,802,0.4114713216957606,0.0,0.06050437866356354
sprsound2022,calibration,Normal,331,802,0.41271820448877805,0.0,0.0607376319541885
sprsound2022,calibration,Normal,332,802,0.4139650872817955,0.0,0.06087012308104658
sprsound2022,calibration,Normal,333,802,0.415211970074813,0.0,0.06088430725487793
sprsound2022,calibration,Normal,334,802,0.4164588528678304,0.0,0.06183999591356428
sprsound2022,calibration,Normal,335,802,0.4177057356608479,0.0,0.062048771993023
sprsound2022,calibration,Normal,336,802,0.41895261845386533,0.0,0.062062942265207456
sprsound2022,calibration,Normal,337,802,0.42019950124688277,0.0,0.06213273009364705
sprsound2022,calibration,Normal,338,802,0.42144638403990026,0.0,0.0623841623844618
sprsound2022,calibration,Normal,339,802,0.4226932668329177,0.0,0.062425454640235294
sprsound2022,calibration,Normal,340,802,0.4239401496259352,0.0,0.06243203826043489
sprsound2022,calibration,Normal,341,802,0.4251870324189526,0.0,0.06272041238329043
sprsound2022,calibration,Normal,342,802,0.42643391521197005,0.0,0.06318111127964458
sprsound2022,calibration,Normal,343,802,0.42768079800498754,0.0,0.06332044850563524
sprsound2022,calibration,Normal,344,802,0.428927680798005,0.0,0.06342403454286522
sprsound2022,calibration,Normal,345,802,0.43017456359102246,0.0,0.06360380899938892
sprsound2022,calibration,Normal,346,802,0.4314214463840399,0.0,0.06369895444734469
sprsound2022,calibration,Normal,347,802,0.43266832917705733,0.0,0.06409346267332025
sprsound2022,calibration,Normal,348,802,0.4339152119700748,0.0,0.06458171066323021
sprsound2022,calibration,Normal,349,802,0.43516209476309226,0.0,0.06505774401619864
sprsound2022,calibration,Normal,350,802,0.43640897755610975,0.0,0.0656689937902623
sprsound2022,calibration,Normal,351,802,0.4376558603491272,0.0,0.06597164234188276
sprsound2022,calibration,Normal,352,802,0.4389027431421446,0.0,0.06660159085365092
sprsound2022,calibration,Normal,353,802,0.4401496259351621,0.0,0.06663851503183953
sprsound2022,calibration,Normal,354,802,0.44139650872817954,0.0,0.06674172663640872
sprsound2022,calibration,Normal,355,802,0.442643391521197,0.0,0.0668135281651547
sprsound2022,calibration,Normal,356,802,0.44389027431421446,0.0,0.06713839544534336
sprsound2022,calibration,Normal,357,802,0.4451371571072319,0.0,0.06741385568817568
sprsound2022,calibration,Normal,358,802,0.4463840399002494,0.0,0.0675834031255878
sprsound2022,calibration,Normal,359,802,0.4476309226932668,0.0,0.06794964565153859
sprsound2022,calibration,Normal,360,802,0.4488778054862843,0.0,0.06824460598588789
sprsound2022,calibration,Normal,361,802,0.45012468827930174,0.0,0.06851694909800908
sprsound2022,calibration,Normal,362,802,0.4513715710723192,0.0,0.06871236989529138
sprsound2022,calibration,Normal,363,802,0.45261845386533667,0.0,0.06883513794039253
sprsound2022,calibration,Normal,364,802,0.4538653366583541,0.0,0.06904369498641875
sprsound2022,calibration,Normal,365,802,0.4551122194513716,0.0,0.06970619674793996
sprsound2022,calibration,Normal,366,802,0.456359102244389,0.0,0.06973875028339781
sprsound2022,calibration,Normal,367,802,0.45760598503740646,0.0,0.07006277735170208
sprsound2022,calibration,Normal,368,802,0.45885286783042395,0.0,0.07058221509941107
sprsound2022,calibration,Normal,369,802,0.4600997506234414,0.0,0.07065445911250741
sprsound2022,calibration,Normal,370,802,0.4613466334164589,0.0,0.07081674993871874
sprsound2022,calibration,Normal,371,802,0.4625935162094763,0.0,0.07116817796748517
sprsound2022,calibration,Normal,372,802,0.46384039900249374,0.0,0.07123278514624927
sprsound2022,calibration,Normal,373,802,0.46508728179551123,0.0,0.07180236489363619
sprsound2022,calibration,Normal,374,802,0.46633416458852867,0.0,0.07190957110047759
sprsound2022,calibration,Normal,375,802,0.46758104738154616,0.0,0.07203620995688659
sprsound2022,calibration,Normal,376,802,0.4688279301745636,0.0,0.07264651166890324
sprsound2022,calibration,Normal,377,802,0.470074812967581,0.0,0.07281767281121433
sprsound2022,calibration,Normal,378,802,0.4713216957605985,0.0,0.0731534839911653
sprsound2022,calibration,Normal,379,802,0.47256857855361595,0.0,0.07341721855363272
sprsound2022,calibration,Normal,380,802,0.47381546134663344,0.0,0.07372401392675963
sprsound2022,calibration,Normal,381,802,0.47506234413965087,0.0,0.07385789642372857
sprsound2022,calibration,Normal,382,802,0.4763092269326683,0.0,0.07449631067915125
sprsound2022,calibration,Normal,383,802,0.4775561097256858,0.0,0.0745555307878628
sprsound2022,calibration,Normal,384,802,0.47880299251870323,0.0,0.07497089321283003
sprsound2022,calibration,Normal,385,802,0.4800498753117207,0.0025974025974025974,0.07501170623218344
sprsound2022,calibration,Normal,386,802,0.48129675810473815,0.0025906735751295338,0.07512545010289061
sprsound2022,calibration,Normal,387,802,0.4825436408977556,0.002583979328165375,0.07514476100611406
sprsound2022,calibration,Normal,388,802,0.4837905236907731,0.002577319587628866,0.07536358324667326
sprsound2022,calibration,Normal,389,802,0.4850374064837905,0.002570694087403599,0.07540195790586171
sprsound2022,calibration,Normal,390,802,0.486284289276808,0.002564102564102564,0.07586563760755373
sprsound2022,calibration,Normal,391,802,0.48753117206982544,0.0025575447570332483,0.07640735687793657
sprsound2022,calibration,Normal,392,802,0.48877805486284287,0.002551020408163265,0.07663202799767434
sprsound2022,calibration,Normal,393,802,0.49002493765586036,0.002544529262086514,0.07663966565206844
sprsound2022,calibration,Normal,394,802,0.4912718204488778,0.0025380710659898475,0.07687233242366351
sprsound2022,calibration,Normal,395,802,0.4925187032418953,0.002531645569620253,0.07791340771194372
sprsound2022,calibration,Normal,396,802,0.4937655860349127,0.0025252525252525255,0.0785300313712594
sprsound2022,calibration,Normal,397,802,0.49501246882793015,0.0025188916876574307,0.07907441907990823
sprsound2022,calibration,Normal,398,802,0.49625935162094764,0.002512562814070352,0.07919198179154095
sprsound2022,calibration,Normal,399,802,0.4975062344139651,0.002506265664160401,0.0793554318145964
sprsound2022,calibration,Normal,400,802,0.49875311720698257,0.0025,0.07938437658348378
sprsound2022,calibration,Normal,401,802,0.5,0.0024937655860349127,0.07948419010814094
sprsound2022,calibration,Normal,402,802,0.5012468827930174,0.0024875621890547263,0.08034832489695475
sprsound2022,calibration,Normal,403,802,0.5024937655860349,0.0024813895781637717,0.08035597904938419
sprsound2022,calibration,Normal,404,802,0.5037406483790524,0.0024752475247524753,0.0817554178014634
sprsound2022,calibration,Normal,405,802,0.5049875311720698,0.0024691358024691358,0.08216974035446735
sprsound2022,calibration,Normal,406,802,0.5062344139650873,0.0024630541871921183,0.08242763228125222
sprsound2022,calibration,Normal,407,802,0.5074812967581047,0.002457002457002457,0.08299086405933843
sprsound2022,calibration,Normal,408,802,0.5087281795511222,0.0024509803921568627,0.08303334354537505
sprsound2022,calibration,Normal,409,802,0.5099750623441397,0.0024449877750611247,0.08360280988717848
sprsound2022,calibration,Normal,410,802,0.5112219451371571,0.0024390243902439024,0.0836288237099647
sprsound2022,calibration,Normal,411,802,0.5124688279301746,0.0024330900243309003,0.08423883745521246
sprsound2022,calibration,Normal,412,802,0.513715710723192,0.0024271844660194173,0.08424741133182252
sprsound2022,calibration,Normal,413,802,0.5149625935162094,0.002421307506053269,0.0847437073801881
sprsound2022,calibration,Normal,414,802,0.516209476309227,0.0024154589371980675,0.08486679935313268
sprsound2022,calibration,Normal,415,802,0.5174563591022444,0.0024096385542168677,0.08495962223833894
sprsound2022,calibration,Normal,416,802,0.5187032418952618,0.002403846153846154,0.08542249062074
sprsound2022,calibration,Normal,417,802,0.5199501246882793,0.002398081534772182,0.08620564080203352
sprsound2022,calibration,Normal,418,802,0.5211970074812967,0.0023923444976076554,0.0864715914365822
sprsound2022,calibration,Normal,419,802,0.5224438902743143,0.002386634844868735,0.08934270970207754
sprsound2022,calibration,Normal,420,802,0.5236907730673317,0.002380952380952381,0.09037799773165867
sprsound2022,calibration,Normal,421,802,0.5249376558603491,0.0023752969121140144,0.09050050735738996
sprsound2022,calibration,Normal,422,802,0.5261845386533666,0.002369668246445498,0.09123056657544436
sprsound2022,calibration,Normal,423,802,0.527431421446384,0.002364066193853428,0.09147972858050692
sprsound2022,calibration,Normal,424,802,0.5286783042394015,0.0023584905660377358,0.09240897653818
sprsound2022,calibration,Normal,425,802,0.529925187032419,0.002352941176470588,0.09297508673546645
sprsound2022,calibration,Normal,426,802,0.5311720698254364,0.002347417840375587,0.09346522577799357
sprsound2022,calibration,Normal,427,802,0.5324189526184538,0.00234192037470726,0.09424713917838455
sprsound2022,calibration,Normal,428,802,0.5336658354114713,0.002336448598130841,0.09479829728035243
sprsound2022,calibration,Normal,429,802,0.5349127182044888,0.002331002331002331,0.09493345199630399
sprsound2022,calibration,Normal,430,802,0.5361596009975063,0.002325581395348837,0.09501308584053808
sprsound2022,calibration,Normal,431,802,0.5374064837905237,0.002320185614849188,0.09528547383275206
sprsound2022,calibration,Normal,432,802,0.5386533665835411,0.0023148148148148147,0.09537552395578922
sprsound2022,calibration,Normal,433,802,0.5399002493765586,0.0023094688221709007,0.09544516009987167
sprsound2022,calibration,Normal,434,802,0.5411471321695761,0.002304147465437788,0.09575456532199045
sprsound2022,calibration,Normal,435,802,0.5423940149625935,0.0022988505747126436,0.09577039233227244
sprsound2022,calibration,Normal,436,802,0.543640897755611,0.0022935779816513763,0.09594672579516585
sprsound2022,calibration,Normal,437,802,0.5448877805486284,0.002288329519450801,0.09679759713757398
sprsound2022,calibration,Normal,438,802,0.5461346633416458,0.00228310502283105,0.09721047255903242
sprsound2022,calibration,Normal,439,802,0.5473815461346634,0.002277904328018223,0.0972216829710196
sprsound2022,calibration,Normal,440,802,0.5486284289276808,0.0022727272727272726,0.09807027617891532
sprsound2022,calibration,Normal,441,802,0.5498753117206983,0.0022675736961451248,0.09817351578624389
sprsound2022,calibration,Normal,442,802,0.5511221945137157,0.0022624434389140274,0.09872399592236941
sprsound2022,calibration,Normal,443,802,0.5523690773067331,0.002257336343115124,0.09872750889309587
sprsound2022,calibration,Normal,444,802,0.5536159600997507,0.0022522522522522522,0.10311408469370507
sprsound2022,calibration,Normal,445,802,0.5548628428927681,0.0022471910112359553,0.10382525836869476
sprsound2022,calibration,Normal,446,802,0.5561097256857855,0.002242152466367713,0.10419138136176519
sprsound2022,calibration,Normal,447,802,0.557356608478803,0.0022371364653243847,0.10460867124311848
sprsound2022,calibration,Normal,448,802,0.5586034912718204,0.002232142857142857,0.10463556027877997
sprsound2022,calibration,Normal,449,802,0.559850374064838,0.0022271714922048997,0.1048113232112104
sprsound2022,calibration,Normal,450,802,0.5610972568578554,0.0022222222222222222,0.10490171593410244
sprsound2022,calibration,Normal,451,802,0.5623441396508728,0.0022172949002217295,0.10597877267175
sprsound2022,calibration,Normal,452,802,0.5635910224438903,0.0022123893805309734,0.10612395605654054
sprsound2022,calibration,Normal,453,802,0.5648379052369077,0.002207505518763797,0.10687056970268245
sprsound2022,calibration,Normal,454,802,0.5660847880299252,0.0022026431718061676,0.10719490856533104
sprsound2022,calibration,Normal,455,802,0.5673316708229427,0.002197802197802198,0.10802036282027158
sprsound2022,calibration,Normal,456,802,0.5685785536159601,0.0021929824561403508,0.1093990193022787
sprsound2022,calibration,Normal,457,802,0.5698254364089775,0.002188183807439825,0.10962138285752708
sprsound2022,calibration,Normal,458,802,0.571072319201995,0.002183406113537118,0.11057978280551774
sprsound2022,calibration,Normal,459,802,0.5723192019950125,0.002178649237472767,0.11173076284650577
sprsound2022,calibration,Normal,460,802,0.57356608478803,0.002173913043478261,0.11173258296469785
sprsound2022,calibration,Normal,461,802,0.5748129675810474,0.0021691973969631237,0.11213091443965054
sprsound2022,calibration,Normal,462,802,0.5760598503740648,0.0021645021645021645,0.11234686926885208
sprsound2022,calibration,Normal,463,802,0.5773067331670823,0.0021598272138228943,0.11269292506110994
sprsound2022,calibration,Normal,464,802,0.5785536159600998,0.0021551724137931034,0.1129063136549651
sprsound2022,calibration,Normal,465,802,0.5798004987531172,0.002150537634408602,0.11292723420183316
sprsound2022,calibration,Normal,466,802,0.5810473815461347,0.002145922746781116,0.11308754432888406
sprsound2022,calibration,Normal,467,802,0.5822942643391521,0.0021413276231263384,0.11449615882439687
sprsound2022,calibration,Normal,468,802,0.5835411471321695,0.002136752136752137,0.11488497223773929
sprsound2022,calibration,Normal,469,802,0.5847880299251871,0.0021321961620469083,0.11567096561850494
sprsound2022,calibration,Normal,470,802,0.5860349127182045,0.002127659574468085,0.11629660239196479
sprsound2022,calibration,Normal,471,802,0.587281795511222,0.0021231422505307855,0.11678400708661284
sprsound2022,calibration,Normal,472,802,0.5885286783042394,0.00211864406779661,0.11681515452325958
sprsound2022,calibration,Normal,473,802,0.5897755610972568,0.0021141649048625794,0.1170804614924076
sprsound2022,calibration,Normal,474,802,0.5910224438902744,0.002109704641350211,0.11840809219425588
sprsound2022,calibration,Normal,475,802,0.5922693266832918,0.002105263157894737,0.11941726500313622
sprsound2022,calibration,Normal,476,802,0.5935162094763092,0.0021008403361344537,0.12028762090877954
sprsound2022,calibration,Normal,477,802,0.5947630922693267,0.0020964360587002098,0.12096556786252484
sprsound2022,calibration,Normal,478,802,0.5960099750623441,0.0020920502092050207,0.12233159835843181
sprsound2022,calibration,Normal,479,802,0.5972568578553616,0.0020876826722338203,0.12353520147543122
sprsound2022,calibration,Normal,480,802,0.5985037406483791,0.0020833333333333333,0.12371300325533202
sprsound2022,calibration,Normal,481,802,0.5997506234413965,0.002079002079002079,0.12383293066694577
sprsound2022,calibration,Normal,482,802,0.600997506234414,0.002074688796680498,0.1238649417815814
sprsound2022,calibration,Normal,483,802,0.6022443890274314,0.002070393374741201,0.12412906891398674
sprsound2022,calibration,Normal,484,802,0.6034912718204489,0.002066115702479339,0.12429869440822826
sprsound2022,calibration,Normal,485,802,0.6047381546134664,0.002061855670103093,0.12444933361667936
sprsound2022,calibration,Normal,486,802,0.6059850374064838,0.00205761316872428,0.1245668506368355
sprsound2022,calibration,Normal,487,802,0.6072319201995012,0.002053388090349076,0.12506085132450762
sprsound2022,calibration,Normal,488,802,0.6084788029925187,0.0020491803278688526,0.12566056551661572
sprsound2022,calibration,Normal,489,802,0.6097256857855362,0.002044989775051125,0.12590902993186698
sprsound2022,calibration,Normal,490,802,0.6109725685785536,0.0020408163265306124,0.12619819826750864
sprsound2022,calibration,Normal,491,802,0.6122194513715711,0.002036659877800407,0.12798639894157723
sprsound2022,calibration,Normal,492,802,0.6134663341645885,0.0020325203252032522,0.12916302027641074
sprsound2022,calibration,Normal,493,802,0.614713216957606,0.002028397565922921,0.12928597962763572
sprsound2022,calibration,Normal,494,802,0.6159600997506235,0.0020242914979757085,0.12983432190315122
sprsound2022,calibration,Normal,495,802,0.6172069825436409,0.00202020202020202,0.13345083726913953
sprsound2022,calibration,Normal,496,802,0.6184538653366584,0.004032258064516129,0.13559643209242433
sprsound2022,calibration,Normal,497,802,0.6197007481296758,0.004024144869215292,0.13577345220807494
sprsound2022,calibration,Normal,498,802,0.6209476309226932,0.004016064257028112,0.13587504217723348
sprsound2022,calibration,Normal,499,802,0.6221945137157108,0.004008016032064128,0.1372777585962925
sprsound2022,calibration,Normal,500,802,0.6234413965087282,0.004,0.13743788986204322
sprsound2022,calibration,Normal,501,802,0.6246882793017456,0.003992015968063872,0.1385751452582109
sprsound2022,calibration,Normal,502,802,0.6259351620947631,0.00398406374501992,0.13862153174177314
sprsound2022,calibration,Normal,503,802,0.6271820448877805,0.003976143141153081,0.14028373341023137
sprsound2022,calibration,Normal,504,802,0.628428927680798,0.003968253968253968,0.14114918945969152
sprsound2022,calibration,Normal,505,802,0.6296758104738155,0.0039603960396039604,0.14166519819366277
sprsound2022,calibration,Normal,506,802,0.6309226932668329,0.003952569169960474,0.1423988292976609
sprsound2022,calibration,Normal,507,802,0.6321695760598504,0.0039447731755424065,0.14437260564102805
sprsound2022,calibration,Normal,508,802,0.6334164588528678,0.003937007874015748,0.1451800678486789
sprsound2022,calibration,Normal,509,802,0.6346633416458853,0.003929273084479371,0.1457738046879543
sprsound2022,calibration,Normal,510,802,0.6359102244389028,0.00392156862745098,0.1479858746725991
sprsound2022,calibration,Normal,511,802,0.6371571072319202,0.003913894324853229,0.1485585113155645
sprsound2022,calibration,Normal,512,802,0.6384039900249376,0.00390625,0.14927328189282338
sprsound2022,calibration,Normal,513,802,0.6396508728179551,0.003898635477582846,0.15005805807229625
sprsound2022,calibration,Normal,514,802,0.6408977556109726,0.0038910505836575876,0.1503844708890182
sprsound2022,calibration,Normal,515,802,0.64214463840399,0.003883495145631068,0.15058793857094582
sprsound2022,calibration,Normal,516,802,0.6433915211970075,0.003875968992248062,0.1508728548048582
sprsound2022,calibration,Normal,517,802,0.6446384039900249,0.0038684719535783366,0.15099485393467152
sprsound2022,calibration,Normal,518,802,0.6458852867830424,0.003861003861003861,0.15168843189750664
sprsound2022,calibration,Normal,519,802,0.6471321695760599,0.0038535645472061657,0.15192902331371183
sprsound2022,calibration,Normal,520,802,0.6483790523690773,0.0038461538461538464,0.1527513265185502
sprsound2022,calibration,Normal,521,802,0.6496259351620948,0.003838771593090211,0.15275454631927612
sprsound2022,calibration,Normal,522,802,0.6508728179551122,0.0038314176245210726,0.157549538530931
sprsound2022,calibration,Normal,523,802,0.6521197007481296,0.0057361376673040155,0.15768118900979095
sprsound2022,calibration,Normal,524,802,0.6533665835411472,0.0057251908396946565,0.15820251208068611
sprsound2022,calibration,Normal,525,802,0.6546134663341646,0.005714285714285714,0.16218314353024563
sprsound2022,calibration,Normal,526,802,0.655860349127182,0.005703422053231939,0.16218896964672783
sprsound2022,calibration,Normal,527,802,0.6571072319201995,0.0056925996204933585,0.1634895342832239
sprsound2022,calibration,Normal,528,802,0.6583541147132169,0.005681818181818182,0.16350182447762407
sprsound2022,calibration,Normal,529,802,0.6596009975062345,0.005671077504725898,0.1649662885231286
sprsound2022,calibration,Normal,530,802,0.6608478802992519,0.005660377358490566,0.1656233849809283
sprsound2022,calibration,Normal,531,802,0.6620947630922693,0.005649717514124294,0.16727770842621673
sprsound2022,calibration,Normal,532,802,0.6633416458852868,0.005639097744360902,0.16784411061675128
sprsound2022,calibration,Normal,533,802,0.6645885286783042,0.005628517823639775,0.16968394781933127
sprsound2022,calibration,Normal,534,802,0.6658354114713217,0.0056179775280898875,0.1701492982017799
sprsound2022,calibration,Normal,535,802,0.6670822942643392,0.005607476635514018,0.17157841918511396
sprsound2022,calibration,Normal,536,802,0.6683291770573566,0.005597014925373134,0.17243834092945698
sprsound2022,calibration,Normal,537,802,0.669576059850374,0.00558659217877095,0.1724820052972925
sprsound2022,calibration,Normal,538,802,0.6708229426433915,0.0055762081784386614,0.17720725322975867
sprsound2022,calibration,Normal,539,802,0.672069825436409,0.0055658627087198514,0.17975839188546755
sprsound2022,calibration,Normal,540,802,0.6733167082294265,0.005555555555555556,0.1810828817314793
sprsound2022,calibration,Normal,541,802,0.6745635910224439,0.005545286506469501,0.18285229289911284
sprsound2022,calibration,Normal,542,802,0.6758104738154613,0.005535055350553505,0.18882342565519297
sprsound2022,calibration,Normal,543,802,0.6770573566084788,0.0055248618784530384,0.18987300692695014
sprsound2022,calibration,Normal,544,802,0.6783042394014963,0.0055147058823529415,0.1906096611425437
sprsound2022,calibration,Normal,545,802,0.6795511221945137,0.005504587155963303,0.1925365606895866
sprsound2022,calibration,Normal,546,802,0.6807980049875312,0.005494505494505495,0.1932577094480274
sprsound2022,calibration,Normal,547,802,0.6820448877805486,0.005484460694698354,0.19397366101917432
sprsound2022,calibration,Normal,548,802,0.683291770573566,0.005474452554744526,0.19404757893057112
sprsound2022,calibration,Normal,549,802,0.6845386533665836,0.00546448087431694,0.19464362861974593
sprsound2022,calibration,Normal,550,802,0.685785536159601,0.005454545454545455,0.19507412918872116
sprsound2022,calibration,Normal,551,802,0.6870324189526185,0.0054446460980036296,0.197618753137308
sprsound2022,calibration,Normal,552,802,0.6882793017456359,0.005434782608695652,0.19912915317663152
sprsound2022,calibration,Normal,553,802,0.6895261845386533,0.0054249547920434,0.20093885178027976
sprsound2022,calibration,Normal,554,802,0.6907730673316709,0.005415162454873646,0.20323595638385245
sprsound2022,calibration,Normal,555,802,0.6920199501246883,0.005405405405405406,0.20364036148495956
sprsound2022,calibration,Normal,556,802,0.6932668329177057,0.00539568345323741,0.2088744448328943
sprsound2022,calibration,Normal,557,802,0.6945137157107232,0.005385996409335727,0.20905866648135557
sprsound2022,calibration,Normal,558,802,0.6957605985037406,0.005376344086021506,0.21126776056576296
sprsound2022,calibration,Normal,559,802,0.6970074812967582,0.005366726296958855,0.21858098271523177
sprsound2022,calibration,Normal,560,802,0.6982543640897756,0.005357142857142857,0.22096754281784403
sprsound2022,calibration,Normal,561,802,0.699501246882793,0.0053475935828877,0.2212804233684325
sprsound2022,calibration,Normal,562,802,0.7007481296758105,0.005338078291814947,0.22217250965712473
sprsound2022,calibration,Normal,563,802,0.7019950124688279,0.0053285968028419185,0.22321626897264535
sprsound2022,calibration,Normal,564,802,0.7032418952618454,0.005319148936170213,0.2254271322652695
sprsound2022,calibration,Normal,565,802,0.7044887780548629,0.005309734513274336,0.22694863957566763
sprsound2022,calibration,Normal,566,802,0.7057356608478803,0.00530035335689046,0.2270132913588216
sprsound2022,calibration,Normal,567,802,0.7069825436408977,0.005291005291005291,0.2271578618495171
sprsound2022,calibration,Normal,568,802,0.7082294264339152,0.00528169014084507,0.22768464055177667
sprsound2022,calibration,Normal,569,802,0.7094763092269327,0.005272407732864675,0.22950402862630162
sprsound2022,calibration,Normal,570,802,0.7107231920199502,0.005263157894736842,0.2296985360210414
sprsound2022,calibration,Normal,571,802,0.7119700748129676,0.005253940455341506,0.2366721761742546
sprsound2022,calibration,Normal,572,802,0.713216957605985,0.005244755244755245,0.23965298266146276
sprsound2022,calibration,Normal,573,802,0.7144638403990025,0.005235602094240838,0.24062006910141756
sprsound2022,calibration,Normal,574,802,0.71571072319202,0.005226480836236934,0.24160541385184375
sprsound2022,calibration,Normal,575,802,0.7169576059850374,0.0052173913043478265,0.24178981460824348
sprsound2022,calibration,Normal,576,802,0.7182044887780549,0.005208333333333333,0.24209941037993885
sprsound2022,calibration,Normal,577,802,0.7194513715710723,0.005199306759098787,0.2441597832244192
sprsound2022,calibration,Normal,578,802,0.7206982543640897,0.005190311418685121,0.2462230213249336
sprsound2022,calibration,Normal,579,802,0.7219451371571073,0.0051813471502590676,0.24934121217702654
sprsound2022,calibration,Normal,580,802,0.7231920199501247,0.005172413793103448,0.25183997166262395
sprsound2022,calibration,Normal,581,802,0.7244389027431422,0.0051635111876075735,0.2534325339827687
sprsound2022,calibration,Normal,582,802,0.7256857855361596,0.005154639175257732,0.2580788815257661
sprsound2022,calibration,Normal,583,802,0.726932668329177,0.005145797598627788,0.25841717768152916
sprsound2022,calibration,Normal,584,802,0.7281795511221946,0.00684931506849315,0.25986789160436347
sprsound2022,calibration,Normal,585,802,0.729426433915212,0.006837606837606838,0.26539641488224897
sprsound2022,calibration,Normal,586,802,0.7306733167082294,0.006825938566552901,0.26544880905350016
sprsound2022,calibration,Normal,587,802,0.7319201995012469,0.0068143100511073255,0.26780500828085113
sprsound2022,calibration,Normal,588,802,0.7331670822942643,0.006802721088435374,0.271824029885025
sprsound2022,calibration,Normal,589,802,0.7344139650872819,0.006791171477079796,0.27273635515972683
sprsound2022,calibration,Normal,590,802,0.7356608478802993,0.006779661016949152,0.27616442651005474
sprsound2022,calibration,Normal,591,802,0.7369077306733167,0.00676818950930626,0.27683227409189176
sprsound2022,calibration,Normal,592,802,0.7381546134663342,0.006756756756756757,0.276912746256443
sprsound2022,calibration,Normal,593,802,0.7394014962593516,0.006745362563237774,0.27883321785048004
sprsound2022,calibration,Normal,594,802,0.7406483790523691,0.006734006734006734,0.279056112228923
sprsound2022,calibration,Normal,595,802,0.7418952618453866,0.0067226890756302525,0.279198986599647
sprsound2022,calibration,Normal,596,802,0.743142144638404,0.006711409395973154,0.27933914310031926
sprsound2022,calibration,Normal,597,802,0.7443890274314214,0.006700167504187605,0.2821197283141737
sprsound2022,calibration,Normal,598,802,0.7456359102244389,0.006688963210702341,0.2821728019162696
sprsound2022,calibration,Normal,599,802,0.7468827930174564,0.00667779632721202,0.2862198696862223
sprsound2022,calibration,Normal,600,802,0.7481296758104738,0.006666666666666667,0.287765820348323
sprsound2022,calibration,Normal,601,802,0.7493765586034913,0.0066555740432612314,0.289681648172388
sprsound2022,calibration,Normal,602,802,0.7506234413965087,0.006644518272425249,0.29596865024864566
sprsound2022,calibration,Normal,603,802,0.7518703241895262,0.008291873963515755,0.29639469862485274
sprsound2022,calibration,Normal,604,802,0.7531172069825436,0.008278145695364239,0.2967083373640679
sprsound2022,calibration,Normal,605,802,0.7543640897755611,0.008264462809917356,0.3014271973640271
sprsound2022,calibration,Normal,606,802,0.7556109725685786,0.00825082508250825,0.3112824326323475
sprsound2022,calibration,Normal,607,802,0.756857855361596,0.008237232289950576,0.31212840264768404
sprsound2022,calibration,Normal,608,802,0.7581047381546134,0.008223684210526315,0.31216329767386014
sprsound2022,calibration,Normal,609,802,0.7593516209476309,0.009852216748768473,0.31447672973433494
sprsound2022,calibration,Normal,610,802,0.7605985037406484,0.009836065573770493,0.31771125632401265
sprsound2022,calibration,Normal,611,802,0.7618453865336658,0.009819967266775777,0.3197715423659294
sprsound2022,calibration,Normal,612,802,0.7630922693266833,0.00980392156862745,0.3231626761911245
sprsound2022,calibration,Normal,613,802,0.7643391521197007,0.009787928221859706,0.32464873153089585
sprsound2022,calibration,Normal,614,802,0.7655860349127181,0.009771986970684038,0.32543758780802107
sprsound2022,calibration,Normal,615,802,0.7668329177057357,0.00975609756097561,0.32903811853665943
sprsound2022,calibration,Normal,616,802,0.7680798004987531,0.00974025974025974,0.3291518633877926
sprsound2022,calibration,Normal,617,802,0.7693266832917706,0.009724473257698542,0.33659594286667593
sprsound2022,calibration,Normal,618,802,0.770573566084788,0.009708737864077669,0.34346301505156607
sprsound2022,calibration,Normal,619,802,0.7718204488778054,0.009693053311793215,0.3452747998977565
sprsound2022,calibration,Normal,620,802,0.773067331670823,0.00967741935483871,0.35091339631858237
sprsound2022,calibration,Normal,621,802,0.7743142144638404,0.00966183574879227,0.3511101747165443
sprsound2022,calibration,Normal,622,802,0.7755610972568578,0.00964630225080386,0.35279296105063584
sprsound2022,calibration,Normal,623,802,0.7768079800498753,0.009630818619582664,0.3535287472867061
sprsound2022,calibration,Normal,624,802,0.7780548628428927,0.009615384615384616,0.3568624403563331
sprsound2022,calibration,Normal,625,802,0.7793017456359103,0.0096,0.3576235760791431
sprsound2022,calibration,Normal,626,802,0.7805486284289277,0.009584664536741214,0.36057076149207595
sprsound2022,calibration,Normal,627,802,0.7817955112219451,0.009569377990430622,0.36505847374032324
sprsound2022,calibration,Normal,628,802,0.7830423940149626,0.009554140127388535,0.36613964104491264
sprsound2022,calibration,Normal,629,802,0.78428927680798,0.009538950715421303,0.36905030840480413
sprsound2022,calibration,Normal,630,802,0.7855361596009975,0.009523809523809525,0.37073855451004084
sprsound2022,calibration,Normal,631,802,0.786783042394015,0.009508716323296355,0.3723060744664325
sprsound2022,calibration,Normal,632,802,0.7880299251870324,0.00949367088607595,0.376849156056231
sprsound2022,calibration,Normal,633,802,0.7892768079800498,0.009478672985781991,0.38342921586034584
sprsound2022,calibration,Normal,634,802,0.7905236907730673,0.00946372239747634,0.3844934968838941
sprsound2022,calibration,Normal,635,802,0.7917705735660848,0.009448818897637795,0.3851821737056414
sprsound2022,calibration,Normal,636,802,0.7930174563591023,0.009433962264150943,0.3925654886232292
sprsound2022,calibration,Normal,637,802,0.7942643391521197,0.01098901098901099,0.39549793672710676
sprsound2022,calibration,Normal,638,802,0.7955112219451371,0.0109717868338558,0.3956457292801269
sprsound2022,calibration,Normal,639,802,0.7967581047381546,0.010954616588419406,0.3978654605274546
sprsound2022,calibration,Normal,640,802,0.7980049875311721,0.0109375,0.40329013670468045
sprsound2022,calibration,Normal,641,802,0.7992518703241895,0.0109204368174727,0.4057474483404606
sprsound2022,calibration,Normal,642,802,0.800498753117207,0.010903426791277258,0.4062346734312685
sprsound2022,calibration,Normal,643,802,0.8017456359102244,0.01088646967340591,0.4079425073943649
sprsound2022,calibration,Normal,644,802,0.8029925187032418,0.010869565217391304,0.4160958253701045
sprsound2022,calibration,Normal,645,802,0.8042394014962594,0.010852713178294573,0.4199120696671325
sprsound2022,calibration,Normal,646,802,0.8054862842892768,0.010835913312693499,0.42774792422717
sprsound2022,calibration,Normal,647,802,0.8067331670822943,0.012364760432766615,0.4287414848726278
sprsound2022,calibration,Normal,648,802,0.8079800498753117,0.012345679012345678,0.4440064204388789
sprsound2022,calibration,Normal,649,802,0.8092269326683291,0.012326656394453005,0.44456924684480675
sprsound2022,calibration,Normal,650,802,0.8104738154613467,0.012307692307692308,0.44460157900891056
sprsound2022,calibration,Normal,651,802,0.8117206982543641,0.01228878648233487,0.4471037921874125
sprsound2022,calibration,Normal,652,802,0.8129675810473815,0.012269938650306749,0.4493971172037649
sprsound2022,calibration,Normal,653,802,0.814214463840399,0.01225114854517611,0.4496801387715767
sprsound2022,calibration,Normal,654,802,0.8154613466334164,0.012232415902140673,0.4543947191011345
sprsound2022,calibration,Normal,655,802,0.816708229426434,0.012213740458015267,0.4599583243776775
sprsound2022,calibration,Normal,656,802,0.8179551122194514,0.012195121951219513,0.4601799564964777
sprsound2022,calibration,Normal,657,802,0.8192019950124688,0.0121765601217656,0.46110889210600936
sprsound2022,calibration,Normal,658,802,0.8204488778054863,0.0121580547112462,0.46665413501124264
sprsound2022,calibration,Normal,659,802,0.8216957605985037,0.012139605462822459,0.4700400943455577
sprsound2022,calibration,Normal,660,802,0.8229426433915212,0.012121212121212121,0.47118687543086457
sprsound2022,calibration,Normal,661,802,0.8241895261845387,0.01361573373676248,0.47122759717671453
sprsound2022,calibration,Normal,662,802,0.8254364089775561,0.013595166163141994,0.4809846672494922
sprsound2022,calibration,Normal,663,802,0.8266832917705735,0.013574660633484163,0.48239598801995315
sprsound2022,calibration,Normal,664,802,0.827930174563591,0.01355421686746988,0.49131778107904645
sprsound2022,calibration,Normal,665,802,0.8291770573566085,0.013533834586466165,0.49826504742823025
sprsound2022,calibration,Normal,666,802,0.830423940149626,0.013513513513513514,0.5057795650671197
sprsound2022,calibration,Normal,667,802,0.8316708229426434,0.013493253373313344,0.5084955979511918
sprsound2022,calibration,Normal,668,802,0.8329177057356608,0.01347305389221557,0.5111166188741432
sprsound2022,calibration,Normal,669,802,0.8341645885286783,0.013452914798206279,0.5152783170836716
sprsound2022,calibration,Normal,670,802,0.8354114713216958,0.013432835820895522,0.516718622854698
sprsound2022,calibration,Normal,671,802,0.8366583541147132,0.013412816691505217,0.5189971339220402
sprsound2022,calibration,Normal,672,802,0.8379052369077307,0.013392857142857142,0.5206462959634213
sprsound2022,calibration,Normal,673,802,0.8391521197007481,0.01337295690936107,0.5248992016182622
sprsound2022,calibration,Normal,674,802,0.8403990024937655,0.013353115727002967,0.527306410741256
sprsound2022,calibration,Normal,675,802,0.8416458852867831,0.013333333333333334,0.5295952395795771
sprsound2022,calibration,Normal,676,802,0.8428927680798005,0.013313609467455622,0.5298929110829178
sprsound2022,calibration,Normal,677,802,0.844139650872818,0.013293943870014771,0.5397726953374324
sprsound2022,calibration,Normal,678,802,0.8453865336658354,0.014749262536873156,0.5481186874795192
sprsound2022,calibration,Normal,679,802,0.8466334164588528,0.014727540500736377,0.5496026695309473
sprsound2022,calibration,Normal,680,802,0.8478802992518704,0.014705882352941176,0.558459107479795
sprsound2022,calibration,Normal,681,802,0.8491271820448878,0.016152716593245228,0.5613444715851348
sprsound2022,calibration,Normal,682,802,0.8503740648379052,0.016129032258064516,0.5635551097509067
sprsound2022,calibration,Normal,683,802,0.8516209476309227,0.016105417276720352,0.5657832771916446
sprsound2022,calibration,Normal,684,802,0.8528678304239401,0.01608187134502924,0.5659998122662877
sprsound2022,calibration,Normal,685,802,0.8541147132169576,0.016058394160583942,0.5694047553466572
sprsound2022,calibration,Normal,686,802,0.8553615960099751,0.01749271137026239,0.5777662024795946
sprsound2022,calibration,Normal,687,802,0.8566084788029925,0.017467248908296942,0.5843363692018274
sprsound2022,calibration,Normal,688,802,0.85785536159601,0.01744186046511628,0.5860467261749364
sprsound2022,calibration,Normal,689,802,0.8591022443890274,0.01741654571843251,0.6189998509292101
sprsound2022,calibration,Normal,690,802,0.8603491271820449,0.017391304347826087,0.6255948509533393
sprsound2022,calibration,Normal,691,802,0.8615960099750624,0.017366136034732273,0.6256069813280828
sprsound2022,calibration,Normal,692,802,0.8628428927680798,0.017341040462427744,0.6376135253839258
sprsound2022,calibration,Normal,693,802,0.8640897755610972,0.01875901875901876,0.6407763418641215
sprsound2022,calibration,Normal,694,802,0.8653366583541147,0.018731988472622477,0.6415399856887228
sprsound2022,calibration,Normal,695,802,0.8665835411471322,0.01870503597122302,0.6496614670039809
sprsound2022,calibration,Normal,696,802,0.8678304239401496,0.020114942528735632,0.6696902223749579
sprsound2022,calibration,Normal,697,802,0.8690773067331671,0.021520803443328552,0.676059274346669
sprsound2022,calibration,Normal,698,802,0.8703241895261845,0.02148997134670487,0.6775166885079718
sprsound2022,calibration,Normal,699,802,0.871571072319202,0.02145922746781116,0.6786391949663446
sprsound2022,calibration,Normal,700,802,0.8728179551122195,0.02142857142857143,0.6825131882786717
sprsound2022,calibration,Normal,701,802,0.8740648379052369,0.02282453637660485,0.683830768053273
sprsound2022,calibration,Normal,702,802,0.8753117206982544,0.022792022792022793,0.6880534015549509
sprsound2022,calibration,Normal,703,802,0.8765586034912718,0.02275960170697013,0.6945873651231149
sprsound2022,calibration,Normal,704,802,0.8778054862842892,0.022727272727272728,0.6974323188296532
sprsound2022,calibration,Normal,705,802,0.8790523690773068,0.02269503546099291,0.6980952779270249
sprsound2022,calibration,Normal,706,802,0.8802992518703242,0.0226628895184136,0.7097054890870996
sprsound2022,calibration,Normal,707,802,0.8815461346633416,0.024045261669024046,0.7100689006184262
sprsound2022,calibration,Normal,708,802,0.8827930174563591,0.02401129943502825,0.7126786138452594
sprsound2022,calibration,Normal,709,802,0.8840399002493765,0.023977433004231313,0.720908745101211
sprsound2022,calibration,Normal,710,802,0.885286783042394,0.023943661971830985,0.7310112719610059
sprsound2022,calibration,Normal,711,802,0.8865336658354115,0.02390998593530239,0.7335435972271017
sprsound2022,calibration,Normal,712,802,0.8877805486284289,0.023876404494382022,0.7340303338140702
sprsound2022,calibration,Normal,713,802,0.8890274314214464,0.023842917251051893,0.7393960012390172
sprsound2022,calibration,Normal,714,802,0.8902743142144638,0.023809523809523808,0.7422986663755855
sprsound2022,calibration,Normal,715,802,0.8915211970074813,0.023776223776223775,0.7480725884295212
sprsound2022,calibration,Normal,716,802,0.8927680798004988,0.023743016759776536,0.7768547086371228
sprsound2022,calibration,Normal,717,802,0.8940149625935162,0.023709902370990237,0.7915609593978311
sprsound2022,calibration,Normal,718,802,0.8952618453865336,0.023676880222841225,0.7936641943308799
sprsound2022,calibration,Normal,719,802,0.8965087281795511,0.02364394993045897,0.7961798622405812
sprsound2022,calibration,Normal,720,802,0.8977556109725686,0.02361111111111111,0.7981849605673287
sprsound2022,calibration,Normal,721,802,0.899002493765586,0.023578363384188627,0.799845500638592
sprsound2022,calibration,Normal,722,802,0.9002493765586035,0.024930747922437674,0.8158982129399698
sprsound2022,calibration,Normal,723,802,0.9014962593516209,0.024896265560165973,0.8194491303841435
sprsound2022,calibration,Normal,724,802,0.9027431421446384,0.024861878453038673,0.822076228078336
sprsound2022,calibration,Normal,725,802,0.9039900249376559,0.02482758620689655,0.8326534429646332
sprsound2022,calibration,Normal,726,802,0.9052369077306733,0.026170798898071626,0.8336318773433343
sprsound2022,calibration,Normal,727,802,0.9064837905236908,0.027510316368638238,0.838668237661426
sprsound2022,calibration,Normal,728,802,0.9077306733167082,0.027472527472527472,0.8448551719411501
sprsound2022,calibration,Normal,729,802,0.9089775561097256,0.027434842249657063,0.8449814463463192
sprsound2022,calibration,Normal,730,802,0.9102244389027432,0.0273972602739726,0.8469616952354354
sprsound2022,calibration,Normal,731,802,0.9114713216957606,0.027359781121751026,0.8616097445502182
sprsound2022,calibration,Normal,732,802,0.912718204488778,0.0273224043715847,0.8643611591128564
sprsound2022,calibration,Normal,733,802,0.9139650872817955,0.027285129604365622,0.8774812717636901
sprsound2022,calibration,Normal,734,802,0.9152119700748129,0.02861035422343324,0.8783414788617615
sprsound2022,calibration,Normal,735,802,0.9164588528678305,0.029931972789115645,0.8790073235967176
sprsound2022,calibration,Normal,736,802,0.9177057356608479,0.029891304347826088,0.8836336457823687
sprsound2022,calibration,Normal,737,802,0.9189526184538653,0.029850746268656716,0.8864620286186435
sprsound2022,calibration,Normal,738,802,0.9201995012468828,0.02981029810298103,0.8871593796185084
sprsound2022,calibration,Normal,739,802,0.9214463840399002,0.029769959404600813,0.8894392247973353
sprsound2022,calibration,Normal,740,802,0.9226932668329177,0.02972972972972973,0.8910017809512981
sprsound2022,calibration,Normal,741,802,0.9239401496259352,0.0310391363022942,0.8941559297608845
sprsound2022,calibration,Normal,742,802,0.9251870324189526,0.03099730458221024,0.8992769625664105
sprsound2022,calibration,Normal,743,802,0.92643391521197,0.03095558546433378,0.9020613441894317
sprsound2022,calibration,Normal,744,802,0.9276807980049875,0.03225806451612903,0.9110322883892106
sprsound2022,calibration,Normal,745,802,0.928927680798005,0.032214765100671144,0.9148647683795282
sprsound2022,calibration,Normal,746,802,0.9301745635910225,0.03351206434316354,0.9171074293590216
sprsound2022,calibration,Normal,747,802,0.9314214463840399,0.03346720214190094,0.9217264945078348
sprsound2022,calibration,Normal,748,802,0.9326683291770573,0.03342245989304813,0.9235935569413343
sprsound2022,calibration,Normal,749,802,0.9339152119700748,0.03337783711615487,0.9243687768465486
sprsound2022,calibration,Normal,750,802,0.9351620947630923,0.03333333333333333,0.926609640705808
sprsound2022,calibration,Normal,751,802,0.9364089775561097,0.03462050599201065,0.9284221642462777
sprsound2022,calibration,Normal,752,802,0.9376558603491272,0.03590425531914894,0.9317967949771346
sprsound2022,calibration,Normal,753,802,0.9389027431421446,0.03718459495351926,0.9344842140580593
sprsound2022,calibration,Normal,754,802,0.940149625935162,0.03713527851458886,0.9420525079730866
sprsound2022,calibration,Normal,755,802,0.9413965087281796,0.038410596026490065,0.9437966453282752
sprsound2022,calibration,Normal,756,802,0.942643391521197,0.03835978835978836,0.9443111556847927
sprsound2022,calibration,Normal,757,802,0.9438902743142145,0.03830911492734478,0.9444506072439564
sprsound2022,calibration,Normal,758,802,0.9451371571072319,0.03825857519788918,0.9449991117136187
sprsound2022,calibration,Normal,759,802,0.9463840399002493,0.03820816864295125,0.9474299348234382
sprsound2022,calibration,Normal,760,802,0.9476309226932669,0.039473684210526314,0.9480555121412234
sprsound2022,calibration,Normal,761,802,0.9488778054862843,0.040735873850197106,0.9484468632429531
sprsound2022,calibration,Normal,762,802,0.9501246882793017,0.04199475065616798,0.9503803399359042
sprsound2022,calibration,Normal,763,802,0.9513715710723192,0.04193971166448231,0.9511716901444142
sprsound2022,calibration,Normal,764,802,0.9526184538653366,0.04319371727748691,0.9540516178981557
sprsound2022,calibration,Normal,765,802,0.9538653366583542,0.044444444444444446,0.9562688456219064
sprsound2022,calibration,Normal,766,802,0.9551122194513716,0.044386422976501305,0.9578182156582485
sprsound2022,calibration,Normal,767,802,0.956359102244389,0.04563233376792699,0.9598906909017244
sprsound2022,calibration,Normal,768,802,0.9576059850374065,0.045572916666666664,0.9611367896034799
sprsound2022,calibration,Normal,769,802,0.9588528678304239,0.045513654096228866,0.9660515118962363
sprsound2022,calibration,Normal,770,802,0.9600997506234414,0.045454545454545456,0.9673589117222363
sprsound2022,calibration,Normal,771,802,0.9613466334164589,0.04539559014267185,0.9743001695881969
sprsound2022,calibration,Normal,772,802,0.9625935162094763,0.04533678756476684,0.9759675275308979
sprsound2022,calibration,Normal,773,802,0.9638403990024937,0.045278137128072445,0.9770562244436786
sprsound2022,calibration,Normal,774,802,0.9650872817955112,0.046511627906976744,0.9782858883303344
sprsound2022,calibration,Normal,775,802,0.9663341645885287,0.04645161290322581,0.9801359452403573
sprsound2022,calibration,Normal,776,802,0.9675810473815462,0.04768041237113402,0.9807080385707412
sprsound2022,calibration,Normal,777,802,0.9688279301745636,0.047619047619047616,0.9808900802693771
sprsound2022,calibration,Normal,778,802,0.970074812967581,0.04884318766066838,0.9810473693821062
sprsound2022,calibration,Normal,779,802,0.9713216957605985,0.04878048780487805,0.9854989030652752
sprsound2022,calibration,Normal,780,802,0.972568578553616,0.04871794871794872,0.9875015125044526
sprsound2022,calibration,Normal,781,802,0.9738154613466334,0.04865556978233035,0.9881817844349717
sprsound2022,calibration,Normal,782,802,0.9750623441396509,0.049872122762148335,0.9893118726618966
sprsound2022,calibration,Normal,783,802,0.9763092269326683,0.05108556832694764,0.9903515305043951
sprsound2022,calibration,Normal,784,802,0.9775561097256857,0.05229591836734694,0.9907596218462154
sprsound2022,calibration,Normal,785,802,0.9788029925187033,0.05222929936305733,0.9911009313542255
sprsound2022,calibration,Normal,786,802,0.9800498753117207,0.05343511450381679,0.9917853796891946
sprsound2022,calibration,Normal,787,802,0.9812967581047382,0.054637865311308764,0.9931380139998652
sprsound2022,calibration,Normal,788,802,0.9825436408977556,0.05456852791878172,0.9932146646394717
sprsound2022,calibration,Normal,789,802,0.983790523690773,0.05449936628643853,0.9943489151181266
sprsound2022,calibration,Normal,790,802,0.9850374064837906,0.05443037974683544,0.9952035976840733
sprsound2022,calibration,Normal,791,802,0.986284289276808,0.05562579013906448,0.9957221270342665
sprsound2022,calibration,Normal,792,802,0.9875311720698254,0.05555555555555555,0.9964388178994774
sprsound2022,calibration,Normal,793,802,0.9887780548628429,0.05674653215636822,0.9973289806438124
sprsound2022,calibration,Normal,794,802,0.9900249376558603,0.05667506297229219,0.9977375514471473
sprsound2022,calibration,Normal,795,802,0.9912718204488778,0.05660377358490566,0.9988456888537214
sprsound2022,calibration,Normal,796,802,0.9925187032418953,0.056532663316582916,0.9994685770625523
sprsound2022,calibration,Normal,797,802,0.9937655860349127,0.05771643663739021,0.9994800649588375
sprsound2022,calibration,Normal,798,802,0.9950124688279302,0.05889724310776942,0.9998606419184991
sprsound2022,calibration,Normal,799,802,0.9962593516209476,0.060075093867334166,0.9999224842450692
sprsound2022,calibration,Normal,800,802,0.9975062344139651,0.06125,0.9999482560083294
sprsound2022,calibration,Normal,801,802,0.9987531172069826,0.062421972534332085,0.9999700190738837
sprsound2022,calibration,Normal,802,802,1.0,0.06234413965087282,0.9999755572238271
sprsound2022,calibration,Adventitious,1,236,0.00423728813559322,0.0,0.007498158915650622
sprsound2022,calibration,Adventitious,2,236,0.00847457627118644,0.0,0.011603668046650311
sprsound2022,calibration,Adventitious,3,236,0.012711864406779662,0.0,0.013852749552435786
sprsound2022,calibration,Adventitious,4,236,0.01694915254237288,0.0,0.015261700266781971
sprsound2022,calibration,Adventitious,5,236,0.0211864406779661,0.0,0.016741005631725425
sprsound2022,calibration,Adventitious,6,236,0.025423728813559324,0.0,0.017860310161790096
sprsound2022,calibration,Adventitious,7,236,0.029661016949152543,0.0,0.018089494925598807
sprsound2022,calibration,Adventitious,8,236,0.03389830508474576,0.0,0.018186874154244716
sprsound2022,calibration,Adventitious,9,236,0.038135593220338986,0.0,0.018726132521873214
sprsound2022,calibration,Adventitious,10,236,0.0423728813559322,0.0,0.019407884416570872
sprsound2022,calibration,Adventitious,11,236,0.046610169491525424,0.0,0.020200619866231975
sprsound2022,calibration,Adventitious,12,236,0.05084745762711865,0.0,0.020271224688157796
sprsound2022,calibration,Adventitious,13,236,0.05508474576271186,0.0,0.02043978573285568
sprsound2022,calibration,Adventitious,14,236,0.059322033898305086,0.0,0.020530063826135512
sprsound2022,calibration,Adventitious,15,236,0.0635593220338983,0.0,0.0207571943448918
sprsound2022,calibration,Adventitious,16,236,0.06779661016949153,0.0,0.020891100037855746
sprsound2022,calibration,Adventitious,17,236,0.07203389830508475,0.0,0.021224330592378736
sprsound2022,calibration,Adventitious,18,236,0.07627118644067797,0.0,0.021494615893888822
sprsound2022,calibration,Adventitious,19,236,0.08050847457627118,0.0,0.022039264842551344
sprsound2022,calibration,Adventitious,20,236,0.0847457627118644,0.0,0.022085693412112837
sprsound2022,calibration,Adventitious,21,236,0.08898305084745763,0.0,0.02234618820912557
sprsound2022,calibration,Adventitious,22,236,0.09322033898305085,0.0,0.022728816463295172
sprsound2022,calibration,Adventitious,23,236,0.09745762711864407,0.0,0.022783099114296244
sprsound2022,calibration,Adventitious,24,236,0.1016949152542373,0.0,0.02294190950446528
sprsound2022,calibration,Adventitious,25,236,0.1059322033898305,0.0,0.02401039477464642
sprsound2022,calibration,Adventitious,26,236,0.11016949152542373,0.0,0.02443399169976999
sprsound2022,calibration,Adventitious,27,236,0.11440677966101695,0.0,0.024717255025340217
sprsound2022,calibration,Adventitious,28,236,0.11864406779661017,0.0,0.02474774730749153
sprsound2022,calibration,Adventitious,29,236,0.1228813559322034,0.0,0.025437747574529348
sprsound2022,calibration,Adventitious,30,236,0.1271186440677966,0.0,0.025527552115628096
sprsound2022,calibration,Adventitious,31,236,0.13135593220338984,0.0,0.025727725426110185
sprsound2022,calibration,Adventitious,32,236,0.13559322033898305,0.0,0.02584132984748811
sprsound2022,calibration,Adventitious,33,236,0.13983050847457626,0.0,0.026039902691397502
sprsound2022,calibration,Adventitious,34,236,0.1440677966101695,0.0,0.026797226134215882
sprsound2022,calibration,Adventitious,35,236,0.1483050847457627,0.0,0.026852952282203652
sprsound2022,calibration,Adventitious,36,236,0.15254237288135594,0.0,0.026868289834360733
sprsound2022,calibration,Adventitious,37,236,0.15677966101694915,0.0,0.02699891163814544
sprsound2022,calibration,Adventitious,38,236,0.16101694915254236,0.0,0.027182483920980514
sprsound2022,calibration,Adventitious,39,236,0.1652542372881356,0.0,0.027238759957833175
sprsound2022,calibration,Adventitious,40,236,0.1694915254237288,0.0,0.027417707427144822
sprsound2022,calibration,Adventitious,41,236,0.17372881355932204,0.0,0.027472085972910485
sprsound2022,calibration,Adventitious,42,236,0.17796610169491525,0.0,0.027486970003941267
sprsound2022,calibration,Adventitious,43,236,0.18220338983050846,0.0,0.02753382687699662
sprsound2022,calibration,Adventitious,44,236,0.1864406779661017,0.0,0.02763671007532629
sprsound2022,calibration,Adventitious,45,236,0.1906779661016949,0.0,0.027701480643541113
sprsound2022,calibration,Adventitious,46,236,0.19491525423728814,0.0,0.027708321173811425
sprsound2022,calibration,Adventitious,47,236,0.19915254237288135,0.0,0.02785495911852536
sprsound2022,calibration,Adventitious,48,236,0.2033898305084746,0.0,0.028334651979974094
sprsound2022,calibration,Adventitious,49,236,0.2076271186440678,0.0,0.02911523983065727
sprsound2022,calibration,Adventitious,50,236,0.211864406779661,0.0,0.02917108348644994
sprsound2022,calibration,Adventitious,51,236,0.21610169491525424,0.0,0.029557102492219288
sprsound2022,calibration,Adventitious,52,236,0.22033898305084745,0.0,0.029601291925497365
sprsound2022,calibration,Adventitious,53,236,0.2245762711864407,0.0,0.029637416899095617
sprsound2022,calibration,Adventitious,54,236,0.2288135593220339,0.0,0.030573220778097144
sprsound2022,calibration,Adventitious,55,236,0.2330508474576271,0.0,0.03060287480720727
sprsound2022,calibration,Adventitious,56,236,0.23728813559322035,0.0,0.030812313295289082
sprsound2022,calibration,Adventitious,57,236,0.24152542372881355,0.0,0.03113589949084948
sprsound2022,calibration,Adventitious,58,236,0.2457627118644068,0.0,0.03133280122108827
sprsound2022,calibration,Adventitious,59,236,0.25,0.0,0.0313653660405714
sprsound2022,calibration,Adventitious,60,236,0.2542372881355932,0.0,0.031461970126347605
sprsound2022,calibration,Adventitious,61,236,0.2584745762711864,0.0,0.032233211711043805
sprsound2022,calibration,Adventitious,62,236,0.2627118644067797,0.0,0.032390423546714904
sprsound2022,calibration,Adventitious,63,236,0.2669491525423729,0.0,0.03240681502636571
sprsound2022,calibration,Adventitious,64,236,0.2711864406779661,0.0,0.03270344032508228
sprsound2022,calibration,Adventitious,65,236,0.2754237288135593,0.0,0.033104476150767656
sprsound2022,calibration,Adventitious,66,236,0.2796610169491525,0.0,0.034122189680148546
sprsound2022,calibration,Adventitious,67,236,0.2838983050847458,0.0,0.034289772537047625
sprsound2022,calibration,Adventitious,68,236,0.288135593220339,0.0,0.034518611112936
sprsound2022,calibration,Adventitious,69,236,0.2923728813559322,0.0,0.03471390043443893
sprsound2022,calibration,Adventitious,70,236,0.2966101694915254,0.0,0.03481261314179412
sprsound2022,calibration,Adventitious,71,236,0.3008474576271186,0.0,0.03546861315508046
sprsound2022,calibration,Adventitious,72,236,0.3050847457627119,0.0,0.03568196370729858
sprsound2022,calibration,Adventitious,73,236,0.3093220338983051,0.0,0.03653098397113339
sprsound2022,calibration,Adventitious,74,236,0.3135593220338983,0.0,0.03750539479219443
sprsound2022,calibration,Adventitious,75,236,0.3177966101694915,0.0,0.03827536367216048
sprsound2022,calibration,Adventitious,76,236,0.3220338983050847,0.0,0.03878864067657652
sprsound2022,calibration,Adventitious,77,236,0.326271186440678,0.0,0.038979267865720854
sprsound2022,calibration,Adventitious,78,236,0.3305084745762712,0.0,0.03920743051301391
sprsound2022,calibration,Adventitious,79,236,0.3347457627118644,0.0,0.03926664452824776
sprsound2022,calibration,Adventitious,80,236,0.3389830508474576,0.0,0.04006415810807269
sprsound2022,calibration,Adventitious,81,236,0.3432203389830508,0.0,0.040237619758943965
sprsound2022,calibration,Adventitious,82,236,0.3474576271186441,0.012195121951219513,0.04131793266505231
sprsound2022,calibration,Adventitious,83,236,0.3516949152542373,0.012048192771084338,0.04167650290020286
sprsound2022,calibration,Adventitious,84,236,0.3559322033898305,0.011904761904761904,0.04293490058535497
sprsound2022,calibration,Adventitious,85,236,0.3601694915254237,0.011764705882352941,0.04300570595507791
sprsound2022,calibration,Adventitious,86,236,0.3644067796610169,0.011627906976744186,0.043335472789218864
sprsound2022,calibration,Adventitious,87,236,0.3686440677966102,0.011494252873563218,0.04370758577926093
sprsound2022,calibration,Adventitious,88,236,0.3728813559322034,0.011363636363636364,0.044216737244224424
sprsound2022,calibration,Adventitious,89,236,0.3771186440677966,0.011235955056179775,0.044302643320251786
sprsound2022,calibration,Adventitious,90,236,0.3813559322033898,0.011111111111111112,0.04484070087679605
sprsound2022,calibration,Adventitious,91,236,0.3855932203389831,0.01098901098901099,0.0461592390166991
sprsound2022,calibration,Adventitious,92,236,0.3898305084745763,0.010869565217391304,0.046424712944787
sprsound2022,calibration,Adventitious,93,236,0.3940677966101695,0.010752688172043012,0.04653155683173219
sprsound2022,calibration,Adventitious,94,236,0.3983050847457627,0.010638297872340425,0.0467047394757012
sprsound2022,calibration,Adventitious,95,236,0.4025423728813559,0.010526315789473684,0.0467907963158837
sprsound2022,calibration,Adventitious,96,236,0.4067796610169492,0.010416666666666666,0.04681073519181931
sprsound2022,calibration,Adventitious,97,236,0.4110169491525424,0.010309278350515464,0.04685468054661086
sprsound2022,calibration,Adventitious,98,236,0.4152542372881356,0.01020408163265306,0.0468665810986798
sprsound2022,calibration,Adventitious,99,236,0.4194915254237288,0.010101010101010102,0.04694072123983911
sprsound2022,calibration,Adventitious,100,236,0.423728813559322,0.01,0.047309221528929565
sprsound2022,calibration,Adventitious,101,236,0.4279661016949153,0.009900990099009901,0.04734137805429117
sprsound2022,calibration,Adventitious,102,236,0.4322033898305085,0.00980392156862745,0.04756046897072365
sprsound2022,calibration,Adventitious,103,236,0.4364406779661017,0.009708737864077669,0.04774589701901011
sprsound2022,calibration,Adventitious,104,236,0.4406779661016949,0.009615384615384616,0.04794744209038599
sprsound2022,calibration,Adventitious,105,236,0.4449152542372881,0.009523809523809525,0.048163623616926804
sprsound2022,calibration,Adventitious,106,236,0.4491525423728814,0.009433962264150943,0.04856085659508585
sprsound2022,calibration,Adventitious,107,236,0.4533898305084746,0.009345794392523364,0.04898054503949915
sprsound2022,calibration,Adventitious,108,236,0.4576271186440678,0.009259259259259259,0.04972785839907098
sprsound2022,calibration,Adventitious,109,236,0.461864406779661,0.009174311926605505,0.0497419892490761
sprsound2022,calibration,Adventitious,110,236,0.4661016949152542,0.00909090909090909,0.051205465211098596
sprsound2022,calibration,Adventitious,111,236,0.4703389830508475,0.009009009009009009,0.05124167829535955
sprsound2022,calibration,Adventitious,112,236,0.4745762711864407,0.008928571428571428,0.05129186715765611
sprsound2022,calibration,Adventitious,113,236,0.4788135593220339,0.008849557522123894,0.05136430954924892
sprsound2022,calibration,Adventitious,114,236,0.4830508474576271,0.008771929824561403,0.05166044534035056
sprsound2022,calibration,Adventitious,115,236,0.4872881355932203,0.008695652173913044,0.05192949682463554
sprsound2022,calibration,Adventitious,116,236,0.4915254237288136,0.008620689655172414,0.054318775367173576
sprsound2022,calibration,Adventitious,117,236,0.4957627118644068,0.008547008547008548,0.05555897597041305
sprsound2022,calibration,Adventitious,118,236,0.5,0.00847457627118644,0.0557359691734172
sprsound2022,calibration,Adventitious,119,236,0.5042372881355932,0.008403361344537815,0.05587995030435064
sprsound2022,calibration,Adventitious,120,236,0.5084745762711864,0.008333333333333333,0.0560850729288192
sprsound2022,calibration,Adventitious,121,236,0.5127118644067796,0.008264462809917356,0.056890449022882775
sprsound2022,calibration,Adventitious,122,236,0.5169491525423728,0.00819672131147541,0.057749068194061885
sprsound2022,calibration,Adventitious,123,236,0.5211864406779662,0.008130081300813009,0.05780671945061084
sprsound2022,calibration,Adventitious,124,236,0.5254237288135594,0.008064516129032258,0.057929985425097905
sprsound2022,calibration,Adventitious,125,236,0.5296610169491526,0.008,0.05819787153163218
sprsound2022,calibration,Adventitious,126,236,0.5338983050847458,0.007936507936507936,0.05861225790592732
sprsound2022,calibration,Adventitious,127,236,0.538135593220339,0.007874015748031496,0.05896113062903799
sprsound2022,calibration,Adventitious,128,236,0.5423728813559322,0.0078125,0.060029619658215676
sprsound2022,calibration,Adventitious,129,236,0.5466101694915254,0.007751937984496124,0.0607141422791117
sprsound2022,calibration,Adventitious,130,236,0.5508474576271186,0.007692307692307693,0.06211049257094722
sprsound2022,calibration,Adventitious,131,236,0.5550847457627118,0.007633587786259542,0.06232428342321895
sprsound2022,calibration,Adventitious,132,236,0.559322033898305,0.007575757575757576,0.06491619393437031
sprsound2022,calibration,Adventitious,133,236,0.5635593220338984,0.007518796992481203,0.0652772945617763
sprsound2022,calibration,Adventitious,134,236,0.5677966101694916,0.007462686567164179,0.06609461594480304
sprsound2022,calibration,Adventitious,135,236,0.5720338983050848,0.007407407407407408,0.06648146494665777
sprsound2022,calibration,Adventitious,136,236,0.576271186440678,0.007352941176470588,0.06700332351031771
sprsound2022,calibration,Adventitious,137,236,0.5805084745762712,0.0072992700729927005,0.06721462267691287
sprsound2022,calibration,Adventitious,138,236,0.5847457627118644,0.007246376811594203,0.06839748437096839
sprsound2022,calibration,Adventitious,139,236,0.5889830508474576,0.007194244604316547,0.06912220952530462
sprsound2022,calibration,Adventitious,140,236,0.5932203389830508,0.007142857142857143,0.06985938512467389
sprsound2022,calibration,Adventitious,141,236,0.597457627118644,0.0070921985815602835,0.07020049994607985
sprsound2022,calibration,Adventitious,142,236,0.6016949152542372,0.007042253521126761,0.07115944249871313
sprsound2022,calibration,Adventitious,143,236,0.6059322033898306,0.006993006993006993,0.07134201955019917
sprsound2022,calibration,Adventitious,144,236,0.6101694915254238,0.013888888888888888,0.07281845636610157
sprsound2022,calibration,Adventitious,145,236,0.614406779661017,0.013793103448275862,0.07420639163491029
sprsound2022,calibration,Adventitious,146,236,0.6186440677966102,0.02054794520547945,0.07652741661803587
sprsound2022,calibration,Adventitious,147,236,0.6228813559322034,0.02040816326530612,0.08080168577293141
sprsound2022,calibration,Adventitious,148,236,0.6271186440677966,0.02027027027027027,0.08250320732145722
sprsound2022,calibration,Adventitious,149,236,0.6313559322033898,0.020134228187919462,0.0825098904176414
sprsound2022,calibration,Adventitious,150,236,0.635593220338983,0.02,0.0825219642767403
sprsound2022,calibration,Adventitious,151,236,0.6398305084745762,0.019867549668874173,0.08427368058815797
sprsound2022,calibration,Adventitious,152,236,0.6440677966101694,0.019736842105263157,0.08611265626918799
sprsound2022,calibration,Adventitious,153,236,0.6483050847457628,0.0196078431372549,0.08834130210115161
sprsound2022,calibration,Adventitious,154,236,0.652542372881356,0.01948051948051948,0.08919348327859442
sprsound2022,calibration,Adventitious,155,236,0.6567796610169492,0.01935483870967742,0.09162226109167486
sprsound2022,calibration,Adventitious,156,236,0.6610169491525424,0.019230769230769232,0.09237818268706696
sprsound2022,calibration,Adventitious,157,236,0.6652542372881356,0.01910828025477707,0.09291695791569488
sprsound2022,calibration,Adventitious,158,236,0.6694915254237288,0.0189873417721519,0.09689042135728754
sprsound2022,calibration,Adventitious,159,236,0.673728813559322,0.018867924528301886,0.09893161368498192
sprsound2022,calibration,Adventitious,160,236,0.6779661016949152,0.01875,0.09897077045954762
sprsound2022,calibration,Adventitious,161,236,0.6822033898305084,0.018633540372670808,0.09928521851365486
sprsound2022,calibration,Adventitious,162,236,0.6864406779661016,0.018518518518518517,0.09968987054278196
sprsound2022,calibration,Adventitious,163,236,0.690677966101695,0.018404907975460124,0.10412064360614572
sprsound2022,calibration,Adventitious,164,236,0.6949152542372882,0.018292682926829267,0.10501689245741927
sprsound2022,calibration,Adventitious,165,236,0.6991525423728814,0.01818181818181818,0.1056493594774276
sprsound2022,calibration,Adventitious,166,236,0.7033898305084746,0.018072289156626505,0.10615016261838456
sprsound2022,calibration,Adventitious,167,236,0.7076271186440678,0.017964071856287425,0.11388126148146933
sprsound2022,calibration,Adventitious,168,236,0.711864406779661,0.017857142857142856,0.11550559196975202
sprsound2022,calibration,Adventitious,169,236,0.7161016949152542,0.01775147928994083,0.12206569865554191
sprsound2022,calibration,Adventitious,170,236,0.7203389830508474,0.01764705882352941,0.12240659240910548
sprsound2022,calibration,Adventitious,171,236,0.7245762711864406,0.017543859649122806,0.1251113286727376
sprsound2022,calibration,Adventitious,172,236,0.7288135593220338,0.01744186046511628,0.1285091895212726
sprsound2022,calibration,Adventitious,173,236,0.7330508474576272,0.017341040462427744,0.12933449457641283
sprsound2022,calibration,Adventitious,174,236,0.7372881355932204,0.017241379310344827,0.1356352117272452
sprsound2022,calibration,Adventitious,175,236,0.7415254237288136,0.017142857142857144,0.1386192803480373
sprsound2022,calibration,Adventitious,176,236,0.7457627118644068,0.017045454545454544,0.13924197637823785
sprsound2022,calibration,Adventitious,177,236,0.75,0.01694915254237288,0.14309185505275007
sprsound2022,calibration,Adventitious,178,236,0.7542372881355932,0.016853932584269662,0.15208772139256926
sprsound2022,calibration,Adventitious,179,236,0.7584745762711864,0.01675977653631285,0.15783090387574222
sprsound2022,calibration,Adventitious,180,236,0.7627118644067796,0.016666666666666666,0.1581580838644799
sprsound2022,calibration,Adventitious,181,236,0.7669491525423728,0.016574585635359115,0.1624619145223984
sprsound2022,calibration,Adventitious,182,236,0.7711864406779662,0.016483516483516484,0.16760367646342406
sprsound2022,calibration,Adventitious,183,236,0.7754237288135594,0.01639344262295082,0.1695459970152228
sprsound2022,calibration,Adventitious,184,236,0.7796610169491526,0.016304347826086956,0.18616556638521928
sprsound2022,calibration,Adventitious,185,236,0.7838983050847458,0.016216216216216217,0.19369337503223416
sprsound2022,calibration,Adventitious,186,236,0.788135593220339,0.016129032258064516,0.19389041452220274
sprsound2022,calibration,Adventitious,187,236,0.7923728813559322,0.016042780748663103,0.19701055087033986
sprsound2022,calibration,Adventitious,188,236,0.7966101694915254,0.015957446808510637,0.20425584670578248
sprsound2022,calibration,Adventitious,189,236,0.8008474576271186,0.015873015873015872,0.21006489604540804
sprsound2022,calibration,Adventitious,190,236,0.8050847457627118,0.015789473684210527,0.2101583458087475
sprsound2022,calibration,Adventitious,191,236,0.809322033898305,0.015706806282722512,0.2111718504624897
sprsound2022,calibration,Adventitious,192,236,0.8135593220338984,0.015625,0.23202439288956378
sprsound2022,calibration,Adventitious,193,236,0.8177966101694916,0.02072538860103627,0.23506141896265864
sprsound2022,calibration,Adventitious,194,236,0.8220338983050848,0.02577319587628866,0.23705488967302216
sprsound2022,calibration,Adventitious,195,236,0.826271186440678,0.02564102564102564,0.23980082835600286
sprsound2022,calibration,Adventitious,196,236,0.8305084745762712,0.025510204081632654,0.246826065200901
sprsound2022,calibration,Adventitious,197,236,0.8347457627118644,0.025380710659898477,0.2506417620919052
sprsound2022,calibration,Adventitious,198,236,0.8389830508474576,0.025252525252525252,0.2510394876009953
sprsound2022,calibration,Adventitious,199,236,0.8432203389830508,0.02512562814070352,0.2563731997180066
sprsound2022,calibration,Adventitious,200,236,0.847457627118644,0.025,0.2829031217077675
sprsound2022,calibration,Adventitious,201,236,0.8516949152542372,0.024875621890547265,0.2833017975756198
sprsound2022,calibration,Adventitious,202,236,0.8559322033898306,0.024752475247524754,0.29349816037365856
sprsound2022,calibration,Adventitious,203,236,0.8601694915254238,0.024630541871921183,0.31039078256913066
sprsound2022,calibration,Adventitious,204,236,0.864406779661017,0.024509803921568627,0.317650029633647
sprsound2022,calibration,Adventitious,205,236,0.8686440677966102,0.024390243902439025,0.32897693073166984
sprsound2022,calibration,Adventitious,206,236,0.8728813559322034,0.024271844660194174,0.3312876697556389
sprsound2022,calibration,Adventitious,207,236,0.8771186440677966,0.024154589371980676,0.3326105606329432
sprsound2022,calibration,Adventitious,208,236,0.8813559322033898,0.02403846153846154,0.3546738143918096
sprsound2022,calibration,Adventitious,209,236,0.885593220338983,0.023923444976076555,0.37205358011898687
sprsound2022,calibration,Adventitious,210,236,0.8898305084745762,0.023809523809523808,0.3736675728313519
sprsound2022,calibration,Adventitious,211,236,0.8940677966101694,0.023696682464454975,0.39648653186409283
sprsound2022,calibration,Adventitious,212,236,0.8983050847457628,0.02358490566037736,0.3965717198241662
sprsound2022,calibration,Adventitious,213,236,0.902542372881356,0.023474178403755867,0.4174001887681653
sprsound2022,calibration,Adventitious,214,236,0.9067796610169492,0.02336448598130841,0.45737934523583157
sprsound2022,calibration,Adventitious,215,236,0.9110169491525424,0.023255813953488372,0.47626812375608046
sprsound2022,calibration,Adventitious,216,236,0.9152542372881356,0.023148148148148147,0.47789917290045547
sprsound2022,calibration,Adventitious,217,236,0.9194915254237288,0.02304147465437788,0.48310940550673626
sprsound2022,calibration,Adventitious,218,236,0.923728813559322,0.022935779816513763,0.5222749236889593
sprsound2022,calibration,Adventitious,219,236,0.9279661016949152,0.0228310502283105,0.5699187134471333
sprsound2022,calibration,Adventitious,220,236,0.9322033898305084,0.022727272727272728,0.5840067104743242
sprsound2022,calibration,Adventitious,221,236,0.9364406779661016,0.027149321266968326,0.6050303960195185
sprsound2022,calibration,Adventitious,222,236,0.940677966101695,0.02702702702702703,0.627907810937981
sprsound2022,calibration,Adventitious,223,236,0.9449152542372882,0.026905829596412557,0.6616060023378437
sprsound2022,calibration,Adventitious,224,236,0.9491525423728814,0.03125,0.7118093353465423
sprsound2022,calibration,Adventitious,225,236,0.9533898305084746,0.03111111111111111,0.7353291005007805
sprsound2022,calibration,Adventitious,226,236,0.9576271186440678,0.030973451327433628,0.8019815290402671
sprsound2022,calibration,Adventitious,227,236,0.961864406779661,0.030837004405286344,0.8381066205064613
sprsound2022,calibration,Adventitious,228,236,0.9661016949152542,0.03070175438596491,0.8688496846332178
sprsound2022,calibration,Adventitious,229,236,0.9703389830508474,0.03056768558951965,0.8801682436918911
sprsound2022,calibration,Adventitious,230,236,0.9745762711864406,0.030434782608695653,0.9086589051231542
sprsound2022,calibration,Adventitious,231,236,0.9788135593220338,0.03463203463203463,0.909402235877283
sprsound2022,calibration,Adventitious,232,236,0.9830508474576272,0.034482758620689655,0.9161759972560582
sprsound2022,calibration,Adventitious,233,236,0.9872881355932204,0.03862660944206009,0.9212912569078863
sprsound2022,calibration,Adventitious,234,236,0.9915254237288136,0.038461538461538464,0.9381946435182403
sprsound2022,calibration,Adventitious,235,236,0.9957627118644068,0.03829787234042553,0.983796662552854
sprsound2022,calibration,Adventitious,236,236,1.0,0.0423728813559322,0.9949589070891383
sprsound2022,validation_select,Normal,1,786,0.001272264631043257,0.0,0.012697980125564695
sprsound2022,validation_select,Normal,2,786,0.002544529262086514,0.0,0.012776210020968461
sprsound2022,validation_select,Normal,3,786,0.003816793893129771,0.0,0.012954868494214032
sprsound2022,validation_select,Normal,4,786,0.005089058524173028,0.0,0.013289175564733524
sprsound2022,validation_select,Normal,5,786,0.006361323155216285,0.0,0.014735999469881512
sprsound2022,validation_select,Normal,6,786,0.007633587786259542,0.0,0.014870187261824987
sprsound2022,validation_select,Normal,7,786,0.008905852417302799,0.0,0.014972713665712248
sprsound2022,validation_select,Normal,8,786,0.010178117048346057,0.0,0.015123787783030826
sprsound2022,validation_select,Normal,9,786,0.011450381679389313,0.0,0.015150447111015621
sprsound2022,validation_select,Normal,10,786,0.01272264631043257,0.0,0.01516268391832638
sprsound2022,validation_select,Normal,11,786,0.013994910941475827,0.0,0.015491974927863347
sprsound2022,validation_select,Normal,12,786,0.015267175572519083,0.0,0.01562690165796191
sprsound2022,validation_select,Normal,13,786,0.01653944020356234,0.0,0.015798007697978324
sprsound2022,validation_select,Normal,14,786,0.017811704834605598,0.0,0.016155963875760307
sprsound2022,validation_select,Normal,15,786,0.019083969465648856,0.0,0.016269625486171585
sprsound2022,validation_select,Normal,16,786,0.020356234096692113,0.0,0.016783138040028383
sprsound2022,validation_select,Normal,17,786,0.021628498727735368,0.0,0.01684720213228887
sprsound2022,validation_select,Normal,18,786,0.022900763358778626,0.0,0.01685589472425064
sprsound2022,validation_select,Normal,19,786,0.024173027989821884,0.0,0.017437774904020296
sprsound2022,validation_select,Normal,20,786,0.02544529262086514,0.0,0.017445750003430956
sprsound2022,validation_select,Normal,21,786,0.026717557251908396,0.0,0.017735550828069206
sprsound2022,validation_select,Normal,22,786,0.027989821882951654,0.0,0.01779045844148261
sprsound2022,validation_select,Normal,23,786,0.029262086513994912,0.0,0.017947951829906904
sprsound2022,validation_select,Normal,24,786,0.030534351145038167,0.0,0.018315075735561962
sprsound2022,validation_select,Normal,25,786,0.031806615776081425,0.0,0.01872608022605014
sprsound2022,validation_select,Normal,26,786,0.03307888040712468,0.0,0.01879822552254617
sprsound2022,validation_select,Normal,27,786,0.03435114503816794,0.0,0.019042895577521618
sprsound2022,validation_select,Normal,28,786,0.035623409669211195,0.0,0.01918832497664722
sprsound2022,validation_select,Normal,29,786,0.03689567430025445,0.0,0.019632984057824866
sprsound2022,validation_select,Normal,30,786,0.03816793893129771,0.0,0.019774169568252238
sprsound2022,validation_select,Normal,31,786,0.039440203562340966,0.0,0.020291375943963075
sprsound2022,validation_select,Normal,32,786,0.04071246819338423,0.0,0.020355346426761498
sprsound2022,validation_select,Normal,33,786,0.04198473282442748,0.0,0.02039264965628186
sprsound2022,validation_select,Normal,34,786,0.043256997455470736,0.0,0.020540849632815196
sprsound2022,validation_select,Normal,35,786,0.044529262086514,0.0,0.02066323938694433
sprsound2022,validation_select,Normal,36,786,0.04580152671755725,0.0,0.021018720037024017
sprsound2022,validation_select,Normal,37,786,0.047073791348600506,0.0,0.021079293441642756
sprsound2022,validation_select,Normal,38,786,0.04834605597964377,0.0,0.021149663553683126
sprsound2022,validation_select,Normal,39,786,0.04961832061068702,0.0,0.021300799405127527
sprsound2022,validation_select,Normal,40,786,0.05089058524173028,0.0,0.021440230706254816
sprsound2022,validation_select,Normal,41,786,0.05216284987277354,0.0,0.02168034203884918
sprsound2022,validation_select,Normal,42,786,0.05343511450381679,0.0,0.021726074109152883
sprsound2022,validation_select,Normal,43,786,0.054707379134860054,0.0,0.02178646530195975
sprsound2022,validation_select,Normal,44,786,0.05597964376590331,0.0,0.02182933161234229
sprsound2022,validation_select,Normal,45,786,0.05725190839694656,0.0,0.021836580518882296
sprsound2022,validation_select,Normal,46,786,0.058524173027989825,0.0,0.021913895156607296
sprsound2022,validation_select,Normal,47,786,0.05979643765903308,0.0,0.021987442421833626
sprsound2022,validation_select,Normal,48,786,0.061068702290076333,0.0,0.022046103470853
sprsound2022,validation_select,Normal,49,786,0.062340966921119595,0.0,0.022164058263596503
sprsound2022,validation_select,Normal,50,786,0.06361323155216285,0.0,0.02240408599241166
sprsound2022,validation_select,Normal,51,786,0.0648854961832061,0.0,0.022413877258053487
sprsound2022,validation_select,Normal,52,786,0.06615776081424936,0.0,0.02243017106763725
sprsound2022,validation_select,Normal,53,786,0.06743002544529263,0.0,0.02252411246738236
sprsound2022,validation_select,Normal,54,786,0.06870229007633588,0.0,0.02254907200669194
sprsound2022,validation_select,Normal,55,786,0.06997455470737914,0.0,0.022568346315385627
sprsound2022,validation_select,Normal,56,786,0.07124681933842239,0.0,0.022787399858114867
sprsound2022,validation_select,Normal,57,786,0.07251908396946564,0.0,0.022798496657132235
sprsound2022,validation_select,Normal,58,786,0.0737913486005089,0.0,0.022944449805515254
sprsound2022,validation_select,Normal,59,786,0.07506361323155217,0.0,0.023089703546096164
sprsound2022,validation_select,Normal,60,786,0.07633587786259542,0.0,0.023338913597703834
sprsound2022,validation_select,Normal,61,786,0.07760814249363868,0.0,0.023419236282977023
sprsound2022,validation_select,Normal,62,786,0.07888040712468193,0.0,0.023468241467146787
sprsound2022,validation_select,Normal,63,786,0.08015267175572519,0.0,0.023688729280226847
sprsound2022,validation_select,Normal,64,786,0.08142493638676845,0.0,0.023691857126061575
sprsound2022,validation_select,Normal,65,786,0.08269720101781171,0.0,0.02373121924278986
sprsound2022,validation_select,Normal,66,786,0.08396946564885496,0.0,0.023857053159410547
sprsound2022,validation_select,Normal,67,786,0.08524173027989822,0.0,0.023949505010297106
sprsound2022,validation_select,Normal,68,786,0.08651399491094147,0.0,0.0242555592324502
sprsound2022,validation_select,Normal,69,786,0.08778625954198473,0.0,0.02430681770997932
sprsound2022,validation_select,Normal,70,786,0.089058524173028,0.0,0.024529027461505995
sprsound2022,validation_select,Normal,71,786,0.09033078880407125,0.0,0.02455385656482048
sprsound2022,validation_select,Normal,72,786,0.0916030534351145,0.0,0.024773101298705077
sprsound2022,validation_select,Normal,73,786,0.09287531806615776,0.0,0.024802715297593536
sprsound2022,validation_select,Normal,74,786,0.09414758269720101,0.0,0.024845887177882123
sprsound2022,validation_select,Normal,75,786,0.09541984732824428,0.0,0.024916710843896236
sprsound2022,validation_select,Normal,76,786,0.09669211195928754,0.0,0.024945162787449123
sprsound2022,validation_select,Normal,77,786,0.09796437659033079,0.0,0.02521649376593175
sprsound2022,validation_select,Normal,78,786,0.09923664122137404,0.0,0.025370196689943343
sprsound2022,validation_select,Normal,79,786,0.1005089058524173,0.0,0.0254758676453148
sprsound2022,validation_select,Normal,80,786,0.10178117048346055,0.0,0.025502775804587638
sprsound2022,validation_select,Normal,81,786,0.10305343511450382,0.0,0.025995334402721375
sprsound2022,validation_select,Normal,82,786,0.10432569974554708,0.0,0.026159970279145826
sprsound2022,validation_select,Normal,83,786,0.10559796437659033,0.0,0.026197099518905458
sprsound2022,validation_select,Normal,84,786,0.10687022900763359,0.0,0.02643286095894467
sprsound2022,validation_select,Normal,85,786,0.10814249363867684,0.0,0.02673610906600122
sprsound2022,validation_select,Normal,86,786,0.10941475826972011,0.0,0.027321709058076713
sprsound2022,validation_select,Normal,87,786,0.11068702290076336,0.0,0.027360835924500847
sprsound2022,validation_select,Normal,88,786,0.11195928753180662,0.0,0.027561378858752365
sprsound2022,validation_select,Normal,89,786,0.11323155216284987,0.0,0.02761775860438681
sprsound2022,validation_select,Normal,90,786,0.11450381679389313,0.0,0.02765129503736476
sprsound2022,validation_select,Normal,91,786,0.11577608142493638,0.0,0.027654984197010835
sprsound2022,validation_select,Normal,92,786,0.11704834605597965,0.0,0.027692201180111887
sprsound2022,validation_select,Normal,93,786,0.1183206106870229,0.0,0.027766658063179985
sprsound2022,validation_select,Normal,94,786,0.11959287531806616,0.0,0.027985510803412324
sprsound2022,validation_select,Normal,95,786,0.12086513994910941,0.0,0.02799196464426762
sprsound2022,validation_select,Normal,96,786,0.12213740458015267,0.0,0.028049308384438854
sprsound2022,validation_select,Normal,97,786,0.12340966921119594,0.0,0.028590455954187494
sprsound2022,validation_select,Normal,98,786,0.12468193384223919,0.0,0.02870254808072746
sprsound2022,validation_select,Normal,99,786,0.12595419847328243,0.0,0.028728898329902663
sprsound2022,validation_select,Normal,100,786,0.1272264631043257,0.0,0.028930656820031316
sprsound2022,validation_select,Normal,101,786,0.12849872773536897,0.0,0.02905912604562207
sprsound2022,validation_select,Normal,102,786,0.1297709923664122,0.0,0.029079638200664074
sprsound2022,validation_select,Normal,103,786,0.13104325699745548,0.0,0.029114207337962
sprsound2022,validation_select,Normal,104,786,0.13231552162849872,0.0,0.02939453558980057
sprsound2022,validation_select,Normal,105,786,0.13358778625954199,0.0,0.029489705842376614
sprsound2022,validation_select,Normal,106,786,0.13486005089058525,0.0,0.029540987934994625
sprsound2022,validation_select,Normal,107,786,0.1361323155216285,0.0,0.029575226836422983
sprsound2022,validation_select,Normal,108,786,0.13740458015267176,0.0,0.029605167547289302
sprsound2022,validation_select,Normal,109,786,0.138676844783715,0.0,0.030196657799485112
sprsound2022,validation_select,Normal,110,786,0.13994910941475827,0.0,0.030709709263028073
sprsound2022,validation_select,Normal,111,786,0.14122137404580154,0.0,0.030913326526227337
sprsound2022,validation_select,Normal,112,786,0.14249363867684478,0.0,0.031131087548738303
sprsound2022,validation_select,Normal,113,786,0.14376590330788805,0.0,0.031140022115686974
sprsound2022,validation_select,Normal,114,786,0.1450381679389313,0.0,0.03117079607157541
sprsound2022,validation_select,Normal,115,786,0.14631043256997456,0.0,0.03128610543986342
sprsound2022,validation_select,Normal,116,786,0.1475826972010178,0.0,0.031673244222329124
sprsound2022,validation_select,Normal,117,786,0.14885496183206107,0.0,0.031687411504918064
sprsound2022,validation_select,Normal,118,786,0.15012722646310434,0.0,0.03181369072399767
sprsound2022,validation_select,Normal,119,786,0.15139949109414758,0.0,0.03183122935853992
sprsound2022,validation_select,Normal,120,786,0.15267175572519084,0.0,0.0319703315524716
sprsound2022,validation_select,Normal,121,786,0.15394402035623408,0.0,0.03199360470573188
sprsound2022,validation_select,Normal,122,786,0.15521628498727735,0.0,0.03200529120829388
sprsound2022,validation_select,Normal,123,786,0.15648854961832062,0.0,0.03249763557836037
sprsound2022,validation_select,Normal,124,786,0.15776081424936386,0.0,0.032549600231868106
sprsound2022,validation_select,Normal,125,786,0.15903307888040713,0.0,0.03263641675253788
sprsound2022,validation_select,Normal,126,786,0.16030534351145037,0.0,0.03264587120635005
sprsound2022,validation_select,Normal,127,786,0.16157760814249364,0.0,0.0329649354513127
sprsound2022,validation_select,Normal,128,786,0.1628498727735369,0.0,0.033157088435959256
sprsound2022,validation_select,Normal,129,786,0.16412213740458015,0.0,0.033393201943282796
sprsound2022,validation_select,Normal,130,786,0.16539440203562342,0.0,0.03342123506760475
sprsound2022,validation_select,Normal,131,786,0.16666666666666666,0.0,0.03346952698549918
sprsound2022,validation_select,Normal,132,786,0.16793893129770993,0.0,0.03348759141156832
sprsound2022,validation_select,Normal,133,786,0.1692111959287532,0.0,0.03355407954291425
sprsound2022,validation_select,Normal,134,786,0.17048346055979643,0.0,0.03364929500360822
sprsound2022,validation_select,Normal,135,786,0.1717557251908397,0.0,0.03366986120460261
sprsound2022,validation_select,Normal,136,786,0.17302798982188294,0.0,0.03372602969193927
sprsound2022,validation_select,Normal,137,786,0.1743002544529262,0.0,0.033749532830475666
sprsound2022,validation_select,Normal,138,786,0.17557251908396945,0.0,0.03397246356907012
sprsound2022,validation_select,Normal,139,786,0.17684478371501272,0.0,0.034172868413054225
sprsound2022,validation_select,Normal,140,786,0.178117048346056,0.0,0.03419194912456513
sprsound2022,validation_select,Normal,141,786,0.17938931297709923,0.0,0.03434654219148568
sprsound2022,validation_select,Normal,142,786,0.1806615776081425,0.0,0.03453941440050174
sprsound2022,validation_select,Normal,143,786,0.18193384223918574,0.0,0.03462875049672637
sprsound2022,validation_select,Normal,144,786,0.183206106870229,0.0,0.034695697704750214
sprsound2022,validation_select,Normal,145,786,0.18447837150127228,0.0,0.03481653273130756
sprsound2022,validation_select,Normal,146,786,0.18575063613231552,0.0,0.03484986471429057
sprsound2022,validation_select,Normal,147,786,0.18702290076335878,0.0,0.03507448909136828
sprsound2022,validation_select,Normal,148,786,0.18829516539440203,0.0,0.03509352487986054
sprsound2022,validation_select,Normal,149,786,0.1895674300254453,0.0,0.03512792339455211
sprsound2022,validation_select,Normal,150,786,0.19083969465648856,0.0,0.035174735523575765
sprsound2022,validation_select,Normal,151,786,0.1921119592875318,0.0,0.03549004652678536
sprsound2022,validation_select,Normal,152,786,0.19338422391857507,0.0,0.03561064037295115
sprsound2022,validation_select,Normal,153,786,0.1946564885496183,0.0,0.035745315085607014
sprsound2022,validation_select,Normal,154,786,0.19592875318066158,0.0,0.035846573947094354
sprsound2022,validation_select,Normal,155,786,0.19720101781170485,0.0,0.03585121641067834
sprsound2022,validation_select,Normal,156,786,0.1984732824427481,0.0,0.035907962145727355
sprsound2022,validation_select,Normal,157,786,0.19974554707379136,0.0,0.035908733847853515
sprsound2022,validation_select,Normal,158,786,0.2010178117048346,0.0,0.036018930187255944
sprsound2022,validation_select,Normal,159,786,0.20229007633587787,0.0,0.036575481662905904
sprsound2022,validation_select,Normal,160,786,0.2035623409669211,0.0,0.036726644322548414
sprsound2022,validation_select,Normal,161,786,0.20483460559796438,0.0,0.03695063825135915
sprsound2022,validation_select,Normal,162,786,0.20610687022900764,0.0,0.03695815739583903
sprsound2022,validation_select,Normal,163,786,0.20737913486005088,0.0,0.03711277824819405
sprsound2022,validation_select,Normal,164,786,0.20865139949109415,0.0,0.03721439200487065
sprsound2022,validation_select,Normal,165,786,0.2099236641221374,0.0,0.037273454228649285
sprsound2022,validation_select,Normal,166,786,0.21119592875318066,0.0,0.03735222349965069
sprsound2022,validation_select,Normal,167,786,0.21246819338422393,0.0,0.037377586671973155
sprsound2022,validation_select,Normal,168,786,0.21374045801526717,0.0,0.03737779182965188
sprsound2022,validation_select,Normal,169,786,0.21501272264631044,0.0,0.037684204651881645
sprsound2022,validation_select,Normal,170,786,0.21628498727735368,0.0,0.037953871599650545
sprsound2022,validation_select,Normal,171,786,0.21755725190839695,0.0,0.03817015868606879
sprsound2022,validation_select,Normal,172,786,0.21882951653944022,0.0,0.03830021256717483
sprsound2022,validation_select,Normal,173,786,0.22010178117048346,0.0,0.03834837818993567
sprsound2022,validation_select,Normal,174,786,0.22137404580152673,0.0,0.03835376864070127
sprsound2022,validation_select,Normal,175,786,0.22264631043256997,0.0,0.038638944475373985
sprsound2022,validation_select,Normal,176,786,0.22391857506361323,0.0,0.03873760625279429
sprsound2022,validation_select,Normal,177,786,0.22519083969465647,0.0,0.038810395085996104
sprsound2022,validation_select,Normal,178,786,0.22646310432569974,0.0,0.0389065424506104
sprsound2022,validation_select,Normal,179,786,0.227735368956743,0.0,0.03900953269995819
sprsound2022,validation_select,Normal,180,786,0.22900763358778625,0.0,0.03932550690217524
sprsound2022,validation_select,Normal,181,786,0.23027989821882952,0.0,0.0397142210418606
sprsound2022,validation_select,Normal,182,786,0.23155216284987276,0.0,0.0398343074248989
sprsound2022,validation_select,Normal,183,786,0.23282442748091603,0.0,0.039841238598557
sprsound2022,validation_select,Normal,184,786,0.2340966921119593,0.0,0.03989605094457466
sprsound2022,validation_select,Normal,185,786,0.23536895674300254,0.0,0.039925214271505215
sprsound2022,validation_select,Normal,186,786,0.2366412213740458,0.0,0.04021063243310558
sprsound2022,validation_select,Normal,187,786,0.23791348600508905,0.0,0.04022939806085092
sprsound2022,validation_select,Normal,188,786,0.23918575063613232,0.0,0.040660966572289396
sprsound2022,validation_select,Normal,189,786,0.24045801526717558,0.0,0.040853259379866655
sprsound2022,validation_select,Normal,190,786,0.24173027989821882,0.0,0.04086110854649888
sprsound2022,validation_select,Normal,191,786,0.2430025445292621,0.0,0.04089102088780053
sprsound2022,validation_select,Normal,192,786,0.24427480916030533,0.0,0.04116648072657923
sprsound2022,validation_select,Normal,193,786,0.2455470737913486,0.0,0.04137444714612309
sprsound2022,validation_select,Normal,194,786,0.24681933842239187,0.0,0.041475734308083226
sprsound2022,validation_select,Normal,195,786,0.2480916030534351,0.0,0.041533422433680064
sprsound2022,validation_select,Normal,196,786,0.24936386768447838,0.0,0.041596040434057506
sprsound2022,validation_select,Normal,197,786,0.2506361323155216,0.0,0.04169565521898635
sprsound2022,validation_select,Normal,198,786,0.25190839694656486,0.0,0.04178860049448517
sprsound2022,validation_select,Normal,199,786,0.25318066157760816,0.0,0.04190745791217344
sprsound2022,validation_select,Normal,200,786,0.2544529262086514,0.0,0.04203654415177262
sprsound2022,validation_select,Normal,201,786,0.25572519083969464,0.0,0.04226674970475609
sprsound2022,validation_select,Normal,202,786,0.25699745547073793,0.0,0.042446519244441344
sprsound2022,validation_select,Normal,203,786,0.2582697201017812,0.0,0.04254633558157634
sprsound2022,validation_select,Normal,204,786,0.2595419847328244,0.0,0.04268128636761873
sprsound2022,validation_select,Normal,205,786,0.2608142493638677,0.0,0.04289976822105535
sprsound2022,validation_select,Normal,206,786,0.26208651399491095,0.0,0.04303885589637225
sprsound2022,validation_select,Normal,207,786,0.2633587786259542,0.0,0.043083418509942226
sprsound2022,validation_select,Normal,208,786,0.26463104325699743,0.0,0.0433617940918443
sprsound2022,validation_select,Normal,209,786,0.26590330788804073,0.0,0.04355627295338586
sprsound2022,validation_select,Normal,210,786,0.26717557251908397,0.0,0.043728375891060926
sprsound2022,validation_select,Normal,211,786,0.2684478371501272,0.0,0.04374542199006015
sprsound2022,validation_select,Normal,212,786,0.2697201017811705,0.0,0.043985513081706486
sprsound2022,validation_select,Normal,213,786,0.27099236641221375,0.0,0.044025220729196644
sprsound2022,validation_select,Normal,214,786,0.272264631043257,0.0,0.04406681250491468
sprsound2022,validation_select,Normal,215,786,0.27353689567430023,0.0,0.04406727502046204
sprsound2022,validation_select,Normal,216,786,0.2748091603053435,0.0,0.04410471684208359
sprsound2022,validation_select,Normal,217,786,0.27608142493638677,0.0,0.044294006271576265
sprsound2022,validation_select,Normal,218,786,0.27735368956743,0.0,0.04453497550319468
sprsound2022,validation_select,Normal,219,786,0.2786259541984733,0.0,0.044638301939225425
sprsound2022,validation_select,Normal,220,786,0.27989821882951654,0.0,0.0447749358477331
sprsound2022,validation_select,Normal,221,786,0.2811704834605598,0.0,0.045082876353078734
sprsound2022,validation_select,Normal,222,786,0.2824427480916031,0.0,0.04540197431326073
sprsound2022,validation_select,Normal,223,786,0.2837150127226463,0.0,0.045501023083929365
sprsound2022,validation_select,Normal,224,786,0.28498727735368956,0.0,0.04559302860568979
sprsound2022,validation_select,Normal,225,786,0.2862595419847328,0.0,0.045900227965778494
sprsound2022,validation_select,Normal,226,786,0.2875318066157761,0.0,0.04597702343220515
sprsound2022,validation_select,Normal,227,786,0.28880407124681934,0.0,0.0460450102830892
sprsound2022,validation_select,Normal,228,786,0.2900763358778626,0.0,0.04633096744901057
sprsound2022,validation_select,Normal,229,786,0.2913486005089059,0.0,0.046631449615251216
sprsound2022,validation_select,Normal,230,786,0.2926208651399491,0.0,0.04670503004119138
sprsound2022,validation_select,Normal,231,786,0.29389312977099236,0.0,0.04693962616064251
sprsound2022,validation_select,Normal,232,786,0.2951653944020356,0.0,0.04694784903182653
sprsound2022,validation_select,Normal,233,786,0.2964376590330789,0.0,0.04710665806903278
sprsound2022,validation_select,Normal,234,786,0.29770992366412213,0.0,0.04719578403887561
sprsound2022,validation_select,Normal,235,786,0.2989821882951654,0.0,0.04731186522425997
sprsound2022,validation_select,Normal,236,786,0.30025445292620867,0.0,0.04732691770814602
sprsound2022,validation_select,Normal,237,786,0.3015267175572519,0.0,0.04734090563026209
sprsound2022,validation_select,Normal,238,786,0.30279898218829515,0.0,0.04738722442496735
sprsound2022,validation_select,Normal,239,786,0.30407124681933845,0.0,0.047401286647442135
sprsound2022,validation_select,Normal,240,786,0.3053435114503817,0.0,0.047503040324027156
sprsound2022,validation_select,Normal,241,786,0.30661577608142493,0.0,0.04776167057220669
sprsound2022,validation_select,Normal,242,786,0.30788804071246817,0.0,0.047894820361001664
sprsound2022,validation_select,Normal,243,786,0.30916030534351147,0.0,0.048018392947322096
sprsound2022,validation_select,Normal,244,786,0.3104325699745547,0.0,0.04819736136572858
sprsound2022,validation_select,Normal,245,786,0.31170483460559795,0.0,0.048541057246144236
sprsound2022,validation_select,Normal,246,786,0.31297709923664124,0.0,0.0488521112256921
sprsound2022,validation_select,Normal,247,786,0.3142493638676845,0.0,0.04900032954304488
sprsound2022,validation_select,Normal,248,786,0.3155216284987277,0.0,0.049140879300231984
sprsound2022,validation_select,Normal,249,786,0.31679389312977096,0.0,0.04931906654553493
sprsound2022,validation_select,Normal,250,786,0.31806615776081426,0.0,0.049358014055384376
sprsound2022,validation_select,Normal,251,786,0.3193384223918575,0.0,0.04939826613955795
sprsound2022,validation_select,Normal,252,786,0.32061068702290074,0.0,0.04946429222963853
sprsound2022,validation_select,Normal,253,786,0.32188295165394404,0.0,0.049716435942034405
sprsound2022,validation_select,Normal,254,786,0.3231552162849873,0.0,0.049749045031887075
sprsound2022,validation_select,Normal,255,786,0.3244274809160305,0.0,0.05042367173165177
sprsound2022,validation_select,Normal,256,786,0.3256997455470738,0.0,0.050473579205342595
sprsound2022,validation_select,Normal,257,786,0.32697201017811706,0.0,0.05083388979141908
sprsound2022,validation_select,Normal,258,786,0.3282442748091603,0.0,0.05088131863467614
sprsound2022,validation_select,Normal,259,786,0.32951653944020354,0.0,0.05105861325026584
sprsound2022,validation_select,Normal,260,786,0.33078880407124683,0.0,0.05122277592284872
sprsound2022,validation_select,Normal,261,786,0.3320610687022901,0.0,0.05134550715744218
sprsound2022,validation_select,Normal,262,786,0.3333333333333333,0.0,0.05165274428566154
sprsound2022,validation_select,Normal,263,786,0.3346055979643766,0.0,0.05169052883870617
sprsound2022,validation_select,Normal,264,786,0.33587786259541985,0.0,0.05172106020396748
sprsound2022,validation_select,Normal,265,786,0.3371501272264631,0.0,0.05197049147862475
sprsound2022,validation_select,Normal,266,786,0.3384223918575064,0.0,0.05201825875074004
sprsound2022,validation_select,Normal,267,786,0.33969465648854963,0.0,0.052134406005681415
sprsound2022,validation_select,Normal,268,786,0.34096692111959287,0.0,0.05215886402606114
sprsound2022,validation_select,Normal,269,786,0.3422391857506361,0.0,0.052176343936820135
sprsound2022,validation_select,Normal,270,786,0.3435114503816794,0.0,0.05231708271323893
sprsound2022,validation_select,Normal,271,786,0.34478371501272265,0.0,0.05233583377330477
sprsound2022,validation_select,Normal,272,786,0.3460559796437659,0.0,0.052433931351251364
sprsound2022,validation_select,Normal,273,786,0.3473282442748092,0.0,0.052549123049760574
sprsound2022,validation_select,Normal,274,786,0.3486005089058524,0.0,0.052572027771745446
sprsound2022,validation_select,Normal,275,786,0.34987277353689566,0.0,0.05295876186399784
sprsound2022,validation_select,Normal,276,786,0.3511450381679389,0.0,0.05296193516350093
sprsound2022,validation_select,Normal,277,786,0.3524173027989822,0.0,0.05310918077083802
sprsound2022,validation_select,Normal,278,786,0.35368956743002544,0.0,0.05312735840793023
sprsound2022,validation_select,Normal,279,786,0.3549618320610687,0.0,0.05315968419595079
sprsound2022,validation_select,Normal,280,786,0.356234096692112,0.0,0.05352621311861468
sprsound2022,validation_select,Normal,281,786,0.3575063613231552,0.0,0.05353887110325891
sprsound2022,validation_select,Normal,282,786,0.35877862595419846,0.0,0.05363074328760508
sprsound2022,validation_select,Normal,283,786,0.36005089058524176,0.0,0.053634752952545904
sprsound2022,validation_select,Normal,284,786,0.361323155216285,0.0,0.05378775597875321
sprsound2022,validation_select,Normal,285,786,0.36259541984732824,0.0,0.053921906839730464
sprsound2022,validation_select,Normal,286,786,0.3638676844783715,0.0,0.05397375290559569
sprsound2022,validation_select,Normal,287,786,0.3651399491094148,0.0,0.05401817336814698
sprsound2022,validation_select,Normal,288,786,0.366412213740458,0.0,0.054357278464438115
sprsound2022,validation_select,Normal,289,786,0.36768447837150126,0.0,0.0544295990059725
sprsound2022,validation_select,Normal,290,786,0.36895674300254455,0.0,0.054721577558545634
sprsound2022,validation_select,Normal,291,786,0.3702290076335878,0.0,0.0547497626215379
sprsound2022,validation_select,Normal,292,786,0.37150127226463103,0.0,0.054899051584889315
sprsound2022,validation_select,Normal,293,786,0.3727735368956743,0.0,0.055069731610183754
sprsound2022,validation_select,Normal,294,786,0.37404580152671757,0.0,0.055366461655341946
sprsound2022,validation_select,Normal,295,786,0.3753180661577608,0.0,0.055381441913257355
sprsound2022,validation_select,Normal,296,786,0.37659033078880405,0.0,0.05546231498159413
sprsound2022,validation_select,Normal,297,786,0.37786259541984735,0.0,0.05551632691280573
sprsound2022,validation_select,Normal,298,786,0.3791348600508906,0.0,0.05572633633831268
sprsound2022,validation_select,Normal,299,786,0.38040712468193383,0.0,0.05627611630090048
sprsound2022,validation_select,Normal,300,786,0.3816793893129771,0.0,0.05652959786235256
sprsound2022,validation_select,Normal,301,786,0.38295165394402036,0.0,0.05664331694200854
sprsound2022,validation_select,Normal,302,786,0.3842239185750636,0.0,0.05676935543782862
sprsound2022,validation_select,Normal,303,786,0.38549618320610685,0.0,0.056803850223389976
sprsound2022,validation_select,Normal,304,786,0.38676844783715014,0.0,0.057115565652391606
sprsound2022,validation_select,Normal,305,786,0.3880407124681934,0.0,0.0571990224355413
sprsound2022,validation_select,Normal,306,786,0.3893129770992366,0.0,0.058283312276325064
sprsound2022,validation_select,Normal,307,786,0.3905852417302799,0.0,0.058703487742030026
sprsound2022,validation_select,Normal,308,786,0.39185750636132316,0.0,0.0589215870911294
sprsound2022,validation_select,Normal,309,786,0.3931297709923664,0.0,0.05906278424647384
sprsound2022,validation_select,Normal,310,786,0.3944020356234097,0.0,0.05906668813659436
sprsound2022,validation_select,Normal,311,786,0.39567430025445294,0.0,0.05912262935600336
sprsound2022,validation_select,Normal,312,786,0.3969465648854962,0.0,0.05915402550937814
sprsound2022,validation_select,Normal,313,786,0.3982188295165394,0.0,0.05925575931827835
sprsound2022,validation_select,Normal,314,786,0.3994910941475827,0.0,0.05937699624015365
sprsound2022,validation_select,Normal,315,786,0.40076335877862596,0.0,0.05943021740390175
sprsound2022,validation_select,Normal,316,786,0.4020356234096692,0.0,0.05948361743942309
sprsound2022,validation_select,Normal,317,786,0.4033078880407125,0.0,0.059733630259338914
sprsound2022,validation_select,Normal,318,786,0.40458015267175573,0.0,0.059885888452029995
sprsound2022,validation_select,Normal,319,786,0.405852417302799,0.0,0.06001020039106895
sprsound2022,validation_select,Normal,320,786,0.4071246819338422,0.0,0.06001846359259828
sprsound2022,validation_select,Normal,321,786,0.4083969465648855,0.0,0.06026060704058082
sprsound2022,validation_select,Normal,322,786,0.40966921119592875,0.0,0.06124967830715906
sprsound2022,validation_select,Normal,323,786,0.410941475826972,0.0,0.061916614887962115
sprsound2022,validation_select,Normal,324,786,0.4122137404580153,0.0,0.06206073540760867
sprsound2022,validation_select,Normal,325,786,0.41348600508905853,0.0,0.06273269262120781
sprsound2022,validation_select,Normal,326,786,0.41475826972010177,0.0,0.06373820712101246
sprsound2022,validation_select,Normal,327,786,0.41603053435114506,0.0,0.06401752820230146
sprsound2022,validation_select,Normal,328,786,0.4173027989821883,0.0,0.06408890307841128
sprsound2022,validation_select,Normal,329,786,0.41857506361323155,0.0,0.0644844520984936
sprsound2022,validation_select,Normal,330,786,0.4198473282442748,0.0,0.0646343853402767
sprsound2022,validation_select,Normal,331,786,0.4211195928753181,0.0,0.0654581358729082
sprsound2022,validation_select,Normal,332,786,0.4223918575063613,0.0,0.06557723132200792
sprsound2022,validation_select,Normal,333,786,0.42366412213740456,0.0,0.06588114929462362
sprsound2022,validation_select,Normal,334,786,0.42493638676844786,0.0,0.06598910543338933
sprsound2022,validation_select,Normal,335,786,0.4262086513994911,0.0,0.06629068907599904
sprsound2022,validation_select,Normal,336,786,0.42748091603053434,0.0,0.06661297076617792
sprsound2022,validation_select,Normal,337,786,0.4287531806615776,0.0,0.06679376423232063
sprsound2022,validation_select,Normal,338,786,0.4300254452926209,0.0,0.06699473448073867
sprsound2022,validation_select,Normal,339,786,0.4312977099236641,0.0,0.06711935558651137
sprsound2022,validation_select,Normal,340,786,0.43256997455470736,0.0,0.06718334492916318
sprsound2022,validation_select,Normal,341,786,0.43384223918575066,0.0,0.0672008142113502
sprsound2022,validation_select,Normal,342,786,0.4351145038167939,0.0,0.06746040292255799
sprsound2022,validation_select,Normal,343,786,0.43638676844783714,0.0,0.06748545288787686
sprsound2022,validation_select,Normal,344,786,0.43765903307888043,0.0,0.06792392520952557
sprsound2022,validation_select,Normal,345,786,0.4389312977099237,0.0,0.06896074376952628
sprsound2022,validation_select,Normal,346,786,0.4402035623409669,0.0,0.06938802385480389
sprsound2022,validation_select,Normal,347,786,0.44147582697201015,0.0,0.06942312511099547
sprsound2022,validation_select,Normal,348,786,0.44274809160305345,0.0,0.07104394864306475
sprsound2022,validation_select,Normal,349,786,0.4440203562340967,0.0,0.07111343038475995
sprsound2022,validation_select,Normal,350,786,0.44529262086513993,0.0,0.07116288550232237
sprsound2022,validation_select,Normal,351,786,0.44656488549618323,0.0,0.07124623297811654
sprsound2022,validation_select,Normal,352,786,0.44783715012722647,0.0,0.07140096786094301
sprsound2022,validation_select,Normal,353,786,0.4491094147582697,0.0,0.07142069768743463
sprsound2022,validation_select,Normal,354,786,0.45038167938931295,0.0,0.07142527909174955
sprsound2022,validation_select,Normal,355,786,0.45165394402035625,0.0,0.07161792786552047
sprsound2022,validation_select,Normal,356,786,0.4529262086513995,0.0,0.07175730763728742
sprsound2022,validation_select,Normal,357,786,0.4541984732824427,0.0,0.07191885873712356
sprsound2022,validation_select,Normal,358,786,0.455470737913486,0.0,0.07214186547224546
sprsound2022,validation_select,Normal,359,786,0.45674300254452926,0.0,0.07215014266210854
sprsound2022,validation_select,Normal,360,786,0.4580152671755725,0.0,0.07228186851638262
sprsound2022,validation_select,Normal,361,786,0.4592875318066158,0.0,0.07261963527759113
sprsound2022,validation_select,Normal,362,786,0.46055979643765904,0.0,0.07271187796449746
sprsound2022,validation_select,Normal,363,786,0.4618320610687023,0.0,0.07301330503972839
sprsound2022,validation_select,Normal,364,786,0.4631043256997455,0.0,0.07324915565081487
sprsound2022,validation_select,Normal,365,786,0.4643765903307888,0.0,0.07330772766652979
sprsound2022,validation_select,Normal,366,786,0.46564885496183206,0.0,0.07352614439717198
sprsound2022,validation_select,Normal,367,786,0.4669211195928753,0.0,0.07370870175834317
sprsound2022,validation_select,Normal,368,786,0.4681933842239186,0.0,0.07395316265399568
sprsound2022,validation_select,Normal,369,786,0.46946564885496184,0.0,0.07462274600423714
sprsound2022,validation_select,Normal,370,786,0.4707379134860051,0.0,0.07498658115655375
sprsound2022,validation_select,Normal,371,786,0.4720101781170484,0.0,0.07549032344394464
sprsound2022,validation_select,Normal,372,786,0.4732824427480916,0.0,0.07614083188039827
sprsound2022,validation_select,Normal,373,786,0.47455470737913485,0.0,0.07696366923608201
sprsound2022,validation_select,Normal,374,786,0.4758269720101781,0.0,0.07708440729357627
sprsound2022,validation_select,Normal,375,786,0.4770992366412214,0.0,0.07752598117651935
sprsound2022,validation_select,Normal,376,786,0.47837150127226463,0.0,0.07787644127180046
sprsound2022,validation_select,Normal,377,786,0.4796437659033079,0.0,0.07801685893029348
sprsound2022,validation_select,Normal,378,786,0.48091603053435117,0.0,0.07822624996736234
sprsound2022,validation_select,Normal,379,786,0.4821882951653944,0.0,0.07873165209716664
sprsound2022,validation_select,Normal,380,786,0.48346055979643765,0.0,0.07892351537583475
sprsound2022,validation_select,Normal,381,786,0.4847328244274809,0.0,0.07915664541344854
sprsound2022,validation_select,Normal,382,786,0.4860050890585242,0.0,0.07961663556076914
sprsound2022,validation_select,Normal,383,786,0.4872773536895674,0.0,0.07965896923961671
sprsound2022,validation_select,Normal,384,786,0.48854961832061067,0.0,0.07980359041456418
sprsound2022,validation_select,Normal,385,786,0.48982188295165396,0.0,0.08012409852400255
sprsound2022,validation_select,Normal,386,786,0.4910941475826972,0.0,0.08037737269275748
sprsound2022,validation_select,Normal,387,786,0.49236641221374045,0.0,0.0805633271378095
sprsound2022,validation_select,Normal,388,786,0.49363867684478374,0.0,0.0812821128048653
sprsound2022,validation_select,Normal,389,786,0.494910941475827,0.0,0.08225836033059084
sprsound2022,validation_select,Normal,390,786,0.4961832061068702,0.0,0.08338962764249715
sprsound2022,validation_select,Normal,391,786,0.49745547073791346,0.0,0.08371220200326522
sprsound2022,validation_select,Normal,392,786,0.49872773536895676,0.0,0.08474076100927898
sprsound2022,validation_select,Normal,393,786,0.5,0.0,0.08494466765856394
sprsound2022,validation_select,Normal,394,786,0.5012722646310432,0.0,0.0857804621235918
sprsound2022,validation_select,Normal,395,786,0.5025445292620865,0.0,0.08589461095233371
sprsound2022,validation_select,Normal,396,786,0.5038167938931297,0.0,0.08598831291135799
sprsound2022,validation_select,Normal,397,786,0.5050890585241731,0.0,0.0860118595195933
sprsound2022,validation_select,Normal,398,786,0.5063613231552163,0.0,0.086603720367022
sprsound2022,validation_select,Normal,399,786,0.5076335877862596,0.0,0.08672593853895459
sprsound2022,validation_select,Normal,400,786,0.5089058524173028,0.0,0.08694259507774302
sprsound2022,validation_select,Normal,401,786,0.510178117048346,0.0,0.08738684569768401
sprsound2022,validation_select,Normal,402,786,0.5114503816793893,0.0,0.08741481558386541
sprsound2022,validation_select,Normal,403,786,0.5127226463104325,0.0,0.0893312188394586
sprsound2022,validation_select,Normal,404,786,0.5139949109414759,0.0,0.08988675608620945
sprsound2022,validation_select,Normal,405,786,0.5152671755725191,0.0,0.0901791784386801
sprsound2022,validation_select,Normal,406,786,0.5165394402035624,0.0,0.09042375698440919
sprsound2022,validation_select,Normal,407,786,0.5178117048346056,0.0,0.09052113809853256
sprsound2022,validation_select,Normal,408,786,0.5190839694656488,0.0,0.09100948505465319
sprsound2022,validation_select,Normal,409,786,0.5203562340966921,0.0,0.09114441093388391
sprsound2022,validation_select,Normal,410,786,0.5216284987277354,0.0,0.09152208388200463
sprsound2022,validation_select,Normal,411,786,0.5229007633587787,0.0,0.09334241834073173
sprsound2022,validation_select,Normal,412,786,0.5241730279898219,0.0,0.09335582412218284
sprsound2022,validation_select,Normal,413,786,0.5254452926208651,0.0,0.09424000093237728
sprsound2022,validation_select,Normal,414,786,0.5267175572519084,0.0,0.09438208447469162
sprsound2022,validation_select,Normal,415,786,0.5279898218829516,0.0,0.0950830504649951
sprsound2022,validation_select,Normal,416,786,0.5292620865139949,0.0,0.09622156306780004
sprsound2022,validation_select,Normal,417,786,0.5305343511450382,0.0,0.09673314057270803
sprsound2022,validation_select,Normal,418,786,0.5318066157760815,0.0,0.09686778808409191
sprsound2022,validation_select,Normal,419,786,0.5330788804071247,0.0,0.09799775414000121
sprsound2022,validation_select,Normal,420,786,0.5343511450381679,0.0,0.09808626695219912
sprsound2022,validation_select,Normal,421,786,0.5356234096692112,0.0,0.09820605797810421
sprsound2022,validation_select,Normal,422,786,0.5368956743002544,0.0,0.09839982023435044
sprsound2022,validation_select,Normal,423,786,0.5381679389312977,0.0,0.09914109589600731
sprsound2022,validation_select,Normal,424,786,0.539440203562341,0.0,0.09917291988906603
sprsound2022,validation_select,Normal,425,786,0.5407124681933843,0.0,0.0992922490666169
sprsound2022,validation_select,Normal,426,786,0.5419847328244275,0.0,0.09962477771987677
sprsound2022,validation_select,Normal,427,786,0.5432569974554707,0.0,0.10246007939385245
sprsound2022,validation_select,Normal,428,786,0.544529262086514,0.0,0.10294369124328025
sprsound2022,validation_select,Normal,429,786,0.5458015267175572,0.0,0.10303855622327308
sprsound2022,validation_select,Normal,430,786,0.5470737913486005,0.0,0.10365213172050274
sprsound2022,validation_select,Normal,431,786,0.5483460559796438,0.0,0.10377055216785867
sprsound2022,validation_select,Normal,432,786,0.549618320610687,0.0,0.10440061061460255
sprsound2022,validation_select,Normal,433,786,0.5508905852417303,0.0,0.10455446085612594
sprsound2022,validation_select,Normal,434,786,0.5521628498727735,0.0,0.1051997304381056
sprsound2022,validation_select,Normal,435,786,0.5534351145038168,0.0,0.10576446578560102
sprsound2022,validation_select,Normal,436,786,0.55470737913486,0.0,0.10588771218542183
sprsound2022,validation_select,Normal,437,786,0.5559796437659033,0.0,0.10676310610796841
sprsound2022,validation_select,Normal,438,786,0.5572519083969466,0.0,0.10706705590812023
sprsound2022,validation_select,Normal,439,786,0.5585241730279898,0.0,0.10756795387068017
sprsound2022,validation_select,Normal,440,786,0.5597964376590331,0.0,0.10821594598352287
sprsound2022,validation_select,Normal,441,786,0.5610687022900763,0.0,0.108284608719305
sprsound2022,validation_select,Normal,442,786,0.5623409669211196,0.0,0.10860787458090411
sprsound2022,validation_select,Normal,443,786,0.5636132315521628,0.002257336343115124,0.1088508405912876
sprsound2022,validation_select,Normal,444,786,0.5648854961832062,0.0022522522522522522,0.10888756698257038
sprsound2022,validation_select,Normal,445,786,0.5661577608142494,0.0022471910112359553,0.10926272047989749
sprsound2022,validation_select,Normal,446,786,0.5674300254452926,0.002242152466367713,0.10999797370608647
sprsound2022,validation_select,Normal,447,786,0.5687022900763359,0.0022371364653243847,0.1103592966799994
sprsound2022,validation_select,Normal,448,786,0.5699745547073791,0.002232142857142857,0.11142732397940056
sprsound2022,validation_select,Normal,449,786,0.5712468193384224,0.0022271714922048997,0.11261443941366076
sprsound2022,validation_select,Normal,450,786,0.5725190839694656,0.0022222222222222222,0.1129689503597141
sprsound2022,validation_select,Normal,451,786,0.573791348600509,0.0022172949002217295,0.11307502960417343
sprsound2022,validation_select,Normal,452,786,0.5750636132315522,0.0022123893805309734,0.11433281162043693
sprsound2022,validation_select,Normal,453,786,0.5763358778625954,0.002207505518763797,0.11457336477109108
sprsound2022,validation_select,Normal,454,786,0.5776081424936387,0.0022026431718061676,0.1148085616587599
sprsound2022,validation_select,Normal,455,786,0.5788804071246819,0.002197802197802198,0.11513122235872295
sprsound2022,validation_select,Normal,456,786,0.5801526717557252,0.0021929824561403508,0.11617923821549793
sprsound2022,validation_select,Normal,457,786,0.5814249363867684,0.002188183807439825,0.11661175078962219
sprsound2022,validation_select,Normal,458,786,0.5826972010178118,0.002183406113537118,0.11683272663780625
sprsound2022,validation_select,Normal,459,786,0.583969465648855,0.002178649237472767,0.11963840404750567
sprsound2022,validation_select,Normal,460,786,0.5852417302798982,0.002173913043478261,0.12019887213137574
sprsound2022,validation_select,Normal,461,786,0.5865139949109415,0.0021691973969631237,0.12023944260905377
sprsound2022,validation_select,Normal,462,786,0.5877862595419847,0.0021645021645021645,0.12033645832654206
sprsound2022,validation_select,Normal,463,786,0.589058524173028,0.0021598272138228943,0.12260764842325754
sprsound2022,validation_select,Normal,464,786,0.5903307888040712,0.0021551724137931034,0.12279822518483925
sprsound2022,validation_select,Normal,465,786,0.5916030534351145,0.002150537634408602,0.12319343777672159
sprsound2022,validation_select,Normal,466,786,0.5928753180661578,0.002145922746781116,0.12323773348359014
sprsound2022,validation_select,Normal,467,786,0.594147582697201,0.0021413276231263384,0.12392699641458849
sprsound2022,validation_select,Normal,468,786,0.5954198473282443,0.002136752136752137,0.12538460484985292
sprsound2022,validation_select,Normal,469,786,0.5966921119592875,0.0021321961620469083,0.12575506470442585
sprsound2022,validation_select,Normal,470,786,0.5979643765903307,0.002127659574468085,0.12609674208344127
sprsound2022,validation_select,Normal,471,786,0.5992366412213741,0.0021231422505307855,0.12615066771069805
sprsound2022,validation_select,Normal,472,786,0.6005089058524173,0.00211864406779661,0.1263848136133796
sprsound2022,validation_select,Normal,473,786,0.6017811704834606,0.0021141649048625794,0.12673215998840504
sprsound2022,validation_select,Normal,474,786,0.6030534351145038,0.002109704641350211,0.12739604421808107
sprsound2022,validation_select,Normal,475,786,0.6043256997455471,0.002105263157894737,0.12846455483800245
sprsound2022,validation_select,Normal,476,786,0.6055979643765903,0.0021008403361344537,0.12879916219613669
sprsound2022,validation_select,Normal,477,786,0.6068702290076335,0.0020964360587002098,0.12998463943164185
sprsound2022,validation_select,Normal,478,786,0.6081424936386769,0.0020920502092050207,0.1305133312758653
sprsound2022,validation_select,Normal,479,786,0.6094147582697201,0.0020876826722338203,0.1309728227496927
sprsound2022,validation_select,Normal,480,786,0.6106870229007634,0.0020833333333333333,0.13121879354937355
sprsound2022,validation_select,Normal,481,786,0.6119592875318066,0.002079002079002079,0.13167932373545596
sprsound2022,validation_select,Normal,482,786,0.6132315521628499,0.002074688796680498,0.1321003815477811
sprsound2022,validation_select,Normal,483,786,0.6145038167938931,0.002070393374741201,0.1323416817543604
sprsound2022,validation_select,Normal,484,786,0.6157760814249363,0.002066115702479339,0.13475731825517165
sprsound2022,validation_select,Normal,485,786,0.6170483460559797,0.002061855670103093,0.13547594845655522
sprsound2022,validation_select,Normal,486,786,0.6183206106870229,0.00205761316872428,0.1356598569522405
sprsound2022,validation_select,Normal,487,786,0.6195928753180662,0.002053388090349076,0.13819144734614297
sprsound2022,validation_select,Normal,488,786,0.6208651399491094,0.0020491803278688526,0.13828651487062346
sprsound2022,validation_select,Normal,489,786,0.6221374045801527,0.002044989775051125,0.13901002530378903
sprsound2022,validation_select,Normal,490,786,0.6234096692111959,0.0020408163265306124,0.13972606715579927
sprsound2022,validation_select,Normal,491,786,0.6246819338422391,0.002036659877800407,0.14121554425115362
sprsound2022,validation_select,Normal,492,786,0.6259541984732825,0.0020325203252032522,0.1421600980301429
sprsound2022,validation_select,Normal,493,786,0.6272264631043257,0.002028397565922921,0.1454795914409986
sprsound2022,validation_select,Normal,494,786,0.628498727735369,0.0020242914979757085,0.14583067179720802
sprsound2022,validation_select,Normal,495,786,0.6297709923664122,0.00202020202020202,0.14787446056545017
sprsound2022,validation_select,Normal,496,786,0.6310432569974554,0.0020161290322580645,0.1507322104205463
sprsound2022,validation_select,Normal,497,786,0.6323155216284987,0.002012072434607646,0.15256009287887934
sprsound2022,validation_select,Normal,498,786,0.6335877862595419,0.002008032128514056,0.15288289840807706
sprsound2022,validation_select,Normal,499,786,0.6348600508905853,0.002004008016032064,0.1547485960842766
sprsound2022,validation_select,Normal,500,786,0.6361323155216285,0.002,0.15551974702254018
sprsound2022,validation_select,Normal,501,786,0.6374045801526718,0.001996007984031936,0.15580652485449478
sprsound2022,validation_select,Normal,502,786,0.638676844783715,0.00199203187250996,0.15639632771270895
sprsound2022,validation_select,Normal,503,786,0.6399491094147582,0.0019880715705765406,0.15868524838514383
sprsound2022,validation_select,Normal,504,786,0.6412213740458015,0.001984126984126984,0.15893325338452197
sprsound2022,validation_select,Normal,505,786,0.6424936386768448,0.0019801980198019802,0.15955825571718926
sprsound2022,validation_select,Normal,506,786,0.6437659033078881,0.001976284584980237,0.1595710668140238
sprsound2022,validation_select,Normal,507,786,0.6450381679389313,0.0019723865877712033,0.1595973775371699
sprsound2022,validation_select,Normal,508,786,0.6463104325699746,0.001968503937007874,0.15976618019212255
sprsound2022,validation_select,Normal,509,786,0.6475826972010178,0.0019646365422396855,0.16187710115595447
sprsound2022,validation_select,Normal,510,786,0.648854961832061,0.00196078431372549,0.1620501698824982
sprsound2022,validation_select,Normal,511,786,0.6501272264631043,0.0019569471624266144,0.16455724180612877
sprsound2022,validation_select,Normal,512,786,0.6513994910941476,0.001953125,0.1646707158537394
sprsound2022,validation_select,Normal,513,786,0.6526717557251909,0.001949317738791423,0.1649695617523336
sprsound2022,validation_select,Normal,514,786,0.6539440203562341,0.0019455252918287938,0.16516478578978303
sprsound2022,validation_select,Normal,515,786,0.6552162849872774,0.001941747572815534,0.16527624492470896
sprsound2022,validation_select,Normal,516,786,0.6564885496183206,0.001937984496124031,0.1671104196236285
sprsound2022,validation_select,Normal,517,786,0.6577608142493638,0.0019342359767891683,0.16875047791570372
sprsound2022,validation_select,Normal,518,786,0.6590330788804071,0.0019305019305019305,0.16993443255016938
sprsound2022,validation_select,Normal,519,786,0.6603053435114504,0.0019267822736030828,0.17070869166505223
sprsound2022,validation_select,Normal,520,786,0.6615776081424937,0.0019230769230769232,0.1709278723264569
sprsound2022,validation_select,Normal,521,786,0.6628498727735369,0.0019193857965451055,0.17175583397832456
sprsound2022,validation_select,Normal,522,786,0.6641221374045801,0.0019157088122605363,0.17302373115413847
sprsound2022,validation_select,Normal,523,786,0.6653944020356234,0.0019120458891013384,0.1735504367723402
sprsound2022,validation_select,Normal,524,786,0.6666666666666666,0.0019083969465648854,0.1740740599577747
sprsound2022,validation_select,Normal,525,786,0.6679389312977099,0.0019047619047619048,0.17722487947757065
sprsound2022,validation_select,Normal,526,786,0.6692111959287532,0.0019011406844106464,0.17735104866117157
sprsound2022,validation_select,Normal,527,786,0.6704834605597965,0.0018975332068311196,0.18041434900045
sprsound2022,validation_select,Normal,528,786,0.6717557251908397,0.001893939393939394,0.18158174850658299
sprsound2022,validation_select,Normal,529,786,0.6730279898218829,0.001890359168241966,0.18193226485970798
sprsound2022,validation_select,Normal,530,786,0.6743002544529262,0.0018867924528301887,0.18285220583965425
sprsound2022,validation_select,Normal,531,786,0.6755725190839694,0.0018832391713747645,0.18426507185241175
sprsound2022,validation_select,Normal,532,786,0.6768447837150128,0.0018796992481203006,0.18600156879773677
sprsound2022,validation_select,Normal,533,786,0.678117048346056,0.001876172607879925,0.18634247117822406
sprsound2022,validation_select,Normal,534,786,0.6793893129770993,0.0018726591760299626,0.1863912712033448
sprsound2022,validation_select,Normal,535,786,0.6806615776081425,0.003738317757009346,0.19006167818820935
sprsound2022,validation_select,Normal,536,786,0.6819338422391857,0.0037313432835820895,0.1900992691065481
sprsound2022,validation_select,Normal,537,786,0.683206106870229,0.0037243947858473,0.19303508059657495
sprsound2022,validation_select,Normal,538,786,0.6844783715012722,0.0037174721189591076,0.19376491027897882
sprsound2022,validation_select,Normal,539,786,0.6857506361323156,0.0037105751391465678,0.19411397005092235
sprsound2022,validation_select,Normal,540,786,0.6870229007633588,0.003703703703703704,0.1946735112030282
sprsound2022,validation_select,Normal,541,786,0.688295165394402,0.0036968576709796672,0.1972759167755423
sprsound2022,validation_select,Normal,542,786,0.6895674300254453,0.0036900369003690036,0.19813906452515706
sprsound2022,validation_select,Normal,543,786,0.6908396946564885,0.003683241252302026,0.198382702154785
sprsound2022,validation_select,Normal,544,786,0.6921119592875318,0.003676470588235294,0.1990254175423026
sprsound2022,validation_select,Normal,545,786,0.693384223918575,0.003669724770642202,0.19944556223552554
sprsound2022,validation_select,Normal,546,786,0.6946564885496184,0.003663003663003663,0.2005815772556408
sprsound2022,validation_select,Normal,547,786,0.6959287531806616,0.003656307129798903,0.20190637142307855
sprsound2022,validation_select,Normal,548,786,0.6972010178117048,0.0036496350364963502,0.20207208217224085
sprsound2022,validation_select,Normal,549,786,0.6984732824427481,0.0036429872495446266,0.2032549823481654
sprsound2022,validation_select,Normal,550,786,0.6997455470737913,0.0036363636363636364,0.2034574244465044
sprsound2022,validation_select,Normal,551,786,0.7010178117048346,0.003629764065335753,0.2046070654101331
sprsound2022,validation_select,Normal,552,786,0.7022900763358778,0.0036231884057971015,0.20665067199405313
sprsound2022,validation_select,Normal,553,786,0.7035623409669212,0.003616636528028933,0.20848863582615135
sprsound2022,validation_select,Normal,554,786,0.7048346055979644,0.0036101083032490976,0.20924777151343488
sprsound2022,validation_select,Normal,555,786,0.7061068702290076,0.0036036036036036037,0.21039055028682924
sprsound2022,validation_select,Normal,556,786,0.7073791348600509,0.0035971223021582736,0.21090778360660645
sprsound2022,validation_select,Normal,557,786,0.7086513994910941,0.003590664272890485,0.21667398599145907
sprsound2022,validation_select,Normal,558,786,0.7099236641221374,0.0035842293906810036,0.2174649345795275
sprsound2022,validation_select,Normal,559,786,0.7111959287531806,0.0035778175313059034,0.21981487521297066
sprsound2022,validation_select,Normal,560,786,0.712468193384224,0.0035714285714285713,0.22193736352999635
sprsound2022,validation_select,Normal,561,786,0.7137404580152672,0.0035650623885918,0.225378718011714
sprsound2022,validation_select,Normal,562,786,0.7150127226463104,0.0035587188612099642,0.22584315999860718
sprsound2022,validation_select,Normal,563,786,0.7162849872773537,0.003552397868561279,0.2259781945067197
sprsound2022,validation_select,Normal,564,786,0.7175572519083969,0.0035460992907801418,0.22638195059139335
sprsound2022,validation_select,Normal,565,786,0.7188295165394402,0.0035398230088495575,0.2267296270272057
sprsound2022,validation_select,Normal,566,786,0.7201017811704835,0.0035335689045936395,0.22746849066145908
sprsound2022,validation_select,Normal,567,786,0.7213740458015268,0.003527336860670194,0.22867958572625996
sprsound2022,validation_select,Normal,568,786,0.72264631043257,0.0035211267605633804,0.23071813987617687
sprsound2022,validation_select,Normal,569,786,0.7239185750636132,0.0035149384885764497,0.23254475905510305
sprsound2022,validation_select,Normal,570,786,0.7251908396946565,0.0035087719298245615,0.2340803859638291
sprsound2022,validation_select,Normal,571,786,0.7264631043256997,0.0035026269702276708,0.23652929879871884
sprsound2022,validation_select,Normal,572,786,0.727735368956743,0.005244755244755245,0.23823096283766765
sprsound2022,validation_select,Normal,573,786,0.7290076335877863,0.005235602094240838,0.23989974264020855
sprsound2022,validation_select,Normal,574,786,0.7302798982188295,0.005226480836236934,0.24241125716382023
sprsound2022,validation_select,Normal,575,786,0.7315521628498728,0.0052173913043478265,0.2427331996310112
sprsound2022,validation_select,Normal,576,786,0.732824427480916,0.005208333333333333,0.24293240707126518
sprsound2022,validation_select,Normal,577,786,0.7340966921119593,0.005199306759098787,0.24354947913150443
sprsound2022,validation_select,Normal,578,786,0.7353689567430025,0.005190311418685121,0.246967245436561
sprsound2022,validation_select,Normal,579,786,0.7366412213740458,0.0051813471502590676,0.2492681704268394
sprsound2022,validation_select,Normal,580,786,0.7379134860050891,0.005172413793103448,0.24965657717898734
sprsound2022,validation_select,Normal,581,786,0.7391857506361323,0.0051635111876075735,0.2531246975968789
sprsound2022,validation_select,Normal,582,786,0.7404580152671756,0.005154639175257732,0.25346841380517965
sprsound2022,validation_select,Normal,583,786,0.7417302798982188,0.005145797598627788,0.25349964174567075
sprsound2022,validation_select,Normal,584,786,0.7430025445292621,0.005136986301369863,0.25383613295590013
sprsound2022,validation_select,Normal,585,786,0.7442748091603053,0.005128205128205128,0.25413015989601906
sprsound2022,validation_select,Normal,586,786,0.7455470737913485,0.005119453924914676,0.25841166542952243
sprsound2022,validation_select,Normal,587,786,0.7468193384223919,0.005110732538330494,0.26289712703420426
sprsound2022,validation_select,Normal,588,786,0.7480916030534351,0.00510204081632653,0.26369787705700276
sprsound2022,validation_select,Normal,589,786,0.7493638676844784,0.0050933786078098476,0.26434002445285903
sprsound2022,validation_select,Normal,590,786,0.7506361323155216,0.005084745762711864,0.26719960185500435
sprsound2022,validation_select,Normal,591,786,0.7519083969465649,0.005076142131979695,0.2795949269600783
sprsound2022,validation_select,Normal,592,786,0.7531806615776081,0.005067567567567568,0.28346013254576385
sprsound2022,validation_select,Normal,593,786,0.7544529262086515,0.00505902192242833,0.28479975148241987
sprsound2022,validation_select,Normal,594,786,0.7557251908396947,0.005050505050505051,0.287597581842779
sprsound2022,validation_select,Normal,595,786,0.7569974554707379,0.005042016806722689,0.29192021474681507
sprsound2022,validation_select,Normal,596,786,0.7582697201017812,0.0050335570469798654,0.29742940795172207
sprsound2022,validation_select,Normal,597,786,0.7595419847328244,0.005025125628140704,0.2993650902426236
sprsound2022,validation_select,Normal,598,786,0.7608142493638677,0.005016722408026756,0.3093785965869132
sprsound2022,validation_select,Normal,599,786,0.7620865139949109,0.005008347245409015,0.3131571678401108
sprsound2022,validation_select,Normal,600,786,0.7633587786259542,0.005,0.31333713706642197
sprsound2022,validation_select,Normal,601,786,0.7646310432569975,0.004991680532445923,0.318217970371215
sprsound2022,validation_select,Normal,602,786,0.7659033078880407,0.0049833887043189366,0.32217406241611923
sprsound2022,validation_select,Normal,603,786,0.767175572519084,0.004975124378109453,0.3236694772045224
sprsound2022,validation_select,Normal,604,786,0.7684478371501272,0.004966887417218543,0.3281463009730201
sprsound2022,validation_select,Normal,605,786,0.7697201017811705,0.0049586776859504135,0.33229942581024047
sprsound2022,validation_select,Normal,606,786,0.7709923664122137,0.0049504950495049506,0.33302374018617864
sprsound2022,validation_select,Normal,607,786,0.772264631043257,0.004942339373970346,0.3337236260002961
sprsound2022,validation_select,Normal,608,786,0.7735368956743003,0.004934210526315789,0.3339053227906233
sprsound2022,validation_select,Normal,609,786,0.7748091603053435,0.0049261083743842365,0.3343384956544677
sprsound2022,validation_select,Normal,610,786,0.7760814249363868,0.004918032786885246,0.33743751913269115
sprsound2022,validation_select,Normal,611,786,0.77735368956743,0.004909983633387889,0.3388673663408239
sprsound2022,validation_select,Normal,612,786,0.7786259541984732,0.004901960784313725,0.3438037883280068
sprsound2022,validation_select,Normal,613,786,0.7798982188295165,0.004893964110929853,0.3440642996782531
sprsound2022,validation_select,Normal,614,786,0.7811704834605598,0.004885993485342019,0.35061365892669794
sprsound2022,validation_select,Normal,615,786,0.7824427480916031,0.004878048780487805,0.3603118327666246
sprsound2022,validation_select,Normal,616,786,0.7837150127226463,0.00487012987012987,0.36380603438811926
sprsound2022,validation_select,Normal,617,786,0.7849872773536896,0.004862236628849271,0.36476967939101673
sprsound2022,validation_select,Normal,618,786,0.7862595419847328,0.0048543689320388345,0.3680151869145034
sprsound2022,validation_select,Normal,619,786,0.787531806615776,0.004846526655896607,0.37088211914147484
sprsound2022,validation_select,Normal,620,786,0.7888040712468194,0.004838709677419355,0.37714776986840504
sprsound2022,validation_select,Normal,621,786,0.7900763358778626,0.004830917874396135,0.3786694320758208
sprsound2022,validation_select,Normal,622,786,0.7913486005089059,0.00482315112540193,0.38077388529019535
sprsound2022,validation_select,Normal,623,786,0.7926208651399491,0.004815409309791332,0.38517405179228664
sprsound2022,validation_select,Normal,624,786,0.7938931297709924,0.004807692307692308,0.3857195972568553
sprsound2022,validation_select,Normal,625,786,0.7951653944020356,0.0048,0.38797050408222933
sprsound2022,validation_select,Normal,626,786,0.7964376590330788,0.004792332268370607,0.3883628354516156
sprsound2022,validation_select,Normal,627,786,0.7977099236641222,0.004784688995215311,0.39175082127733335
sprsound2022,validation_select,Normal,628,786,0.7989821882951654,0.004777070063694267,0.3979772976919533
sprsound2022,validation_select,Normal,629,786,0.8002544529262087,0.0047694753577106515,0.39877532177424724
sprsound2022,validation_select,Normal,630,786,0.8015267175572519,0.004761904761904762,0.40595200009699234
sprsound2022,validation_select,Normal,631,786,0.8027989821882952,0.004754358161648178,0.41802019762484055
sprsound2022,validation_select,Normal,632,786,0.8040712468193384,0.004746835443037975,0.41839039999866234
sprsound2022,validation_select,Normal,633,786,0.8053435114503816,0.004739336492890996,0.4239561628965713
sprsound2022,validation_select,Normal,634,786,0.806615776081425,0.00473186119873817,0.4321479089287668
sprsound2022,validation_select,Normal,635,786,0.8078880407124682,0.004724409448818898,0.44484302761613
sprsound2022,validation_select,Normal,636,786,0.8091603053435115,0.0047169811320754715,0.44488749605226907
sprsound2022,validation_select,Normal,637,786,0.8104325699745547,0.004709576138147566,0.4516306425515648
sprsound2022,validation_select,Normal,638,786,0.811704834605598,0.004702194357366771,0.45709159909537805
sprsound2022,validation_select,Normal,639,786,0.8129770992366412,0.004694835680751174,0.45794013537960243
sprsound2022,validation_select,Normal,640,786,0.8142493638676844,0.0046875,0.4628724771884601
sprsound2022,validation_select,Normal,641,786,0.8155216284987278,0.0046801872074883,0.46478715682256727
sprsound2022,validation_select,Normal,642,786,0.816793893129771,0.004672897196261682,0.47280898152812834
sprsound2022,validation_select,Normal,643,786,0.8180661577608143,0.004665629860031105,0.47605817855574273
sprsound2022,validation_select,Normal,644,786,0.8193384223918575,0.004658385093167702,0.4835487641669609
sprsound2022,validation_select,Normal,645,786,0.8206106870229007,0.004651162790697674,0.48681402135989366
sprsound2022,validation_select,Normal,646,786,0.821882951653944,0.0046439628482972135,0.4899724828174026
sprsound2022,validation_select,Normal,647,786,0.8231552162849872,0.00463678516228748,0.49107494460309636
sprsound2022,validation_select,Normal,648,786,0.8244274809160306,0.004629629629629629,0.49692157739813847
sprsound2022,validation_select,Normal,649,786,0.8256997455470738,0.004622496147919877,0.5016585955647371
sprsound2022,validation_select,Normal,650,786,0.8269720101781171,0.004615384615384616,0.5067863184204775
sprsound2022,validation_select,Normal,651,786,0.8282442748091603,0.004608294930875576,0.507343170239483
sprsound2022,validation_select,Normal,652,786,0.8295165394402035,0.004601226993865031,0.5080325185604945
sprsound2022,validation_select,Normal,653,786,0.8307888040712468,0.004594180704441042,0.5103408664845883
sprsound2022,validation_select,Normal,654,786,0.8320610687022901,0.0045871559633027525,0.5251741114438994
sprsound2022,validation_select,Normal,655,786,0.8333333333333334,0.004580152671755725,0.5264981364000827
sprsound2022,validation_select,Normal,656,786,0.8346055979643766,0.004573170731707317,0.5343360192113502
sprsound2022,validation_select,Normal,657,786,0.8358778625954199,0.0045662100456621,0.538566433339828
sprsound2022,validation_select,Normal,658,786,0.8371501272264631,0.004559270516717325,0.5554732771251792
sprsound2022,validation_select,Normal,659,786,0.8384223918575063,0.004552352048558422,0.5564639083229487
sprsound2022,validation_select,Normal,660,786,0.8396946564885496,0.004545454545454545,0.5621238147749837
sprsound2022,validation_select,Normal,661,786,0.8409669211195929,0.0045385779122541605,0.5669401048909767
sprsound2022,validation_select,Normal,662,786,0.8422391857506362,0.004531722054380665,0.5747363542513549
sprsound2022,validation_select,Normal,663,786,0.8435114503816794,0.004524886877828055,0.5848893923730315
sprsound2022,validation_select,Normal,664,786,0.8447837150127226,0.004518072289156626,0.5877211715104707
sprsound2022,validation_select,Normal,665,786,0.8460559796437659,0.004511278195488722,0.591468873332488
sprsound2022,validation_select,Normal,666,786,0.8473282442748091,0.0045045045045045045,0.595145988556181
sprsound2022,validation_select,Normal,667,786,0.8486005089058524,0.004497751124437781,0.5997592521712362
sprsound2022,validation_select,Normal,668,786,0.8498727735368957,0.005988023952095809,0.6046613759362376
sprsound2022,validation_select,Normal,669,786,0.851145038167939,0.005979073243647235,0.6219921202670808
sprsound2022,validation_select,Normal,670,786,0.8524173027989822,0.005970149253731343,0.623044003000535
sprsound2022,validation_select,Normal,671,786,0.8536895674300254,0.005961251862891207,0.6246695125574817
sprsound2022,validation_select,Normal,672,786,0.8549618320610687,0.005952380952380952,0.6250864503447771
sprsound2022,validation_select,Normal,673,786,0.8562340966921119,0.005943536404160475,0.6254625548185513
sprsound2022,validation_select,Normal,674,786,0.8575063613231552,0.005934718100890208,0.6271639023531536
sprsound2022,validation_select,Normal,675,786,0.8587786259541985,0.005925925925925926,0.6285739285095484
sprsound2022,validation_select,Normal,676,786,0.8600508905852418,0.005917159763313609,0.6325208418001618
sprsound2022,validation_select,Normal,677,786,0.861323155216285,0.005908419497784343,0.6362077153566031
sprsound2022,validation_select,Normal,678,786,0.8625954198473282,0.0058997050147492625,0.6447683917533285
sprsound2022,validation_select,Normal,679,786,0.8638676844783715,0.005891016200294551,0.6614249363467327
sprsound2022,validation_select,Normal,680,786,0.8651399491094147,0.0058823529411764705,0.6705284854064818
sprsound2022,validation_select,Normal,681,786,0.8664122137404581,0.005873715124816446,0.6748367655612906
sprsound2022,validation_select,Normal,682,786,0.8676844783715013,0.007331378299120235,0.6778252867135219
sprsound2022,validation_select,Normal,683,786,0.8689567430025446,0.007320644216691069,0.6798113291673132
sprsound2022,validation_select,Normal,684,786,0.8702290076335878,0.007309941520467836,0.6897897034842411
sprsound2022,validation_select,Normal,685,786,0.871501272264631,0.0072992700729927005,0.6938244049491288
sprsound2022,validation_select,Normal,686,786,0.8727735368956743,0.007288629737609329,0.6968947310282392
sprsound2022,validation_select,Normal,687,786,0.8740458015267175,0.00727802037845706,0.7148991951023135
sprsound2022,validation_select,Normal,688,786,0.8753180661577609,0.007267441860465116,0.7155823913831734
sprsound2022,validation_select,Normal,689,786,0.8765903307888041,0.00725689404934688,0.7195628305050181
sprsound2022,validation_select,Normal,690,786,0.8778625954198473,0.007246376811594203,0.7321870815050253
sprsound2022,validation_select,Normal,691,786,0.8791348600508906,0.00723589001447178,0.7346355256130236
sprsound2022,validation_select,Normal,692,786,0.8804071246819338,0.0072254335260115606,0.7373895104825637
sprsound2022,validation_select,Normal,693,786,0.8816793893129771,0.007215007215007215,0.7441776822054685
sprsound2022,validation_select,Normal,694,786,0.8829516539440203,0.008645533141210375,0.7530954505116427
sprsound2022,validation_select,Normal,695,786,0.8842239185750637,0.008633093525179856,0.7574809875847278
sprsound2022,validation_select,Normal,696,786,0.8854961832061069,0.008620689655172414,0.7614749005608683
sprsound2022,validation_select,Normal,697,786,0.8867684478371501,0.00860832137733142,0.7642226638422198
sprsound2022,validation_select,Normal,698,786,0.8880407124681934,0.008595988538681949,0.7655876884569561
sprsound2022,validation_select,Normal,699,786,0.8893129770992366,0.008583690987124463,0.7721073480926566
sprsound2022,validation_select,Normal,700,786,0.8905852417302799,0.008571428571428572,0.7791803051737662
sprsound2022,validation_select,Normal,701,786,0.8918575063613231,0.008559201141226819,0.7819694894686324
sprsound2022,validation_select,Normal,702,786,0.8931297709923665,0.008547008547008548,0.7844946867552173
sprsound2022,validation_select,Normal,703,786,0.8944020356234097,0.008534850640113799,0.7921354086533535
sprsound2022,validation_select,Normal,704,786,0.8956743002544529,0.008522727272727272,0.8027921522401625
sprsound2022,validation_select,Normal,705,786,0.8969465648854962,0.00851063829787234,0.8159099924986511
sprsound2022,validation_select,Normal,706,786,0.8982188295165394,0.0084985835694051,0.8170221569638918
sprsound2022,validation_select,Normal,707,786,0.8994910941475827,0.008486562942008486,0.8198658233303924
sprsound2022,validation_select,Normal,708,786,0.9007633587786259,0.00847457627118644,0.8213001362502469
sprsound2022,validation_select,Normal,709,786,0.9020356234096693,0.00846262341325811,0.8422304043518642
sprsound2022,validation_select,Normal,710,786,0.9033078880407125,0.008450704225352112,0.8433513119467038
sprsound2022,validation_select,Normal,711,786,0.9045801526717557,0.008438818565400843,0.8463140778425645
sprsound2022,validation_select,Normal,712,786,0.905852417302799,0.008426966292134831,0.846620661673619
sprsound2022,validation_select,Normal,713,786,0.9071246819338422,0.008415147265077139,0.8515192143889107
sprsound2022,validation_select,Normal,714,786,0.9083969465648855,0.008403361344537815,0.8580282000009817
sprsound2022,validation_select,Normal,715,786,0.9096692111959288,0.008391608391608392,0.8619257161187601
sprsound2022,validation_select,Normal,716,786,0.910941475826972,0.008379888268156424,0.8642205274610895
sprsound2022,validation_select,Normal,717,786,0.9122137404580153,0.008368200836820083,0.8674612634511119
sprsound2022,validation_select,Normal,718,786,0.9134860050890585,0.008356545961002786,0.8751099786211082
sprsound2022,validation_select,Normal,719,786,0.9147582697201018,0.009735744089012517,0.876000930341357
sprsound2022,validation_select,Normal,720,786,0.916030534351145,0.011111111111111112,0.8797957068639528
sprsound2022,validation_select,Normal,721,786,0.9173027989821882,0.011095700416088766,0.8830788573108626
sprsound2022,validation_select,Normal,722,786,0.9185750636132316,0.012465373961218837,0.886894718121665
sprsound2022,validation_select,Normal,723,786,0.9198473282442748,0.013831258644536652,0.887551014104896
sprsound2022,validation_select,Normal,724,786,0.9211195928753181,0.015193370165745856,0.8895914059096371
sprsound2022,validation_select,Normal,725,786,0.9223918575063613,0.015172413793103448,0.8932013518485367
sprsound2022,validation_select,Normal,726,786,0.9236641221374046,0.015151515151515152,0.8945623071136203
sprsound2022,validation_select,Normal,727,786,0.9249363867684478,0.016506189821182942,0.8985459085962848
sprsound2022,validation_select,Normal,728,786,0.926208651399491,0.016483516483516484,0.8986025482216267
sprsound2022,validation_select,Normal,729,786,0.9274809160305344,0.01783264746227709,0.9056375661035386
sprsound2022,validation_select,Normal,730,786,0.9287531806615776,0.019178082191780823,0.9063697106185757
sprsound2022,validation_select,Normal,731,786,0.9300254452926209,0.019151846785225718,0.9123954525751041
sprsound2022,validation_select,Normal,732,786,0.9312977099236641,0.01912568306010929,0.9162881237711521
sprsound2022,validation_select,Normal,733,786,0.9325699745547074,0.020463847203274217,0.9212970321797431
sprsound2022,validation_select,Normal,734,786,0.9338422391857506,0.020435967302452316,0.92233184738735
sprsound2022,validation_select,Normal,735,786,0.9351145038167938,0.02040816326530612,0.9231498098156904
sprsound2022,validation_select,Normal,736,786,0.9363867684478372,0.020380434782608696,0.923332438191411
sprsound2022,validation_select,Normal,737,786,0.9376590330788804,0.0203527815468114,0.9242521308043457
sprsound2022,validation_select,Normal,738,786,0.9389312977099237,0.02168021680216802,0.9258263204235523
sprsound2022,validation_select,Normal,739,786,0.9402035623409669,0.02165087956698241,0.9271513724418388
sprsound2022,validation_select,Normal,740,786,0.9414758269720102,0.022972972972972974,0.928495033968739
sprsound2022,validation_select,Normal,741,786,0.9427480916030534,0.022941970310391364,0.92960733959205
sprsound2022,validation_select,Normal,742,786,0.9440203562340967,0.022911051212938006,0.9338699081779377
sprsound2022,validation_select,Normal,743,786,0.94529262086514,0.02288021534320323,0.9366128583987192
sprsound2022,validation_select,Normal,744,786,0.9465648854961832,0.0228494623655914,0.9368653644063459
sprsound2022,validation_select,Normal,745,786,0.9478371501272265,0.022818791946308724,0.9371184998080164
sprsound2022,validation_select,Normal,746,786,0.9491094147582697,0.022788203753351208,0.940090782751189
sprsound2022,validation_select,Normal,747,786,0.950381679389313,0.022757697456492636,0.9482207723617245
sprsound2022,validation_select,Normal,748,786,0.9516539440203562,0.02406417112299465,0.9486260308219219
sprsound2022,validation_select,Normal,749,786,0.9529262086513995,0.025367156208277702,0.9520130352910205
sprsound2022,validation_select,Normal,750,786,0.9541984732824428,0.02666666666666667,0.9523212347858098
sprsound2022,validation_select,Normal,751,786,0.955470737913486,0.02663115845539281,0.9579859980387807
sprsound2022,validation_select,Normal,752,786,0.9567430025445293,0.026595744680851064,0.9597755074815933
sprsound2022,validation_select,Normal,753,786,0.9580152671755725,0.02656042496679947,0.9670113497424636
sprsound2022,validation_select,Normal,754,786,0.9592875318066157,0.026525198938992044,0.9673444222110771
sprsound2022,validation_select,Normal,755,786,0.960559796437659,0.02781456953642384,0.9712257339964201
sprsound2022,validation_select,Normal,756,786,0.9618320610687023,0.0291005291005291,0.9718629362822845
sprsound2022,validation_select,Normal,757,786,0.9631043256997456,0.02906208718626156,0.9726003368915896
sprsound2022,validation_select,Normal,758,786,0.9643765903307888,0.029023746701846966,0.9739853190080769
sprsound2022,validation_select,Normal,759,786,0.9656488549618321,0.028985507246376812,0.9759154429019372
sprsound2022,validation_select,Normal,760,786,0.9669211195928753,0.030263157894736843,0.9764871869205255
sprsound2022,validation_select,Normal,761,786,0.9681933842239185,0.030223390275952694,0.9786606301225991
sprsound2022,validation_select,Normal,762,786,0.9694656488549618,0.031496062992125984,0.979643534640237
sprsound2022,validation_select,Normal,763,786,0.9707379134860051,0.03145478374836173,0.9824147735850954
sprsound2022,validation_select,Normal,764,786,0.9720101781170484,0.031413612565445025,0.9833578951576979
sprsound2022,validation_select,Normal,765,786,0.9732824427480916,0.03137254901960784,0.9839629544361
sprsound2022,validation_select,Normal,766,786,0.9745547073791349,0.031331592689295036,0.9844389546264403
sprsound2022,validation_select,Normal,767,786,0.9758269720101781,0.03259452411994785,0.9863474369723496
sprsound2022,validation_select,Normal,768,786,0.9770992366412213,0.032552083333333336,0.9869771155265883
sprsound2022,validation_select,Normal,769,786,0.9783715012722646,0.033810143042912875,0.9875098072474722
sprsound2022,validation_select,Normal,770,786,0.9796437659033079,0.033766233766233764,0.9875562014470087
sprsound2022,validation_select,Normal,771,786,0.9809160305343512,0.03501945525291829,0.9876987162167175
sprsound2022,validation_select,Normal,772,786,0.9821882951653944,0.03626943005181347,0.9878490710500172
sprsound2022,validation_select,Normal,773,786,0.9834605597964376,0.03622250970245795,0.9895719250345779
sprsound2022,validation_select,Normal,774,786,0.9847328244274809,0.03617571059431524,0.9897157321019456
sprsound2022,validation_select,Normal,775,786,0.9860050890585241,0.03741935483870968,0.9918908709808218
sprsound2022,validation_select,Normal,776,786,0.9872773536895675,0.037371134020618556,0.9923002673136541
sprsound2022,validation_select,Normal,777,786,0.9885496183206107,0.03732303732303732,0.992535682610935
sprsound2022,validation_select,Normal,778,786,0.989821882951654,0.037275064267352186,0.9945284574656914
sprsound2022,validation_select,Normal,779,786,0.9910941475826972,0.038510911424903725,0.9982548384486281
sprsound2022,validation_select,Normal,780,786,0.9923664122137404,0.03974358974358974,0.9988201887929861
sprsound2022,validation_select,Normal,781,786,0.9936386768447837,0.040973111395646605,0.9992455858159215
sprsound2022,validation_select,Normal,782,786,0.9949109414758269,0.04219948849104859,0.9996388124177805
sprsound2022,validation_select,Normal,783,786,0.9961832061068703,0.0421455938697318,0.9997372645518544
sprsound2022,validation_select,Normal,784,786,0.9974554707379135,0.042091836734693876,0.999763821623363
sprsound2022,validation_select,Normal,785,786,0.9987277353689568,0.04203821656050955,0.9999205918862923
sprsound2022,validation_select,Normal,786,786,1.0,0.043256997455470736,0.9999761025990996
sprsound2022,validation_select,Adventitious,1,227,0.004405286343612335,0.0,0.012344248509376122
sprsound2022,validation_select,Adventitious,2,227,0.00881057268722467,0.0,0.017254154488470813
sprsound2022,validation_select,Adventitious,3,227,0.013215859030837005,0.0,0.02066818524362482
sprsound2022,validation_select,Adventitious,4,227,0.01762114537444934,0.0,0.020863072888013662
sprsound2022,validation_select,Adventitious,5,227,0.022026431718061675,0.0,0.023854733189711676
sprsound2022,validation_select,Adventitious,6,227,0.02643171806167401,0.0,0.0268287254708374
sprsound2022,validation_select,Adventitious,7,227,0.030837004405286344,0.0,0.027044318459253095
sprsound2022,validation_select,Adventitious,8,227,0.03524229074889868,0.0,0.028224011477463565
sprsound2022,validation_select,Adventitious,9,227,0.039647577092511016,0.0,0.029845511049871407
sprsound2022,validation_select,Adventitious,10,227,0.04405286343612335,0.0,0.03146470037247785
sprsound2022,validation_select,Adventitious,11,227,0.048458149779735685,0.0,0.03266168162978712
sprsound2022,validation_select,Adventitious,12,227,0.05286343612334802,0.0,0.0343065353286193
sprsound2022,validation_select,Adventitious,13,227,0.05726872246696035,0.0,0.034441516453586174
sprsound2022,validation_select,Adventitious,14,227,0.06167400881057269,0.0,0.03469610936854522
sprsound2022,validation_select,Adventitious,15,227,0.06607929515418502,0.0,0.03489333105568651
sprsound2022,validation_select,Adventitious,16,227,0.07048458149779736,0.0,0.035598143537488226
sprsound2022,validation_select,Adventitious,17,227,0.07488986784140969,0.0,0.03723092032218147
sprsound2022,validation_select,Adventitious,18,227,0.07929515418502203,0.0,0.03851050262640601
sprsound2022,validation_select,Adventitious,19,227,0.08370044052863436,0.0,0.03929201923048701
sprsound2022,validation_select,Adventitious,20,227,0.0881057268722467,0.0,0.03998382089401445
sprsound2022,validation_select,Adventitious,21,227,0.09251101321585903,0.0,0.04142180448499902
sprsound2022,validation_select,Adventitious,22,227,0.09691629955947137,0.0,0.04150503394067079
sprsound2022,validation_select,Adventitious,23,227,0.1013215859030837,0.0,0.042876072517342934
sprsound2022,validation_select,Adventitious,24,227,0.10572687224669604,0.0,0.042953895071289834
sprsound2022,validation_select,Adventitious,25,227,0.11013215859030837,0.0,0.04368234658353423
sprsound2022,validation_select,Adventitious,26,227,0.1145374449339207,0.0,0.04795140363558336
sprsound2022,validation_select,Adventitious,27,227,0.11894273127753303,0.0,0.048121083682611206
sprsound2022,validation_select,Adventitious,28,227,0.12334801762114538,0.0,0.04989150667675437
sprsound2022,validation_select,Adventitious,29,227,0.1277533039647577,0.0,0.051662014865848385
sprsound2022,validation_select,Adventitious,30,227,0.13215859030837004,0.0,0.05177504293571097
sprsound2022,validation_select,Adventitious,31,227,0.13656387665198239,0.0,0.05298930161250625
sprsound2022,validation_select,Adventitious,32,227,0.14096916299559473,0.0,0.05332653451670092
sprsound2022,validation_select,Adventitious,33,227,0.14537444933920704,0.0,0.05405540998953715
sprsound2022,validation_select,Adventitious,34,227,0.14977973568281938,0.0,0.05414758519754478
sprsound2022,validation_select,Adventitious,35,227,0.15418502202643172,0.0,0.05618273261237963
sprsound2022,validation_select,Adventitious,36,227,0.15859030837004406,0.0,0.05744134392474731
sprsound2022,validation_select,Adventitious,37,227,0.16299559471365638,0.0,0.05885281813680418
sprsound2022,validation_select,Adventitious,38,227,0.16740088105726872,0.0,0.06046847917571793
sprsound2022,validation_select,Adventitious,39,227,0.17180616740088106,0.0,0.061634016329755285
sprsound2022,validation_select,Adventitious,40,227,0.1762114537444934,0.0,0.06206894913133849
sprsound2022,validation_select,Adventitious,41,227,0.18061674008810572,0.0,0.0634331148533586
sprsound2022,validation_select,Adventitious,42,227,0.18502202643171806,0.0,0.06385442909602561
sprsound2022,validation_select,Adventitious,43,227,0.1894273127753304,0.0,0.06746404666183627
sprsound2022,validation_select,Adventitious,44,227,0.19383259911894274,0.0,0.06813888734096528
sprsound2022,validation_select,Adventitious,45,227,0.19823788546255505,0.0,0.07101552713172833
sprsound2022,validation_select,Adventitious,46,227,0.2026431718061674,0.0,0.07102939700267336
sprsound2022,validation_select,Adventitious,47,227,0.20704845814977973,0.0,0.07142038312680923
sprsound2022,validation_select,Adventitious,48,227,0.21145374449339208,0.0,0.07191864046059643
sprsound2022,validation_select,Adventitious,49,227,0.21585903083700442,0.0,0.07514789649417401
sprsound2022,validation_select,Adventitious,50,227,0.22026431718061673,0.0,0.07530392439175393
sprsound2022,validation_select,Adventitious,51,227,0.22466960352422907,0.0196078431372549,0.07655129940013371
sprsound2022,validation_select,Adventitious,52,227,0.2290748898678414,0.019230769230769232,0.07843559819598138
sprsound2022,validation_select,Adventitious,53,227,0.23348017621145375,0.018867924528301886,0.0790059433575542
sprsound2022,validation_select,Adventitious,54,227,0.23788546255506607,0.018518518518518517,0.07905268179449905
sprsound2022,validation_select,Adventitious,55,227,0.2422907488986784,0.01818181818181818,0.08014641216237318
sprsound2022,validation_select,Adventitious,56,227,0.24669603524229075,0.017857142857142856,0.08112875976109087
sprsound2022,validation_select,Adventitious,57,227,0.2511013215859031,0.017543859649122806,0.0823112872191499
sprsound2022,validation_select,Adventitious,58,227,0.2555066079295154,0.017241379310344827,0.08530346560681919
sprsound2022,validation_select,Adventitious,59,227,0.2599118942731278,0.01694915254237288,0.08768205013026023
sprsound2022,validation_select,Adventitious,60,227,0.2643171806167401,0.016666666666666666,0.08768699655405475
sprsound2022,validation_select,Adventitious,61,227,0.2687224669603524,0.01639344262295082,0.08832722735390727
sprsound2022,validation_select,Adventitious,62,227,0.27312775330396477,0.016129032258064516,0.08901194399999922
sprsound2022,validation_select,Adventitious,63,227,0.2775330396475771,0.015873015873015872,0.09040223509843946
sprsound2022,validation_select,Adventitious,64,227,0.28193832599118945,0.015625,0.09074082406521108
sprsound2022,validation_select,Adventitious,65,227,0.28634361233480177,0.015384615384615385,0.0917398489619211
sprsound2022,validation_select,Adventitious,66,227,0.2907488986784141,0.015151515151515152,0.09398039626602801
sprsound2022,validation_select,Adventitious,67,227,0.29515418502202645,0.014925373134328358,0.09552150052213015
sprsound2022,validation_select,Adventitious,68,227,0.29955947136563876,0.014705882352941176,0.0964989469408923
sprsound2022,validation_select,Adventitious,69,227,0.3039647577092511,0.014492753623188406,0.0965253009033813
sprsound2022,validation_select,Adventitious,70,227,0.30837004405286345,0.014285714285714285,0.09686105778691609
sprsound2022,validation_select,Adventitious,71,227,0.31277533039647576,0.014084507042253521,0.09700103297361008
sprsound2022,validation_select,Adventitious,72,227,0.31718061674008813,0.013888888888888888,0.09980744587301044
sprsound2022,validation_select,Adventitious,73,227,0.32158590308370044,0.0136986301369863,0.10283656961699361
sprsound2022,validation_select,Adventitious,74,227,0.32599118942731276,0.013513513513513514,0.10314544651787685
sprsound2022,validation_select,Adventitious,75,227,0.3303964757709251,0.013333333333333334,0.10605730022933177
sprsound2022,validation_select,Adventitious,76,227,0.33480176211453744,0.013157894736842105,0.10909859739394115
sprsound2022,validation_select,Adventitious,77,227,0.3392070484581498,0.012987012987012988,0.11533437004329325
sprsound2022,validation_select,Adventitious,78,227,0.3436123348017621,0.01282051282051282,0.11546979115405984
sprsound2022,validation_select,Adventitious,79,227,0.34801762114537443,0.012658227848101266,0.12016470634777182
sprsound2022,validation_select,Adventitious,80,227,0.3524229074889868,0.0125,0.12205727155027526
sprsound2022,validation_select,Adventitious,81,227,0.3568281938325991,0.012345679012345678,0.12219967677039044
sprsound2022,validation_select,Adventitious,82,227,0.36123348017621143,0.012195121951219513,0.12764838749539836
sprsound2022,validation_select,Adventitious,83,227,0.3656387665198238,0.012048192771084338,0.12907416098329993
sprsound2022,validation_select,Adventitious,84,227,0.3700440528634361,0.011904761904761904,0.1402285605103559
sprsound2022,validation_select,Adventitious,85,227,0.3744493392070485,0.011764705882352941,0.14292994098204867
sprsound2022,validation_select,Adventitious,86,227,0.3788546255506608,0.011627906976744186,0.14501655134514174
sprsound2022,validation_select,Adventitious,87,227,0.3832599118942731,0.011494252873563218,0.1461813630337967
sprsound2022,validation_select,Adventitious,88,227,0.3876651982378855,0.011363636363636364,0.1505553765996488
sprsound2022,validation_select,Adventitious,89,227,0.3920704845814978,0.011235955056179775,0.15256471856345924
sprsound2022,validation_select,Adventitious,90,227,0.3964757709251101,0.011111111111111112,0.15341598079164823
sprsound2022,validation_select,Adventitious,91,227,0.4008810572687225,0.01098901098901099,0.15345190931030428
sprsound2022,validation_select,Adventitious,92,227,0.4052863436123348,0.010869565217391304,0.15779808014216665
sprsound2022,validation_select,Adventitious,93,227,0.40969162995594716,0.010752688172043012,0.1586555473256764
sprsound2022,validation_select,Adventitious,94,227,0.41409691629955947,0.02127659574468085,0.16023644538383275
sprsound2022,validation_select,Adventitious,95,227,0.4185022026431718,0.021052631578947368,0.16281267910226574
sprsound2022,validation_select,Adventitious,96,227,0.42290748898678415,0.020833333333333332,0.1633405462272454
sprsound2022,validation_select,Adventitious,97,227,0.42731277533039647,0.020618556701030927,0.1657482862621993
sprsound2022,validation_select,Adventitious,98,227,0.43171806167400884,0.02040816326530612,0.16578380075600574
sprsound2022,validation_select,Adventitious,99,227,0.43612334801762115,0.020202020202020204,0.16633510969883608
sprsound2022,validation_select,Adventitious,100,227,0.44052863436123346,0.02,0.16701638944972227
sprsound2022,validation_select,Adventitious,101,227,0.44493392070484583,0.0297029702970297,0.17457153017703728
sprsound2022,validation_select,Adventitious,102,227,0.44933920704845814,0.029411764705882353,0.18274173070950073
sprsound2022,validation_select,Adventitious,103,227,0.45374449339207046,0.02912621359223301,0.18745916509827928
sprsound2022,validation_select,Adventitious,104,227,0.4581497797356828,0.028846153846153848,0.1973709608544606
sprsound2022,validation_select,Adventitious,105,227,0.46255506607929514,0.02857142857142857,0.19871635871695878
sprsound2022,validation_select,Adventitious,106,227,0.4669603524229075,0.02830188679245283,0.1987217960524905
sprsound2022,validation_select,Adventitious,107,227,0.4713656387665198,0.028037383177570093,0.20362362349156063
sprsound2022,validation_select,Adventitious,108,227,0.47577092511013214,0.027777777777777776,0.20813742018876244
sprsound2022,validation_select,Adventitious,109,227,0.4801762114537445,0.027522935779816515,0.21170850168661193
sprsound2022,validation_select,Adventitious,110,227,0.4845814977973568,0.02727272727272727,0.21699074105399577
sprsound2022,validation_select,Adventitious,111,227,0.4889867841409692,0.02702702702702703,0.2206865269807477
sprsound2022,validation_select,Adventitious,112,227,0.4933920704845815,0.026785714285714284,0.2321312829207278
sprsound2022,validation_select,Adventitious,113,227,0.4977973568281938,0.02654867256637168,0.23467516565054863
sprsound2022,validation_select,Adventitious,114,227,0.5022026431718062,0.02631578947368421,0.23899526577703642
sprsound2022,validation_select,Adventitious,115,227,0.5066079295154186,0.02608695652173913,0.240922904627702
sprsound2022,validation_select,Adventitious,116,227,0.5110132158590308,0.02586206896551724,0.2420424881971715
sprsound2022,validation_select,Adventitious,117,227,0.5154185022026432,0.02564102564102564,0.2480022960550009
sprsound2022,validation_select,Adventitious,118,227,0.5198237885462555,0.025423728813559324,0.2534043160929035
sprsound2022,validation_select,Adventitious,119,227,0.5242290748898678,0.025210084033613446,0.26798044705969654
sprsound2022,validation_select,Adventitious,120,227,0.5286343612334802,0.025,0.2762242002930962
sprsound2022,validation_select,Adventitious,121,227,0.5330396475770925,0.03305785123966942,0.2763809916995273
sprsound2022,validation_select,Adventitious,122,227,0.5374449339207048,0.03278688524590164,0.2789610065692529
sprsound2022,validation_select,Adventitious,123,227,0.5418502202643172,0.032520325203252036,0.28915507284204095
sprsound2022,validation_select,Adventitious,124,227,0.5462555066079295,0.03225806451612903,0.293009291257909
sprsound2022,validation_select,Adventitious,125,227,0.5506607929515418,0.04,0.2936243507301234
sprsound2022,validation_select,Adventitious,126,227,0.5550660792951542,0.03968253968253968,0.2980882891446145
sprsound2022,validation_select,Adventitious,127,227,0.5594713656387665,0.047244094488188976,0.3135975411777774
sprsound2022,validation_select,Adventitious,128,227,0.5638766519823789,0.046875,0.3205730244456371
sprsound2022,validation_select,Adventitious,129,227,0.5682819383259912,0.046511627906976744,0.32871234625741136
sprsound2022,validation_select,Adventitious,130,227,0.5726872246696035,0.046153846153846156,0.3297294365744074
sprsound2022,validation_select,Adventitious,131,227,0.5770925110132159,0.04580152671755725,0.3299170914244646
sprsound2022,validation_select,Adventitious,132,227,0.5814977973568282,0.045454545454545456,0.3325485905779771
sprsound2022,validation_select,Adventitious,133,227,0.5859030837004405,0.045112781954887216,0.33324733928818684
sprsound2022,validation_select,Adventitious,134,227,0.5903083700440529,0.04477611940298507,0.33713396458053946
sprsound2022,validation_select,Adventitious,135,227,0.5947136563876652,0.044444444444444446,0.343765102707061
sprsound2022,validation_select,Adventitious,136,227,0.5991189427312775,0.04411764705882353,0.34628665333632086
sprsound2022,validation_select,Adventitious,137,227,0.6035242290748899,0.051094890510948905,0.34743117820046515
sprsound2022,validation_select,Adventitious,138,227,0.6079295154185022,0.050724637681159424,0.3558857261900872
sprsound2022,validation_select,Adventitious,139,227,0.6123348017621145,0.050359712230215826,0.3589673704108627
sprsound2022,validation_select,Adventitious,140,227,0.6167400881057269,0.05,0.38294308268486055
sprsound2022,validation_select,Adventitious,141,227,0.6211453744493393,0.05673758865248227,0.39218941051597617
sprsound2022,validation_select,Adventitious,142,227,0.6255506607929515,0.056338028169014086,0.40700236500523573
sprsound2022,validation_select,Adventitious,143,227,0.6299559471365639,0.055944055944055944,0.40905042468338526
sprsound2022,validation_select,Adventitious,144,227,0.6343612334801763,0.05555555555555555,0.4099420387400457
sprsound2022,validation_select,Adventitious,145,227,0.6387665198237885,0.05517241379310345,0.4257284027587902
sprsound2022,validation_select,Adventitious,146,227,0.6431718061674009,0.0547945205479452,0.43158322517438413
sprsound2022,validation_select,Adventitious,147,227,0.6475770925110133,0.05442176870748299,0.4336527161615518
sprsound2022,validation_select,Adventitious,148,227,0.6519823788546255,0.05405405405405406,0.4373889258297441
sprsound2022,validation_select,Adventitious,149,227,0.6563876651982379,0.06040268456375839,0.4398388960331951
sprsound2022,validation_select,Adventitious,150,227,0.6607929515418502,0.06,0.4472626415511017
sprsound2022,validation_select,Adventitious,151,227,0.6651982378854625,0.059602649006622516,0.453871145864815
sprsound2022,validation_select,Adventitious,152,227,0.6696035242290749,0.05921052631578947,0.456434656875566
sprsound2022,validation_select,Adventitious,153,227,0.6740088105726872,0.058823529411764705,0.4575480478380043
sprsound2022,validation_select,Adventitious,154,227,0.6784140969162996,0.06493506493506493,0.46229514143267947
sprsound2022,validation_select,Adventitious,155,227,0.6828193832599119,0.06451612903225806,0.48049422352708815
sprsound2022,validation_select,Adventitious,156,227,0.6872246696035242,0.07051282051282051,0.4836063803616094
sprsound2022,validation_select,Adventitious,157,227,0.6916299559471366,0.07006369426751592,0.4872479987387382
sprsound2022,validation_select,Adventitious,158,227,0.6960352422907489,0.06962025316455696,0.49770617616026064
sprsound2022,validation_select,Adventitious,159,227,0.7004405286343612,0.06918238993710692,0.5011611410517304
sprsound2022,validation_select,Adventitious,160,227,0.7048458149779736,0.06875,0.5039627385717645
sprsound2022,validation_select,Adventitious,161,227,0.7092511013215859,0.06832298136645963,0.5189453549697889
sprsound2022,validation_select,Adventitious,162,227,0.7136563876651982,0.06790123456790123,0.5594056904091964
sprsound2022,validation_select,Adventitious,163,227,0.7180616740088106,0.06748466257668712,0.5687736838957662
sprsound2022,validation_select,Adventitious,164,227,0.7224669603524229,0.06707317073170732,0.5782703481122444
sprsound2022,validation_select,Adventitious,165,227,0.7268722466960352,0.07272727272727272,0.5893662582909337
sprsound2022,validation_select,Adventitious,166,227,0.7312775330396476,0.07228915662650602,0.589948094094178
sprsound2022,validation_select,Adventitious,167,227,0.73568281938326,0.07784431137724551,0.6245254050558504
sprsound2022,validation_select,Adventitious,168,227,0.7400881057268722,0.08333333333333333,0.6315851904884043
sprsound2022,validation_select,Adventitious,169,227,0.7444933920704846,0.08284023668639054,0.6417880197741175
sprsound2022,validation_select,Adventitious,170,227,0.748898678414097,0.08235294117647059,0.6447765390452651
sprsound2022,validation_select,Adventitious,171,227,0.7533039647577092,0.08187134502923976,0.6547974466037645
sprsound2022,validation_select,Adventitious,172,227,0.7577092511013216,0.0872093023255814,0.6619408443531869
sprsound2022,validation_select,Adventitious,173,227,0.762114537444934,0.09248554913294797,0.6628060473233456
sprsound2022,validation_select,Adventitious,174,227,0.7665198237885462,0.09195402298850575,0.6660792640527654
sprsound2022,validation_select,Adventitious,175,227,0.7709251101321586,0.09142857142857143,0.6709208940772621
sprsound2022,validation_select,Adventitious,176,227,0.775330396475771,0.09090909090909091,0.6785245662049909
sprsound2022,validation_select,Adventitious,177,227,0.7797356828193832,0.0903954802259887,0.6822564043367327
sprsound2022,validation_select,Adventitious,178,227,0.7841409691629956,0.0898876404494382,0.6881001536239196
sprsound2022,validation_select,Adventitious,179,227,0.788546255506608,0.09497206703910614,0.6939381735545854
sprsound2022,validation_select,Adventitious,180,227,0.7929515418502202,0.09444444444444444,0.7343703687300499
sprsound2022,validation_select,Adventitious,181,227,0.7973568281938326,0.09944751381215469,0.7377365050014448
sprsound2022,validation_select,Adventitious,182,227,0.801762114537445,0.0989010989010989,0.7424605133894187
sprsound2022,validation_select,Adventitious,183,227,0.8061674008810573,0.09836065573770492,0.7496311601248491
sprsound2022,validation_select,Adventitious,184,227,0.8105726872246696,0.10326086956521739,0.7603160279000629
sprsound2022,validation_select,Adventitious,185,227,0.8149779735682819,0.10270270270270271,0.779338011651276
sprsound2022,validation_select,Adventitious,186,227,0.8193832599118943,0.10215053763440861,0.785422979480215
sprsound2022,validation_select,Adventitious,187,227,0.8237885462555066,0.10160427807486631,0.7876157809084433
sprsound2022,validation_select,Adventitious,188,227,0.8281938325991189,0.10106382978723404,0.7884505916611814
sprsound2022,validation_select,Adventitious,189,227,0.8325991189427313,0.10582010582010581,0.7903579192093302
sprsound2022,validation_select,Adventitious,190,227,0.8370044052863436,0.11052631578947368,0.8048306284748022
sprsound2022,validation_select,Adventitious,191,227,0.8414096916299559,0.11518324607329843,0.8091480317889289
sprsound2022,validation_select,Adventitious,192,227,0.8458149779735683,0.11458333333333333,0.8140423723616708
sprsound2022,validation_select,Adventitious,193,227,0.8502202643171806,0.11917098445595854,0.8175197730201297
sprsound2022,validation_select,Adventitious,194,227,0.8546255506607929,0.12371134020618557,0.8180560698317483
sprsound2022,validation_select,Adventitious,195,227,0.8590308370044053,0.12307692307692308,0.8336448573446432
sprsound2022,validation_select,Adventitious,196,227,0.8634361233480177,0.12244897959183673,0.846889884911505
sprsound2022,validation_select,Adventitious,197,227,0.8678414096916299,0.12690355329949238,0.8548111509324274
sprsound2022,validation_select,Adventitious,198,227,0.8722466960352423,0.12626262626262627,0.8601493928966295
sprsound2022,validation_select,Adventitious,199,227,0.8766519823788547,0.12562814070351758,0.8664075030705712
sprsound2022,validation_select,Adventitious,200,227,0.8810572687224669,0.125,0.8733906308995116
sprsound2022,validation_select,Adventitious,201,227,0.8854625550660793,0.12437810945273632,0.8741952409254999
sprsound2022,validation_select,Adventitious,202,227,0.8898678414096917,0.12871287128712872,0.879271687823893
sprsound2022,validation_select,Adventitious,203,227,0.8942731277533039,0.12807881773399016,0.8836242676157094
sprsound2022,validation_select,Adventitious,204,227,0.8986784140969163,0.12745098039215685,0.8902854223506389
sprsound2022,validation_select,Adventitious,205,227,0.9030837004405287,0.13170731707317074,0.8944623955695825
sprsound2022,validation_select,Adventitious,206,227,0.9074889867841409,0.13106796116504854,0.9024292054954778
sprsound2022,validation_select,Adventitious,207,227,0.9118942731277533,0.13043478260869565,0.9122411790216596
sprsound2022,validation_select,Adventitious,208,227,0.9162995594713657,0.12980769230769232,0.9232110318751854
sprsound2022,validation_select,Adventitious,209,227,0.920704845814978,0.1291866028708134,0.9345146113110631
sprsound2022,validation_select,Adventitious,210,227,0.9251101321585903,0.12857142857142856,0.9355985114830601
sprsound2022,validation_select,Adventitious,211,227,0.9295154185022027,0.13270142180094788,0.9382897834005843
sprsound2022,validation_select,Adventitious,212,227,0.933920704845815,0.1320754716981132,0.9384982744280096
sprsound2022,validation_select,Adventitious,213,227,0.9383259911894273,0.13145539906103287,0.9424642114144505
sprsound2022,validation_select,Adventitious,214,227,0.9427312775330396,0.1308411214953271,0.96706502348018
sprsound2022,validation_select,Adventitious,215,227,0.947136563876652,0.13023255813953488,0.9676832777841052
sprsound2022,validation_select,Adventitious,216,227,0.9515418502202643,0.13425925925925927,0.970034894983101
sprsound2022,validation_select,Adventitious,217,227,0.9559471365638766,0.1382488479262673,0.9730708518760927
sprsound2022,validation_select,Adventitious,218,227,0.960352422907489,0.14220183486238533,0.9747932580302754
sprsound2022,validation_select,Adventitious,219,227,0.9647577092511013,0.1415525114155251,0.9850646742017297
sprsound2022,validation_select,Adventitious,220,227,0.9691629955947136,0.14545454545454545,0.9874947947358
sprsound2022,validation_select,Adventitious,221,227,0.973568281938326,0.1493212669683258,0.9899009693878135
sprsound2022,validation_select,Adventitious,222,227,0.9779735682819384,0.14864864864864866,0.9938445729010968
sprsound2022,validation_select,Adventitious,223,227,0.9823788546255506,0.14798206278026907,0.9976319366242153
sprsound2022,validation_select,Adventitious,224,227,0.986784140969163,0.15178571428571427,0.9985488943007964
sprsound2022,validation_select,Adventitious,225,227,0.9911894273127754,0.15555555555555556,0.9988399852085148
sprsound2022,validation_select,Adventitious,226,227,0.9955947136563876,0.15486725663716813,0.9989713806688875
sprsound2022,validation_select,Adventitious,227,227,1.0,0.15418502202643172,0.9992894701178459
