sample_id,dataset,patient_id,protocol_role,locked,binary_label_id,fine_label_name,event_duration_seconds,target,probability_1_seed20260729,probability_1_seed20260730,probability_1_seed20260731,probability_1,probability_0,prediction
icbhi2017::111_1b2_Tc_sc_Meditron__cycle_000,icbhi2017,icbhi2017::111,calibration,False,0,normal,2.3280000000000003,0,0.31672457,0.13724512,0.29680383,0.25025784,0.74974216,0
icbhi2017::111_1b2_Tc_sc_Meditron__cycle_001,icbhi2017,icbhi2017::111,calibration,False,0,normal,2.6569999999999996,0,0.06729349,0.025687028,0.08741774,0.06013275266666666,0.9398672473333334,0
icbhi2017::111_1b2_Tc_sc_Meditron__cycle_002,icbhi2017,icbhi2017::111,calibration,False,0,normal,2.5570000000000004,0,0.27556908,0.402873,0.3177483,0.33206346,0.66793654,0
icbhi2017::111_1b2_Tc_sc_Meditron__cycle_003,icbhi2017,icbhi2017::111,calibration,False,0,normal,2.8000000000000007,0,0.080096394,0.10949387,0.08659484,0.09206170133333334,0.9079382986666666,0
icbhi2017::111_1b2_Tc_sc_Meditron__cycle_004,icbhi2017,icbhi2017::111,calibration,False,0,normal,2.671999999999999,0,0.12967817,0.07668159,0.22570793,0.14402256333333333,0.8559774366666667,0
icbhi2017::111_1b2_Tc_sc_Meditron__cycle_005,icbhi2017,icbhi2017::111,calibration,False,0,normal,2.4000000000000004,0,0.14272504,0.11034097,0.13608128,0.12971576333333334,0.8702842366666667,0
icbhi2017::111_1b2_Tc_sc_Meditron__cycle_006,icbhi2017,icbhi2017::111,calibration,False,0,normal,2.657,0,0.22369473,0.27863148,0.23156415,0.24463011999999998,0.75536988,0
icbhi2017::111_1b2_Tc_sc_Meditron__cycle_007,icbhi2017,icbhi2017::111,calibration,False,0,normal,1.8999999999999984,0,0.17579898,0.041110575,0.10348231,0.10679728833333334,0.8932027116666666,0
icbhi2017::111_1b3_Tc_sc_Meditron__cycle_000,icbhi2017,icbhi2017::111,calibration,False,0,normal,0.5569999999999999,0,0.8957604,0.8798803,0.91550463,0.8970484433333333,0.10295155666666667,1
icbhi2017::111_1b3_Tc_sc_Meditron__cycle_001,icbhi2017,icbhi2017::111,calibration,False,0,normal,2.6710000000000003,0,0.07958186,0.045878965,0.06039985,0.06195355833333333,0.9380464416666666,0
icbhi2017::111_1b3_Tc_sc_Meditron__cycle_002,icbhi2017,icbhi2017::111,calibration,False,0,normal,2.5,0,0.18894267,0.064257465,0.2542826,0.16916091166666666,0.8308390883333333,0
icbhi2017::111_1b3_Tc_sc_Meditron__cycle_003,icbhi2017,icbhi2017::111,calibration,False,0,normal,2.6430000000000007,0,0.27312747,0.3701248,0.3802304,0.34116089,0.65883911,0
icbhi2017::111_1b3_Tc_sc_Meditron__cycle_004,icbhi2017,icbhi2017::111,calibration,False,0,normal,2.5,0,0.13512537,0.046621192,0.16366012,0.11513556066666668,0.8848644393333334,0
icbhi2017::111_1b3_Tc_sc_Meditron__cycle_005,icbhi2017,icbhi2017::111,calibration,False,0,normal,2.6289999999999996,0,0.08584108,0.084469505,0.38122186,0.18384414833333337,0.8161558516666666,0
icbhi2017::111_1b3_Tc_sc_Meditron__cycle_006,icbhi2017,icbhi2017::111,calibration,False,0,normal,2.700000000000001,0,0.08412492,0.122434944,0.1034363,0.10333205466666667,0.8966679453333333,0
icbhi2017::111_1b3_Tc_sc_Meditron__cycle_007,icbhi2017,icbhi2017::111,calibration,False,0,normal,2.442,0,0.20685184,0.109246574,0.2598157,0.1919713713333333,0.8080286286666667,0
icbhi2017::111_1b3_Tc_sc_Meditron__cycle_008,icbhi2017,icbhi2017::111,calibration,False,0,normal,1.3149999999999975,0,0.03325289,0.010603164,0.075869665,0.039908573,0.960091427,0
icbhi2017::116_1b2_Pl_sc_Meditron__cycle_000,icbhi2017,icbhi2017::116,calibration,False,0,normal,3.4280000000000004,0,0.50320053,0.13223684,0.31206352,0.31583363,0.68416637,0
icbhi2017::116_1b2_Pl_sc_Meditron__cycle_001,icbhi2017,icbhi2017::116,calibration,False,1,wheeze,7.0569999999999995,1,0.37522167,0.113513194,0.31805345,0.268929438,0.731070562,0
icbhi2017::116_1b2_Pl_sc_Meditron__cycle_002,icbhi2017,icbhi2017::116,calibration,False,1,wheeze,6.828999999999999,1,0.5839889,0.2685378,0.50894755,0.45382475000000005,0.5461752499999999,0
icbhi2017::116_1b2_Pl_sc_Meditron__cycle_003,icbhi2017,icbhi2017::116,calibration,False,0,normal,2.6140000000000008,0,0.049501628,0.0029384086,0.08903092,0.047156985533333334,0.9528430144666666,0
icbhi2017::116_1b2_Tc_sc_Meditron__cycle_000,icbhi2017,icbhi2017::116,calibration,False,0,normal,6.513999999999999,0,0.063694835,0.028004602,0.12087693,0.07085878899999999,0.929141211,0
icbhi2017::116_1b2_Tc_sc_Meditron__cycle_001,icbhi2017,icbhi2017::116,calibration,False,0,normal,5.471,0,0.05545338,0.018732524,0.085244074,0.053143326,0.946856674,0
icbhi2017::116_1b2_Tc_sc_Meditron__cycle_002,icbhi2017,icbhi2017::116,calibration,False,0,normal,6.615,0,0.04565269,0.0275761,0.115942,0.06305693,0.93694307,0
icbhi2017::116_1b2_Tc_sc_Meditron__cycle_003,icbhi2017,icbhi2017::116,calibration,False,0,normal,1.3709999999999989,0,0.0402202,0.011189062,0.10128755,0.05089893733333334,0.9491010626666667,0
icbhi2017::125_1b1_Tc_sc_Meditron__cycle_000,icbhi2017,icbhi2017::125,calibration,False,0,normal,1.043,0,0.06611844,0.011124011,0.16394994,0.08039746366666667,0.9196025363333333,0
icbhi2017::125_1b1_Tc_sc_Meditron__cycle_001,icbhi2017,icbhi2017::125,calibration,False,0,normal,3.843,0,0.036419798,0.01874422,0.14866199,0.06794200266666667,0.9320579973333334,0
icbhi2017::125_1b1_Tc_sc_Meditron__cycle_002,icbhi2017,icbhi2017::125,calibration,False,1,crackle,4.271000000000001,1,0.039958026,0.0113153225,0.17946874,0.0769140295,0.9230859705,0
icbhi2017::125_1b1_Tc_sc_Meditron__cycle_003,icbhi2017,icbhi2017::125,calibration,False,0,normal,2.828999999999999,0,0.08341856,0.0095085725,0.10355189,0.06549300749999999,0.9345069925,0
icbhi2017::125_1b1_Tc_sc_Meditron__cycle_004,icbhi2017,icbhi2017::125,calibration,False,1,crackle,3.785,1,0.2034329,0.022750165,0.1330464,0.11974315499999999,0.880256845,0
icbhi2017::125_1b1_Tc_sc_Meditron__cycle_005,icbhi2017,icbhi2017::125,calibration,False,0,normal,4.142999999999999,0,0.13793017,0.044351224,0.1171841,0.09982183133333333,0.9001781686666667,0
icbhi2017::129_1b1_Ar_sc_Meditron__cycle_000,icbhi2017,icbhi2017::129,calibration,False,0,normal,1.286,0,0.0235175,0.051935766,0.06429487,0.046582712000000005,0.953417288,0
icbhi2017::129_1b1_Ar_sc_Meditron__cycle_001,icbhi2017,icbhi2017::129,calibration,False,1,crackle,2.671,1,0.01197005,0.016693179,0.067740954,0.03213472766666667,0.9678652723333333,0
icbhi2017::129_1b1_Ar_sc_Meditron__cycle_002,icbhi2017,icbhi2017::129,calibration,False,0,normal,2.6,0,0.034706812,0.019935511,0.082194716,0.04561234633333333,0.9543876536666667,0
icbhi2017::129_1b1_Ar_sc_Meditron__cycle_003,icbhi2017,icbhi2017::129,calibration,False,1,crackle,2.228,1,0.042592857,0.22037905,0.115020245,0.12599738400000002,0.874002616,0
icbhi2017::129_1b1_Ar_sc_Meditron__cycle_004,icbhi2017,icbhi2017::129,calibration,False,1,crackle,2.4429999999999996,1,0.093044326,0.03488922,0.21585208,0.11459520866666667,0.8854047913333334,0
icbhi2017::129_1b1_Ar_sc_Meditron__cycle_005,icbhi2017,icbhi2017::129,calibration,False,1,crackle,2.572000000000001,1,0.018133359,0.019534705,0.06416733,0.03394513133333333,0.9660548686666667,0
icbhi2017::129_1b1_Ar_sc_Meditron__cycle_006,icbhi2017,icbhi2017::129,calibration,False,1,crackle,2.543000000000001,1,0.053397138,0.011016221,0.12742713,0.06394682966666666,0.9360531703333334,0
icbhi2017::129_1b1_Ar_sc_Meditron__cycle_007,icbhi2017,icbhi2017::129,calibration,False,0,normal,2.456999999999997,0,0.029459743,0.01933831,0.23700997,0.095269341,0.904730659,0
icbhi2017::129_1b1_Ar_sc_Meditron__cycle_008,icbhi2017,icbhi2017::129,calibration,False,0,normal,0.7280000000000015,0,0.0654057,0.085655004,0.29220292,0.14775454133333332,0.8522454586666667,0
icbhi2017::140_2b2_Ll_mc_LittC2SE__cycle_000,icbhi2017,icbhi2017::140,calibration,False,0,normal,1.114,0,0.07848406,0.019348616,0.32115513,0.139662602,0.860337398,0
icbhi2017::140_2b2_Ll_mc_LittC2SE__cycle_001,icbhi2017,icbhi2017::140,calibration,False,0,normal,1.9710000000000003,0,0.058439128,0.083770126,0.09783072,0.08001332466666666,0.9199866753333333,0
icbhi2017::140_2b2_Ll_mc_LittC2SE__cycle_002,icbhi2017,icbhi2017::140,calibration,False,0,normal,2.072,0,0.18688875,0.040242273,0.19672608,0.141285701,0.858714299,0
icbhi2017::140_2b2_Ll_mc_LittC2SE__cycle_003,icbhi2017,icbhi2017::140,calibration,False,0,normal,1.928,0,0.039107997,0.016319433,0.05264323,0.03602355333333333,0.9639764466666667,0
icbhi2017::140_2b2_Ll_mc_LittC2SE__cycle_004,icbhi2017,icbhi2017::140,calibration,False,0,normal,2.457,0,0.016560048,0.016776523,0.04813947,0.027158680333333334,0.9728413196666666,0
icbhi2017::140_2b2_Ll_mc_LittC2SE__cycle_005,icbhi2017,icbhi2017::140,calibration,False,0,normal,1.8859999999999992,0,0.1331965,0.022201944,0.13470538,0.09670127466666667,0.9032987253333333,0
icbhi2017::140_2b2_Ll_mc_LittC2SE__cycle_006,icbhi2017,icbhi2017::140,calibration,False,1,crackle,1.9860000000000009,1,0.33413208,0.20860924,0.4104772,0.31773950666666667,0.6822604933333334,0
icbhi2017::140_2b2_Ll_mc_LittC2SE__cycle_007,icbhi2017,icbhi2017::140,calibration,False,0,normal,2.0429999999999993,0,0.026257807,0.01716562,0.116866894,0.053430107000000004,0.9465698929999999,0
icbhi2017::140_2b2_Ll_mc_LittC2SE__cycle_008,icbhi2017,icbhi2017::140,calibration,False,0,normal,2.0,0,0.029996475,0.031714495,0.08318192,0.04829763,0.95170237,0
icbhi2017::140_2b2_Ll_mc_LittC2SE__cycle_009,icbhi2017,icbhi2017::140,calibration,False,0,normal,2.2570000000000014,0,0.03056217,0.01818667,0.13234903,0.060365956666666665,0.9396340433333333,0
icbhi2017::140_2b2_Ll_mc_LittC2SE__cycle_010,icbhi2017,icbhi2017::140,calibration,False,0,normal,0.2569999999999979,0,0.1521073,0.113471486,0.26594183,0.17717353866666666,0.8228264613333334,0
icbhi2017::140_2b2_Tc_mc_LittC2SE__cycle_000,icbhi2017,icbhi2017::140,calibration,False,0,normal,1.814,0,0.10373115,0.0111568,0.074878596,0.06325551533333333,0.9367444846666667,0
icbhi2017::140_2b2_Tc_mc_LittC2SE__cycle_001,icbhi2017,icbhi2017::140,calibration,False,1,crackle,2.2289999999999996,1,0.41300988,0.16304009,0.27132386,0.28245794333333335,0.7175420566666666,0
icbhi2017::140_2b2_Tc_mc_LittC2SE__cycle_002,icbhi2017,icbhi2017::140,calibration,False,0,normal,2.357,0,0.39029354,0.25860494,0.20954414,0.28614754,0.71385246,0
icbhi2017::140_2b2_Tc_mc_LittC2SE__cycle_003,icbhi2017,icbhi2017::140,calibration,False,0,normal,2.0709999999999997,0,0.35733736,0.19084072,0.1208278,0.22300196000000003,0.77699804,0
icbhi2017::140_2b2_Tc_mc_LittC2SE__cycle_004,icbhi2017,icbhi2017::140,calibration,False,0,normal,1.9139999999999997,0,0.2422479,0.1453683,0.29713696,0.22825105333333331,0.7717489466666667,0
icbhi2017::140_2b2_Tc_mc_LittC2SE__cycle_005,icbhi2017,icbhi2017::140,calibration,False,0,normal,2.043000000000001,0,0.24306267,0.2546594,0.3523118,0.2833446233333334,0.7166553766666666,0
icbhi2017::140_2b2_Tc_mc_LittC2SE__cycle_006,icbhi2017,icbhi2017::140,calibration,False,0,normal,2.0570000000000004,0,0.4579391,0.4216507,0.24545805,0.37501595000000004,0.6249840499999999,0
icbhi2017::140_2b2_Tc_mc_LittC2SE__cycle_007,icbhi2017,icbhi2017::140,calibration,False,0,normal,1.7579999999999991,0,0.16937284,0.058634363,0.27152795,0.16651171766666667,0.8334882823333334,0
icbhi2017::140_2b2_Tc_mc_LittC2SE__cycle_008,icbhi2017,icbhi2017::140,calibration,False,0,normal,2.213999999999998,0,0.1729602,0.12039607,0.36680397,0.2200534133333333,0.7799465866666667,0
icbhi2017::140_2b2_Tc_mc_LittC2SE__cycle_009,icbhi2017,icbhi2017::140,calibration,False,0,normal,1.471,0,0.1606229,0.0908005,0.2733354,0.17491960000000004,0.8250803999999999,0
icbhi2017::140_2b3_Ll_mc_LittC2SE__cycle_000,icbhi2017,icbhi2017::140,calibration,False,0,normal,3.272,0,0.14555469,0.062218294,0.10824318,0.10533872133333333,0.8946612786666667,0
icbhi2017::140_2b3_Ll_mc_LittC2SE__cycle_001,icbhi2017,icbhi2017::140,calibration,False,1,wheeze,2.114,1,0.28133327,0.8278583,0.36822435,0.49247197333333337,0.5075280266666666,0
icbhi2017::140_2b3_Ll_mc_LittC2SE__cycle_002,icbhi2017,icbhi2017::140,calibration,False,1,wheeze,2.4000000000000004,1,0.14187145,0.033865716,0.21851043,0.13141586533333335,0.8685841346666666,0
icbhi2017::140_2b3_Ll_mc_LittC2SE__cycle_003,icbhi2017,icbhi2017::140,calibration,False,1,wheeze,1.770999999999999,1,0.24660198,0.10229492,0.26003772,0.2029782066666667,0.7970217933333333,0
icbhi2017::140_2b3_Ll_mc_LittC2SE__cycle_004,icbhi2017,icbhi2017::140,calibration,False,0,normal,1.9430000000000016,0,0.030486291,0.022904446,0.04074016,0.031376965666666666,0.9686230343333333,0
icbhi2017::140_2b3_Ll_mc_LittC2SE__cycle_005,icbhi2017,icbhi2017::140,calibration,False,0,normal,2.213999999999998,0,0.06965893,0.024374012,0.0923136,0.062115514000000004,0.937884486,0
icbhi2017::140_2b3_Ll_mc_LittC2SE__cycle_006,icbhi2017,icbhi2017::140,calibration,False,0,normal,2.243000000000002,0,0.057507727,0.0137872845,0.16673872,0.07934457716666667,0.9206554228333333,0
icbhi2017::140_2b3_Ll_mc_LittC2SE__cycle_007,icbhi2017,icbhi2017::140,calibration,False,0,normal,2.1999999999999993,0,0.07256302,0.010993245,0.1342817,0.07261265500000001,0.927387345,0
icbhi2017::140_2b3_Ll_mc_LittC2SE__cycle_008,icbhi2017,icbhi2017::140,calibration,False,0,normal,1.599999999999998,0,0.04303818,0.029948045,0.13990737,0.07096453166666666,0.9290354683333333,0
icbhi2017::140_2b3_Tc_mc_LittC2SE__cycle_000,icbhi2017,icbhi2017::140,calibration,False,0,normal,2.114,0,0.7182436,0.33840254,0.65689397,0.5711800366666667,0.4288199633333333,1
icbhi2017::140_2b3_Tc_mc_LittC2SE__cycle_001,icbhi2017,icbhi2017::140,calibration,False,1,wheeze,2.214,1,0.89090025,0.9934574,0.93268424,0.9390139633333333,0.06098603666666669,1
icbhi2017::140_2b3_Tc_mc_LittC2SE__cycle_002,icbhi2017,icbhi2017::140,calibration,False,1,wheeze,2.229,1,0.8322851,0.99423075,0.90969336,0.9120697366666667,0.08793026333333331,1
icbhi2017::140_2b3_Tc_mc_LittC2SE__cycle_003,icbhi2017,icbhi2017::140,calibration,False,1,wheeze,2.0999999999999996,1,0.65759426,0.81976706,0.6548048,0.7107220399999999,0.28927796000000006,1
icbhi2017::140_2b3_Tc_mc_LittC2SE__cycle_004,icbhi2017,icbhi2017::140,calibration,False,1,wheeze,1.857000000000001,1,0.72538084,0.76898843,0.7539404,0.7494365566666666,0.25056344333333336,1
icbhi2017::140_2b3_Tc_mc_LittC2SE__cycle_005,icbhi2017,icbhi2017::140,calibration,False,0,normal,2.270999999999999,0,0.37483725,0.17851591,0.32444865,0.2926006033333333,0.7073993966666667,0
icbhi2017::140_2b3_Tc_mc_LittC2SE__cycle_006,icbhi2017,icbhi2017::140,calibration,False,0,normal,2.0999999999999996,0,0.28460285,0.07528236,0.37941298,0.24643273,0.75356727,0
icbhi2017::140_2b3_Tc_mc_LittC2SE__cycle_007,icbhi2017,icbhi2017::140,calibration,False,1,wheeze,2.286000000000002,1,0.37780473,0.31682363,0.39463264,0.363087,0.6369130000000001,0
icbhi2017::140_2b3_Tc_mc_LittC2SE__cycle_008,icbhi2017,icbhi2017::140,calibration,False,1,wheeze,2.099999999999998,1,0.35170966,0.2120623,0.7415887,0.43512021999999995,0.56487978,0
icbhi2017::140_2b3_Tc_mc_LittC2SE__cycle_009,icbhi2017,icbhi2017::140,calibration,False,0,normal,0.6720000000000006,0,0.05820061,0.01176519,0.1270742,0.06568,0.93432,0
icbhi2017::158_1b3_Ar_mc_LittC2SE__cycle_000,icbhi2017,icbhi2017::158,calibration,False,0,normal,1.928,0,0.03233019,0.013984559,0.09458827,0.04696767300000001,0.953032327,0
icbhi2017::158_1b3_Ar_mc_LittC2SE__cycle_001,icbhi2017,icbhi2017::158,calibration,False,0,normal,1.986,0,0.0708242,0.04832449,0.11001087,0.07638652,0.92361348,0
icbhi2017::158_1b3_Ar_mc_LittC2SE__cycle_002,icbhi2017,icbhi2017::158,calibration,False,0,normal,1.7710000000000004,0,0.059808467,0.008997922,0.12845463,0.065753673,0.934246327,0
icbhi2017::158_1b3_Ar_mc_LittC2SE__cycle_003,icbhi2017,icbhi2017::158,calibration,False,1,crackle,1.9289999999999992,1,0.092986524,0.051529236,0.0831384,0.07588472,0.92411528,0
icbhi2017::158_1b3_Ar_mc_LittC2SE__cycle_004,icbhi2017,icbhi2017::158,calibration,False,0,normal,1.4139999999999997,0,0.15063556,0.060319886,0.2641086,0.158354682,0.841645318,0
icbhi2017::158_1b3_Ar_mc_LittC2SE__cycle_005,icbhi2017,icbhi2017::158,calibration,False,1,crackle,1.7430000000000003,1,0.1811992,0.020366527,0.19933702,0.133634249,0.866365751,0
icbhi2017::158_1b3_Ar_mc_LittC2SE__cycle_006,icbhi2017,icbhi2017::158,calibration,False,1,crackle,1.5140000000000011,1,0.44358262,0.20274942,0.16113737,0.26915647,0.73084353,0
icbhi2017::158_1b3_Ar_mc_LittC2SE__cycle_007,icbhi2017,icbhi2017::158,calibration,False,1,crackle,2.657,1,0.13042277,0.19084,0.14328027,0.15484768000000002,0.84515232,0
icbhi2017::158_1b3_Ar_mc_LittC2SE__cycle_008,icbhi2017,icbhi2017::158,calibration,False,1,crackle,1.529,1,0.22088082,0.06988911,0.11750872,0.13609288333333333,0.8639071166666666,0
icbhi2017::158_1b3_Ar_mc_LittC2SE__cycle_009,icbhi2017,icbhi2017::158,calibration,False,1,crackle,1.9289999999999985,1,0.7546216,0.71293825,0.4671226,0.6448941499999999,0.35510585000000006,1
icbhi2017::158_1b3_Ar_mc_LittC2SE__cycle_010,icbhi2017,icbhi2017::158,calibration,False,0,normal,1.471,0,0.31452405,0.25243858,0.3004043,0.28912231,0.71087769,0
icbhi2017::158_1p2_Al_mc_AKGC417L__cycle_000,icbhi2017,icbhi2017::158,calibration,False,1,both,1.737,1,0.86692095,0.86947465,0.7884926,0.8416294,0.15837060000000003,1
icbhi2017::158_1p2_Al_mc_AKGC417L__cycle_001,icbhi2017,icbhi2017::158,calibration,False,1,both,2.8710000000000004,1,0.8268968,0.9756949,0.83808875,0.8802268166666667,0.11977318333333331,1
icbhi2017::158_1p2_Al_mc_AKGC417L__cycle_002,icbhi2017,icbhi2017::158,calibration,False,0,normal,2.5039999999999996,0,0.2328388,0.48162588,0.55072343,0.42172937,0.57827063,0
icbhi2017::158_1p2_Al_mc_AKGC417L__cycle_003,icbhi2017,icbhi2017::158,calibration,False,1,both,2.388,1,0.8645965,0.6771087,0.8349238,0.7922096666666666,0.2077903333333334,1
icbhi2017::158_1p2_Al_mc_AKGC417L__cycle_004,icbhi2017,icbhi2017::158,calibration,False,0,normal,2.4540000000000006,0,0.5824121,0.73184204,0.32364905,0.54596773,0.45403227,1
icbhi2017::158_1p2_Al_mc_AKGC417L__cycle_005,icbhi2017,icbhi2017::158,calibration,False,0,normal,2.6210000000000004,0,0.35205492,0.5110845,0.6590799,0.50740644,0.49259356,1
icbhi2017::158_1p2_Al_mc_AKGC417L__cycle_006,icbhi2017,icbhi2017::158,calibration,False,0,normal,2.287000000000001,0,0.8467451,0.8775989,0.689236,0.8045266666666665,0.1954733333333335,1
icbhi2017::158_1p2_Al_mc_AKGC417L__cycle_007,icbhi2017,icbhi2017::158,calibration,False,0,normal,0.884999999999998,0,0.3413406,0.6156172,0.70867294,0.5552102466666667,0.44478975333333326,1
icbhi2017::158_1p2_Ar_mc_AKGC417L__cycle_000,icbhi2017,icbhi2017::158,calibration,False,1,both,1.737,1,0.7634583,0.82743824,0.8239116,0.8049360466666666,0.19506395333333337,1
icbhi2017::158_1p2_Ar_mc_AKGC417L__cycle_001,icbhi2017,icbhi2017::158,calibration,False,1,both,2.8710000000000004,1,0.64966744,0.7884611,0.7245327,0.7208870800000001,0.2791129199999999,1
icbhi2017::158_1p2_Ar_mc_AKGC417L__cycle_002,icbhi2017,icbhi2017::158,calibration,False,0,normal,2.5039999999999996,0,0.52482295,0.7299549,0.6140739,0.6229505833333333,0.3770494166666667,1
icbhi2017::158_1p2_Ar_mc_AKGC417L__cycle_003,icbhi2017,icbhi2017::158,calibration,False,1,both,2.388,1,0.8314976,0.87599546,0.8599111,0.8558013866666667,0.14419861333333328,1
icbhi2017::158_1p2_Ar_mc_AKGC417L__cycle_004,icbhi2017,icbhi2017::158,calibration,False,0,normal,2.4540000000000006,0,0.45764843,0.41418266,0.7421489,0.5379933299999999,0.46200667000000006,1
icbhi2017::158_1p2_Ar_mc_AKGC417L__cycle_005,icbhi2017,icbhi2017::158,calibration,False,0,normal,2.6210000000000004,0,0.3488004,0.91037595,0.54762775,0.6022680333333333,0.39773196666666666,1
icbhi2017::158_1p2_Ar_mc_AKGC417L__cycle_006,icbhi2017,icbhi2017::158,calibration,False,0,normal,2.287000000000001,0,0.9377331,0.9859197,0.8766545,0.9334357666666667,0.06656423333333328,1
icbhi2017::158_1p2_Ar_mc_AKGC417L__cycle_007,icbhi2017,icbhi2017::158,calibration,False,0,normal,0.884999999999998,0,0.7487415,0.79468393,0.9191913,0.8208722433333334,0.17912775666666658,1
icbhi2017::158_1p2_Ll_mc_AKGC417L__cycle_000,icbhi2017,icbhi2017::158,calibration,False,1,crackle,1.737,1,0.9508361,0.9572234,0.96696645,0.9583419833333333,0.041658016666666686,1
icbhi2017::158_1p2_Ll_mc_AKGC417L__cycle_001,icbhi2017,icbhi2017::158,calibration,False,1,crackle,2.8710000000000004,1,0.95547944,0.98233217,0.9549562,0.9642559366666665,0.035744063333333465,1
icbhi2017::158_1p2_Ll_mc_AKGC417L__cycle_002,icbhi2017,icbhi2017::158,calibration,False,1,crackle,2.5039999999999996,1,0.966223,0.97011864,0.93536,0.9572338800000001,0.04276611999999991,1
icbhi2017::158_1p2_Ll_mc_AKGC417L__cycle_003,icbhi2017,icbhi2017::158,calibration,False,1,both,2.388,1,0.9778065,0.9809722,0.953797,0.9708585666666666,0.02914143333333341,1
icbhi2017::158_1p2_Ll_mc_AKGC417L__cycle_004,icbhi2017,icbhi2017::158,calibration,False,1,crackle,2.4540000000000006,1,0.928304,0.9441323,0.9180623,0.9301661999999999,0.06983380000000006,1
icbhi2017::158_1p2_Ll_mc_AKGC417L__cycle_005,icbhi2017,icbhi2017::158,calibration,False,1,crackle,2.6210000000000004,1,0.7584403,0.7798815,0.9098179,0.8160465666666665,0.18395343333333347,1
icbhi2017::158_1p2_Ll_mc_AKGC417L__cycle_006,icbhi2017,icbhi2017::158,calibration,False,0,normal,2.287000000000001,0,0.7869876,0.51445484,0.7555749,0.6856724466666666,0.3143275533333334,1
icbhi2017::158_1p2_Ll_mc_AKGC417L__cycle_007,icbhi2017,icbhi2017::158,calibration,False,0,normal,0.884999999999998,0,0.06487989,0.19117092,0.37396455,0.21000512000000002,0.78999488,0
icbhi2017::158_1p2_Lr_mc_AKGC417L__cycle_000,icbhi2017,icbhi2017::158,calibration,False,1,both,1.737,1,0.94946027,0.9686487,0.936929,0.9516793233333334,0.04832067666666662,1
icbhi2017::158_1p2_Lr_mc_AKGC417L__cycle_001,icbhi2017,icbhi2017::158,calibration,False,1,both,2.8710000000000004,1,0.8752147,0.9609315,0.8492082,0.8951181333333333,0.10488186666666666,1
icbhi2017::158_1p2_Lr_mc_AKGC417L__cycle_002,icbhi2017,icbhi2017::158,calibration,False,1,both,2.5039999999999996,1,0.8005225,0.7093037,0.7814665,0.7637642333333333,0.23623576666666668,1
icbhi2017::158_1p2_Lr_mc_AKGC417L__cycle_003,icbhi2017,icbhi2017::158,calibration,False,1,both,2.388,1,0.7200241,0.83404875,0.68034935,0.7448074,0.2551926,1
icbhi2017::158_1p2_Lr_mc_AKGC417L__cycle_004,icbhi2017,icbhi2017::158,calibration,False,0,normal,2.4540000000000006,0,0.5567025,0.918333,0.74514437,0.7400599566666667,0.2599400433333333,1
icbhi2017::158_1p2_Lr_mc_AKGC417L__cycle_005,icbhi2017,icbhi2017::158,calibration,False,0,normal,2.6210000000000004,0,0.4719614,0.9499663,0.73316973,0.7183658099999999,0.2816341900000001,1
icbhi2017::158_1p2_Lr_mc_AKGC417L__cycle_006,icbhi2017,icbhi2017::158,calibration,False,0,normal,2.287000000000001,0,0.5868136,0.9528373,0.5354284,0.6916931000000001,0.30830689999999994,1
icbhi2017::158_1p2_Lr_mc_AKGC417L__cycle_007,icbhi2017,icbhi2017::158,calibration,False,1,wheeze,0.884999999999998,1,0.23229253,0.5923856,0.5235608,0.44941297666666663,0.5505870233333334,0
icbhi2017::158_1p2_Pl_mc_AKGC417L__cycle_000,icbhi2017,icbhi2017::158,calibration,False,1,both,1.737,1,0.9434834,0.9697196,0.9175897,0.9435975666666666,0.05640243333333339,1
icbhi2017::158_1p2_Pl_mc_AKGC417L__cycle_001,icbhi2017,icbhi2017::158,calibration,False,1,both,2.8710000000000004,1,0.75008416,0.75533843,0.85644895,0.7872905133333333,0.21270948666666667,1
icbhi2017::158_1p2_Pl_mc_AKGC417L__cycle_002,icbhi2017,icbhi2017::158,calibration,False,1,crackle,2.5039999999999996,1,0.702571,0.9586996,0.78449833,0.81525631,0.18474369000000002,1
icbhi2017::158_1p2_Pl_mc_AKGC417L__cycle_003,icbhi2017,icbhi2017::158,calibration,False,1,both,2.388,1,0.7451723,0.62035674,0.7016274,0.6890521466666666,0.3109478533333334,1
icbhi2017::158_1p2_Pl_mc_AKGC417L__cycle_004,icbhi2017,icbhi2017::158,calibration,False,1,wheeze,2.4540000000000006,1,0.69078386,0.6505376,0.7359959,0.6924391200000001,0.3075608799999999,1
icbhi2017::158_1p2_Pl_mc_AKGC417L__cycle_005,icbhi2017,icbhi2017::158,calibration,False,1,wheeze,2.6210000000000004,1,0.5818033,0.73284316,0.7389562,0.6845342200000001,0.3154657799999999,1
icbhi2017::158_1p2_Pl_mc_AKGC417L__cycle_006,icbhi2017,icbhi2017::158,calibration,False,0,normal,2.287000000000001,0,0.689446,0.93733203,0.62051433,0.7490974533333334,0.25090254666666656,1
icbhi2017::158_1p2_Pl_mc_AKGC417L__cycle_007,icbhi2017,icbhi2017::158,calibration,False,0,normal,0.884999999999998,0,0.25440145,0.5494996,0.47026458,0.42472187666666666,0.5752781233333333,0
icbhi2017::158_1p2_Pr_mc_AKGC417L__cycle_000,icbhi2017,icbhi2017::158,calibration,False,1,crackle,1.737,1,0.7011948,0.88172793,0.77150315,0.7848086266666666,0.21519137333333338,1
icbhi2017::158_1p2_Pr_mc_AKGC417L__cycle_001,icbhi2017,icbhi2017::158,calibration,False,1,both,2.8710000000000004,1,0.9431799,0.9959378,0.87554115,0.9382196166666666,0.061780383333333355,1
icbhi2017::158_1p2_Pr_mc_AKGC417L__cycle_002,icbhi2017,icbhi2017::158,calibration,False,1,both,2.5039999999999996,1,0.87953895,0.9949944,0.73934495,0.8712927666666667,0.12870723333333334,1
icbhi2017::158_1p2_Pr_mc_AKGC417L__cycle_003,icbhi2017,icbhi2017::158,calibration,False,1,both,2.388,1,0.94466114,0.9910042,0.8987178,0.9447943799999999,0.055205620000000066,1
icbhi2017::158_1p2_Pr_mc_AKGC417L__cycle_004,icbhi2017,icbhi2017::158,calibration,False,1,both,2.4540000000000006,1,0.80035067,0.9649316,0.7153164,0.8268662233333334,0.17313377666666663,1
icbhi2017::158_1p2_Pr_mc_AKGC417L__cycle_005,icbhi2017,icbhi2017::158,calibration,False,0,normal,2.6210000000000004,0,0.6966593,0.980993,0.658283,0.7786451,0.22135490000000002,1
icbhi2017::158_1p2_Pr_mc_AKGC417L__cycle_006,icbhi2017,icbhi2017::158,calibration,False,1,crackle,2.287000000000001,1,0.6189161,0.8572106,0.37666905,0.6175985833333334,0.3824014166666666,1
icbhi2017::158_1p2_Pr_mc_AKGC417L__cycle_007,icbhi2017,icbhi2017::158,calibration,False,1,wheeze,0.884999999999998,1,0.831864,0.9888286,0.8506241,0.8904389,0.10956109999999997,1
icbhi2017::158_1p2_Tc_mc_AKGC417L__cycle_000,icbhi2017,icbhi2017::158,calibration,False,1,crackle,1.737,1,0.19864163,0.33943138,0.27070755,0.26959352,0.7304064800000001,0
icbhi2017::158_1p2_Tc_mc_AKGC417L__cycle_001,icbhi2017,icbhi2017::158,calibration,False,1,crackle,2.8710000000000004,1,0.37614825,0.8062196,0.66597474,0.6161141966666667,0.38388580333333333,1
icbhi2017::158_1p2_Tc_mc_AKGC417L__cycle_002,icbhi2017,icbhi2017::158,calibration,False,0,normal,2.5039999999999996,0,0.05097013,0.0149625745,0.299784,0.12190556816666666,0.8780944318333334,0
icbhi2017::158_1p2_Tc_mc_AKGC417L__cycle_003,icbhi2017,icbhi2017::158,calibration,False,0,normal,2.388,0,0.28550825,0.65693426,0.31565663,0.41936638000000004,0.58063362,0
icbhi2017::158_1p2_Tc_mc_AKGC417L__cycle_004,icbhi2017,icbhi2017::158,calibration,False,0,normal,2.4540000000000006,0,0.32133862,0.35476223,0.32131398,0.33247161000000003,0.66752839,0
icbhi2017::158_1p2_Tc_mc_AKGC417L__cycle_005,icbhi2017,icbhi2017::158,calibration,False,0,normal,2.6210000000000004,0,0.06868498,0.039420538,0.27513525,0.12774692266666668,0.8722530773333333,0
icbhi2017::158_1p2_Tc_mc_AKGC417L__cycle_006,icbhi2017,icbhi2017::158,calibration,False,0,normal,2.287000000000001,0,0.39352715,0.17883413,0.47691435,0.3497585433333333,0.6502414566666668,0
icbhi2017::158_1p2_Tc_mc_AKGC417L__cycle_007,icbhi2017,icbhi2017::158,calibration,False,0,normal,0.884999999999998,0,0.031354338,0.017033417,0.40668115,0.151689635,0.848310365,0
icbhi2017::158_1p3_Al_mc_AKGC417L__cycle_000,icbhi2017,icbhi2017::158,calibration,False,1,wheeze,1.6030000000000002,1,0.9310139,0.5205091,0.7832824,0.7449351333333333,0.2550648666666667,1
icbhi2017::158_1p3_Al_mc_AKGC417L__cycle_001,icbhi2017,icbhi2017::158,calibration,False,1,both,2.8379999999999996,1,0.85296804,0.65371704,0.9000793,0.8022547933333334,0.19774520666666662,1
icbhi2017::158_1p3_Al_mc_AKGC417L__cycle_002,icbhi2017,icbhi2017::158,calibration,False,1,both,2.404,1,0.89460546,0.8520704,0.93673414,0.89447,0.10553000000000001,1
icbhi2017::158_1p3_Al_mc_AKGC417L__cycle_003,icbhi2017,icbhi2017::158,calibration,False,1,crackle,2.354,1,0.8982738,0.9775687,0.8137819,0.8965414666666667,0.10345853333333332,1
icbhi2017::158_1p3_Al_mc_AKGC417L__cycle_004,icbhi2017,icbhi2017::158,calibration,False,1,both,2.271000000000001,1,0.9241516,0.90382934,0.9156411,0.91454068,0.08545932,1
icbhi2017::158_1p3_Al_mc_AKGC417L__cycle_005,icbhi2017,icbhi2017::158,calibration,False,1,both,2.2029999999999994,1,0.92127734,0.9578837,0.86067176,0.9132776000000001,0.08672239999999987,1
icbhi2017::158_1p3_Al_mc_AKGC417L__cycle_006,icbhi2017,icbhi2017::158,calibration,False,1,wheeze,2.2540000000000013,1,0.62312007,0.89311475,0.6073827,0.7078725066666666,0.29212749333333343,1
icbhi2017::158_1p3_Al_mc_AKGC417L__cycle_007,icbhi2017,icbhi2017::158,calibration,False,1,wheeze,2.286999999999999,1,0.756611,0.82288057,0.87217844,0.8172233366666667,0.1827766633333333,1
icbhi2017::158_1p3_Al_mc_AKGC417L__cycle_008,icbhi2017,icbhi2017::158,calibration,False,0,normal,0.8509999999999991,0,0.32505536,0.6298641,0.5827444,0.5125546200000001,0.48744537999999993,1
icbhi2017::158_1p3_Ar_mc_AKGC417L__cycle_000,icbhi2017,icbhi2017::158,calibration,False,1,both,1.6030000000000002,1,0.9488394,0.97383785,0.7875217,0.90339965,0.09660035,1
icbhi2017::158_1p3_Ar_mc_AKGC417L__cycle_001,icbhi2017,icbhi2017::158,calibration,False,1,wheeze,2.8379999999999996,1,0.8860351,0.9310062,0.9109074,0.9093162333333334,0.09068376666666655,1
icbhi2017::158_1p3_Ar_mc_AKGC417L__cycle_002,icbhi2017,icbhi2017::158,calibration,False,1,wheeze,2.404,1,0.94957495,0.96131855,0.7687275,0.893207,0.10679300000000003,1
icbhi2017::158_1p3_Ar_mc_AKGC417L__cycle_003,icbhi2017,icbhi2017::158,calibration,False,1,both,2.354,1,0.72600114,0.8823363,0.6691552,0.7591642133333334,0.2408357866666666,1
icbhi2017::158_1p3_Ar_mc_AKGC417L__cycle_004,icbhi2017,icbhi2017::158,calibration,False,1,both,2.271000000000001,1,0.8486231,0.8033483,0.86042947,0.8374669566666667,0.1625330433333333,1
icbhi2017::158_1p3_Ar_mc_AKGC417L__cycle_005,icbhi2017,icbhi2017::158,calibration,False,1,both,2.2029999999999994,1,0.92143816,0.87980986,0.8815528,0.8942669400000001,0.10573305999999993,1
icbhi2017::158_1p3_Ar_mc_AKGC417L__cycle_006,icbhi2017,icbhi2017::158,calibration,False,1,wheeze,2.2540000000000013,1,0.58861065,0.904136,0.90688205,0.7998762333333334,0.20012376666666665,1
icbhi2017::158_1p3_Ar_mc_AKGC417L__cycle_007,icbhi2017,icbhi2017::158,calibration,False,1,wheeze,2.286999999999999,1,0.89891016,0.9315488,0.9106564,0.91370512,0.08629487999999996,1
icbhi2017::158_1p3_Ar_mc_AKGC417L__cycle_008,icbhi2017,icbhi2017::158,calibration,False,0,normal,0.8509999999999991,0,0.47276208,0.5367586,0.85077107,0.62009725,0.37990274999999996,1
icbhi2017::158_1p3_Ll_mc_AKGC417L__cycle_000,icbhi2017,icbhi2017::158,calibration,False,1,wheeze,1.6030000000000002,1,0.9800976,0.9971649,0.9913948,0.9895524333333334,0.010447566666666575,1
icbhi2017::158_1p3_Ll_mc_AKGC417L__cycle_001,icbhi2017,icbhi2017::158,calibration,False,1,wheeze,2.8379999999999996,1,0.7528412,0.77537197,0.8137242,0.78064579,0.21935421,1
icbhi2017::158_1p3_Ll_mc_AKGC417L__cycle_002,icbhi2017,icbhi2017::158,calibration,False,1,wheeze,2.404,1,0.95473224,0.9687247,0.928399,0.9506186466666667,0.04938135333333327,1
icbhi2017::158_1p3_Ll_mc_AKGC417L__cycle_003,icbhi2017,icbhi2017::158,calibration,False,1,crackle,2.354,1,0.8380525,0.9574911,0.82276416,0.8727692533333333,0.12723074666666667,1
icbhi2017::158_1p3_Ll_mc_AKGC417L__cycle_004,icbhi2017,icbhi2017::158,calibration,False,1,wheeze,2.271000000000001,1,0.9288219,0.96279055,0.9345137,0.94204205,0.057957950000000036,1
icbhi2017::158_1p3_Ll_mc_AKGC417L__cycle_005,icbhi2017,icbhi2017::158,calibration,False,1,both,2.2029999999999994,1,0.9589213,0.9649828,0.8708056,0.9315699000000001,0.06843009999999994,1
icbhi2017::158_1p3_Ll_mc_AKGC417L__cycle_006,icbhi2017,icbhi2017::158,calibration,False,1,both,2.2540000000000013,1,0.95648646,0.9549401,0.97730845,0.96291167,0.03708833,1
icbhi2017::158_1p3_Ll_mc_AKGC417L__cycle_007,icbhi2017,icbhi2017::158,calibration,False,1,wheeze,2.286999999999999,1,0.9512183,0.99464995,0.8937293,0.9465325166666666,0.0534674833333334,1
icbhi2017::158_1p3_Ll_mc_AKGC417L__cycle_008,icbhi2017,icbhi2017::158,calibration,False,0,normal,0.8509999999999991,0,0.4430227,0.9532816,0.77534866,0.7238843199999999,0.2761156800000001,1
icbhi2017::158_1p3_Lr_mc_AKGC417L__cycle_000,icbhi2017,icbhi2017::158,calibration,False,1,both,1.6030000000000002,1,0.8936047,0.9684731,0.7507034,0.8709270666666667,0.12907293333333325,1
icbhi2017::158_1p3_Lr_mc_AKGC417L__cycle_001,icbhi2017,icbhi2017::158,calibration,False,1,wheeze,2.8379999999999996,1,0.96998674,0.99225205,0.9383646,0.9668677966666667,0.03313220333333333,1
icbhi2017::158_1p3_Lr_mc_AKGC417L__cycle_002,icbhi2017,icbhi2017::158,calibration,False,1,wheeze,2.404,1,0.9785231,0.9590709,0.85319406,0.9302626866666666,0.06973731333333344,1
icbhi2017::158_1p3_Lr_mc_AKGC417L__cycle_003,icbhi2017,icbhi2017::158,calibration,False,1,wheeze,2.354,1,0.84082896,0.92712075,0.75677705,0.8415755866666667,0.15842441333333335,1
icbhi2017::158_1p3_Lr_mc_AKGC417L__cycle_004,icbhi2017,icbhi2017::158,calibration,False,1,both,2.271000000000001,1,0.919896,0.9666108,0.91462624,0.9337110133333333,0.06628898666666672,1
icbhi2017::158_1p3_Lr_mc_AKGC417L__cycle_005,icbhi2017,icbhi2017::158,calibration,False,1,both,2.2029999999999994,1,0.90098625,0.95177555,0.81983423,0.8908653433333334,0.10913465666666655,1
icbhi2017::158_1p3_Lr_mc_AKGC417L__cycle_006,icbhi2017,icbhi2017::158,calibration,False,1,both,2.2540000000000013,1,0.9503883,0.97462374,0.94102633,0.9553461233333334,0.04465387666666665,1
icbhi2017::158_1p3_Lr_mc_AKGC417L__cycle_007,icbhi2017,icbhi2017::158,calibration,False,1,wheeze,2.286999999999999,1,0.96757174,0.98760754,0.9732416,0.9761402933333333,0.023859706666666702,1
icbhi2017::158_1p3_Lr_mc_AKGC417L__cycle_008,icbhi2017,icbhi2017::158,calibration,False,1,wheeze,0.8509999999999991,1,0.91590047,0.95188767,0.8945192,0.9207691133333333,0.07923088666666667,1
icbhi2017::158_1p3_Pl_mc_AKGC417L__cycle_000,icbhi2017,icbhi2017::158,calibration,False,1,wheeze,1.6030000000000002,1,0.38664642,0.32633114,0.365164,0.35938052,0.64061948,0
icbhi2017::158_1p3_Pl_mc_AKGC417L__cycle_001,icbhi2017,icbhi2017::158,calibration,False,1,wheeze,2.8379999999999996,1,0.506118,0.565925,0.73663056,0.6028911866666666,0.39710881333333337,1
icbhi2017::158_1p3_Pl_mc_AKGC417L__cycle_002,icbhi2017,icbhi2017::158,calibration,False,1,wheeze,2.404,1,0.91641337,0.983915,0.8507581,0.9170288233333332,0.08297117666666676,1
icbhi2017::158_1p3_Pl_mc_AKGC417L__cycle_003,icbhi2017,icbhi2017::158,calibration,False,1,wheeze,2.354,1,0.84122235,0.85529864,0.91506094,0.8705273099999999,0.12947269000000006,1
icbhi2017::158_1p3_Pl_mc_AKGC417L__cycle_004,icbhi2017,icbhi2017::158,calibration,False,1,both,2.271000000000001,1,0.87654257,0.9226741,0.9023685,0.90052839,0.09947161000000004,1
icbhi2017::158_1p3_Pl_mc_AKGC417L__cycle_005,icbhi2017,icbhi2017::158,calibration,False,1,both,2.2029999999999994,1,0.8942063,0.8826844,0.8176171,0.8648359333333334,0.13516406666666658,1
icbhi2017::158_1p3_Pl_mc_AKGC417L__cycle_006,icbhi2017,icbhi2017::158,calibration,False,1,both,2.2540000000000013,1,0.9389114,0.9865866,0.8910853,0.9388611,0.061138899999999996,1
icbhi2017::158_1p3_Pl_mc_AKGC417L__cycle_007,icbhi2017,icbhi2017::158,calibration,False,1,wheeze,2.286999999999999,1,0.74187356,0.47982693,0.7170705,0.6462569966666667,0.3537430033333333,1
icbhi2017::158_1p3_Pl_mc_AKGC417L__cycle_008,icbhi2017,icbhi2017::158,calibration,False,0,normal,0.8509999999999991,0,0.18508765,0.43633988,0.253052,0.2914931766666667,0.7085068233333334,0
icbhi2017::158_1p3_Pr_mc_AKGC417L__cycle_000,icbhi2017,icbhi2017::158,calibration,False,1,wheeze,1.6030000000000002,1,0.7924678,0.9531688,0.5986909,0.7814425000000002,0.21855749999999985,1
icbhi2017::158_1p3_Pr_mc_AKGC417L__cycle_001,icbhi2017,icbhi2017::158,calibration,False,1,wheeze,2.8379999999999996,1,0.97896165,0.9944054,0.91659933,0.9633221266666667,0.03667787333333328,1
icbhi2017::158_1p3_Pr_mc_AKGC417L__cycle_002,icbhi2017,icbhi2017::158,calibration,False,1,wheeze,2.404,1,0.93685603,0.9346532,0.79917884,0.8902293566666666,0.10977064333333342,1
icbhi2017::158_1p3_Pr_mc_AKGC417L__cycle_003,icbhi2017,icbhi2017::158,calibration,False,1,both,2.354,1,0.93785214,0.99550927,0.84762454,0.9269953166666666,0.07300468333333343,1
icbhi2017::158_1p3_Pr_mc_AKGC417L__cycle_004,icbhi2017,icbhi2017::158,calibration,False,1,wheeze,2.271000000000001,1,0.94805694,0.9969193,0.86891925,0.9379651633333334,0.06203483666666665,1
icbhi2017::158_1p3_Pr_mc_AKGC417L__cycle_005,icbhi2017,icbhi2017::158,calibration,False,1,both,2.2029999999999994,1,0.94683236,0.9806256,0.8899938,0.9391505866666666,0.06084941333333338,1
icbhi2017::158_1p3_Pr_mc_AKGC417L__cycle_006,icbhi2017,icbhi2017::158,calibration,False,1,wheeze,2.2540000000000013,1,0.92460346,0.99226826,0.75374895,0.89020689,0.10979311000000003,1
icbhi2017::158_1p3_Pr_mc_AKGC417L__cycle_007,icbhi2017,icbhi2017::158,calibration,False,1,both,2.286999999999999,1,0.985796,0.9984653,0.90534204,0.9632011133333332,0.03679888666666675,1
icbhi2017::158_1p3_Pr_mc_AKGC417L__cycle_008,icbhi2017,icbhi2017::158,calibration,False,1,wheeze,0.8509999999999991,1,0.9724779,0.99425477,0.84468067,0.9371377799999999,0.06286222000000008,1
icbhi2017::158_1p3_Tc_mc_AKGC417L__cycle_000,icbhi2017,icbhi2017::158,calibration,False,1,wheeze,1.6030000000000002,1,0.2280009,0.029850438,0.39606363,0.217971656,0.782028344,0
icbhi2017::158_1p3_Tc_mc_AKGC417L__cycle_001,icbhi2017,icbhi2017::158,calibration,False,1,wheeze,2.8379999999999996,1,0.664961,0.105233684,0.76277465,0.510989778,0.489010222,1
icbhi2017::158_1p3_Tc_mc_AKGC417L__cycle_002,icbhi2017,icbhi2017::158,calibration,False,1,wheeze,2.404,1,0.45610914,0.24967007,0.5857336,0.43050426999999997,0.5694957300000001,0
icbhi2017::158_1p3_Tc_mc_AKGC417L__cycle_003,icbhi2017,icbhi2017::158,calibration,False,0,normal,2.354,0,0.26314813,0.23146348,0.41130516,0.30197225666666666,0.6980277433333333,0
icbhi2017::158_1p3_Tc_mc_AKGC417L__cycle_004,icbhi2017,icbhi2017::158,calibration,False,1,wheeze,2.271000000000001,1,0.05483056,0.042333912,0.3382984,0.14515429066666666,0.8548457093333334,0
icbhi2017::158_1p3_Tc_mc_AKGC417L__cycle_005,icbhi2017,icbhi2017::158,calibration,False,1,wheeze,2.2029999999999994,1,0.1791488,0.21859358,0.2853344,0.22769225999999998,0.77230774,0
icbhi2017::158_1p3_Tc_mc_AKGC417L__cycle_006,icbhi2017,icbhi2017::158,calibration,False,1,wheeze,2.2540000000000013,1,0.09628506,0.5004971,0.5131662,0.36998278666666673,0.6300172133333333,0
icbhi2017::158_1p3_Tc_mc_AKGC417L__cycle_007,icbhi2017,icbhi2017::158,calibration,False,1,wheeze,2.286999999999999,1,0.055544924,0.27897036,0.5996785,0.311397928,0.688602072,0
icbhi2017::158_1p3_Tc_mc_AKGC417L__cycle_008,icbhi2017,icbhi2017::158,calibration,False,0,normal,0.8509999999999991,0,0.08601767,0.3374547,0.3944934,0.2726552566666667,0.7273447433333333,0
icbhi2017::158_1p4_Al_mc_AKGC417L__cycle_000,icbhi2017,icbhi2017::158,calibration,False,1,both,2.471,1,0.9509444,0.9851673,0.9618494,0.9659870333333332,0.034012966666666755,1
icbhi2017::158_1p4_Al_mc_AKGC417L__cycle_001,icbhi2017,icbhi2017::158,calibration,False,1,both,2.2369999999999997,1,0.9268795,0.92623895,0.93255365,0.9285573666666668,0.07144263333333323,1
icbhi2017::158_1p4_Al_mc_AKGC417L__cycle_002,icbhi2017,icbhi2017::158,calibration,False,1,crackle,2.17,1,0.9499567,0.9629444,0.81197786,0.9082929866666666,0.09170701333333342,1
icbhi2017::158_1p4_Al_mc_AKGC417L__cycle_003,icbhi2017,icbhi2017::158,calibration,False,0,normal,2.154000000000001,0,0.5856975,0.72641236,0.32691532,0.5463417266666667,0.4536582733333333,1
icbhi2017::158_1p4_Al_mc_AKGC417L__cycle_004,icbhi2017,icbhi2017::158,calibration,False,1,crackle,2.0700000000000003,1,0.871191,0.9823009,0.66301525,0.8388357166666666,0.16116428333333344,1
icbhi2017::158_1p4_Al_mc_AKGC417L__cycle_005,icbhi2017,icbhi2017::158,calibration,False,1,crackle,2.237,1,0.81716746,0.9627472,0.7043463,0.8280869866666666,0.17191301333333342,1
icbhi2017::158_1p4_Al_mc_AKGC417L__cycle_006,icbhi2017,icbhi2017::158,calibration,False,0,normal,2.0699999999999985,0,0.623404,0.59996223,0.3215673,0.5149778433333333,0.4850221566666667,1
icbhi2017::158_1p4_Al_mc_AKGC417L__cycle_007,icbhi2017,icbhi2017::158,calibration,False,1,both,2.054000000000002,1,0.8494969,0.87709093,0.57125413,0.7659473200000001,0.2340526799999999,1
icbhi2017::158_1p4_Al_mc_AKGC417L__cycle_008,icbhi2017,icbhi2017::158,calibration,False,0,normal,2.0199999999999996,0,0.847442,0.88437295,0.75237066,0.82806187,0.17193813000000002,1
icbhi2017::158_1p4_Ar_mc_AKGC417L__cycle_000,icbhi2017,icbhi2017::158,calibration,False,1,both,2.471,1,0.9171183,0.95329684,0.91145647,0.9272905366666667,0.07270946333333328,1
icbhi2017::158_1p4_Ar_mc_AKGC417L__cycle_001,icbhi2017,icbhi2017::158,calibration,False,1,crackle,2.2369999999999997,1,0.802393,0.892113,0.85316026,0.8492220866666668,0.15077791333333324,1
icbhi2017::158_1p4_Ar_mc_AKGC417L__cycle_002,icbhi2017,icbhi2017::158,calibration,False,1,crackle,2.17,1,0.9008356,0.6275103,0.8384215,0.7889224666666667,0.21107753333333334,1
icbhi2017::158_1p4_Ar_mc_AKGC417L__cycle_003,icbhi2017,icbhi2017::158,calibration,False,0,normal,2.154000000000001,0,0.7644905,0.86825955,0.8730732,0.8352744166666666,0.16472558333333343,1
icbhi2017::158_1p4_Ar_mc_AKGC417L__cycle_004,icbhi2017,icbhi2017::158,calibration,False,1,crackle,2.0700000000000003,1,0.88752764,0.938377,0.7898633,0.8719226466666666,0.12807735333333337,1
icbhi2017::158_1p4_Ar_mc_AKGC417L__cycle_005,icbhi2017,icbhi2017::158,calibration,False,1,crackle,2.237,1,0.836709,0.9340457,0.8118617,0.8608721333333333,0.13912786666666666,1
icbhi2017::158_1p4_Ar_mc_AKGC417L__cycle_006,icbhi2017,icbhi2017::158,calibration,False,0,normal,2.0699999999999985,0,0.67888135,0.9207804,0.7288555,0.7761724166666667,0.2238275833333333,1
icbhi2017::158_1p4_Ar_mc_AKGC417L__cycle_007,icbhi2017,icbhi2017::158,calibration,False,1,crackle,2.054000000000002,1,0.89248383,0.8892615,0.88196325,0.8879028600000001,0.11209713999999993,1
icbhi2017::158_1p4_Ar_mc_AKGC417L__cycle_008,icbhi2017,icbhi2017::158,calibration,False,1,crackle,2.0199999999999996,1,0.8624586,0.8169678,0.71734846,0.7989249533333332,0.20107504666666676,1
icbhi2017::158_1p4_Lr_mc_AKGC417L__cycle_000,icbhi2017,icbhi2017::158,calibration,False,1,both,2.471,1,0.9077022,0.82203496,0.8901334,0.8732901866666666,0.12670981333333342,1
icbhi2017::158_1p4_Lr_mc_AKGC417L__cycle_001,icbhi2017,icbhi2017::158,calibration,False,1,both,2.2369999999999997,1,0.846921,0.9647808,0.83611065,0.88260415,0.11739584999999997,1
icbhi2017::158_1p4_Lr_mc_AKGC417L__cycle_002,icbhi2017,icbhi2017::158,calibration,False,1,both,2.17,1,0.86247367,0.89253527,0.85410285,0.86970393,0.13029606999999999,1
icbhi2017::158_1p4_Lr_mc_AKGC417L__cycle_003,icbhi2017,icbhi2017::158,calibration,False,1,wheeze,2.154000000000001,1,0.6183954,0.7415767,0.8017888,0.7205869666666667,0.27941303333333334,1
icbhi2017::158_1p4_Lr_mc_AKGC417L__cycle_004,icbhi2017,icbhi2017::158,calibration,False,1,wheeze,2.0700000000000003,1,0.93522173,0.94583607,0.8078489,0.8963022333333334,0.10369776666666664,1
icbhi2017::158_1p4_Lr_mc_AKGC417L__cycle_005,icbhi2017,icbhi2017::158,calibration,False,1,wheeze,2.237,1,0.85548,0.9586324,0.87026197,0.8947914566666667,0.1052085433333333,1
icbhi2017::158_1p4_Lr_mc_AKGC417L__cycle_006,icbhi2017,icbhi2017::158,calibration,False,1,wheeze,2.0699999999999985,1,0.46009308,0.7080121,0.7618383,0.6433144933333333,0.35668550666666665,1
icbhi2017::158_1p4_Lr_mc_AKGC417L__cycle_007,icbhi2017,icbhi2017::158,calibration,False,1,both,2.054000000000002,1,0.9734793,0.97798723,0.8928711,0.9481125433333334,0.05188745666666661,1
icbhi2017::158_1p4_Lr_mc_AKGC417L__cycle_008,icbhi2017,icbhi2017::158,calibration,False,1,both,2.0199999999999996,1,0.96213007,0.96702373,0.9440045,0.9577194333333333,0.042280566666666686,1
icbhi2017::158_1p4_Pl_mc_AKGC417L__cycle_000,icbhi2017,icbhi2017::158,calibration,False,1,wheeze,2.471,1,0.6635617,0.6074056,0.7667453,0.6792375333333333,0.32076246666666675,1
icbhi2017::158_1p4_Pl_mc_AKGC417L__cycle_001,icbhi2017,icbhi2017::158,calibration,False,1,both,2.2369999999999997,1,0.89608926,0.96693736,0.841374,0.9014668733333333,0.09853312666666669,1
icbhi2017::158_1p4_Pl_mc_AKGC417L__cycle_002,icbhi2017,icbhi2017::158,calibration,False,1,crackle,2.17,1,0.74349797,0.8792678,0.64643544,0.7564004033333332,0.24359959666666675,1
icbhi2017::158_1p4_Pl_mc_AKGC417L__cycle_003,icbhi2017,icbhi2017::158,calibration,False,0,normal,2.154000000000001,0,0.8301934,0.9361614,0.77872884,0.8483612133333334,0.15163878666666664,1
icbhi2017::158_1p4_Pl_mc_AKGC417L__cycle_004,icbhi2017,icbhi2017::158,calibration,False,1,crackle,2.0700000000000003,1,0.77918774,0.8531023,0.71780956,0.7833665333333334,0.2166334666666666,1
icbhi2017::158_1p4_Pl_mc_AKGC417L__cycle_005,icbhi2017,icbhi2017::158,calibration,False,1,crackle,2.237,1,0.7373788,0.962357,0.6608941,0.7868766333333334,0.21312336666666665,1
icbhi2017::158_1p4_Pl_mc_AKGC417L__cycle_006,icbhi2017,icbhi2017::158,calibration,False,0,normal,2.0699999999999985,0,0.9295341,0.99001443,0.8776459,0.9323981433333334,0.06760185666666663,1
icbhi2017::158_1p4_Pl_mc_AKGC417L__cycle_007,icbhi2017,icbhi2017::158,calibration,False,1,both,2.054000000000002,1,0.7256652,0.80942416,0.77235097,0.7691467766666666,0.23085322333333336,1
icbhi2017::158_1p4_Pl_mc_AKGC417L__cycle_008,icbhi2017,icbhi2017::158,calibration,False,1,both,2.0199999999999996,1,0.880921,0.975785,0.8702264,0.9089774666666667,0.09102253333333332,1
icbhi2017::158_1p4_Pr_mc_AKGC417L__cycle_000,icbhi2017,icbhi2017::158,calibration,False,1,wheeze,2.471,1,0.9711766,0.9546902,0.9128378,0.9462348666666668,0.053765133333333215,1
icbhi2017::158_1p4_Pr_mc_AKGC417L__cycle_001,icbhi2017,icbhi2017::158,calibration,False,1,both,2.2369999999999997,1,0.92865694,0.99684024,0.8081142,0.9112037933333333,0.08879620666666665,1
icbhi2017::158_1p4_Pr_mc_AKGC417L__cycle_002,icbhi2017,icbhi2017::158,calibration,False,1,both,2.17,1,0.93295145,0.980804,0.83177954,0.9151783299999999,0.08482167000000007,1
icbhi2017::158_1p4_Pr_mc_AKGC417L__cycle_003,icbhi2017,icbhi2017::158,calibration,False,1,both,2.154000000000001,1,0.9286042,0.9978114,0.8866599,0.9376918333333334,0.06230816666666661,1
icbhi2017::158_1p4_Pr_mc_AKGC417L__cycle_004,icbhi2017,icbhi2017::158,calibration,False,1,both,2.0700000000000003,1,0.97891825,0.99443465,0.83462924,0.9359940466666666,0.06400595333333337,1
icbhi2017::158_1p4_Pr_mc_AKGC417L__cycle_005,icbhi2017,icbhi2017::158,calibration,False,1,both,2.237,1,0.9894555,0.9997098,0.9535039,0.9808897333333334,0.019110266666666598,1
icbhi2017::158_1p4_Pr_mc_AKGC417L__cycle_006,icbhi2017,icbhi2017::158,calibration,False,1,wheeze,2.0699999999999985,1,0.98623973,0.99814785,0.88303477,0.95580745,0.04419255,1
icbhi2017::158_1p4_Pr_mc_AKGC417L__cycle_007,icbhi2017,icbhi2017::158,calibration,False,1,both,2.054000000000002,1,0.99052256,0.99961984,0.9226682,0.9709368666666668,0.029063133333333213,1
icbhi2017::158_1p4_Pr_mc_AKGC417L__cycle_008,icbhi2017,icbhi2017::158,calibration,False,1,both,2.0199999999999996,1,0.98127764,0.9965096,0.86921185,0.9489996966666667,0.051000303333333274,1
icbhi2017::158_1p4_Tc_mc_AKGC417L__cycle_000,icbhi2017,icbhi2017::158,calibration,False,1,crackle,2.471,1,0.77255493,0.7283007,0.8500086,0.78362141,0.21637859000000004,1
icbhi2017::158_1p4_Tc_mc_AKGC417L__cycle_001,icbhi2017,icbhi2017::158,calibration,False,1,crackle,2.2369999999999997,1,0.24310414,0.33130625,0.3540558,0.30948873,0.69051127,0
icbhi2017::158_1p4_Tc_mc_AKGC417L__cycle_002,icbhi2017,icbhi2017::158,calibration,False,0,normal,2.17,0,0.37978265,0.69837797,0.36801085,0.48205715666666665,0.5179428433333333,0
icbhi2017::158_1p4_Tc_mc_AKGC417L__cycle_003,icbhi2017,icbhi2017::158,calibration,False,0,normal,2.154000000000001,0,0.04724613,0.068829656,0.30009964,0.138725142,0.861274858,0
icbhi2017::158_1p4_Tc_mc_AKGC417L__cycle_004,icbhi2017,icbhi2017::158,calibration,False,1,crackle,2.0700000000000003,1,0.3920231,0.649499,0.5380638,0.5265286333333333,0.47347136666666667,1
icbhi2017::158_1p4_Tc_mc_AKGC417L__cycle_005,icbhi2017,icbhi2017::158,calibration,False,0,normal,2.237,0,0.1171553,0.52875054,0.34570488,0.33053690666666663,0.6694630933333334,0
icbhi2017::158_1p4_Tc_mc_AKGC417L__cycle_006,icbhi2017,icbhi2017::158,calibration,False,0,normal,2.0699999999999985,0,0.072429135,0.6566096,0.45049497,0.3931779016666667,0.6068220983333332,0
icbhi2017::158_1p4_Tc_mc_AKGC417L__cycle_007,icbhi2017,icbhi2017::158,calibration,False,1,crackle,2.054000000000002,1,0.5179121,0.97814924,0.85899884,0.78502006,0.21497993999999998,1
icbhi2017::158_1p4_Tc_mc_AKGC417L__cycle_008,icbhi2017,icbhi2017::158,calibration,False,0,normal,2.0199999999999996,0,0.47823393,0.9321089,0.7760945,0.7288124433333333,0.2711875566666667,1
icbhi2017::158_2p2_Ar_mc_AKGC417L__cycle_000,icbhi2017,icbhi2017::158,calibration,False,1,crackle,2.254,1,0.91499066,0.9328814,0.903646,0.9171726866666665,0.08282731333333349,1
icbhi2017::158_2p2_Ar_mc_AKGC417L__cycle_001,icbhi2017,icbhi2017::158,calibration,False,1,both,2.287,1,0.74827707,0.19493026,0.729825,0.5576774433333332,0.44232255666666676,1
icbhi2017::158_2p2_Ar_mc_AKGC417L__cycle_002,icbhi2017,icbhi2017::158,calibration,False,1,wheeze,1.9200000000000008,1,0.9211694,0.86738896,0.9145081,0.9010221533333334,0.09897784666666665,1
icbhi2017::158_2p2_Ar_mc_AKGC417L__cycle_003,icbhi2017,icbhi2017::158,calibration,False,0,normal,1.8359999999999983,0,0.51268303,0.5612368,0.5286719,0.5341972433333333,0.4658027566666667,1
icbhi2017::158_2p2_Ar_mc_AKGC417L__cycle_004,icbhi2017,icbhi2017::158,calibration,False,1,both,1.7200000000000006,1,0.4889013,0.8050106,0.70825344,0.6673884466666666,0.33261155333333337,1
icbhi2017::158_2p2_Ar_mc_AKGC417L__cycle_005,icbhi2017,icbhi2017::158,calibration,False,1,crackle,1.9860000000000009,1,0.4561039,0.39351496,0.57950103,0.47637329666666667,0.5236267033333333,0
icbhi2017::158_2p2_Ar_mc_AKGC417L__cycle_006,icbhi2017,icbhi2017::158,calibration,False,1,crackle,1.886999999999999,1,0.61221945,0.46905768,0.7179004,0.5997258433333333,0.40027415666666666,1
icbhi2017::158_2p2_Ar_mc_AKGC417L__cycle_007,icbhi2017,icbhi2017::158,calibration,False,1,crackle,2.1370000000000005,1,0.7498888,0.7461994,0.84019744,0.7787618799999999,0.2212381200000001,1
icbhi2017::158_2p2_Ar_mc_AKGC417L__cycle_008,icbhi2017,icbhi2017::158,calibration,False,1,crackle,2.120000000000001,1,0.77649826,0.51616573,0.73147935,0.6747144466666666,0.3252855533333334,1
icbhi2017::158_2p3_Lr_mc_AKGC417L__cycle_000,icbhi2017,icbhi2017::158,calibration,False,1,crackle,1.119,1,0.07384712,0.24263734,0.4250496,0.24717802,0.75282198,0
icbhi2017::158_2p3_Lr_mc_AKGC417L__cycle_001,icbhi2017,icbhi2017::158,calibration,False,1,crackle,2.087,1,0.24428661,0.5278304,0.5712265,0.44778117,0.5522188299999999,0
icbhi2017::158_2p3_Lr_mc_AKGC417L__cycle_002,icbhi2017,icbhi2017::158,calibration,False,1,both,1.836,1,0.2160211,0.3942989,0.59599775,0.4021059166666667,0.5978940833333333,0
icbhi2017::158_2p3_Lr_mc_AKGC417L__cycle_003,icbhi2017,icbhi2017::158,calibration,False,1,crackle,1.636,1,0.43575144,0.8911426,0.90136826,0.7427541,0.2572459,1
icbhi2017::158_2p3_Lr_mc_AKGC417L__cycle_004,icbhi2017,icbhi2017::158,calibration,False,1,crackle,1.5860000000000003,1,0.17678045,0.3534345,0.52304816,0.35108770333333333,0.6489122966666667,0
icbhi2017::158_2p3_Lr_mc_AKGC417L__cycle_005,icbhi2017,icbhi2017::158,calibration,False,1,crackle,1.6359999999999992,1,0.24286032,0.36271912,0.5467091,0.38409617999999995,0.61590382,0
icbhi2017::158_2p3_Lr_mc_AKGC417L__cycle_006,icbhi2017,icbhi2017::158,calibration,False,1,crackle,1.5690000000000008,1,0.4299851,0.24995238,0.65969,0.4465424933333333,0.5534575066666667,0
icbhi2017::158_2p3_Lr_mc_AKGC417L__cycle_007,icbhi2017,icbhi2017::158,calibration,False,1,crackle,1.7199999999999989,1,0.3467158,0.9835434,0.6170427,0.6491006333333333,0.35089936666666666,1
icbhi2017::158_2p3_Lr_mc_AKGC417L__cycle_008,icbhi2017,icbhi2017::158,calibration,False,1,both,1.502000000000001,1,0.29313633,0.71095705,0.8578642,0.6206525266666666,0.3793474733333334,1
icbhi2017::158_2p3_Lr_mc_AKGC417L__cycle_009,icbhi2017,icbhi2017::158,calibration,False,1,both,1.6199999999999992,1,0.92390966,0.9035307,0.9643324,0.9305909199999999,0.06940908000000012,1
icbhi2017::158_2p3_Lr_mc_AKGC417L__cycle_010,icbhi2017,icbhi2017::158,calibration,False,1,both,1.568999999999999,1,0.89792526,0.83529466,0.9350789,0.88943294,0.11056706000000005,1
icbhi2017::158_2p3_Lr_mc_AKGC417L__cycle_011,icbhi2017,icbhi2017::158,calibration,False,1,both,1.5690000000000026,1,0.9661835,0.96625215,0.98182,0.97141855,0.028581450000000008,1
icbhi2017::158_2p3_Tc_mc_AKGC417L__cycle_000,icbhi2017,icbhi2017::158,calibration,False,1,wheeze,1.119,1,0.8760599,0.86141276,0.8464752,0.8613159533333333,0.13868404666666667,1
icbhi2017::158_2p3_Tc_mc_AKGC417L__cycle_001,icbhi2017,icbhi2017::158,calibration,False,1,both,2.087,1,0.93150955,0.8624609,0.751886,0.8486188166666667,0.15138118333333328,1
icbhi2017::158_2p3_Tc_mc_AKGC417L__cycle_002,icbhi2017,icbhi2017::158,calibration,False,1,wheeze,1.836,1,0.85352504,0.9639975,0.900388,0.9059701800000001,0.09402981999999993,1
icbhi2017::158_2p3_Tc_mc_AKGC417L__cycle_003,icbhi2017,icbhi2017::158,calibration,False,1,wheeze,1.636,1,0.9210632,0.9859805,0.89482564,0.9339564466666667,0.06604355333333334,1
icbhi2017::158_2p3_Tc_mc_AKGC417L__cycle_004,icbhi2017,icbhi2017::158,calibration,False,1,wheeze,1.5860000000000003,1,0.5517067,0.54940593,0.57830364,0.5598054233333333,0.4401945766666667,1
icbhi2017::158_2p3_Tc_mc_AKGC417L__cycle_005,icbhi2017,icbhi2017::158,calibration,False,1,both,1.6359999999999992,1,0.6192022,0.9507477,0.8810943,0.8170147333333334,0.1829852666666666,1
icbhi2017::158_2p3_Tc_mc_AKGC417L__cycle_006,icbhi2017,icbhi2017::158,calibration,False,1,wheeze,1.5690000000000008,1,0.9056465,0.936547,0.86033535,0.90084295,0.09915704999999997,1
icbhi2017::158_2p3_Tc_mc_AKGC417L__cycle_007,icbhi2017,icbhi2017::158,calibration,False,1,wheeze,1.7199999999999989,1,0.7995922,0.84887165,0.81862086,0.82236157,0.17763843,1
icbhi2017::158_2p3_Tc_mc_AKGC417L__cycle_008,icbhi2017,icbhi2017::158,calibration,False,1,wheeze,1.502000000000001,1,0.90400267,0.88652885,0.6606606,0.81706404,0.18293596,1
icbhi2017::158_2p3_Tc_mc_AKGC417L__cycle_009,icbhi2017,icbhi2017::158,calibration,False,1,wheeze,1.6199999999999992,1,0.75637686,0.8849314,0.84932697,0.8302117433333334,0.16978825666666664,1
icbhi2017::158_2p3_Tc_mc_AKGC417L__cycle_010,icbhi2017,icbhi2017::158,calibration,False,1,wheeze,1.568999999999999,1,0.89096797,0.9081405,0.8167367,0.87194839,0.12805160999999998,1
icbhi2017::158_2p3_Tc_mc_AKGC417L__cycle_011,icbhi2017,icbhi2017::158,calibration,False,1,wheeze,1.5690000000000026,1,0.8997344,0.9142108,0.7896796,0.8678749333333333,0.13212506666666668,1
icbhi2017::163_2b2_Al_mc_AKGC417L__cycle_000,icbhi2017,icbhi2017::163,calibration,False,0,normal,3.74,0,0.046021953,0.10157127,0.1516364,0.09974320766666667,0.9002567923333333,0
icbhi2017::163_2b2_Al_mc_AKGC417L__cycle_001,icbhi2017,icbhi2017::163,calibration,False,0,normal,4.788,0,0.11527336,0.36452356,0.2234947,0.23443054,0.76556946,0
icbhi2017::163_2b2_Al_mc_AKGC417L__cycle_002,icbhi2017,icbhi2017::163,calibration,False,0,normal,4.703999999999999,0,0.05064568,0.17561854,0.17435989,0.13354137,0.86645863,0
icbhi2017::163_2b2_Al_mc_AKGC417L__cycle_003,icbhi2017,icbhi2017::163,calibration,False,0,normal,4.112,0,0.08027936,0.02784281,0.25076124,0.11962780333333334,0.8803721966666667,0
icbhi2017::163_2b2_Al_mc_AKGC417L__cycle_004,icbhi2017,icbhi2017::163,calibration,False,0,normal,2.588999999999998,0,0.13502519,0.1905837,0.3508309,0.22547993,0.77452007,0
icbhi2017::163_2b2_Ar_mc_AKGC417L__cycle_000,icbhi2017,icbhi2017::163,calibration,False,0,normal,3.74,0,0.02303602,0.006186596,0.14045855,0.05656038866666666,0.9434396113333333,0
icbhi2017::163_2b2_Ar_mc_AKGC417L__cycle_001,icbhi2017,icbhi2017::163,calibration,False,0,normal,4.788,0,0.025321182,0.003999309,0.122664325,0.05066160533333333,0.9493383946666667,0
icbhi2017::163_2b2_Ar_mc_AKGC417L__cycle_002,icbhi2017,icbhi2017::163,calibration,False,0,normal,4.703999999999999,0,0.017766822,0.0033690003,0.15316643,0.05810075076666666,0.9418992492333333,0
icbhi2017::163_2b2_Ar_mc_AKGC417L__cycle_003,icbhi2017,icbhi2017::163,calibration,False,0,normal,4.112,0,0.035965793,0.0052503874,0.12280443,0.054673536800000005,0.9453264632,0
icbhi2017::163_2b2_Ar_mc_AKGC417L__cycle_004,icbhi2017,icbhi2017::163,calibration,False,0,normal,2.588999999999998,0,0.035774108,0.0078048552,0.16670914,0.0700960344,0.9299039656,0
icbhi2017::163_2b2_Ll_mc_AKGC417L__cycle_000,icbhi2017,icbhi2017::163,calibration,False,0,normal,3.74,0,0.40309417,0.70247006,0.6211757,0.5755799766666666,0.4244200233333334,1
icbhi2017::163_2b2_Ll_mc_AKGC417L__cycle_001,icbhi2017,icbhi2017::163,calibration,False,1,crackle,4.788,1,0.53002214,0.86148405,0.7095842,0.7003634633333333,0.2996365366666667,1
icbhi2017::163_2b2_Ll_mc_AKGC417L__cycle_002,icbhi2017,icbhi2017::163,calibration,False,1,crackle,4.703999999999999,1,0.15038809,0.109400116,0.40915078,0.222979662,0.777020338,0
icbhi2017::163_2b2_Ll_mc_AKGC417L__cycle_003,icbhi2017,icbhi2017::163,calibration,False,0,normal,4.112,0,0.6104177,0.8289187,0.6205237,0.6866200333333333,0.3133799666666667,1
icbhi2017::163_2b2_Ll_mc_AKGC417L__cycle_004,icbhi2017,icbhi2017::163,calibration,False,0,normal,2.588999999999998,0,0.65758437,0.90623707,0.79574835,0.7865232633333333,0.21347673666666667,1
icbhi2017::163_2b2_Lr_mc_AKGC417L__cycle_000,icbhi2017,icbhi2017::163,calibration,False,1,crackle,3.74,1,0.2184211,0.12179554,0.4149213,0.25171264666666665,0.7482873533333334,0
icbhi2017::163_2b2_Lr_mc_AKGC417L__cycle_001,icbhi2017,icbhi2017::163,calibration,False,0,normal,4.788,0,0.20250258,0.1965013,0.52624416,0.3084160133333333,0.6915839866666667,0
icbhi2017::163_2b2_Lr_mc_AKGC417L__cycle_002,icbhi2017,icbhi2017::163,calibration,False,1,crackle,4.703999999999999,1,0.2672896,0.5212599,0.5961147,0.46155473333333336,0.5384452666666666,0
icbhi2017::163_2b2_Lr_mc_AKGC417L__cycle_003,icbhi2017,icbhi2017::163,calibration,False,1,crackle,4.112,1,0.25816244,0.10503811,0.50401396,0.2890715033333333,0.7109284966666667,0
icbhi2017::163_2b2_Lr_mc_AKGC417L__cycle_004,icbhi2017,icbhi2017::163,calibration,False,0,normal,2.588999999999998,0,0.18134272,0.026332965,0.47871464,0.22879677500000004,0.7712032249999999,0
icbhi2017::163_2b2_Pl_mc_AKGC417L__cycle_000,icbhi2017,icbhi2017::163,calibration,False,1,crackle,3.74,1,0.5564585,0.74201035,0.34850243,0.5489904266666666,0.45100957333333336,1
icbhi2017::163_2b2_Pl_mc_AKGC417L__cycle_001,icbhi2017,icbhi2017::163,calibration,False,1,crackle,4.788,1,0.68825775,0.7405098,0.48562035,0.6381293,0.3618707,1
icbhi2017::163_2b2_Pl_mc_AKGC417L__cycle_002,icbhi2017,icbhi2017::163,calibration,False,0,normal,4.703999999999999,0,0.46828923,0.39303103,0.2595285,0.37361625333333337,0.6263837466666666,0
icbhi2017::163_2b2_Pl_mc_AKGC417L__cycle_003,icbhi2017,icbhi2017::163,calibration,False,0,normal,4.112,0,0.7745401,0.75562227,0.61102915,0.7137305066666667,0.2862694933333333,1
icbhi2017::163_2b2_Pl_mc_AKGC417L__cycle_004,icbhi2017,icbhi2017::163,calibration,False,0,normal,2.588999999999998,0,0.94669044,0.9960587,0.9371199,0.9599563466666666,0.04004365333333337,1
icbhi2017::163_2b2_Pr_mc_AKGC417L__cycle_000,icbhi2017,icbhi2017::163,calibration,False,0,normal,3.74,0,0.45975345,0.8637676,0.42822763,0.5839162266666668,0.41608377333333324,1
icbhi2017::163_2b2_Pr_mc_AKGC417L__cycle_001,icbhi2017,icbhi2017::163,calibration,False,0,normal,4.788,0,0.86379325,0.903684,0.8753309,0.88093605,0.11906395000000003,1
icbhi2017::163_2b2_Pr_mc_AKGC417L__cycle_002,icbhi2017,icbhi2017::163,calibration,False,0,normal,4.703999999999999,0,0.61226356,0.8231292,0.80092466,0.7454391399999999,0.2545608600000001,1
icbhi2017::163_2b2_Pr_mc_AKGC417L__cycle_003,icbhi2017,icbhi2017::163,calibration,False,0,normal,4.112,0,0.919443,0.9719491,0.81242025,0.9012707833333332,0.09872921666666679,1
icbhi2017::163_2b2_Pr_mc_AKGC417L__cycle_004,icbhi2017,icbhi2017::163,calibration,False,0,normal,2.588999999999998,0,0.92400163,0.97105104,0.8536105,0.9162210566666668,0.08377894333333324,1
icbhi2017::163_2b2_Tc_mc_AKGC417L__cycle_000,icbhi2017,icbhi2017::163,calibration,False,0,normal,3.74,0,0.04803929,0.034667138,0.10396055,0.062222325999999994,0.937777674,0
icbhi2017::163_2b2_Tc_mc_AKGC417L__cycle_001,icbhi2017,icbhi2017::163,calibration,False,0,normal,4.788,0,0.057159968,0.035272058,0.11427231,0.06890144533333332,0.9310985546666667,0
icbhi2017::163_2b2_Tc_mc_AKGC417L__cycle_002,icbhi2017,icbhi2017::163,calibration,False,0,normal,4.703999999999999,0,0.031772386,0.010827418,0.0816649,0.041421568,0.958578432,0
icbhi2017::163_2b2_Tc_mc_AKGC417L__cycle_003,icbhi2017,icbhi2017::163,calibration,False,0,normal,4.112,0,0.09873005,0.06088797,0.1326952,0.09743774000000001,0.90256226,0
icbhi2017::163_2b2_Tc_mc_AKGC417L__cycle_004,icbhi2017,icbhi2017::163,calibration,False,0,normal,2.588999999999998,0,0.05041303,0.040373698,0.13252147,0.07443606600000001,0.925563934,0
icbhi2017::163_8b3_Al_mc_AKGC417L__cycle_000,icbhi2017,icbhi2017::163,calibration,False,0,normal,3.333,0,0.17897762,0.050918993,0.42159125,0.21716262099999997,0.782837379,0
icbhi2017::163_8b3_Al_mc_AKGC417L__cycle_001,icbhi2017,icbhi2017::163,calibration,False,0,normal,3.0289999999999995,0,0.10756457,0.015927529,0.27570492,0.13306567300000002,0.866934327,0
icbhi2017::163_8b3_Al_mc_AKGC417L__cycle_002,icbhi2017,icbhi2017::163,calibration,False,0,normal,3.4850000000000003,0,0.2481889,0.1915155,0.27855706,0.23942048666666668,0.7605795133333333,0
icbhi2017::163_8b3_Al_mc_AKGC417L__cycle_003,icbhi2017,icbhi2017::163,calibration,False,0,normal,3.3339999999999996,0,0.18016349,0.1553193,0.44086635,0.2587830466666667,0.7412169533333333,0
icbhi2017::163_8b3_Al_mc_AKGC417L__cycle_004,icbhi2017,icbhi2017::163,calibration,False,0,normal,2.724,0,0.4263322,0.36807632,0.6213689,0.47192580666666667,0.5280741933333333,0
icbhi2017::163_8b3_Al_mc_AKGC417L__cycle_005,icbhi2017,icbhi2017::163,calibration,False,0,normal,3.620999999999998,0,0.15416415,0.041297846,0.27499166,0.15681788533333332,0.8431821146666667,0
icbhi2017::163_8b3_Ar_mc_AKGC417L__cycle_000,icbhi2017,icbhi2017::163,calibration,False,0,normal,3.333,0,0.08110888,0.014418097,0.36161008,0.152379019,0.8476209809999999,0
icbhi2017::163_8b3_Ar_mc_AKGC417L__cycle_001,icbhi2017,icbhi2017::163,calibration,False,0,normal,3.0289999999999995,0,0.030911088,0.040597107,0.32150754,0.131005245,0.868994755,0
icbhi2017::163_8b3_Ar_mc_AKGC417L__cycle_002,icbhi2017,icbhi2017::163,calibration,False,0,normal,3.4850000000000003,0,0.1177187,0.0890721,0.320346,0.1757122666666667,0.8242877333333333,0
icbhi2017::163_8b3_Ar_mc_AKGC417L__cycle_003,icbhi2017,icbhi2017::163,calibration,False,0,normal,3.3339999999999996,0,0.07240005,0.044540726,0.33856037,0.15183371533333334,0.8481662846666667,0
icbhi2017::163_8b3_Ar_mc_AKGC417L__cycle_004,icbhi2017,icbhi2017::163,calibration,False,0,normal,2.724,0,0.049925864,0.0189986,0.3291423,0.13268892133333335,0.8673110786666667,0
icbhi2017::163_8b3_Ar_mc_AKGC417L__cycle_005,icbhi2017,icbhi2017::163,calibration,False,0,normal,3.620999999999998,0,0.04424715,0.020367965,0.2808606,0.11515857166666667,0.8848414283333333,0
icbhi2017::163_8b3_Ll_mc_AKGC417L__cycle_000,icbhi2017,icbhi2017::163,calibration,False,0,normal,3.333,0,0.8769172,0.96159375,0.83780575,0.8921055666666667,0.10789443333333326,1
icbhi2017::163_8b3_Ll_mc_AKGC417L__cycle_001,icbhi2017,icbhi2017::163,calibration,False,0,normal,3.0289999999999995,0,0.93310755,0.9945809,0.79335475,0.9070144,0.0929856,1
icbhi2017::163_8b3_Ll_mc_AKGC417L__cycle_002,icbhi2017,icbhi2017::163,calibration,False,0,normal,3.4850000000000003,0,0.9532193,0.9895298,0.92502624,0.9559251133333332,0.04407488666666681,1
icbhi2017::163_8b3_Ll_mc_AKGC417L__cycle_003,icbhi2017,icbhi2017::163,calibration,False,0,normal,3.3339999999999996,0,0.81978893,0.947925,0.82633734,0.8646837566666666,0.13531624333333336,1
icbhi2017::163_8b3_Ll_mc_AKGC417L__cycle_004,icbhi2017,icbhi2017::163,calibration,False,0,normal,2.724,0,0.95430964,0.9876106,0.8609204,0.9342802133333333,0.06571978666666667,1
icbhi2017::163_8b3_Ll_mc_AKGC417L__cycle_005,icbhi2017,icbhi2017::163,calibration,False,0,normal,3.620999999999998,0,0.90821856,0.9840679,0.8237137,0.9053333866666667,0.09466661333333326,1
icbhi2017::163_8b3_Lr_mc_AKGC417L__cycle_000,icbhi2017,icbhi2017::163,calibration,False,0,normal,3.333,0,0.17915365,0.1254523,0.3631613,0.22258908333333335,0.7774109166666666,0
icbhi2017::163_8b3_Lr_mc_AKGC417L__cycle_001,icbhi2017,icbhi2017::163,calibration,False,0,normal,3.0289999999999995,0,0.06433899,0.024682878,0.15314403,0.08072196599999999,0.919278034,0
icbhi2017::163_8b3_Lr_mc_AKGC417L__cycle_002,icbhi2017,icbhi2017::163,calibration,False,0,normal,3.4850000000000003,0,0.22965398,0.04318353,0.36045238,0.21109663,0.78890337,0
icbhi2017::163_8b3_Lr_mc_AKGC417L__cycle_003,icbhi2017,icbhi2017::163,calibration,False,0,normal,3.3339999999999996,0,0.13946238,0.030500138,0.2578651,0.14260920600000002,0.857390794,0
icbhi2017::163_8b3_Lr_mc_AKGC417L__cycle_004,icbhi2017,icbhi2017::163,calibration,False,0,normal,2.724,0,0.058145776,0.02685129,0.43597022,0.17365576200000002,0.826344238,0
icbhi2017::163_8b3_Lr_mc_AKGC417L__cycle_005,icbhi2017,icbhi2017::163,calibration,False,0,normal,3.620999999999998,0,0.10328355,0.02320357,0.1973775,0.10795487333333335,0.8920451266666667,0
icbhi2017::163_8b3_Pl_mc_AKGC417L__cycle_000,icbhi2017,icbhi2017::163,calibration,False,0,normal,3.333,0,0.2957257,0.0070664883,0.5149213,0.27257116276666665,0.7274288372333333,0
icbhi2017::163_8b3_Pl_mc_AKGC417L__cycle_001,icbhi2017,icbhi2017::163,calibration,False,0,normal,3.0289999999999995,0,0.75584203,0.24606535,0.68939185,0.56376641,0.43623358999999995,1
icbhi2017::163_8b3_Pl_mc_AKGC417L__cycle_002,icbhi2017,icbhi2017::163,calibration,False,0,normal,3.4850000000000003,0,0.91663116,0.7254443,0.91667557,0.85291701,0.14708299000000002,1
icbhi2017::163_8b3_Pl_mc_AKGC417L__cycle_003,icbhi2017,icbhi2017::163,calibration,False,0,normal,3.3339999999999996,0,0.8929515,0.38369074,0.8153338,0.6973253466666667,0.3026746533333333,1
icbhi2017::163_8b3_Pl_mc_AKGC417L__cycle_004,icbhi2017,icbhi2017::163,calibration,False,0,normal,2.724,0,0.8148342,0.17867027,0.8882464,0.62725029,0.37274971,1
icbhi2017::163_8b3_Pl_mc_AKGC417L__cycle_005,icbhi2017,icbhi2017::163,calibration,False,0,normal,3.620999999999998,0,0.4507048,0.032028794,0.69458973,0.39244110800000004,0.6075588919999999,0
icbhi2017::163_8b3_Pr_mc_AKGC417L__cycle_000,icbhi2017,icbhi2017::163,calibration,False,0,normal,3.333,0,0.50804985,0.4509104,0.4951285,0.48469625000000005,0.51530375,0
icbhi2017::163_8b3_Pr_mc_AKGC417L__cycle_001,icbhi2017,icbhi2017::163,calibration,False,0,normal,3.0289999999999995,0,0.78752273,0.41987523,0.62198156,0.6097931733333334,0.3902068266666666,1
icbhi2017::163_8b3_Pr_mc_AKGC417L__cycle_002,icbhi2017,icbhi2017::163,calibration,False,0,normal,3.4850000000000003,0,0.84307534,0.8995371,0.8598633,0.8674919133333333,0.1325080866666667,1
icbhi2017::163_8b3_Pr_mc_AKGC417L__cycle_003,icbhi2017,icbhi2017::163,calibration,False,0,normal,3.3339999999999996,0,0.38072285,0.24641733,0.75857747,0.4619058833333334,0.5380941166666666,0
icbhi2017::163_8b3_Pr_mc_AKGC417L__cycle_004,icbhi2017,icbhi2017::163,calibration,False,0,normal,2.724,0,0.5499496,0.8524043,0.7186922,0.7070153666666666,0.29298463333333336,1
icbhi2017::163_8b3_Pr_mc_AKGC417L__cycle_005,icbhi2017,icbhi2017::163,calibration,False,0,normal,3.620999999999998,0,0.14410399,0.09522105,0.49147397,0.24359966999999996,0.7564003300000001,0
icbhi2017::192_2b1_Al_mc_LittC2SE__cycle_000,icbhi2017,icbhi2017::192,calibration,False,0,normal,0.985,0,0.044025734,0.01591916,0.14588724,0.06861071133333334,0.9313892886666667,0
icbhi2017::192_2b1_Al_mc_LittC2SE__cycle_001,icbhi2017,icbhi2017::192,calibration,False,1,wheeze,2.7,1,0.99225825,0.99893254,0.9912191,0.99413663,0.005863370000000034,1
icbhi2017::192_2b1_Al_mc_LittC2SE__cycle_002,icbhi2017,icbhi2017::192,calibration,False,1,wheeze,3.272,1,0.9955363,0.99875176,0.96853316,0.9876070733333334,0.012392926666666582,1
icbhi2017::192_2b1_Al_mc_LittC2SE__cycle_003,icbhi2017,icbhi2017::192,calibration,False,1,wheeze,2.742,1,0.99226123,0.9960375,0.92583925,0.9713793266666667,0.02862067333333329,1
icbhi2017::192_2b1_Al_mc_LittC2SE__cycle_004,icbhi2017,icbhi2017::192,calibration,False,1,wheeze,2.843,1,0.972441,0.99519724,0.85797274,0.9418703266666667,0.0581296733333333,1
icbhi2017::192_2b1_Al_mc_LittC2SE__cycle_005,icbhi2017,icbhi2017::192,calibration,False,1,both,2.9290000000000003,1,0.98399955,0.9955433,0.9326542,0.97073235,0.02926764999999998,1
icbhi2017::192_2b1_Al_mc_LittC2SE__cycle_006,icbhi2017,icbhi2017::192,calibration,False,1,wheeze,2.9000000000000004,1,0.97928154,0.9968832,0.7396866,0.90528378,0.09471622000000002,1
icbhi2017::192_2b1_Al_mc_LittC2SE__cycle_007,icbhi2017,icbhi2017::192,calibration,False,1,wheeze,1.5429999999999993,1,0.997654,0.9984713,0.994239,0.9967881,0.0032119000000000453,1
icbhi2017::192_2b1_Ar_mc_LittC2SE__cycle_000,icbhi2017,icbhi2017::192,calibration,False,0,normal,1.042,0,0.28492406,0.11071139,0.2832251,0.22628685,0.77371315,0
icbhi2017::192_2b1_Ar_mc_LittC2SE__cycle_001,icbhi2017,icbhi2017::192,calibration,False,1,wheeze,2.658,1,0.9920656,0.99615604,0.96384275,0.9840214633333333,0.01597853666666671,1
icbhi2017::192_2b1_Ar_mc_LittC2SE__cycle_002,icbhi2017,icbhi2017::192,calibration,False,1,wheeze,2.728,1,0.98955685,0.9970565,0.9520459,0.9795530833333334,0.020446916666666648,1
icbhi2017::192_2b1_Ar_mc_LittC2SE__cycle_003,icbhi2017,icbhi2017::192,calibration,False,1,wheeze,2.9289999999999994,1,0.94699633,0.9774354,0.86471057,0.9297141,0.07028590000000001,1
icbhi2017::192_2b1_Ar_mc_LittC2SE__cycle_004,icbhi2017,icbhi2017::192,calibration,False,1,wheeze,3.157,1,0.97212774,0.99746907,0.95786226,0.9758196900000001,0.02418030999999987,1
icbhi2017::192_2b1_Ar_mc_LittC2SE__cycle_005,icbhi2017,icbhi2017::192,calibration,False,1,wheeze,2.928000000000001,1,0.95377624,0.9737046,0.7738612,0.9004473466666667,0.0995526533333333,1
icbhi2017::192_2b1_Ar_mc_LittC2SE__cycle_006,icbhi2017,icbhi2017::192,calibration,False,1,wheeze,3.028999999999998,1,0.9879231,0.9952732,0.93584585,0.9730140500000001,0.026985949999999925,1
icbhi2017::192_2b1_Ar_mc_LittC2SE__cycle_007,icbhi2017,icbhi2017::192,calibration,False,1,wheeze,1.143000000000001,1,0.99026054,0.991907,0.9948304,0.9923326466666667,0.007667353333333349,1
icbhi2017::192_2b2_Al_mc_LittC2SE__cycle_000,icbhi2017,icbhi2017::192,calibration,False,1,wheeze,2.528,1,0.47812852,0.5594023,0.43417785,0.49056955666666663,0.5094304433333334,0
icbhi2017::192_2b2_Al_mc_LittC2SE__cycle_001,icbhi2017,icbhi2017::192,calibration,False,1,both,2.5149999999999997,1,0.9806624,0.9691815,0.7632451,0.904363,0.09563699999999997,1
icbhi2017::192_2b2_Al_mc_LittC2SE__cycle_002,icbhi2017,icbhi2017::192,calibration,False,1,wheeze,2.9850000000000003,1,0.9774355,0.9906908,0.9423936,0.9701733,0.029826699999999984,1
icbhi2017::192_2b2_Al_mc_LittC2SE__cycle_003,icbhi2017,icbhi2017::192,calibration,False,1,both,2.8859999999999992,1,0.9858375,0.9959791,0.9743309,0.9853825,0.01461749999999995,1
icbhi2017::192_2b2_Al_mc_LittC2SE__cycle_004,icbhi2017,icbhi2017::192,calibration,False,1,wheeze,2.9860000000000007,1,0.93942606,0.9772414,0.8275043,0.91472392,0.08527607999999998,1
icbhi2017::192_2b2_Al_mc_LittC2SE__cycle_005,icbhi2017,icbhi2017::192,calibration,False,1,wheeze,2.9140000000000015,1,0.99147195,0.9917332,0.909614,0.96427305,0.035726950000000035,1
icbhi2017::192_2b2_Al_mc_LittC2SE__cycle_006,icbhi2017,icbhi2017::192,calibration,False,1,wheeze,2.799999999999997,1,0.9942047,0.98793846,0.9331094,0.9717508533333333,0.02824914666666667,1
icbhi2017::192_2b2_Al_mc_LittC2SE__cycle_007,icbhi2017,icbhi2017::192,calibration,False,1,wheeze,0.314,1,0.33599153,0.62650555,0.72654927,0.56301545,0.43698455,1
icbhi2017::192_2b2_Ar_mc_LittC2SE__cycle_000,icbhi2017,icbhi2017::192,calibration,False,0,normal,1.972,0,0.85058284,0.69319624,0.6998253,0.7478681266666666,0.2521318733333334,1
icbhi2017::192_2b2_Ar_mc_LittC2SE__cycle_001,icbhi2017,icbhi2017::192,calibration,False,1,wheeze,2.9280000000000004,1,0.9535467,0.9936592,0.93941516,0.96220702,0.037792979999999976,1
icbhi2017::192_2b2_Ar_mc_LittC2SE__cycle_002,icbhi2017,icbhi2017::192,calibration,False,1,wheeze,3.1710000000000003,1,0.97471863,0.9986808,0.95886165,0.97742036,0.022579640000000012,1
icbhi2017::192_2b2_Ar_mc_LittC2SE__cycle_003,icbhi2017,icbhi2017::192,calibration,False,1,wheeze,3.1579999999999995,1,0.94152695,0.99146783,0.9693801,0.9674582933333333,0.03254170666666667,1
icbhi2017::192_2b2_Ar_mc_LittC2SE__cycle_004,icbhi2017,icbhi2017::192,calibration,False,1,wheeze,2.785,1,0.9633252,0.9775738,0.9156393,0.9521794333333333,0.047820566666666675,1
icbhi2017::192_2b2_Ar_mc_LittC2SE__cycle_005,icbhi2017,icbhi2017::192,calibration,False,1,wheeze,2.8290000000000006,1,0.95669764,0.9967794,0.95894927,0.97080877,0.029191230000000012,1
icbhi2017::192_2b2_Ar_mc_LittC2SE__cycle_006,icbhi2017,icbhi2017::192,calibration,False,1,wheeze,2.785999999999998,1,0.8607411,0.92958754,0.92725164,0.9058600933333333,0.09413990666666672,1
icbhi2017::192_2b2_Ar_mc_LittC2SE__cycle_007,icbhi2017,icbhi2017::192,calibration,False,1,wheeze,0.3000000000000007,1,0.8853789,0.9510159,0.7184733,0.8516227,0.14837730000000005,1
icbhi2017::192_2b3_Al_mc_LittC2SE__cycle_000,icbhi2017,icbhi2017::192,calibration,False,1,crackle,2.414,1,0.27997297,0.114316665,0.63322836,0.34250599833333334,0.6574940016666666,0
icbhi2017::192_2b3_Al_mc_LittC2SE__cycle_001,icbhi2017,icbhi2017::192,calibration,False,1,wheeze,3.1710000000000003,1,0.9833413,0.9961188,0.9540521,0.9778374,0.022162600000000032,1
icbhi2017::192_2b3_Al_mc_LittC2SE__cycle_002,icbhi2017,icbhi2017::192,calibration,False,1,wheeze,3.4000000000000004,1,0.99295783,0.9982603,0.9616025,0.9842735433333334,0.01572645666666661,1
icbhi2017::192_2b3_Al_mc_LittC2SE__cycle_003,icbhi2017,icbhi2017::192,calibration,False,1,wheeze,2.9429999999999996,1,0.927275,0.8947354,0.7443316,0.8554473333333332,0.14455266666666677,1
icbhi2017::192_2b3_Al_mc_LittC2SE__cycle_004,icbhi2017,icbhi2017::192,calibration,False,1,wheeze,3.343,1,0.9767779,0.99343663,0.77868235,0.9162989600000001,0.0837010399999999,1
icbhi2017::192_2b3_Al_mc_LittC2SE__cycle_005,icbhi2017,icbhi2017::192,calibration,False,1,wheeze,2.799999999999999,1,0.9865421,0.99093515,0.93023956,0.9692389366666667,0.030761063333333283,1
icbhi2017::192_2b3_Al_mc_LittC2SE__cycle_006,icbhi2017,icbhi2017::192,calibration,False,1,wheeze,1.7570000000000014,1,0.9896394,0.95844907,0.94835246,0.9654803099999999,0.0345196900000001,1
icbhi2017::192_2b3_Ar_mc_LittC2SE__cycle_000,icbhi2017,icbhi2017::192,calibration,False,0,normal,2.443,0,0.22154117,0.018732833,0.34836122,0.19621174100000002,0.803788259,0
icbhi2017::192_2b3_Ar_mc_LittC2SE__cycle_001,icbhi2017,icbhi2017::192,calibration,False,1,wheeze,3.1570000000000005,1,0.9721239,0.997195,0.93499243,0.9681037766666667,0.03189622333333331,1
icbhi2017::192_2b3_Ar_mc_LittC2SE__cycle_002,icbhi2017,icbhi2017::192,calibration,False,1,wheeze,3.2569999999999997,1,0.98624694,0.9964485,0.97144735,0.9847142633333333,0.01528573666666666,1
icbhi2017::192_2b3_Ar_mc_LittC2SE__cycle_003,icbhi2017,icbhi2017::192,calibration,False,1,wheeze,3.2140000000000004,1,0.9725822,0.98851436,0.8640672,0.9417212533333333,0.05827874666666666,1
icbhi2017::192_2b3_Ar_mc_LittC2SE__cycle_004,icbhi2017,icbhi2017::192,calibration,False,1,wheeze,3.115,1,0.86048293,0.98045075,0.95480376,0.9319124799999999,0.06808752000000007,1
icbhi2017::192_2b3_Ar_mc_LittC2SE__cycle_005,icbhi2017,icbhi2017::192,calibration,False,1,wheeze,2.9570000000000007,1,0.99391395,0.9977441,0.9644804,0.9853794833333334,0.014620516666666639,1
icbhi2017::192_2b3_Ar_mc_LittC2SE__cycle_006,icbhi2017,icbhi2017::192,calibration,False,1,wheeze,1.686,1,0.98934,0.9958092,0.97334945,0.9861662166666667,0.013833783333333294,1
icbhi2017::197_1b1_Al_sc_Meditron__cycle_000,icbhi2017,icbhi2017::197,calibration,False,0,normal,7.157,0,0.13485019,0.040412065,0.12686029,0.10070751500000001,0.899292485,0
icbhi2017::197_1b1_Al_sc_Meditron__cycle_001,icbhi2017,icbhi2017::197,calibration,False,0,normal,5.785,0,0.3054659,0.5355887,0.33542058,0.3921583933333334,0.6078416066666665,0
icbhi2017::197_1b1_Al_sc_Meditron__cycle_002,icbhi2017,icbhi2017::197,calibration,False,0,normal,6.999999999999998,0,0.3161529,0.21817198,0.40838265,0.3142358433333334,0.6857641566666666,0
icbhi2017::197_1b1_Tc_sc_Meditron__cycle_000,icbhi2017,icbhi2017::197,calibration,False,0,normal,4.9990000000000006,0,0.058768984,0.033593096,0.096449144,0.06293707466666666,0.9370629253333334,0
icbhi2017::197_1b1_Tc_sc_Meditron__cycle_001,icbhi2017,icbhi2017::197,calibration,False,1,crackle,4.515,1,0.047364365,0.047236085,0.06400312,0.052867856666666664,0.9471321433333333,0
icbhi2017::197_1b1_Tc_sc_Meditron__cycle_002,icbhi2017,icbhi2017::197,calibration,False,0,normal,3.943,0,0.13636231,0.072269,0.11830438,0.10897856333333333,0.8910214366666667,0
icbhi2017::197_1b1_Tc_sc_Meditron__cycle_003,icbhi2017,icbhi2017::197,calibration,False,0,normal,3.757,0,0.2645258,0.08210987,0.110007815,0.15221449499999998,0.847785505,0
icbhi2017::197_1b1_Tc_sc_Meditron__cycle_004,icbhi2017,icbhi2017::197,calibration,False,1,wheeze,2.3569999999999993,1,0.18759273,0.32080618,0.122552805,0.21031723833333335,0.7896827616666666,0
icbhi2017::204_2b5_Al_mc_AKGC417L__cycle_000,icbhi2017,icbhi2017::204,calibration,False,0,normal,0.762,0,0.6363792,0.27732742,0.74615055,0.5532857233333334,0.44671427666666663,1
icbhi2017::204_2b5_Al_mc_AKGC417L__cycle_001,icbhi2017,icbhi2017::204,calibration,False,1,wheeze,3.5709999999999997,1,0.9692851,0.9380306,0.92558056,0.9442987533333334,0.05570124666666665,1
icbhi2017::204_2b5_Al_mc_AKGC417L__cycle_002,icbhi2017,icbhi2017::204,calibration,False,1,wheeze,3.3099999999999996,1,0.9939533,0.99636877,0.98333514,0.99121907,0.00878093000000002,1
icbhi2017::204_2b5_Al_mc_AKGC417L__cycle_003,icbhi2017,icbhi2017::204,calibration,False,1,wheeze,3.761,1,0.9738743,0.99366415,0.9328462,0.9667948833333333,0.0332051166666667,1
icbhi2017::204_2b5_Al_mc_AKGC417L__cycle_004,icbhi2017,icbhi2017::204,calibration,False,0,normal,4.155000000000001,0,0.9821733,0.9519546,0.9412096,0.9584458333333333,0.04155416666666667,1
icbhi2017::204_2b5_Al_mc_AKGC417L__cycle_005,icbhi2017,icbhi2017::204,calibration,False,1,wheeze,2.892999999999999,1,0.99031246,0.99757034,0.9734212,0.9871013333333334,0.012898666666666614,1
icbhi2017::204_2b5_Al_mc_AKGC417L__cycle_006,icbhi2017,icbhi2017::204,calibration,False,0,normal,1.5,0,0.5964285,0.17836624,0.39508435,0.3899596966666667,0.6100403033333333,0
icbhi2017::204_2b5_Ar_mc_AKGC417L__cycle_000,icbhi2017,icbhi2017::204,calibration,False,0,normal,0.7739999999999999,0,0.18149154,0.2984166,0.36354312,0.28115041999999996,0.7188495800000001,0
icbhi2017::204_2b5_Ar_mc_AKGC417L__cycle_001,icbhi2017,icbhi2017::204,calibration,False,1,wheeze,3.4400000000000004,1,0.69404835,0.78008896,0.5805056,0.68488097,0.31511902999999997,1
icbhi2017::204_2b5_Ar_mc_AKGC417L__cycle_002,icbhi2017,icbhi2017::204,calibration,False,1,wheeze,3.5,1,0.57041883,0.81367606,0.60822797,0.66410762,0.33589238,1
icbhi2017::204_2b5_Ar_mc_AKGC417L__cycle_003,icbhi2017,icbhi2017::204,calibration,False,0,normal,3.892999999999999,0,0.876324,0.98400706,0.9091446,0.9231585533333333,0.0768414466666667,1
icbhi2017::204_2b5_Ar_mc_AKGC417L__cycle_004,icbhi2017,icbhi2017::204,calibration,False,0,normal,3.916,0,0.6869179,0.8722777,0.8194487,0.7928814333333333,0.20711856666666673,1
icbhi2017::204_2b5_Ar_mc_AKGC417L__cycle_005,icbhi2017,icbhi2017::204,calibration,False,0,normal,2.953000000000001,0,0.6478801,0.9209721,0.5220261,0.6969594333333333,0.3030405666666667,1
icbhi2017::204_2b5_Ar_mc_AKGC417L__cycle_006,icbhi2017,icbhi2017::204,calibration,False,0,normal,1.4639999999999986,0,0.58854616,0.6386899,0.39976013,0.5423320633333334,0.4576679366666666,1
icbhi2017::204_2b5_Ll_mc_AKGC417L__cycle_000,icbhi2017,icbhi2017::204,calibration,False,0,normal,0.881,0,0.627515,0.40699086,0.7676556,0.6007204866666668,0.3992795133333332,1
icbhi2017::204_2b5_Ll_mc_AKGC417L__cycle_001,icbhi2017,icbhi2017::204,calibration,False,0,normal,3.607,0,0.99121875,0.9764633,0.9600089,0.9758969833333334,0.024103016666666588,1
icbhi2017::204_2b5_Ll_mc_AKGC417L__cycle_002,icbhi2017,icbhi2017::204,calibration,False,0,normal,3.476,0,0.97884893,0.99749315,0.9697943,0.98204546,0.017954539999999963,1
icbhi2017::204_2b5_Ll_mc_AKGC417L__cycle_003,icbhi2017,icbhi2017::204,calibration,False,0,normal,3.810000000000001,0,0.9945925,0.9991486,0.991264,0.9950017,0.004998300000000011,1
icbhi2017::204_2b5_Ll_mc_AKGC417L__cycle_004,icbhi2017,icbhi2017::204,calibration,False,0,normal,3.833,0,0.9897982,0.95131695,0.9430431,0.9613860833333333,0.03861391666666669,1
icbhi2017::204_2b5_Ll_mc_AKGC417L__cycle_005,icbhi2017,icbhi2017::204,calibration,False,0,normal,3.8930000000000007,0,0.98662823,0.9995921,0.9454665,0.9772289433333334,0.022771056666666567,1
icbhi2017::204_2b5_Ll_mc_AKGC417L__cycle_006,icbhi2017,icbhi2017::204,calibration,False,0,normal,0.4519999999999982,0,0.34117982,0.14418757,0.3526641,0.27934383,0.72065617,0
icbhi2017::204_7p5_Al_mc_AKGC417L__cycle_000,icbhi2017,icbhi2017::204,calibration,False,0,normal,2.798,0,0.27601913,0.6528395,0.7818321,0.5702302433333334,0.4297697566666666,1
icbhi2017::204_7p5_Al_mc_AKGC417L__cycle_001,icbhi2017,icbhi2017::204,calibration,False,0,normal,2.952,0,0.32718888,0.6394741,0.78586197,0.5841749833333334,0.4158250166666666,1
icbhi2017::204_7p5_Al_mc_AKGC417L__cycle_002,icbhi2017,icbhi2017::204,calibration,False,0,normal,3.1910000000000007,0,0.30358166,0.47580373,0.7697335,0.5163729633333333,0.48362703666666673,1
icbhi2017::204_7p5_Al_mc_AKGC417L__cycle_003,icbhi2017,icbhi2017::204,calibration,False,0,normal,2.963999999999998,0,0.49259615,0.5910711,0.5006543,0.5281071833333333,0.4718928166666667,1
icbhi2017::204_7p5_Al_mc_AKGC417L__cycle_004,icbhi2017,icbhi2017::204,calibration,False,0,normal,3.0600000000000005,0,0.41948944,0.37985855,0.562264,0.45387066333333337,0.5461293366666666,0
icbhi2017::204_7p5_Al_mc_AKGC417L__cycle_005,icbhi2017,icbhi2017::204,calibration,False,0,normal,3.1309999999999985,0,0.4508699,0.2772086,0.64249235,0.45685695,0.5431430500000001,0
icbhi2017::204_7p5_Al_mc_AKGC417L__cycle_006,icbhi2017,icbhi2017::204,calibration,False,0,normal,1.785,0,0.18325251,0.30206752,0.3610498,0.28212327666666664,0.7178767233333334,0
icbhi2017::204_7p5_Ar_mc_AKGC417L__cycle_000,icbhi2017,icbhi2017::204,calibration,False,0,normal,2.702,0,0.1344945,0.46653426,0.5095008,0.37017651999999995,0.62982348,0
icbhi2017::204_7p5_Ar_mc_AKGC417L__cycle_001,icbhi2017,icbhi2017::204,calibration,False,0,normal,3.048,0,0.24395292,0.2865135,0.23634316,0.2556031933333333,0.7443968066666666,0
icbhi2017::204_7p5_Ar_mc_AKGC417L__cycle_002,icbhi2017,icbhi2017::204,calibration,False,0,normal,3.0829999999999993,0,0.5368732,0.35327148,0.2738821,0.3880089266666667,0.6119910733333334,0
icbhi2017::204_7p5_Ar_mc_AKGC417L__cycle_003,icbhi2017,icbhi2017::204,calibration,False,0,normal,2.976000000000001,0,0.19259332,0.12651083,0.20351517,0.17420644,0.82579356,0
icbhi2017::204_7p5_Ar_mc_AKGC417L__cycle_004,icbhi2017,icbhi2017::204,calibration,False,0,normal,3.1430000000000007,0,0.22201024,0.09876681,0.24679917,0.18919207333333335,0.8108079266666667,0
icbhi2017::204_7p5_Ar_mc_AKGC417L__cycle_005,icbhi2017,icbhi2017::204,calibration,False,0,normal,3.035999999999998,0,0.305518,0.07173856,0.22309898,0.20011851333333333,0.7998814866666667,0
icbhi2017::204_7p5_Ar_mc_AKGC417L__cycle_006,icbhi2017,icbhi2017::204,calibration,False,0,normal,1.904,0,0.6104196,0.52044195,0.44833878,0.5264001100000001,0.4735998899999999,1
icbhi2017::204_7p5_Ll_mc_AKGC417L__cycle_000,icbhi2017,icbhi2017::204,calibration,False,0,normal,2.846,0,0.5488531,0.8452727,0.43614465,0.61009015,0.38990985,1
icbhi2017::204_7p5_Ll_mc_AKGC417L__cycle_001,icbhi2017,icbhi2017::204,calibration,False,0,normal,2.952,0,0.7064328,0.77930146,0.24910055,0.5782782700000001,0.4217217299999999,1
icbhi2017::204_7p5_Ll_mc_AKGC417L__cycle_002,icbhi2017,icbhi2017::204,calibration,False,0,normal,3.0359999999999996,0,0.58493096,0.34199405,0.16638142,0.36443547666666665,0.6355645233333334,0
icbhi2017::204_7p5_Ll_mc_AKGC417L__cycle_003,icbhi2017,icbhi2017::204,calibration,False,0,normal,3.202,0,0.6081902,0.7726071,0.24429892,0.5416987400000001,0.45830125999999993,1
icbhi2017::204_7p5_Ll_mc_AKGC417L__cycle_004,icbhi2017,icbhi2017::204,calibration,False,0,normal,3.072000000000001,0,0.8196937,0.45315322,0.17813854,0.48366182,0.51633818,0
icbhi2017::204_7p5_Ll_mc_AKGC417L__cycle_005,icbhi2017,icbhi2017::204,calibration,False,0,normal,3.022999999999998,0,0.77770174,0.52001244,0.17852962,0.4920812666666667,0.5079187333333333,0
icbhi2017::204_7p5_Ll_mc_AKGC417L__cycle_006,icbhi2017,icbhi2017::204,calibration,False,0,normal,1.738000000000003,0,0.7441714,0.6094319,0.32541797,0.5596737566666666,0.44032624333333337,1
icbhi2017::204_7p5_Lr_mc_AKGC417L__cycle_000,icbhi2017,icbhi2017::204,calibration,False,0,normal,2.738,0,0.8800948,0.49022254,0.22339886,0.5312387333333334,0.4687612666666666,1
icbhi2017::204_7p5_Lr_mc_AKGC417L__cycle_001,icbhi2017,icbhi2017::204,calibration,False,0,normal,3.071,0,0.6202323,0.1536778,0.09051596,0.28814202,0.71185798,0
icbhi2017::204_7p5_Lr_mc_AKGC417L__cycle_002,icbhi2017,icbhi2017::204,calibration,False,0,normal,3.048,0,0.37478414,0.07132085,0.07292248,0.17300915666666664,0.8269908433333334,0
icbhi2017::204_7p5_Lr_mc_AKGC417L__cycle_003,icbhi2017,icbhi2017::204,calibration,False,0,normal,3.0950000000000006,0,0.34076726,0.07302745,0.06691842,0.16023771,0.83976229,0
icbhi2017::204_7p5_Lr_mc_AKGC417L__cycle_004,icbhi2017,icbhi2017::204,calibration,False,0,normal,3.0589999999999993,0,0.3376167,0.089592196,0.07947616,0.16889501866666667,0.8311049813333333,0
icbhi2017::204_7p5_Lr_mc_AKGC417L__cycle_005,icbhi2017,icbhi2017::204,calibration,False,0,normal,3.0840000000000014,0,0.4762765,0.019450728,0.08091375,0.19221365933333334,0.8077863406666667,0
icbhi2017::204_7p5_Lr_mc_AKGC417L__cycle_006,icbhi2017,icbhi2017::204,calibration,False,0,normal,1.796999999999997,0,0.71055955,0.052700806,0.23123227,0.33149754200000003,0.668502458,0
icbhi2017::204_7p5_Pr_mc_AKGC417L__cycle_000,icbhi2017,icbhi2017::204,calibration,False,0,normal,2.905,0,0.41675356,0.43235034,0.49077097,0.4466249566666667,0.5533750433333333,0
icbhi2017::204_7p5_Pr_mc_AKGC417L__cycle_001,icbhi2017,icbhi2017::204,calibration,False,0,normal,2.881,0,0.6596516,0.061307956,0.17447202,0.298477192,0.701522808,0
icbhi2017::204_7p5_Pr_mc_AKGC417L__cycle_002,icbhi2017,icbhi2017::204,calibration,False,0,normal,3.249999999999999,0,0.73894304,0.17095245,0.40954524,0.43981357666666665,0.5601864233333333,0
icbhi2017::204_7p5_Pr_mc_AKGC417L__cycle_003,icbhi2017,icbhi2017::204,calibration,False,0,normal,3.119,0,0.58618563,0.4605935,0.3698387,0.4722059433333334,0.5277940566666666,0
icbhi2017::204_7p5_Pr_mc_AKGC417L__cycle_004,icbhi2017,icbhi2017::204,calibration,False,0,normal,2.881,0,0.537759,0.43960038,0.5364733,0.5046108933333334,0.4953891066666666,1
icbhi2017::204_7p5_Pr_mc_AKGC417L__cycle_005,icbhi2017,icbhi2017::204,calibration,False,0,normal,3.190999999999999,0,0.43017706,0.36263263,0.40074047,0.39785005333333334,0.6021499466666667,0
icbhi2017::204_7p5_Pr_mc_AKGC417L__cycle_006,icbhi2017,icbhi2017::204,calibration,False,0,normal,1.654,0,0.6854681,0.7474564,0.655269,0.6960645,0.3039355,1
icbhi2017::204_7p5_Tc_mc_AKGC417L__cycle_000,icbhi2017,icbhi2017::204,calibration,False,0,normal,2.941,0,0.11354902,0.51530284,0.23551702,0.28812296,0.7118770400000001,0
icbhi2017::204_7p5_Tc_mc_AKGC417L__cycle_001,icbhi2017,icbhi2017::204,calibration,False,0,normal,2.7380000000000004,0,0.10605271,0.41252506,0.17383248,0.23080341666666668,0.7691965833333333,0
icbhi2017::204_7p5_Tc_mc_AKGC417L__cycle_002,icbhi2017,icbhi2017::204,calibration,False,0,normal,3.202,0,0.30035925,0.5344972,0.33544427,0.39010024,0.60989976,0
icbhi2017::204_7p5_Tc_mc_AKGC417L__cycle_003,icbhi2017,icbhi2017::204,calibration,False,0,normal,3.0,0,0.12256813,0.31676486,0.09228815,0.17720704666666665,0.8227929533333334,0
icbhi2017::204_7p5_Tc_mc_AKGC417L__cycle_004,icbhi2017,icbhi2017::204,calibration,False,0,normal,2.9879999999999995,0,0.20383549,0.09216781,0.17129357,0.15576562333333335,0.8442343766666667,0
icbhi2017::204_7p5_Tc_mc_AKGC417L__cycle_005,icbhi2017,icbhi2017::204,calibration,False,0,normal,3.238999999999999,0,0.19222406,0.22722866,0.19242422,0.20395898,0.79604102,0
icbhi2017::204_7p5_Tc_mc_AKGC417L__cycle_006,icbhi2017,icbhi2017::204,calibration,False,0,normal,1.7729999999999997,0,0.38373965,0.5108159,0.3045465,0.39970068333333336,0.6002993166666666,0
icbhi2017::222_1b1_Ar_sc_Meditron__cycle_000,icbhi2017,icbhi2017::222,calibration,False,0,normal,5.4518,0,0.3215819,0.28091866,0.23926319,0.28058791666666666,0.7194120833333333,0
icbhi2017::222_1b1_Ar_sc_Meditron__cycle_001,icbhi2017,icbhi2017::222,calibration,False,0,normal,4.743,0,0.020532105,0.060814023,0.2518825,0.11107620933333334,0.8889237906666667,0
icbhi2017::222_1b1_Ar_sc_Meditron__cycle_002,icbhi2017,icbhi2017::222,calibration,False,0,normal,5.908000000000001,0,0.014583552,0.10634257,0.08023975,0.06705529066666667,0.9329447093333333,0
icbhi2017::222_1b1_Ar_sc_Meditron__cycle_003,icbhi2017,icbhi2017::222,calibration,False,0,normal,6.027999999999999,0,0.021913249,0.116262764,0.18540938,0.10786179766666666,0.8921382023333333,0
icbhi2017::222_1b1_Ar_sc_Meditron__cycle_004,icbhi2017,icbhi2017::222,calibration,False,0,normal,9.438000000000002,0,0.03123834,0.22699381,0.17324124,0.14382446333333332,0.8561755366666667,0
icbhi2017::222_1b1_Ar_sc_Meditron__cycle_005,icbhi2017,icbhi2017::222,calibration,False,0,normal,8.25,0,0.05855391,0.019437935,0.16272017,0.08023733833333334,0.9197626616666666,0
icbhi2017::222_1b1_Ar_sc_Meditron__cycle_006,icbhi2017,icbhi2017::222,calibration,False,0,normal,8.068999999999996,0,0.019733164,0.017710317,0.17714848,0.07153065366666667,0.9284693463333333,0
icbhi2017::222_1b1_Ar_sc_Meditron__cycle_007,icbhi2017,icbhi2017::222,calibration,False,0,normal,8.178000000000004,0,0.09474089,0.24115258,0.29859608,0.2114965166666667,0.7885034833333333,0
icbhi2017::222_1b1_Ar_sc_Meditron__cycle_008,icbhi2017,icbhi2017::222,calibration,False,0,normal,8.140999999999998,0,0.07614481,0.15562968,0.22318542,0.15165330333333335,0.8483466966666666,0
icbhi2017::222_1b1_Ar_sc_Meditron__cycle_009,icbhi2017,icbhi2017::222,calibration,False,0,normal,2.426000000000002,0,0.012371462,0.0062549585,0.168278,0.0623014735,0.9376985265,0
icbhi2017::222_1b1_Lr_sc_Meditron__cycle_000,icbhi2017,icbhi2017::222,calibration,False,1,crackle,2.6267,1,0.7284577,0.8601172,0.40773916,0.66543802,0.33456198000000004,1
icbhi2017::222_1b1_Lr_sc_Meditron__cycle_001,icbhi2017,icbhi2017::222,calibration,False,0,normal,2.9853000000000005,0,0.025905943,0.10405952,0.046154752,0.058706738333333335,0.9412932616666667,0
icbhi2017::222_1b1_Lr_sc_Meditron__cycle_002,icbhi2017,icbhi2017::222,calibration,False,1,crackle,3.1422999999999988,1,0.8136023,0.7841801,0.25048503,0.6160891433333333,0.3839108566666667,1
icbhi2017::222_1b1_Lr_sc_Meditron__cycle_003,icbhi2017,icbhi2017::222,calibration,False,0,normal,1.904,0,0.08309121,0.062693425,0.05925845,0.068347695,0.931652305,0
icbhi2017::222_1b1_Lr_sc_Meditron__cycle_004,icbhi2017,icbhi2017::222,calibration,False,0,normal,1.843,0,0.017299058,0.0033594014,0.02986878,0.016842413133333334,0.9831575868666667,0
icbhi2017::222_1b1_Lr_sc_Meditron__cycle_005,icbhi2017,icbhi2017::222,calibration,False,1,crackle,3.327,1,0.5162768,0.6933566,0.24325134,0.48429491333333335,0.5157050866666666,0
icbhi2017::222_1b1_Lr_sc_Meditron__cycle_006,icbhi2017,icbhi2017::222,calibration,False,0,normal,2.3180000000000014,0,0.035086285,0.047771912,0.063098125,0.04865210733333333,0.9513478926666666,0
icbhi2017::222_1b1_Lr_sc_Meditron__cycle_007,icbhi2017,icbhi2017::222,calibration,False,1,crackle,3.064,1,0.7845802,0.8485587,0.41488418,0.68267436,0.31732563999999996,1
icbhi2017::222_1b1_Lr_sc_Meditron__cycle_008,icbhi2017,icbhi2017::222,calibration,False,0,normal,2.088999999999998,0,0.023292346,0.011759819,0.062523335,0.03252516666666667,0.9674748333333333,0
icbhi2017::222_1b1_Lr_sc_Meditron__cycle_009,icbhi2017,icbhi2017::222,calibration,False,1,crackle,3.5169999999999995,1,0.39347804,0.71433705,0.09803855,0.40195121333333333,0.5980487866666666,0
icbhi2017::222_1b1_Lr_sc_Meditron__cycle_010,icbhi2017,icbhi2017::222,calibration,False,1,crackle,3.9209999999999994,1,0.08953569,0.09625839,0.12990713,0.10523373666666667,0.8947662633333333,0
icbhi2017::222_1b1_Lr_sc_Meditron__cycle_011,icbhi2017,icbhi2017::222,calibration,False,1,crackle,2.4980000000000047,1,0.21964297,0.016944373,0.14613993,0.12757575766666665,0.8724242423333334,0
icbhi2017::222_1b1_Lr_sc_Meditron__cycle_012,icbhi2017,icbhi2017::222,calibration,False,1,crackle,3.747,1,0.099023275,0.0054301876,0.19309472,0.09918272753333333,0.9008172724666667,0
icbhi2017::222_1b1_Lr_sc_Meditron__cycle_013,icbhi2017,icbhi2017::222,calibration,False,1,crackle,3.8359999999999985,1,0.12697364,0.1028674,0.14148818,0.12377640666666667,0.8762235933333333,0
icbhi2017::222_1b1_Lr_sc_Meditron__cycle_014,icbhi2017,icbhi2017::222,calibration,False,1,crackle,4.256999999999998,1,0.5086481,0.26206866,0.15991239,0.3102097166666667,0.6897902833333334,0
icbhi2017::222_1b1_Lr_sc_Meditron__cycle_015,icbhi2017,icbhi2017::222,calibration,False,1,crackle,4.463999999999999,1,0.39771613,0.73058695,0.2468942,0.45839909333333334,0.5416009066666667,0
icbhi2017::222_1b1_Lr_sc_Meditron__cycle_016,icbhi2017,icbhi2017::222,calibration,False,1,crackle,4.6200000000000045,1,0.11941058,0.05670131,0.09969785,0.09193658,0.90806342,0
icbhi2017::222_1b1_Lr_sc_Meditron__cycle_017,icbhi2017,icbhi2017::222,calibration,False,0,normal,3.960000000000001,0,0.17063151,0.11790209,0.076263316,0.12159897199999999,0.878401028,0
icbhi2017::222_1b1_Lr_sc_Meditron__cycle_018,icbhi2017,icbhi2017::222,calibration,False,1,crackle,4.850999999999992,1,0.38208994,0.26545417,0.19780259,0.28178223333333335,0.7182177666666667,0
icbhi2017::222_1b1_Lr_sc_Meditron__cycle_019,icbhi2017,icbhi2017::222,calibration,False,0,normal,3.332000000000008,0,0.6121276,0.53366387,0.14177263,0.42918803333333333,0.5708119666666667,0
icbhi2017::222_1b1_Pr_sc_Meditron__cycle_000,icbhi2017,icbhi2017::222,calibration,False,0,normal,5.14633,0,0.023743229,0.013783395,0.15889896,0.06547519466666667,0.9345248053333334,0
icbhi2017::222_1b1_Pr_sc_Meditron__cycle_001,icbhi2017,icbhi2017::222,calibration,False,0,normal,4.270900000000001,0,0.01841315,0.0489183,0.19953384,0.08895509666666666,0.9110449033333333,0
icbhi2017::222_1b1_Pr_sc_Meditron__cycle_002,icbhi2017,icbhi2017::222,calibration,False,0,normal,7.2758,0,0.022747226,0.14473227,0.17639618,0.11462522533333334,0.8853747746666667,0
icbhi2017::222_1b1_Pr_sc_Meditron__cycle_003,icbhi2017,icbhi2017::222,calibration,False,0,normal,5.442,0,0.100821115,0.6956596,0.34822965,0.3815701216666667,0.6184298783333333,0
icbhi2017::222_1b1_Pr_sc_Meditron__cycle_004,icbhi2017,icbhi2017::222,calibration,False,0,normal,5.045999999999999,0,0.030588623,0.085473344,0.18430933,0.10012376566666666,0.8998762343333333,0
icbhi2017::222_1b1_Pr_sc_Meditron__cycle_005,icbhi2017,icbhi2017::222,calibration,False,0,normal,4.111000000000001,0,0.01901355,0.12971266,0.15448959,0.10107193333333335,0.8989280666666667,0
icbhi2017::222_1b1_Pr_sc_Meditron__cycle_006,icbhi2017,icbhi2017::222,calibration,False,0,normal,8.690000000000001,0,0.019642975,0.024929866,0.20096913,0.08184732366666667,0.9181526763333333,0
icbhi2017::222_1b1_Pr_sc_Meditron__cycle_007,icbhi2017,icbhi2017::222,calibration,False,1,wheeze,7.3459999999999965,1,0.050113734,0.31566575,0.6696601,0.34514652800000006,0.6548534719999999,0
icbhi2017::222_1b1_Pr_sc_Meditron__cycle_008,icbhi2017,icbhi2017::222,calibration,False,1,wheeze,6.939,1,0.5401123,0.29741365,0.5449182,0.4608147166666667,0.5391852833333333,0
icbhi2017::222_1b1_Pr_sc_Meditron__cycle_009,icbhi2017,icbhi2017::222,calibration,False,1,wheeze,3.3659999999999997,1,0.09112871,0.3865348,0.3899741,0.2892125366666667,0.7107874633333333,0
icbhi2017::222_1b1_Pr_sc_Meditron__cycle_010,icbhi2017,icbhi2017::222,calibration,False,1,wheeze,2.727000000000004,1,0.066835545,0.05905399,0.09423094,0.07337349166666667,0.9266265083333334,0
icbhi2017::222_1b1_Pr_sc_Meditron__cycle_011,icbhi2017,icbhi2017::222,calibration,False,1,wheeze,3.4540000000000006,1,0.8078463,0.9885097,0.7909096,0.8624218666666668,0.13757813333333324,1
icbhi2017::222_1b1_Pr_sc_Meditron__cycle_012,icbhi2017,icbhi2017::222,calibration,False,1,wheeze,3.3659999999999997,1,0.7318692,0.9553331,0.78107774,0.8227600133333333,0.17723998666666674,1
icbhi2017::222_1b1_Pr_sc_Meditron__cycle_013,icbhi2017,icbhi2017::222,calibration,False,1,wheeze,4.9339999999999975,1,0.81188667,0.97599244,0.68963903,0.82583938,0.17416062,1
icbhi2017::222_1b1_Pr_sc_Meditron__cycle_014,icbhi2017,icbhi2017::222,calibration,False,1,wheeze,1.093999999999994,1,0.68551517,0.9463914,0.72755164,0.78648607,0.21351392999999996,1
icbhi2017::226_1b1_Al_sc_Meditron__cycle_000,icbhi2017,icbhi2017::226,calibration,False,0,normal,0.957,0,0.07748135,0.020917155,0.17482479,0.09107443166666666,0.9089255683333334,0
icbhi2017::226_1b1_Al_sc_Meditron__cycle_001,icbhi2017,icbhi2017::226,calibration,False,0,normal,1.885,0,0.12886818,0.032542124,0.13471293,0.09870774466666667,0.9012922553333333,0
icbhi2017::226_1b1_Al_sc_Meditron__cycle_002,icbhi2017,icbhi2017::226,calibration,False,1,crackle,2.0570000000000004,1,0.053568956,0.03386948,0.077540785,0.05499307366666667,0.9450069263333334,0
icbhi2017::226_1b1_Al_sc_Meditron__cycle_003,icbhi2017,icbhi2017::226,calibration,False,1,crackle,2.258,1,0.083303936,0.08882901,0.034734327,0.06895575766666667,0.9310442423333334,0
icbhi2017::226_1b1_Al_sc_Meditron__cycle_004,icbhi2017,icbhi2017::226,calibration,False,0,normal,2.157,0,0.033009898,0.013176804,0.043863345,0.030016682333333333,0.9699833176666667,0
icbhi2017::226_1b1_Al_sc_Meditron__cycle_005,icbhi2017,icbhi2017::226,calibration,False,0,normal,2.0570000000000004,0,0.12945823,0.0947196,0.087080926,0.10375291866666668,0.8962470813333333,0
icbhi2017::226_1b1_Al_sc_Meditron__cycle_006,icbhi2017,icbhi2017::226,calibration,False,0,normal,2.142999999999999,0,0.062318303,0.011329745,0.0759909,0.04987964933333333,0.9501203506666667,0
icbhi2017::226_1b1_Al_sc_Meditron__cycle_007,icbhi2017,icbhi2017::226,calibration,False,0,normal,2.3710000000000004,0,0.020356076,0.011783827,0.04054367,0.024227857666666668,0.9757721423333333,0
icbhi2017::226_1b1_Al_sc_Meditron__cycle_008,icbhi2017,icbhi2017::226,calibration,False,0,normal,2.3999999999999986,0,0.042616483,0.02802362,0.07978779,0.05014263099999999,0.9498573690000001,0
icbhi2017::226_1b1_Al_sc_Meditron__cycle_009,icbhi2017,icbhi2017::226,calibration,False,0,normal,1.657,0,0.020358076,0.0063840305,0.043985553,0.0235758865,0.9764241135,0
icbhi2017::226_1b1_Ll_sc_Meditron__cycle_000,icbhi2017,icbhi2017::226,calibration,False,0,normal,2.0999999999999996,0,0.04455372,0.02663815,0.035127144,0.03543967133333333,0.9645603286666666,0
icbhi2017::226_1b1_Ll_sc_Meditron__cycle_001,icbhi2017,icbhi2017::226,calibration,False,1,crackle,1.857,1,0.12333833,0.050230905,0.1541709,0.10924671166666666,0.8907532883333333,0
icbhi2017::226_1b1_Ll_sc_Meditron__cycle_002,icbhi2017,icbhi2017::226,calibration,False,1,crackle,1.8289999999999995,1,0.11233845,0.041457728,0.13006265,0.09461960933333334,0.9053803906666666,0
icbhi2017::226_1b1_Ll_sc_Meditron__cycle_003,icbhi2017,icbhi2017::226,calibration,False,1,crackle,1.957,1,0.056489974,0.01782913,0.039524153,0.037947752333333334,0.9620522476666666,0
icbhi2017::226_1b1_Ll_sc_Meditron__cycle_004,icbhi2017,icbhi2017::226,calibration,False,0,normal,2.014000000000001,0,0.039998498,0.06301801,0.047825843,0.05028078366666667,0.9497192163333333,0
icbhi2017::226_1b1_Ll_sc_Meditron__cycle_005,icbhi2017,icbhi2017::226,calibration,False,1,crackle,1.9149999999999991,1,0.018945502,0.016398333,0.04451292,0.026618918333333335,0.9733810816666667,0
icbhi2017::226_1b1_Ll_sc_Meditron__cycle_006,icbhi2017,icbhi2017::226,calibration,False,1,crackle,1.971,1,0.030453281,0.045332663,0.032958545,0.036248163,0.963751837,0
icbhi2017::226_1b1_Ll_sc_Meditron__cycle_007,icbhi2017,icbhi2017::226,calibration,False,1,crackle,2.1999999999999993,1,0.026703043,0.023976706,0.10646784,0.052382529666666656,0.9476174703333333,0
icbhi2017::226_1b1_Ll_sc_Meditron__cycle_008,icbhi2017,icbhi2017::226,calibration,False,0,normal,2.0139999999999993,0,0.040965043,0.044524003,0.04694866,0.044145901999999994,0.955854098,0
icbhi2017::226_1b1_Ll_sc_Meditron__cycle_009,icbhi2017,icbhi2017::226,calibration,False,0,normal,1.9860000000000009,0,0.02448462,0.025706587,0.05949828,0.036563162333333336,0.9634368376666667,0
icbhi2017::226_1b1_Pl_sc_LittC2SE__cycle_000,icbhi2017,icbhi2017::226,calibration,False,0,normal,1.171,0,0.30437088,0.583716,0.3890074,0.42569809333333336,0.5743019066666666,0
icbhi2017::226_1b1_Pl_sc_LittC2SE__cycle_001,icbhi2017,icbhi2017::226,calibration,False,0,normal,2.343,0,0.02018415,0.0444699,0.028232206,0.030962085333333333,0.9690379146666667,0
icbhi2017::226_1b1_Pl_sc_LittC2SE__cycle_002,icbhi2017,icbhi2017::226,calibration,False,1,crackle,2.2,1,0.023910811,0.037942294,0.07681551,0.046222871666666665,0.9537771283333334,0
icbhi2017::226_1b1_Pl_sc_LittC2SE__cycle_003,icbhi2017,icbhi2017::226,calibration,False,1,crackle,2.1289999999999996,1,0.073991,0.038571384,0.079865254,0.06414254600000001,0.935857454,0
icbhi2017::226_1b1_Pl_sc_LittC2SE__cycle_004,icbhi2017,icbhi2017::226,calibration,False,0,normal,1.9570000000000007,0,0.012933628,0.02005862,0.04873728,0.027243175999999997,0.972756824,0
icbhi2017::226_1b1_Pl_sc_LittC2SE__cycle_005,icbhi2017,icbhi2017::226,calibration,False,1,crackle,1.885,1,0.16715513,0.08356524,0.21663423,0.1557848666666667,0.8442151333333333,0
icbhi2017::226_1b1_Pl_sc_LittC2SE__cycle_006,icbhi2017,icbhi2017::226,calibration,False,1,crackle,1.9719999999999995,1,0.039356343,0.090001844,0.08785444,0.07240420900000001,0.927595791,0
icbhi2017::226_1b1_Pl_sc_LittC2SE__cycle_007,icbhi2017,icbhi2017::226,calibration,False,0,normal,1.843,0,0.03747583,0.022391941,0.051210478,0.037026082999999994,0.962973917,0
icbhi2017::226_1b1_Pl_sc_LittC2SE__cycle_008,icbhi2017,icbhi2017::226,calibration,False,0,normal,1.956999999999999,0,0.029602442,0.041868884,0.048585944,0.04001909,0.95998091,0
icbhi2017::226_1b1_Pl_sc_LittC2SE__cycle_009,icbhi2017,icbhi2017::226,calibration,False,1,crackle,1.9430000000000016,1,0.015479395,0.079503626,0.03277464,0.042585886999999996,0.957414113,0
icbhi2017::226_1b1_Pl_sc_LittC2SE__cycle_010,icbhi2017,icbhi2017::226,calibration,False,0,normal,0.5429999999999993,0,0.014722928,0.0032660118,0.11437696,0.0441219666,0.9558780334,0
