sample_id,dataset,patient_id,protocol_role,locked,binary_label_id,fine_label_name,event_duration_seconds,target,probability_0,probability_1,prediction
sprsound2022::40672181_13.1_0_p1_2728__event_000,sprsound2022,sprsound2022::40672181,calibration,False,0,normal,1.979,0,0.99931896,0.0006810985,0
sprsound2022::40672181_13.1_0_p1_2728__event_001,sprsound2022,sprsound2022::40672181,calibration,False,0,normal,1.621,0,0.99987566,0.00012436071,0
sprsound2022::40672181_13.1_0_p1_2728__event_002,sprsound2022,sprsound2022::40672181,calibration,False,0,normal,1.6320000000000006,0,0.99931216,0.00068781676,0
sprsound2022::40672181_13.1_0_p1_2728__event_003,sprsound2022,sprsound2022::40672181,calibration,False,0,normal,0.7459999999999987,0,0.9575331,0.042466816,0
sprsound2022::40672181_13.1_0_p4_2764__event_000,sprsound2022,sprsound2022::40672181,calibration,False,0,normal,4.074999999999999,0,0.9995441,0.00045590266,0
sprsound2022::40686765_6.7_1_p1_3025__event_000,sprsound2022,sprsound2022::40686765,calibration,False,0,normal,2.279000000000001,0,0.99987364,0.00012635128,0
sprsound2022::40686765_6.7_1_p1_3077__event_000,sprsound2022,sprsound2022::40686765,calibration,False,0,normal,1.618,0,0.99889874,0.0011012144,0
sprsound2022::40686765_6.7_1_p2_2991__event_000,sprsound2022,sprsound2022::40686765,calibration,False,0,normal,1.267,0,0.9988617,0.0011383379,0
sprsound2022::40686765_6.7_1_p2_2991__event_001,sprsound2022,sprsound2022::40686765,calibration,False,0,normal,1.6189999999999989,0,0.9998505,0.00014950945,0
sprsound2022::40686765_6.7_1_p2_2991__event_002,sprsound2022,sprsound2022::40686765,calibration,False,0,normal,1.481,0,0.60123944,0.39876053,0
sprsound2022::40686765_6.7_1_p2_3059__event_000,sprsound2022,sprsound2022::40686765,calibration,False,0,normal,2.609,0,0.99997854,2.1439306e-05,0
sprsound2022::40686765_6.7_1_p2_3059__event_001,sprsound2022,sprsound2022::40686765,calibration,False,0,normal,1.2989999999999997,0,0.9998356,0.00016435054,0
sprsound2022::40686765_6.7_1_p3_3042__event_000,sprsound2022,sprsound2022::40686765,calibration,False,0,normal,1.798,0,0.99980575,0.0001942402,0
sprsound2022::40686765_6.7_1_p3_3042__event_001,sprsound2022,sprsound2022::40686765,calibration,False,0,normal,0.7469999999999999,0,0.97881156,0.021188451,0
sprsound2022::40686765_6.7_1_p4_3008__event_000,sprsound2022,sprsound2022::40686765,calibration,False,0,normal,1.497,0,0.992778,0.007222,0
sprsound2022::40686765_6.7_1_p4_3008__event_001,sprsound2022,sprsound2022::40686765,calibration,False,0,normal,0.7690000000000001,0,0.11063841,0.8893616,1
sprsound2022::40686765_6.7_1_p4_3095__event_000,sprsound2022,sprsound2022::40686765,calibration,False,0,normal,2.39,0,0.9998348,0.00016517345,0
sprsound2022::40686765_6.7_1_p4_3095__event_001,sprsound2022,sprsound2022::40686765,calibration,False,0,normal,1.341000000000001,0,0.99838245,0.0016176009,0
sprsound2022::40686765_6.7_1_p4_3095__event_002,sprsound2022,sprsound2022::40686765,calibration,False,0,normal,1.8630000000000004,0,0.9936215,0.0063785287,0
sprsound2022::40908606_3.7_1_p1_401__event_000,sprsound2022,sprsound2022::40908606,calibration,False,0,normal,0.8540000000000001,0,0.9996737,0.0003262435,0
sprsound2022::40908606_3.7_1_p1_401__event_001,sprsound2022,sprsound2022::40908606,calibration,False,0,normal,1.0059999999999998,0,0.9998142,0.00018579215,0
sprsound2022::40908606_3.7_1_p1_401__event_002,sprsound2022,sprsound2022::40908606,calibration,False,0,normal,1.053,0,0.9939027,0.0060973023,0
sprsound2022::40908606_3.7_1_p1_401__event_003,sprsound2022,sprsound2022::40908606,calibration,False,0,normal,1.0659999999999998,0,0.9997905,0.00020953399,0
sprsound2022::40908606_3.7_1_p1_401__event_004,sprsound2022,sprsound2022::40908606,calibration,False,0,normal,0.9260000000000002,0,0.99948186,0.000518138,0
sprsound2022::40908606_3.7_1_p1_401__event_005,sprsound2022,sprsound2022::40908606,calibration,False,0,normal,1.6010000000000004,0,0.9999349,6.512213e-05,0
sprsound2022::40908606_3.7_1_p2_402__event_000,sprsound2022,sprsound2022::40908606,calibration,False,0,normal,0.5589999999999999,0,0.9875565,0.012443464,0
sprsound2022::40908606_3.7_1_p2_402__event_001,sprsound2022,sprsound2022::40908606,calibration,False,0,normal,0.8129999999999997,0,0.99690765,0.003092331,0
sprsound2022::40908606_3.7_1_p2_402__event_002,sprsound2022,sprsound2022::40908606,calibration,False,0,normal,0.6310000000000002,0,0.9930553,0.0069446927,0
sprsound2022::40908606_3.7_1_p2_402__event_003,sprsound2022,sprsound2022::40908606,calibration,False,0,normal,0.8129999999999997,0,0.9984742,0.0015258177,0
sprsound2022::40908606_3.7_1_p2_402__event_004,sprsound2022,sprsound2022::40908606,calibration,False,0,normal,0.9499999999999996,0,0.99834573,0.0016542437,0
sprsound2022::40908606_3.7_1_p3_403__event_000,sprsound2022,sprsound2022::40908606,calibration,False,0,normal,0.5140000000000001,0,0.9998272,0.00017285201,0
sprsound2022::40908606_3.7_1_p3_403__event_001,sprsound2022,sprsound2022::40908606,calibration,False,0,normal,0.4879999999999995,0,0.9993185,0.0006815169,0
sprsound2022::40908606_3.7_1_p4_404__event_000,sprsound2022,sprsound2022::40908606,calibration,False,0,normal,1.2560000000000002,0,0.9998235,0.00017647873,0
sprsound2022::40908606_3.7_1_p4_404__event_001,sprsound2022,sprsound2022::40908606,calibration,False,0,normal,1.2390000000000008,0,0.999882,0.000117968906,0
sprsound2022::40943224_9.7_0_p4_96__event_000,sprsound2022,sprsound2022::40943224,calibration,False,0,normal,1.0739999999999998,0,0.99968815,0.0003118196,0
sprsound2022::40943224_9.7_0_p4_96__event_001,sprsound2022,sprsound2022::40943224,calibration,False,0,normal,2.096,0,0.9998658,0.000134184,0
sprsound2022::41068313_6.1_1_p1_1980__event_000,sprsound2022,sprsound2022::41068313,calibration,False,0,normal,0.8980000000000006,0,0.99146867,0.008531322,0
sprsound2022::41068313_6.1_1_p1_1980__event_001,sprsound2022,sprsound2022::41068313,calibration,False,0,normal,0.6779999999999999,0,0.57506275,0.42493728,0
sprsound2022::41068313_6.1_1_p1_1984__event_000,sprsound2022,sprsound2022::41068313,calibration,False,0,normal,1.306,0,0.99991417,8.583638e-05,0
sprsound2022::41068313_6.1_1_p1_1989__event_000,sprsound2022,sprsound2022::41068313,calibration,False,0,normal,1.241,0,0.42149928,0.57850075,1
sprsound2022::41068313_6.1_1_p1_1989__event_001,sprsound2022,sprsound2022::41068313,calibration,False,0,normal,0.7900000000000009,0,0.8939044,0.106095575,0
sprsound2022::41068313_6.1_1_p2_1985__event_000,sprsound2022,sprsound2022::41068313,calibration,False,0,normal,1.334,0,0.9996408,0.00035913612,0
sprsound2022::41068313_6.1_1_p2_1985__event_001,sprsound2022,sprsound2022::41068313,calibration,False,0,normal,0.7749999999999995,0,0.9985557,0.0014442703,0
sprsound2022::41068313_6.1_1_p2_1985__event_002,sprsound2022,sprsound2022::41068313,calibration,False,0,normal,2.2750000000000004,0,0.9997814,0.00021860527,0
sprsound2022::41068313_6.1_1_p2_1985__event_003,sprsound2022,sprsound2022::41068313,calibration,False,0,normal,1.3159999999999998,0,0.9986297,0.0013703556,0
sprsound2022::41068313_6.1_1_p2_1991__event_000,sprsound2022,sprsound2022::41068313,calibration,False,0,normal,1.1719999999999997,0,0.9988194,0.0011805514,0
sprsound2022::41068313_6.1_1_p2_1991__event_001,sprsound2022,sprsound2022::41068313,calibration,False,0,normal,0.7509999999999994,0,0.9971034,0.0028965494,0
sprsound2022::41068313_6.1_1_p2_1991__event_002,sprsound2022,sprsound2022::41068313,calibration,False,0,normal,1.0910000000000002,0,0.997366,0.0026340396,0
sprsound2022::41068313_6.1_1_p3_1981__event_000,sprsound2022,sprsound2022::41068313,calibration,False,0,normal,1.5499999999999998,0,0.99993277,6.728607e-05,0
sprsound2022::41068313_6.1_1_p3_1981__event_001,sprsound2022,sprsound2022::41068313,calibration,False,0,normal,1.0750000000000002,0,0.9981103,0.0018897294,0
sprsound2022::41068313_6.1_1_p3_1981__event_002,sprsound2022,sprsound2022::41068313,calibration,False,0,normal,0.7480000000000011,0,0.99360037,0.006399682,0
sprsound2022::41068313_6.1_1_p3_1988__event_000,sprsound2022,sprsound2022::41068313,calibration,False,0,normal,1.5560000000000005,0,0.9999573,4.268645e-05,0
sprsound2022::41068313_6.1_1_p4_1982__event_000,sprsound2022,sprsound2022::41068313,calibration,False,0,normal,0.7699999999999996,0,0.99813676,0.0018631747,0
sprsound2022::41068313_6.1_1_p4_1982__event_001,sprsound2022,sprsound2022::41068313,calibration,False,0,normal,0.4959999999999986,0,0.9908881,0.009111929,0
sprsound2022::41068313_6.1_1_p4_1982__event_002,sprsound2022,sprsound2022::41068313,calibration,False,0,normal,0.903,0,0.9951137,0.004886399,0
sprsound2022::41068313_6.1_1_p4_3018__event_000,sprsound2022,sprsound2022::41068313,calibration,False,0,normal,1.54,0,0.9989895,0.0010104805,0
sprsound2022::41068313_6.1_1_p4_3018__event_001,sprsound2022,sprsound2022::41068313,calibration,False,0,normal,1.54,0,0.99990726,9.274337e-05,0
sprsound2022::41068313_6.1_1_p4_3018__event_002,sprsound2022,sprsound2022::41068313,calibration,False,0,normal,1.5630000000000006,0,0.99994314,5.691888e-05,0
sprsound2022::41068313_6.1_1_p4_3018__event_003,sprsound2022,sprsound2022::41068313,calibration,False,0,normal,1.2799999999999994,0,0.9916876,0.008312401,0
sprsound2022::41068313_6.1_1_p4_3018__event_004,sprsound2022,sprsound2022::41068313,calibration,False,0,normal,2.322,0,0.9999101,8.981866e-05,0
sprsound2022::41074281_5.0_1_p1_405__event_000,sprsound2022,sprsound2022::41074281,calibration,False,0,normal,1.7840000000000005,0,0.99694663,0.0030533618,0
sprsound2022::41074281_5.0_1_p1_405__event_001,sprsound2022,sprsound2022::41074281,calibration,False,0,normal,2.117,0,0.99995744,4.2549647e-05,0
sprsound2022::41074281_5.0_1_p1_405__event_002,sprsound2022,sprsound2022::41074281,calibration,False,0,normal,1.6479999999999997,0,0.9999492,5.0817867e-05,0
sprsound2022::41074281_5.0_1_p2_406__event_000,sprsound2022,sprsound2022::41074281,calibration,False,0,normal,1.809,0,0.99992454,7.547279e-05,0
sprsound2022::41074281_5.0_1_p2_406__event_001,sprsound2022,sprsound2022::41074281,calibration,False,0,normal,2.0630000000000006,0,0.99998176,1.8186965e-05,0
sprsound2022::41074281_5.0_1_p2_406__event_002,sprsound2022,sprsound2022::41074281,calibration,False,0,normal,2.093,0,0.99996483,3.5135687e-05,0
sprsound2022::41074281_5.0_1_p2_406__event_003,sprsound2022,sprsound2022::41074281,calibration,False,0,normal,0.9380000000000006,0,0.9964857,0.003514264,0
sprsound2022::41074281_5.0_1_p3_407__event_000,sprsound2022,sprsound2022::41074281,calibration,False,0,normal,1.889,0,0.99990547,9.45156e-05,0
sprsound2022::41074281_5.0_1_p3_407__event_001,sprsound2022,sprsound2022::41074281,calibration,False,0,normal,2.221,0,0.9998599,0.00014008525,0
sprsound2022::41074281_5.0_1_p3_407__event_002,sprsound2022,sprsound2022::41074281,calibration,False,0,normal,1.1479999999999997,0,0.98302954,0.016970435,0
sprsound2022::41074281_5.0_1_p3_407__event_003,sprsound2022,sprsound2022::41074281,calibration,False,0,normal,1.789,0,0.9999448,5.520629e-05,0
sprsound2022::41074281_5.0_1_p4_408__event_000,sprsound2022,sprsound2022::41074281,calibration,False,0,normal,2.663000000000001,0,0.99998164,1.8359258e-05,0
sprsound2022::41096663_5.5_1_p1_561__event_000,sprsound2022,sprsound2022::41096663,calibration,False,0,normal,2.1660000000000004,0,0.9998598,0.00014022987,0
sprsound2022::41108858_5.0_0_p1_1152__event_000,sprsound2022,sprsound2022::41108858,calibration,False,0,normal,1.2999999999999998,0,0.99995935,4.06461e-05,0
sprsound2022::41108858_5.0_0_p1_1152__event_001,sprsound2022,sprsound2022::41108858,calibration,False,0,normal,0.7010000000000005,0,0.9994816,0.0005184137,0
sprsound2022::41108858_5.0_0_p1_1152__event_002,sprsound2022,sprsound2022::41108858,calibration,False,0,normal,1.1310000000000002,0,0.99638534,0.0036146152,0
sprsound2022::41108858_5.0_0_p1_1152__event_003,sprsound2022,sprsound2022::41108858,calibration,False,0,normal,1.245,0,0.9997254,0.00027462692,0
sprsound2022::41108858_5.0_0_p1_1152__event_004,sprsound2022,sprsound2022::41108858,calibration,False,0,normal,1.076,0,0.99975115,0.00024879043,0
sprsound2022::41108858_5.0_0_p1_1455__event_000,sprsound2022,sprsound2022::41108858,calibration,False,0,normal,0.816,0,0.9998215,0.00017851082,0
sprsound2022::41108858_5.0_0_p1_1455__event_001,sprsound2022,sprsound2022::41108858,calibration,False,0,normal,0.8040000000000003,0,0.99828184,0.001718186,0
sprsound2022::41108858_5.0_0_p1_1455__event_002,sprsound2022,sprsound2022::41108858,calibration,False,0,normal,0.8650000000000002,0,0.99925953,0.0007404612,0
sprsound2022::41108858_5.0_0_p1_1455__event_003,sprsound2022,sprsound2022::41108858,calibration,False,0,normal,1.0060000000000002,0,0.99989545,0.00010454668,0
sprsound2022::41108858_5.0_0_p1_1455__event_004,sprsound2022,sprsound2022::41108858,calibration,False,0,normal,0.7519999999999998,0,0.99758744,0.002412562,0
sprsound2022::41108858_5.0_0_p1_1455__event_005,sprsound2022,sprsound2022::41108858,calibration,False,0,normal,1.0939999999999994,0,0.99993277,6.721142e-05,0
sprsound2022::41108858_5.0_0_p1_1484__event_000,sprsound2022,sprsound2022::41108858,calibration,False,0,normal,0.8580000000000001,0,0.99967873,0.0003212855,0
sprsound2022::41108858_5.0_0_p1_1484__event_001,sprsound2022,sprsound2022::41108858,calibration,False,0,normal,1.273,0,0.9999341,6.592975e-05,0
sprsound2022::41108858_5.0_0_p2_1142__event_000,sprsound2022,sprsound2022::41108858,calibration,False,0,normal,1.1849999999999998,0,0.9998592,0.0001408205,0
sprsound2022::41108858_5.0_0_p2_1142__event_001,sprsound2022,sprsound2022::41108858,calibration,False,0,normal,1.2329999999999997,0,0.99986494,0.00013501568,0
sprsound2022::41108858_5.0_0_p2_1142__event_002,sprsound2022,sprsound2022::41108858,calibration,False,0,normal,1.2279999999999998,0,0.9998035,0.00019654138,0
sprsound2022::41108858_5.0_0_p2_1142__event_003,sprsound2022,sprsound2022::41108858,calibration,False,0,normal,1.3129999999999995,0,0.9997985,0.00020152327,0
sprsound2022::41108858_5.0_0_p2_1142__event_004,sprsound2022,sprsound2022::41108858,calibration,False,0,normal,1.1800000000000006,0,0.99725205,0.0027479122,0
sprsound2022::41108858_5.0_0_p4_1161__event_000,sprsound2022,sprsound2022::41108858,calibration,False,0,normal,1.0040000000000004,0,0.97860366,0.02139636,0
sprsound2022::41108858_5.0_0_p4_1161__event_001,sprsound2022,sprsound2022::41108858,calibration,False,0,normal,1.4010000000000007,0,0.99961203,0.0003879803,0
sprsound2022::41108858_5.0_0_p4_1468__event_000,sprsound2022,sprsound2022::41108858,calibration,False,0,normal,1.423,0,0.99994195,5.8067457e-05,0
sprsound2022::41108858_5.0_0_p4_1468__event_001,sprsound2022,sprsound2022::41108858,calibration,False,0,normal,1.229,0,0.99986887,0.0001310548,0
sprsound2022::41108858_5.0_0_p4_1468__event_002,sprsound2022,sprsound2022::41108858,calibration,False,0,normal,1.606,0,0.9999281,7.190524e-05,0
sprsound2022::41108858_5.0_0_p4_1477__event_000,sprsound2022,sprsound2022::41108858,calibration,False,0,normal,1.0990000000000002,0,0.9998104,0.0001896648,0
sprsound2022::41108858_5.0_0_p4_1477__event_001,sprsound2022,sprsound2022::41108858,calibration,False,0,normal,0.8740000000000001,0,0.999652,0.0003479913,0
sprsound2022::41108858_5.0_0_p4_1477__event_002,sprsound2022,sprsound2022::41108858,calibration,False,0,normal,0.8730000000000002,0,0.9995123,0.0004877121,0
sprsound2022::41108858_5.0_0_p4_1477__event_003,sprsound2022,sprsound2022::41108858,calibration,False,0,normal,2.339,0,0.99987495,0.00012505768,0
sprsound2022::41108858_5.0_0_p4_1477__event_004,sprsound2022,sprsound2022::41108858,calibration,False,0,normal,1.0939999999999994,0,0.8903399,0.10966014,0
sprsound2022::41126642_8.8_0_p1_2461__event_000,sprsound2022,sprsound2022::41126642,calibration,False,0,normal,2.241,0,0.99997056,2.941523e-05,0
sprsound2022::41126642_8.8_0_p1_2461__event_001,sprsound2022,sprsound2022::41126642,calibration,False,0,normal,2.3280000000000003,0,0.9999745,2.555579e-05,0
sprsound2022::41126642_8.8_0_p1_2461__event_002,sprsound2022,sprsound2022::41126642,calibration,False,0,normal,2.197,0,0.99973375,0.00026619018,0
sprsound2022::41126642_8.8_0_p1_2461__event_003,sprsound2022,sprsound2022::41126642,calibration,False,0,normal,1.048,0,0.9990582,0.0009418094,0
sprsound2022::41126642_8.8_0_p1_2485__event_000,sprsound2022,sprsound2022::41126642,calibration,False,0,normal,1.808,0,0.99995637,4.3621825e-05,0
sprsound2022::41126642_8.8_0_p2_2509__event_000,sprsound2022,sprsound2022::41126642,calibration,False,0,normal,1.902,0,0.9977469,0.002253144,0
sprsound2022::41126642_8.8_0_p2_2509__event_001,sprsound2022,sprsound2022::41126642,calibration,False,0,normal,2.396000000000001,0,0.47160587,0.52839416,1
sprsound2022::41126642_8.8_0_p3_2521__event_000,sprsound2022,sprsound2022::41126642,calibration,False,0,normal,1.933,0,0.998151,0.0018489901,0
sprsound2022::41126642_8.8_0_p3_2521__event_001,sprsound2022,sprsound2022::41126642,calibration,False,0,normal,2.654,0,0.9991934,0.0008066115,0
sprsound2022::41126642_8.8_0_p3_2521__event_002,sprsound2022,sprsound2022::41126642,calibration,False,0,normal,1.918,0,0.9330944,0.066905595,0
sprsound2022::41126642_8.8_0_p4_2436__event_000,sprsound2022,sprsound2022::41126642,calibration,False,0,normal,1.893,0,0.9985688,0.0014312344,0
sprsound2022::41126642_8.8_0_p4_2436__event_001,sprsound2022,sprsound2022::41126642,calibration,False,0,normal,1.5459999999999994,0,0.9993579,0.0006421201,0
sprsound2022::41126642_8.8_0_p4_2436__event_002,sprsound2022,sprsound2022::41126642,calibration,False,0,normal,2.0069999999999997,0,0.9999105,8.947894e-05,0
sprsound2022::41126642_8.8_0_p4_2436__event_003,sprsound2022,sprsound2022::41126642,calibration,False,0,normal,2.017,0,0.9994642,0.0005358171,0
sprsound2022::41159145_3.3_0_p1_189__event_000,sprsound2022,sprsound2022::41159145,calibration,False,1,fine_crackle,1.978,1,0.9983651,0.0016349218,0
sprsound2022::41159145_3.3_0_p1_189__event_001,sprsound2022,sprsound2022::41159145,calibration,False,0,normal,2.0540000000000003,0,0.99991834,8.161499e-05,0
sprsound2022::41159145_3.3_0_p1_193__event_000,sprsound2022,sprsound2022::41159145,calibration,False,0,normal,1.542,0,0.9998504,0.0001495679,0
sprsound2022::41159145_3.3_0_p1_193__event_001,sprsound2022,sprsound2022::41159145,calibration,False,0,normal,1.543,0,0.999938,6.201554e-05,0
sprsound2022::41159145_3.3_0_p1_193__event_002,sprsound2022,sprsound2022::41159145,calibration,False,0,normal,1.2990000000000013,0,0.9920076,0.007992345,0
sprsound2022::41159145_3.3_0_p2_194__event_000,sprsound2022,sprsound2022::41159145,calibration,False,0,normal,0.854,0,0.99714833,0.0028517111,0
sprsound2022::41159145_3.3_0_p2_194__event_001,sprsound2022,sprsound2022::41159145,calibration,False,0,normal,0.8249999999999993,0,0.9994604,0.0005395578,0
sprsound2022::41159145_3.3_0_p2_194__event_002,sprsound2022,sprsound2022::41159145,calibration,False,0,normal,0.7539999999999996,0,0.9981211,0.0018788779,0
sprsound2022::41159145_3.3_0_p2_194__event_003,sprsound2022,sprsound2022::41159145,calibration,False,0,normal,0.8900000000000006,0,0.99964976,0.00035023355,0
sprsound2022::41159145_3.3_0_p2_194__event_004,sprsound2022,sprsound2022::41159145,calibration,False,0,normal,1.142,0,0.9993154,0.0006846668,0
sprsound2022::41159145_3.3_0_p2_194__event_005,sprsound2022,sprsound2022::41159145,calibration,False,0,normal,1.1710000000000005,0,0.99941397,0.0005860276,0
sprsound2022::41159145_3.3_0_p2_194__event_006,sprsound2022,sprsound2022::41159145,calibration,False,0,normal,1.4299999999999995,0,0.99989486,0.00010508048,0
sprsound2022::41159145_3.3_0_p2_194__event_007,sprsound2022,sprsound2022::41159145,calibration,False,0,normal,1.016,0,0.7615216,0.23847844,0
sprsound2022::41159145_3.3_0_p2_730__event_000,sprsound2022,sprsound2022::41159145,calibration,False,0,normal,0.954,0,0.111367114,0.88863283,1
sprsound2022::41159145_3.3_0_p2_730__event_001,sprsound2022,sprsound2022::41159145,calibration,False,0,normal,1.0390000000000006,0,0.99951005,0.00048994354,0
sprsound2022::41159145_3.3_0_p2_730__event_002,sprsound2022,sprsound2022::41159145,calibration,False,0,normal,1.344,0,0.9999651,3.488249e-05,0
sprsound2022::41159145_3.3_0_p3_191__event_000,sprsound2022,sprsound2022::41159145,calibration,False,1,fine_crackle,1.3579999999999997,1,0.01461839,0.9853816,1
sprsound2022::41159145_3.3_0_p3_191__event_001,sprsound2022,sprsound2022::41159145,calibration,False,0,normal,1.423,0,0.9965888,0.0034111347,0
sprsound2022::41159145_3.3_0_p3_191__event_002,sprsound2022,sprsound2022::41159145,calibration,False,0,normal,2.1649999999999996,0,0.9999685,3.1464922e-05,0
sprsound2022::41159145_3.3_0_p3_191__event_003,sprsound2022,sprsound2022::41159145,calibration,False,0,normal,1.584,0,0.99906355,0.00093644473,0
sprsound2022::41159145_3.3_0_p4_192__event_000,sprsound2022,sprsound2022::41159145,calibration,False,0,normal,1.035,0,0.92746186,0.07253809,0
sprsound2022::41159145_3.3_0_p4_192__event_001,sprsound2022,sprsound2022::41159145,calibration,False,0,normal,1.4399999999999995,0,0.99979216,0.00020783652,0
sprsound2022::41159145_3.3_0_p4_732__event_000,sprsound2022,sprsound2022::41159145,calibration,False,0,normal,0.7149999999999999,0,0.99155325,0.008446718,0
sprsound2022::41159145_3.3_0_p4_732__event_001,sprsound2022,sprsound2022::41159145,calibration,False,0,normal,0.952,0,0.98940176,0.010598314,0
sprsound2022::41159145_3.3_0_p4_732__event_002,sprsound2022,sprsound2022::41159145,calibration,False,0,normal,1.488,0,0.9998455,0.00015443302,0
sprsound2022::41159145_3.3_0_p4_732__event_003,sprsound2022,sprsound2022::41159145,calibration,False,0,normal,1.213,0,0.99987304,0.00012692944,0
sprsound2022::41186340_6.6_0_p1_2105__event_000,sprsound2022,sprsound2022::41186340,calibration,False,1,fine_crackle,0.9060000000000006,1,0.0048370063,0.99516296,1
sprsound2022::41186340_6.6_0_p1_2105__event_001,sprsound2022,sprsound2022::41186340,calibration,False,1,fine_crackle,0.7669999999999995,1,0.0028843554,0.9971156,1
sprsound2022::41186340_6.6_0_p1_2105__event_002,sprsound2022,sprsound2022::41186340,calibration,False,1,fine_crackle,0.8009999999999993,1,0.035186805,0.96481323,1
sprsound2022::41186340_6.6_0_p1_2113__event_000,sprsound2022,sprsound2022::41186340,calibration,False,1,fine_crackle,0.7599999999999998,1,0.110365495,0.88963455,1
sprsound2022::41186340_6.6_0_p1_2113__event_001,sprsound2022,sprsound2022::41186340,calibration,False,1,fine_crackle,0.8899999999999997,1,0.035998363,0.9640016,1
sprsound2022::41186340_6.6_0_p1_2148__event_000,sprsound2022,sprsound2022::41186340,calibration,False,1,fine_crackle,1.0780000000000003,1,0.0022740364,0.997726,1
sprsound2022::41186340_6.6_0_p1_2148__event_001,sprsound2022,sprsound2022::41186340,calibration,False,1,fine_crackle,0.8389999999999986,1,0.0018864253,0.99811363,1
sprsound2022::41186340_6.6_0_p1_2148__event_002,sprsound2022,sprsound2022::41186340,calibration,False,1,fine_crackle,0.579,1,0.02095476,0.9790452,1
sprsound2022::41186340_6.6_0_p1_2151__event_000,sprsound2022,sprsound2022::41186340,calibration,False,1,fine_crackle,0.975,1,0.060118437,0.9398815,1
sprsound2022::41186340_6.6_0_p1_2151__event_001,sprsound2022,sprsound2022::41186340,calibration,False,0,normal,0.902,0,0.9983291,0.0016709444,0
sprsound2022::41186340_6.6_0_p1_2151__event_002,sprsound2022,sprsound2022::41186340,calibration,False,0,normal,1.104,0,0.9826455,0.017354518,0
sprsound2022::41186340_6.6_0_p1_2151__event_003,sprsound2022,sprsound2022::41186340,calibration,False,1,fine_crackle,0.902,1,0.013043527,0.9869565,1
sprsound2022::41186340_6.6_0_p1_2179__event_000,sprsound2022,sprsound2022::41186340,calibration,False,1,fine_crackle,0.9900000000000002,1,0.00080087123,0.9991991,1
sprsound2022::41186340_6.6_0_p1_2179__event_001,sprsound2022,sprsound2022::41186340,calibration,False,1,fine_crackle,0.9819999999999992,1,0.001586311,0.9984137,1
sprsound2022::41186340_6.6_0_p1_2296__event_000,sprsound2022,sprsound2022::41186340,calibration,False,0,normal,1.122,0,0.27989817,0.72010183,1
sprsound2022::41186340_6.6_0_p1_2296__event_001,sprsound2022,sprsound2022::41186340,calibration,False,0,normal,2.1730000000000005,0,0.9999466,5.335978e-05,0
sprsound2022::41186340_6.6_0_p1_2326__event_000,sprsound2022,sprsound2022::41186340,calibration,False,1,fine_crackle,1.274,1,0.004200439,0.9957996,1
sprsound2022::41186340_6.6_0_p1_3039__event_000,sprsound2022,sprsound2022::41186340,calibration,False,1,fine_crackle,1.0359999999999996,1,0.014384444,0.9856155,1
sprsound2022::41186340_6.6_0_p1_3039__event_001,sprsound2022,sprsound2022::41186340,calibration,False,1,fine_crackle,1.09,1,0.026668888,0.97333103,1
sprsound2022::41186340_6.6_0_p1_3039__event_002,sprsound2022,sprsound2022::41186340,calibration,False,1,fine_crackle,1.007,1,0.013626135,0.9863739,1
sprsound2022::41186340_6.6_0_p1_3055__event_000,sprsound2022,sprsound2022::41186340,calibration,False,1,fine_crackle,0.993,1,0.0019642783,0.9980357,1
sprsound2022::41186340_6.6_0_p1_3055__event_001,sprsound2022,sprsound2022::41186340,calibration,False,1,fine_crackle,0.928,1,0.00035229535,0.99964774,1
sprsound2022::41186340_6.6_0_p1_3055__event_002,sprsound2022,sprsound2022::41186340,calibration,False,1,fine_crackle,0.37,1,0.00155339,0.99844664,1
sprsound2022::41186340_6.6_0_p1_3109__event_000,sprsound2022,sprsound2022::41186340,calibration,False,1,fine_crackle,1.055,1,0.013309985,0.98669004,1
sprsound2022::41186340_6.6_0_p1_3109__event_001,sprsound2022,sprsound2022::41186340,calibration,False,1,fine_crackle,0.9650000000000004,1,0.0012066334,0.99879336,1
sprsound2022::41186340_6.6_0_p1_3109__event_002,sprsound2022,sprsound2022::41186340,calibration,False,1,fine_crackle,0.8299999999999992,1,0.0014065359,0.9985935,1
sprsound2022::41186340_6.6_0_p1_3109__event_003,sprsound2022,sprsound2022::41186340,calibration,False,1,fine_crackle,0.8219999999999992,1,0.13410598,0.865894,1
sprsound2022::41186340_6.6_0_p1_3143__event_000,sprsound2022,sprsound2022::41186340,calibration,False,0,normal,1.2970000000000006,0,0.9210468,0.078953214,0
sprsound2022::41186340_6.6_0_p1_3143__event_001,sprsound2022,sprsound2022::41186340,calibration,False,0,normal,1.367,0,0.9995214,0.00047862175,0
sprsound2022::41186340_6.6_0_p1_3158__event_000,sprsound2022,sprsound2022::41186340,calibration,False,0,normal,1.3290000000000002,0,0.9986779,0.0013221104,0
sprsound2022::41186340_6.6_0_p1_3158__event_001,sprsound2022,sprsound2022::41186340,calibration,False,0,normal,1.189,0,0.8422867,0.1577133,0
sprsound2022::41186340_6.6_0_p1_3158__event_002,sprsound2022,sprsound2022::41186340,calibration,False,1,fine_crackle,0.9620000000000016,1,0.123587385,0.87641263,1
sprsound2022::41186340_6.6_0_p1_3189__event_000,sprsound2022,sprsound2022::41186340,calibration,False,0,normal,0.9819999999999998,0,0.9985228,0.001477207,0
sprsound2022::41186340_6.6_0_p1_3189__event_001,sprsound2022,sprsound2022::41186340,calibration,False,0,normal,1.0070000000000006,0,0.9807591,0.019240918,0
sprsound2022::41186340_6.6_0_p2_2106__event_000,sprsound2022,sprsound2022::41186340,calibration,False,1,fine_crackle,1.13,1,0.0073910756,0.99260896,1
sprsound2022::41186340_6.6_0_p2_2106__event_001,sprsound2022,sprsound2022::41186340,calibration,False,1,fine_crackle,1.049,1,0.011442364,0.9885576,1
sprsound2022::41186340_6.6_0_p2_2106__event_002,sprsound2022,sprsound2022::41186340,calibration,False,1,fine_crackle,1.391,1,0.016505443,0.9834946,1
sprsound2022::41186340_6.6_0_p2_2112__event_000,sprsound2022,sprsound2022::41186340,calibration,False,1,fine_crackle,0.942,1,0.23773852,0.76226145,1
sprsound2022::41186340_6.6_0_p2_2112__event_001,sprsound2022,sprsound2022::41186340,calibration,False,0,normal,1.2800000000000002,0,0.796576,0.20342396,0
sprsound2022::41186340_6.6_0_p2_2112__event_002,sprsound2022,sprsound2022::41186340,calibration,False,1,fine_crackle,1.1930000000000005,1,0.9921335,0.007866526,0
sprsound2022::41186340_6.6_0_p2_2112__event_003,sprsound2022,sprsound2022::41186340,calibration,False,0,normal,1.495,0,0.9998604,0.00013958616,0
sprsound2022::41186340_6.6_0_p2_2120__event_000,sprsound2022,sprsound2022::41186340,calibration,False,0,normal,1.824,0,0.9998522,0.00014775743,0
sprsound2022::41186340_6.6_0_p2_2120__event_001,sprsound2022,sprsound2022::41186340,calibration,False,1,fine_crackle,1.0130000000000008,1,0.09997067,0.9000293,1
sprsound2022::41186340_6.6_0_p2_2163__event_000,sprsound2022,sprsound2022::41186340,calibration,False,1,fine_crackle,0.8240000000000003,1,0.003492354,0.9965076,1
sprsound2022::41186340_6.6_0_p2_2166__event_000,sprsound2022,sprsound2022::41186340,calibration,False,1,fine_crackle,1.122,1,0.0028153462,0.9971846,1
sprsound2022::41186340_6.6_0_p2_2166__event_001,sprsound2022,sprsound2022::41186340,calibration,False,1,fine_crackle,2.354,1,0.8241938,0.17580624,0
sprsound2022::41186340_6.6_0_p2_2221__event_000,sprsound2022,sprsound2022::41186340,calibration,False,1,fine_crackle,0.7089999999999996,1,0.006068016,0.993932,1
sprsound2022::41186340_6.6_0_p2_2251__event_000,sprsound2022,sprsound2022::41186340,calibration,False,1,fine_crackle,1.5759999999999996,1,0.5267793,0.4732208,0
sprsound2022::41186340_6.6_0_p2_2251__event_001,sprsound2022,sprsound2022::41186340,calibration,False,1,fine_crackle,1.3280000000000003,1,0.11321079,0.8867892,1
sprsound2022::41186340_6.6_0_p2_2356__event_000,sprsound2022,sprsound2022::41186340,calibration,False,1,fine_crackle,1.2120000000000002,1,0.14487514,0.85512483,1
sprsound2022::41186340_6.6_0_p2_2356__event_001,sprsound2022,sprsound2022::41186340,calibration,False,1,fine_crackle,1.144,1,0.10920287,0.89079714,1
sprsound2022::41186340_6.6_0_p2_2701__event_000,sprsound2022,sprsound2022::41186340,calibration,False,1,fine_crackle,0.956,1,0.0040063066,0.9959936,1
sprsound2022::41186340_6.6_0_p2_2701__event_001,sprsound2022,sprsound2022::41186340,calibration,False,1,fine_crackle,1.0579999999999998,1,0.0017275341,0.9982724,1
sprsound2022::41186340_6.6_0_p2_2701__event_002,sprsound2022,sprsound2022::41186340,calibration,False,1,fine_crackle,1.0,1,0.009808719,0.9901912,1
sprsound2022::41186340_6.6_0_p2_2701__event_003,sprsound2022,sprsound2022::41186340,calibration,False,1,fine_crackle,0.981,1,0.0013474334,0.9986526,1
sprsound2022::41186340_6.6_0_p2_2701__event_004,sprsound2022,sprsound2022::41186340,calibration,False,1,fine_crackle,0.9450000000000004,1,0.004218646,0.9957814,1
sprsound2022::41186340_6.6_0_p2_2761__event_000,sprsound2022,sprsound2022::41186340,calibration,False,1,fine_crackle,0.957,1,0.123400815,0.8765992,1
sprsound2022::41186340_6.6_0_p2_2761__event_001,sprsound2022,sprsound2022::41186340,calibration,False,1,fine_crackle,1.2769999999999997,1,0.0043986826,0.9956013,1
sprsound2022::41186340_6.6_0_p2_2761__event_002,sprsound2022,sprsound2022::41186340,calibration,False,1,fine_crackle,1.0750000000000002,1,0.035864506,0.96413547,1
sprsound2022::41186340_6.6_0_p2_3004__event_000,sprsound2022,sprsound2022::41186340,calibration,False,1,fine_crackle,0.9799999999999998,1,0.0057351063,0.9942649,1
sprsound2022::41186340_6.6_0_p2_3004__event_001,sprsound2022,sprsound2022::41186340,calibration,False,1,fine_crackle,1.0510000000000002,1,0.003095561,0.99690443,1
sprsound2022::41186340_6.6_0_p2_3004__event_002,sprsound2022,sprsound2022::41186340,calibration,False,1,fine_crackle,1.0949999999999998,1,0.001666234,0.99833375,1
sprsound2022::41186340_6.6_0_p2_3074__event_000,sprsound2022,sprsound2022::41186340,calibration,False,1,fine_crackle,1.17,1,0.27436432,0.72563565,1
sprsound2022::41186340_6.6_0_p2_3074__event_001,sprsound2022,sprsound2022::41186340,calibration,False,1,fine_crackle,0.7830000000000004,1,0.032408502,0.9675915,1
sprsound2022::41186340_6.6_0_p2_3074__event_002,sprsound2022,sprsound2022::41186340,calibration,False,1,fine_crackle,1.176,1,0.048105754,0.9518942,1
sprsound2022::41186340_6.6_0_p2_3074__event_003,sprsound2022,sprsound2022::41186340,calibration,False,1,fine_crackle,1.205,1,0.4623106,0.5376894,1
sprsound2022::41186340_6.6_0_p2_3173__event_000,sprsound2022,sprsound2022::41186340,calibration,False,1,fine_crackle,1.164,1,0.01586373,0.9841362,1
sprsound2022::41186340_6.6_0_p2_3173__event_001,sprsound2022,sprsound2022::41186340,calibration,False,1,fine_crackle,1.031,1,0.3976492,0.60235083,1
sprsound2022::41186340_6.6_0_p2_3173__event_002,sprsound2022,sprsound2022::41186340,calibration,False,1,fine_crackle,1.0429999999999993,1,0.039196894,0.96080315,1
sprsound2022::41186340_6.6_0_p2_3173__event_003,sprsound2022,sprsound2022::41186340,calibration,False,1,fine_crackle,0.912,1,0.017580038,0.98241997,1
sprsound2022::41186340_6.6_0_p2_3174__event_000,sprsound2022,sprsound2022::41186340,calibration,False,0,normal,0.7669999999999995,0,0.0075148554,0.9924852,1
sprsound2022::41186340_6.6_0_p3_2107__event_000,sprsound2022,sprsound2022::41186340,calibration,False,0,normal,1.1800000000000002,0,0.99759835,0.0024017026,0
sprsound2022::41186340_6.6_0_p3_2107__event_001,sprsound2022,sprsound2022::41186340,calibration,False,0,normal,1.1150000000000002,0,0.99784625,0.0021537563,0
sprsound2022::41186340_6.6_0_p3_2114__event_000,sprsound2022,sprsound2022::41186340,calibration,False,0,normal,1.187,0,0.8590314,0.14096864,0
sprsound2022::41186340_6.6_0_p3_2114__event_001,sprsound2022,sprsound2022::41186340,calibration,False,1,fine_crackle,1.3330000000000002,1,0.056270573,0.9437294,1
sprsound2022::41186340_6.6_0_p3_2114__event_002,sprsound2022,sprsound2022::41186340,calibration,False,1,fine_crackle,1.1880000000000006,1,0.1562004,0.84379953,1
sprsound2022::41186340_6.6_0_p3_2114__event_003,sprsound2022,sprsound2022::41186340,calibration,False,0,normal,0.9020000000000006,0,0.99412596,0.0058740536,0
sprsound2022::41186340_6.6_0_p3_2118__event_000,sprsound2022,sprsound2022::41186340,calibration,False,0,normal,0.9960000000000004,0,0.99769825,0.0023017083,0
sprsound2022::41186340_6.6_0_p3_2118__event_001,sprsound2022,sprsound2022::41186340,calibration,False,0,normal,1.5339999999999998,0,0.99891436,0.0010856957,0
sprsound2022::41186340_6.6_0_p3_2118__event_002,sprsound2022,sprsound2022::41186340,calibration,False,0,normal,0.4199999999999999,0,0.058652796,0.9413471,1
sprsound2022::41186340_6.6_0_p3_2193__event_000,sprsound2022,sprsound2022::41186340,calibration,False,0,normal,0.905,0,0.99966085,0.00033914464,0
sprsound2022::41186340_6.6_0_p3_2193__event_001,sprsound2022,sprsound2022::41186340,calibration,False,0,normal,1.064,0,0.9981008,0.0018991459,0
sprsound2022::41186340_6.6_0_p3_2193__event_002,sprsound2022,sprsound2022::41186340,calibration,False,0,normal,1.1439999999999997,0,0.9942689,0.0057311296,0
sprsound2022::41186340_6.6_0_p3_2193__event_003,sprsound2022,sprsound2022::41186340,calibration,False,0,normal,0.3639999999999999,0,0.9842083,0.015791757,0
sprsound2022::41186340_6.6_0_p3_2208__event_000,sprsound2022,sprsound2022::41186340,calibration,False,0,normal,1.5669999999999995,0,0.99992895,7.108202e-05,0
sprsound2022::41186340_6.6_0_p3_2208__event_001,sprsound2022,sprsound2022::41186340,calibration,False,0,normal,1.3320000000000007,0,0.9991295,0.0008704939,0
sprsound2022::41186340_6.6_0_p3_2281__event_000,sprsound2022,sprsound2022::41186340,calibration,False,0,normal,1.495,0,0.9998067,0.0001933186,0
sprsound2022::41186340_6.6_0_p3_2371__event_000,sprsound2022,sprsound2022::41186340,calibration,False,0,normal,1.4170000000000005,0,0.9888022,0.011197791,0
sprsound2022::41186340_6.6_0_p3_2371__event_001,sprsound2022,sprsound2022::41186340,calibration,False,0,normal,1.2960000000000005,0,0.9837945,0.016205488,0
sprsound2022::41186340_6.6_0_p3_2371__event_002,sprsound2022,sprsound2022::41186340,calibration,False,0,normal,1.0919999999999996,0,0.99953234,0.00046769882,0
sprsound2022::41186340_6.6_0_p3_2785__event_000,sprsound2022,sprsound2022::41186340,calibration,False,0,normal,1.481,0,0.9993468,0.00065319584,0
sprsound2022::41186340_6.6_0_p3_2785__event_001,sprsound2022,sprsound2022::41186340,calibration,False,0,normal,0.8340000000000005,0,0.9800494,0.019950598,0
sprsound2022::41186340_6.6_0_p3_2785__event_002,sprsound2022,sprsound2022::41186340,calibration,False,0,normal,1.843,0,0.9999107,8.931791e-05,0
sprsound2022::41186340_6.6_0_p3_2785__event_003,sprsound2022,sprsound2022::41186340,calibration,False,0,normal,2.47,0,0.99901664,0.0009833646,0
sprsound2022::41186340_6.6_0_p3_2969__event_000,sprsound2022,sprsound2022::41186340,calibration,False,0,normal,1.406,0,0.9996637,0.00033630215,0
sprsound2022::41186340_6.6_0_p3_2969__event_001,sprsound2022,sprsound2022::41186340,calibration,False,0,normal,1.1429999999999998,0,0.9978993,0.0021007352,0
sprsound2022::41186340_6.6_0_p3_3038__event_000,sprsound2022,sprsound2022::41186340,calibration,False,0,normal,1.1840000000000002,0,0.9993413,0.000658651,0
sprsound2022::41186340_6.6_0_p3_3038__event_001,sprsound2022,sprsound2022::41186340,calibration,False,0,normal,1.1929999999999996,0,0.9929015,0.0070984648,0
sprsound2022::41186340_6.6_0_p3_3038__event_002,sprsound2022,sprsound2022::41186340,calibration,False,0,normal,1.0680000000000005,0,0.9809271,0.019072961,0
sprsound2022::41186340_6.6_0_p3_3056__event_000,sprsound2022,sprsound2022::41186340,calibration,False,0,normal,1.032,0,0.9998253,0.00017475168,0
sprsound2022::41186340_6.6_0_p3_3056__event_001,sprsound2022,sprsound2022::41186340,calibration,False,0,normal,1.4139999999999997,0,0.79555416,0.20444587,0
sprsound2022::41186340_6.6_0_p3_3056__event_002,sprsound2022,sprsound2022::41186340,calibration,False,0,normal,1.247999999999999,0,0.9875172,0.012482756,0
sprsound2022::41186340_6.6_0_p3_3056__event_003,sprsound2022,sprsound2022::41186340,calibration,False,0,normal,1.435,0,0.997971,0.002028943,0
sprsound2022::41186340_6.6_0_p3_3056__event_004,sprsound2022,sprsound2022::41186340,calibration,False,0,normal,1.318,0,0.90511787,0.09488209,0
sprsound2022::41186340_6.6_0_p3_3142__event_000,sprsound2022,sprsound2022::41186340,calibration,False,0,normal,1.2780000000000005,0,0.99806446,0.0019355983,0
sprsound2022::41186340_6.6_0_p3_3188__event_000,sprsound2022,sprsound2022::41186340,calibration,False,0,normal,1.3390000000000002,0,0.9999366,6.343369e-05,0
sprsound2022::41186340_6.6_0_p3_3188__event_001,sprsound2022,sprsound2022::41186340,calibration,False,0,normal,0.9650000000000007,0,0.9978629,0.002137188,0
sprsound2022::41186340_6.6_0_p3_3188__event_002,sprsound2022,sprsound2022::41186340,calibration,False,0,normal,1.1240000000000006,0,0.7283476,0.27165243,0
sprsound2022::41186340_6.6_0_p3_3199__event_000,sprsound2022,sprsound2022::41186340,calibration,False,0,normal,1.229,0,0.9997018,0.00029813062,0
sprsound2022::41186340_6.6_0_p3_3199__event_001,sprsound2022,sprsound2022::41186340,calibration,False,0,normal,1.0210000000000004,0,0.99865013,0.001349841,0
sprsound2022::41186340_6.6_0_p3_3199__event_002,sprsound2022,sprsound2022::41186340,calibration,False,0,normal,1.8150000000000004,0,0.99963987,0.00036006275,0
sprsound2022::41186340_6.6_0_p4_2104__event_000,sprsound2022,sprsound2022::41186340,calibration,False,0,normal,1.2130000000000003,0,0.99809915,0.0019008224,0
sprsound2022::41186340_6.6_0_p4_2104__event_001,sprsound2022,sprsound2022::41186340,calibration,False,0,normal,1.201,0,0.9995473,0.00045264777,0
sprsound2022::41186340_6.6_0_p4_2104__event_002,sprsound2022,sprsound2022::41186340,calibration,False,0,normal,1.1509999999999998,0,0.9939651,0.0060349586,0
sprsound2022::41186340_6.6_0_p4_2104__event_003,sprsound2022,sprsound2022::41186340,calibration,False,0,normal,1.1370000000000005,0,0.99845135,0.0015486551,0
sprsound2022::41186340_6.6_0_p4_2115__event_000,sprsound2022,sprsound2022::41186340,calibration,False,0,normal,1.3070000000000002,0,0.99888784,0.001112156,0
sprsound2022::41186340_6.6_0_p4_2115__event_001,sprsound2022,sprsound2022::41186340,calibration,False,0,normal,1.27,0,0.9968804,0.0031195742,0
sprsound2022::41186340_6.6_0_p4_2115__event_002,sprsound2022,sprsound2022::41186340,calibration,False,0,normal,1.152,0,0.99787796,0.002122051,0
sprsound2022::41186340_6.6_0_p4_2115__event_003,sprsound2022,sprsound2022::41186340,calibration,False,0,normal,0.8310000000000013,0,0.9861399,0.013860042,0
sprsound2022::41186340_6.6_0_p4_2133__event_000,sprsound2022,sprsound2022::41186340,calibration,False,0,normal,1.6439999999999997,0,0.9997055,0.0002944267,0
sprsound2022::41186340_6.6_0_p4_2135__event_000,sprsound2022,sprsound2022::41186340,calibration,False,0,normal,1.5710000000000002,0,0.9999802,1.9746136e-05,0
sprsound2022::41186340_6.6_0_p4_2135__event_001,sprsound2022,sprsound2022::41186340,calibration,False,0,normal,1.3040000000000005,0,0.9999026,9.740032e-05,0
sprsound2022::41186340_6.6_0_p4_2135__event_002,sprsound2022,sprsound2022::41186340,calibration,False,0,normal,1.7839999999999998,0,0.99994826,5.1709678e-05,0
sprsound2022::41186340_6.6_0_p4_2194__event_000,sprsound2022,sprsound2022::41186340,calibration,False,0,normal,1.355,0,0.9998648,0.0001351213,0
sprsound2022::41186340_6.6_0_p4_2194__event_001,sprsound2022,sprsound2022::41186340,calibration,False,0,normal,1.3999999999999997,0,0.99979466,0.00020530539,0
sprsound2022::41186340_6.6_0_p4_2207__event_000,sprsound2022,sprsound2022::41186340,calibration,False,0,normal,1.2260000000000002,0,0.9997675,0.00023251497,0
sprsound2022::41186340_6.6_0_p4_2207__event_001,sprsound2022,sprsound2022::41186340,calibration,False,0,normal,1.229,0,0.99967194,0.00032806373,0
sprsound2022::41186340_6.6_0_p4_2207__event_002,sprsound2022,sprsound2022::41186340,calibration,False,0,normal,1.1479999999999997,0,0.99917835,0.00082158385,0
sprsound2022::41186340_6.6_0_p4_2207__event_003,sprsound2022,sprsound2022::41186340,calibration,False,0,normal,0.5130000000000008,0,0.9832251,0.01677495,0
sprsound2022::41186340_6.6_0_p4_2236__event_000,sprsound2022,sprsound2022::41186340,calibration,False,0,normal,0.7080000000000002,0,0.8766131,0.12338685,0
sprsound2022::41186340_6.6_0_p4_2236__event_001,sprsound2022,sprsound2022::41186340,calibration,False,0,normal,1.6989999999999998,0,0.9998319,0.00016808989,0
sprsound2022::41186340_6.6_0_p4_2266__event_000,sprsound2022,sprsound2022::41186340,calibration,False,0,normal,1.3610000000000009,0,0.997726,0.0022739712,0
sprsound2022::41186340_6.6_0_p4_2341__event_000,sprsound2022,sprsound2022::41186340,calibration,False,0,normal,1.2380000000000002,0,0.99973565,0.0002643346,0
sprsound2022::41186340_6.6_0_p4_2341__event_001,sprsound2022,sprsound2022::41186340,calibration,False,0,normal,1.1449999999999996,0,0.9902423,0.009757736,0
sprsound2022::41186340_6.6_0_p4_2341__event_002,sprsound2022,sprsound2022::41186340,calibration,False,0,normal,1.04,0,0.9996531,0.0003469032,0
sprsound2022::41186340_6.6_0_p4_2713__event_000,sprsound2022,sprsound2022::41186340,calibration,False,0,normal,1.045,0,0.9996538,0.00034614533,0
sprsound2022::41186340_6.6_0_p4_2713__event_001,sprsound2022,sprsound2022::41186340,calibration,False,0,normal,0.8280000000000003,0,0.30887783,0.69112223,1
sprsound2022::41186340_6.6_0_p4_2713__event_002,sprsound2022,sprsound2022::41186340,calibration,False,0,normal,0.8029999999999999,0,0.9978728,0.002127209,0
sprsound2022::41186340_6.6_0_p4_2713__event_003,sprsound2022,sprsound2022::41186340,calibration,False,0,normal,0.997,0,0.9950595,0.0049405424,0
sprsound2022::41186340_6.6_0_p4_2713__event_004,sprsound2022,sprsound2022::41186340,calibration,False,0,normal,1.2060000000000004,0,0.42701402,0.57298595,1
sprsound2022::41186340_6.6_0_p4_2713__event_005,sprsound2022,sprsound2022::41186340,calibration,False,0,normal,1.093,0,0.9578362,0.04216383,0
sprsound2022::41186340_6.6_0_p4_2749__event_000,sprsound2022,sprsound2022::41186340,calibration,False,0,normal,1.091,0,0.9997894,0.00021060355,0
sprsound2022::41186340_6.6_0_p4_2749__event_001,sprsound2022,sprsound2022::41186340,calibration,False,0,normal,1.094,0,0.99981064,0.0001894248,0
sprsound2022::41186340_6.6_0_p4_2749__event_002,sprsound2022,sprsound2022::41186340,calibration,False,0,normal,1.114,0,0.99946374,0.00053629023,0
sprsound2022::41186340_6.6_0_p4_2749__event_003,sprsound2022,sprsound2022::41186340,calibration,False,0,normal,1.1789999999999994,0,0.9918622,0.008137855,0
sprsound2022::41186340_6.6_0_p4_2749__event_004,sprsound2022,sprsound2022::41186340,calibration,False,0,normal,1.6109999999999998,0,0.99390864,0.0060913847,0
sprsound2022::41186340_6.6_0_p4_2951__event_000,sprsound2022,sprsound2022::41186340,calibration,False,0,normal,1.138,0,0.9996897,0.00031035833,0
sprsound2022::41186340_6.6_0_p4_2951__event_001,sprsound2022,sprsound2022::41186340,calibration,False,0,normal,0.988,0,0.99981314,0.00018684383,0
sprsound2022::41186340_6.6_0_p4_2951__event_002,sprsound2022,sprsound2022::41186340,calibration,False,0,normal,1.2380000000000004,0,0.9857554,0.014244558,0
sprsound2022::41186340_6.6_0_p4_3021__event_000,sprsound2022,sprsound2022::41186340,calibration,False,0,normal,1.2990000000000002,0,0.9998841,0.00011591139,0
sprsound2022::41186340_6.6_0_p4_3021__event_001,sprsound2022,sprsound2022::41186340,calibration,False,0,normal,1.2550000000000003,0,0.9935042,0.0064958516,0
sprsound2022::41186340_6.6_0_p4_3021__event_002,sprsound2022,sprsound2022::41186340,calibration,False,0,normal,1.0730000000000004,0,0.9950027,0.004997351,0
sprsound2022::41186340_6.6_0_p4_3021__event_003,sprsound2022,sprsound2022::41186340,calibration,False,0,normal,1.21,0,0.99928635,0.00071365695,0
sprsound2022::41186340_6.6_0_p4_3092__event_000,sprsound2022,sprsound2022::41186340,calibration,False,0,normal,0.8889999999999998,0,0.99602354,0.003976417,0
sprsound2022::41186340_6.6_0_p4_3092__event_001,sprsound2022,sprsound2022::41186340,calibration,False,0,normal,0.9989999999999996,0,0.9977749,0.002225114,0
sprsound2022::41186340_6.6_0_p4_3092__event_002,sprsound2022,sprsound2022::41186340,calibration,False,0,normal,1.011,0,0.9995561,0.00044382407,0
sprsound2022::41186340_6.6_0_p4_3092__event_003,sprsound2022,sprsound2022::41186340,calibration,False,0,normal,0.927,0,0.99754214,0.0024578318,0
sprsound2022::41186340_6.6_0_p4_3092__event_004,sprsound2022,sprsound2022::41186340,calibration,False,0,normal,1.363,0,0.99889815,0.0011017906,0
sprsound2022::41186340_6.6_0_p4_3126__event_000,sprsound2022,sprsound2022::41186340,calibration,False,0,normal,1.129,0,0.9988404,0.0011595904,0
sprsound2022::41186340_6.6_0_p4_3126__event_001,sprsound2022,sprsound2022::41186340,calibration,False,0,normal,1.2359999999999998,0,0.99958307,0.0004169601,0
sprsound2022::41186340_6.6_0_p4_3159__event_000,sprsound2022,sprsound2022::41186340,calibration,False,0,normal,1.58,0,0.9996915,0.0003085869,0
sprsound2022::41186340_6.6_0_p4_3198__event_000,sprsound2022,sprsound2022::41186340,calibration,False,0,normal,1.385,0,0.99973756,0.0002623921,0
sprsound2022::41186340_6.6_0_p4_3198__event_001,sprsound2022,sprsound2022::41186340,calibration,False,0,normal,1.4480000000000004,0,0.9452054,0.054794617,0
sprsound2022::41190734_9.5_0_p1_1182__event_000,sprsound2022,sprsound2022::41190734,calibration,False,0,normal,2.2870000000000004,0,0.9999485,5.154568e-05,0
sprsound2022::41190734_9.5_0_p1_1182__event_001,sprsound2022,sprsound2022::41190734,calibration,False,0,normal,1.6110000000000009,0,0.9987458,0.0012542044,0
sprsound2022::41190734_9.5_0_p1_1217__event_000,sprsound2022,sprsound2022::41190734,calibration,False,0,normal,2.16,0,0.9999125,8.754974e-05,0
sprsound2022::41190734_9.5_0_p1_1217__event_001,sprsound2022,sprsound2022::41190734,calibration,False,1,coarse_crackle,1.266,1,0.6884263,0.31157365,0
sprsound2022::41190734_9.5_0_p1_1217__event_002,sprsound2022,sprsound2022::41190734,calibration,False,0,normal,3.233,0,0.999943,5.693815e-05,0
sprsound2022::41190734_9.5_0_p2_1206__event_000,sprsound2022,sprsound2022::41190734,calibration,False,0,normal,1.5950000000000006,0,0.9997346,0.00026537548,0
sprsound2022::41190734_9.5_0_p2_1206__event_001,sprsound2022,sprsound2022::41190734,calibration,False,0,normal,2.938,0,0.99992,8.00077e-05,0
sprsound2022::41190734_9.5_0_p2_1229__event_000,sprsound2022,sprsound2022::41190734,calibration,False,0,normal,2.107,0,0.9999527,4.7355654e-05,0
sprsound2022::41190734_9.5_0_p2_1229__event_001,sprsound2022,sprsound2022::41190734,calibration,False,0,normal,3.585,0,0.99994564,5.430754e-05,0
sprsound2022::41190734_9.5_0_p2_1229__event_002,sprsound2022,sprsound2022::41190734,calibration,False,0,normal,1.2489999999999997,0,0.99525636,0.0047436603,0
sprsound2022::41190734_9.5_0_p2_1333__event_000,sprsound2022,sprsound2022::41190734,calibration,False,0,normal,1.869,0,0.9994998,0.00050024915,0
sprsound2022::41190734_9.5_0_p2_1333__event_001,sprsound2022,sprsound2022::41190734,calibration,False,0,normal,1.848,0,0.9998766,0.0001233694,0
sprsound2022::41190734_9.5_0_p4_1170__event_000,sprsound2022,sprsound2022::41190734,calibration,False,0,normal,1.9210000000000005,0,0.99992406,7.58947e-05,0
sprsound2022::41190734_9.5_0_p4_1170__event_001,sprsound2022,sprsound2022::41190734,calibration,False,0,normal,1.913,0,0.99933004,0.00067002804,0
sprsound2022::41190734_9.5_0_p4_1170__event_002,sprsound2022,sprsound2022::41190734,calibration,False,0,normal,1.5019999999999998,0,0.9991216,0.00087840774,0
sprsound2022::41202647_2.2_0_p1_681__event_000,sprsound2022,sprsound2022::41202647,calibration,False,1,fine_crackle,1.468,1,0.9991774,0.0008225529,0
sprsound2022::41202647_2.2_0_p3_683__event_000,sprsound2022,sprsound2022::41202647,calibration,False,0,normal,1.077,0,0.9998029,0.00019711322,0
sprsound2022::41202647_2.2_0_p3_683__event_001,sprsound2022,sprsound2022::41202647,calibration,False,0,normal,0.6489999999999991,0,0.99833894,0.0016609983,0
sprsound2022::41202647_2.2_0_p3_683__event_002,sprsound2022,sprsound2022::41202647,calibration,False,0,normal,1.847,0,0.8240937,0.17590633,0
sprsound2022::41202647_2.2_0_p3_683__event_003,sprsound2022,sprsound2022::41202647,calibration,False,0,normal,3.082,0,0.99988866,0.00011132054,0
sprsound2022::41227367_6.7_1_p2_626__event_000,sprsound2022,sprsound2022::41227367,calibration,False,0,normal,3.238999999999999,0,0.9999089,9.1063754e-05,0
sprsound2022::41227367_6.7_1_p2_626__event_001,sprsound2022,sprsound2022::41227367,calibration,False,0,normal,3.653,0,0.999974,2.5978083e-05,0
sprsound2022::41227367_6.7_1_p4_628__event_000,sprsound2022,sprsound2022::41227367,calibration,False,0,normal,0.7260000000000001,0,0.99731976,0.0026802514,0
sprsound2022::41227367_6.7_1_p4_628__event_001,sprsound2022,sprsound2022::41227367,calibration,False,0,normal,1.481,0,0.9998161,0.00018385398,0
sprsound2022::41227367_6.7_1_p4_628__event_002,sprsound2022,sprsound2022::41227367,calibration,False,0,normal,0.847999999999999,0,0.9991351,0.00086498156,0
sprsound2022::41227367_6.7_1_p4_628__event_003,sprsound2022,sprsound2022::41227367,calibration,False,0,normal,1.0679999999999996,0,0.99960333,0.00039667275,0
sprsound2022::41227367_6.7_1_p4_628__event_004,sprsound2022,sprsound2022::41227367,calibration,False,0,normal,0.9340000000000002,0,0.99909043,0.0009095694,0
sprsound2022::41227367_6.8_1_p1_2669__event_000,sprsound2022,sprsound2022::41227367,calibration,False,0,normal,1.4530000000000003,0,0.999851,0.00014894725,0
sprsound2022::41227367_6.8_1_p1_2669__event_001,sprsound2022,sprsound2022::41227367,calibration,False,0,normal,1.4040000000000008,0,0.99931693,0.0006831195,0
sprsound2022::41227367_6.8_1_p1_2669__event_002,sprsound2022,sprsound2022::41227367,calibration,False,0,normal,1.2719999999999998,0,0.99992573,7.4270545e-05,0
sprsound2022::41227367_6.8_1_p1_2669__event_003,sprsound2022,sprsound2022::41227367,calibration,False,0,normal,1.0489999999999997,0,0.9998802,0.00011975584,0
sprsound2022::41227367_6.8_1_p2_2656__event_000,sprsound2022,sprsound2022::41227367,calibration,False,0,normal,1.9380000000000008,0,0.9999238,7.62056e-05,0
sprsound2022::41227367_6.8_1_p2_2656__event_001,sprsound2022,sprsound2022::41227367,calibration,False,0,normal,0.745000000000001,0,0.99559695,0.004403091,0
sprsound2022::41227367_6.8_1_p2_2656__event_002,sprsound2022,sprsound2022::41227367,calibration,False,0,normal,1.33,0,0.91750914,0.08249082,0
sprsound2022::41227367_6.8_1_p2_2656__event_003,sprsound2022,sprsound2022::41227367,calibration,False,0,normal,1.581,0,0.9997261,0.0002738446,0
sprsound2022::41227367_6.8_1_p3_2695__event_000,sprsound2022,sprsound2022::41227367,calibration,False,0,normal,0.4880000000000013,0,0.957148,0.042851973,0
sprsound2022::41227367_6.8_1_p4_2682__event_000,sprsound2022,sprsound2022::41227367,calibration,False,0,normal,1.857,0,0.99985504,0.00014490119,0
sprsound2022::41227367_6.8_1_p4_2682__event_001,sprsound2022,sprsound2022::41227367,calibration,False,0,normal,0.6560000000000006,0,0.9996861,0.00031390245,0
sprsound2022::41227367_6.9_1_p1_2563__event_000,sprsound2022,sprsound2022::41227367,calibration,False,0,normal,1.2719999999999994,0,0.9998462,0.00015372164,0
sprsound2022::41227367_6.9_1_p1_2563__event_001,sprsound2022,sprsound2022::41227367,calibration,False,0,normal,1.366999999999999,0,0.9991032,0.00089684624,0
sprsound2022::41227367_6.9_1_p1_2563__event_002,sprsound2022,sprsound2022::41227367,calibration,False,0,normal,1.0829999999999984,0,0.99849355,0.0015064923,0
sprsound2022::41227367_6.9_1_p1_2563__event_003,sprsound2022,sprsound2022::41227367,calibration,False,0,normal,1.0980000000000008,0,0.99987686,0.00012313928,0
sprsound2022::41227367_6.9_1_p1_2563__event_004,sprsound2022,sprsound2022::41227367,calibration,False,0,normal,1.459,0,0.94276404,0.057235897,0
sprsound2022::41227367_6.9_1_p1_2563__event_005,sprsound2022,sprsound2022::41227367,calibration,False,0,normal,1.5889999999999995,0,0.983889,0.016111052,0
sprsound2022::41227367_6.9_1_p1_2563__event_006,sprsound2022,sprsound2022::41227367,calibration,False,0,normal,1.9000000000000004,0,0.9979153,0.0020847223,0
sprsound2022::41227367_6.9_1_p1_2609__event_000,sprsound2022,sprsound2022::41227367,calibration,False,0,normal,0.9680000000000007,0,0.9998093,0.0001907346,0
sprsound2022::41227367_6.9_1_p1_2609__event_001,sprsound2022,sprsound2022::41227367,calibration,False,0,normal,0.8490000000000002,0,0.9906974,0.009302605,0
sprsound2022::41227367_6.9_1_p1_2609__event_002,sprsound2022,sprsound2022::41227367,calibration,False,0,normal,0.8290000000000006,0,0.05200366,0.9479963,1
sprsound2022::41227367_6.9_1_p1_2685__event_000,sprsound2022,sprsound2022::41227367,calibration,False,0,normal,1.3979999999999997,0,0.9999206,7.944163e-05,0
sprsound2022::41227367_6.9_1_p1_2685__event_001,sprsound2022,sprsound2022::41227367,calibration,False,0,normal,1.209999999999999,0,0.97370094,0.02629904,0
sprsound2022::41227367_6.9_1_p1_2685__event_002,sprsound2022,sprsound2022::41227367,calibration,False,0,normal,1.122999999999999,0,0.99974173,0.00025825153,0
sprsound2022::41227367_6.9_1_p1_2685__event_003,sprsound2022,sprsound2022::41227367,calibration,False,0,normal,0.7249999999999996,0,0.90965456,0.090345465,0
sprsound2022::41227367_6.9_1_p1_2685__event_004,sprsound2022,sprsound2022::41227367,calibration,False,0,normal,3.015000000000001,0,0.97141707,0.028582893,0
sprsound2022::41227367_6.9_1_p1_2710__event_000,sprsound2022,sprsound2022::41227367,calibration,False,0,normal,0.7739999999999999,0,0.99881196,0.0011880023,0
sprsound2022::41227367_6.9_1_p1_2710__event_001,sprsound2022,sprsound2022::41227367,calibration,False,0,normal,0.6519999999999997,0,0.96971613,0.030283896,0
sprsound2022::41227367_6.9_1_p1_2710__event_002,sprsound2022,sprsound2022::41227367,calibration,False,0,normal,0.543000000000001,0,0.40142044,0.5985796,1
sprsound2022::41227367_6.9_1_p1_2710__event_003,sprsound2022,sprsound2022::41227367,calibration,False,0,normal,0.6769999999999996,0,0.01143274,0.98856723,1
sprsound2022::41227367_6.9_1_p1_2710__event_004,sprsound2022,sprsound2022::41227367,calibration,False,0,normal,1.0679999999999996,0,0.8798233,0.12017669,0
sprsound2022::41227367_6.9_1_p1_2710__event_005,sprsound2022,sprsound2022::41227367,calibration,False,0,normal,0.9829999999999988,0,0.19220822,0.80779177,1
sprsound2022::41227367_6.9_1_p1_2794__event_000,sprsound2022,sprsound2022::41227367,calibration,False,0,normal,1.1029999999999998,0,0.90622956,0.093770474,0
sprsound2022::41227367_6.9_1_p1_2794__event_001,sprsound2022,sprsound2022::41227367,calibration,False,0,normal,1.2300000000000004,0,0.99957556,0.00042441563,0
sprsound2022::41227367_6.9_1_p1_2794__event_002,sprsound2022,sprsound2022::41227367,calibration,False,0,normal,1.1529999999999987,0,0.99023986,0.009760182,0
sprsound2022::41227367_6.9_1_p1_2830__event_000,sprsound2022,sprsound2022::41227367,calibration,False,0,normal,1.645,0,0.9999404,5.9581576e-05,0
sprsound2022::41227367_6.9_1_p1_2830__event_001,sprsound2022,sprsound2022::41227367,calibration,False,0,normal,1.138,0,0.9997749,0.00022516267,0
sprsound2022::41227367_6.9_1_p1_2830__event_002,sprsound2022,sprsound2022::41227367,calibration,False,0,normal,1.0050000000000008,0,0.9997008,0.00029921698,0
sprsound2022::41227367_6.9_1_p1_2830__event_003,sprsound2022,sprsound2022::41227367,calibration,False,0,normal,1.5489999999999997,0,0.9999113,8.8736124e-05,0
sprsound2022::41227367_6.9_1_p1_2830__event_004,sprsound2022,sprsound2022::41227367,calibration,False,0,normal,1.34,0,0.35216776,0.6478322,1
sprsound2022::41227367_6.9_1_p1_2830__event_005,sprsound2022,sprsound2022::41227367,calibration,False,0,normal,1.129999999999999,0,0.9405002,0.059499815,0
sprsound2022::41227367_6.9_1_p1_2830__event_006,sprsound2022,sprsound2022::41227367,calibration,False,0,normal,0.5409999999999986,0,0.19191709,0.80808294,1
sprsound2022::41227367_6.9_1_p1_2830__event_007,sprsound2022,sprsound2022::41227367,calibration,False,0,normal,1.542,0,0.9589766,0.041023403,0
sprsound2022::41227367_6.9_1_p2_2575__event_000,sprsound2022,sprsound2022::41227367,calibration,False,0,normal,1.501,0,0.9998554,0.0001446257,0
sprsound2022::41227367_6.9_1_p2_2575__event_001,sprsound2022,sprsound2022::41227367,calibration,False,0,normal,2.0540000000000003,0,0.99989283,0.00010714666,0
sprsound2022::41227367_6.9_1_p2_2575__event_002,sprsound2022,sprsound2022::41227367,calibration,False,0,normal,1.4800000000000004,0,0.99989486,0.000105096915,0
sprsound2022::41227367_6.9_1_p2_2575__event_003,sprsound2022,sprsound2022::41227367,calibration,False,0,normal,0.8940000000000001,0,0.99857485,0.0014251922,0
sprsound2022::41227367_6.9_1_p2_2575__event_004,sprsound2022,sprsound2022::41227367,calibration,False,0,normal,0.6530000000000005,0,0.9981353,0.0018646776,0
sprsound2022::41227367_6.9_1_p2_2659__event_000,sprsound2022,sprsound2022::41227367,calibration,False,0,normal,5.702,0,0.99990964,9.030699e-05,0
sprsound2022::41227367_6.9_1_p2_2818__event_000,sprsound2022,sprsound2022::41227367,calibration,False,0,normal,1.219,0,0.9997911,0.00020894426,0
sprsound2022::41227367_6.9_1_p2_2818__event_001,sprsound2022,sprsound2022::41227367,calibration,False,0,normal,0.6600000000000001,0,0.99960834,0.0003916367,0
sprsound2022::41227367_6.9_1_p3_2586__event_000,sprsound2022,sprsound2022::41227367,calibration,False,0,normal,0.8980000000000015,0,0.99845254,0.0015474537,0
sprsound2022::41227367_6.9_1_p3_2586__event_001,sprsound2022,sprsound2022::41227367,calibration,False,0,normal,0.8409999999999993,0,0.9988343,0.0011656755,0
sprsound2022::41227367_6.9_1_p3_2586__event_002,sprsound2022,sprsound2022::41227367,calibration,False,0,normal,1.015,0,0.99986374,0.0001361791,0
sprsound2022::41227367_6.9_1_p3_2586__event_003,sprsound2022,sprsound2022::41227367,calibration,False,0,normal,0.985,0,0.042119615,0.95788044,1
sprsound2022::41227367_6.9_1_p3_2586__event_004,sprsound2022,sprsound2022::41227367,calibration,False,0,normal,1.0519999999999998,0,0.8752381,0.1247619,0
sprsound2022::41227367_6.9_1_p3_2586__event_005,sprsound2022,sprsound2022::41227367,calibration,False,0,normal,1.0,0,0.9415455,0.058454502,0
sprsound2022::41227367_6.9_1_p3_2672__event_000,sprsound2022,sprsound2022::41227367,calibration,False,0,normal,1.157,0,0.9997868,0.00021320302,0
sprsound2022::41227367_6.9_1_p3_2672__event_001,sprsound2022,sprsound2022::41227367,calibration,False,0,normal,1.266,0,0.9998368,0.00016316354,0
sprsound2022::41227367_6.9_1_p3_2672__event_002,sprsound2022,sprsound2022::41227367,calibration,False,0,normal,1.2620000000000005,0,0.9995315,0.00046854556,0
sprsound2022::41227367_6.9_1_p3_2672__event_003,sprsound2022,sprsound2022::41227367,calibration,False,0,normal,1.2630000000000008,0,0.9895489,0.010451111,0
sprsound2022::41227367_6.9_1_p3_2672__event_004,sprsound2022,sprsound2022::41227367,calibration,False,0,normal,1.274000000000001,0,0.9994105,0.00058951747,0
sprsound2022::41227367_6.9_1_p3_2672__event_005,sprsound2022,sprsound2022::41227367,calibration,False,0,normal,1.0830000000000002,0,0.9989711,0.001028916,0
sprsound2022::41227367_6.9_1_p3_2746__event_000,sprsound2022,sprsound2022::41227367,calibration,False,0,normal,1.349,0,0.9964737,0.0035262993,0
sprsound2022::41227367_6.9_1_p3_2746__event_001,sprsound2022,sprsound2022::41227367,calibration,False,0,normal,1.219,0,0.9998109,0.00018909201,0
sprsound2022::41227367_6.9_1_p3_2746__event_002,sprsound2022,sprsound2022::41227367,calibration,False,0,normal,1.393000000000001,0,0.9999567,4.325522e-05,0
sprsound2022::41227367_6.9_1_p3_2746__event_003,sprsound2022,sprsound2022::41227367,calibration,False,0,normal,0.9770000000000004,0,0.941054,0.058945984,0
sprsound2022::41227367_6.9_1_p3_2746__event_004,sprsound2022,sprsound2022::41227367,calibration,False,0,normal,1.303,0,0.999892,0.00010801053,0
sprsound2022::41227367_6.9_1_p3_2770__event_000,sprsound2022,sprsound2022::41227367,calibration,False,0,normal,0.8959999999999999,0,0.98474854,0.015251436,0
sprsound2022::41227367_6.9_1_p3_2842__event_000,sprsound2022,sprsound2022::41227367,calibration,False,0,normal,1.3590000000000002,0,0.9998266,0.00017347367,0
sprsound2022::41227367_6.9_1_p3_2842__event_001,sprsound2022,sprsound2022::41227367,calibration,False,0,normal,0.5839999999999996,0,0.71621233,0.2837877,0
sprsound2022::41227367_6.9_1_p4_2597__event_000,sprsound2022,sprsound2022::41227367,calibration,False,0,normal,1.524,0,0.9999057,9.4257186e-05,0
sprsound2022::41227367_6.9_1_p4_2597__event_001,sprsound2022,sprsound2022::41227367,calibration,False,0,normal,1.408,0,0.99982786,0.00017214016,0
sprsound2022::41227367_6.9_1_p4_2597__event_002,sprsound2022,sprsound2022::41227367,calibration,False,0,normal,1.221,0,0.9986828,0.0013171654,0
sprsound2022::41227367_6.9_1_p4_2597__event_003,sprsound2022,sprsound2022::41227367,calibration,False,0,normal,1.1130000000000004,0,0.9998667,0.00013331498,0
sprsound2022::41227367_6.9_1_p4_2597__event_004,sprsound2022,sprsound2022::41227367,calibration,False,0,normal,1.5060000000000002,0,0.99991643,8.3516425e-05,0
sprsound2022::41227367_6.9_1_p4_2597__event_005,sprsound2022,sprsound2022::41227367,calibration,False,0,normal,1.492,0,0.6074649,0.3925351,0
sprsound2022::41227367_6.9_1_p4_2620__event_000,sprsound2022,sprsound2022::41227367,calibration,False,0,normal,1.2090000000000003,0,0.99969053,0.00030946187,0
sprsound2022::41227367_6.9_1_p4_2620__event_001,sprsound2022,sprsound2022::41227367,calibration,False,0,normal,1.012,0,0.9967872,0.0032128494,0
sprsound2022::41227367_6.9_1_p4_2620__event_002,sprsound2022,sprsound2022::41227367,calibration,False,0,normal,1.0009999999999994,0,0.999767,0.0002330561,0
sprsound2022::41227367_6.9_1_p4_2620__event_003,sprsound2022,sprsound2022::41227367,calibration,False,0,normal,0.8900000000000006,0,0.9441678,0.055832192,0
sprsound2022::41227367_6.9_1_p4_2620__event_004,sprsound2022,sprsound2022::41227367,calibration,False,0,normal,1.268000000000001,0,0.99987626,0.00012377651,0
sprsound2022::41227367_6.9_1_p4_2620__event_005,sprsound2022,sprsound2022::41227367,calibration,False,0,normal,0.9349999999999988,0,0.8464381,0.15356192,0
sprsound2022::41227367_6.9_1_p4_2698__event_000,sprsound2022,sprsound2022::41227367,calibration,False,0,normal,1.5149999999999997,0,0.99963,0.00036995357,0
sprsound2022::41227367_6.9_1_p4_2698__event_001,sprsound2022,sprsound2022::41227367,calibration,False,0,normal,2.0389999999999997,0,0.9999573,4.2638643e-05,0
sprsound2022::41227367_6.9_1_p4_2698__event_002,sprsound2022,sprsound2022::41227367,calibration,False,0,normal,2.1439999999999992,0,0.998422,0.001578012,0
sprsound2022::41227367_6.9_1_p4_2758__event_000,sprsound2022,sprsound2022::41227367,calibration,False,0,normal,1.02,0,0.968381,0.031619053,0
sprsound2022::41227367_6.9_1_p4_2758__event_001,sprsound2022,sprsound2022::41227367,calibration,False,0,normal,1.252000000000001,0,0.9971629,0.002837064,0
sprsound2022::41227367_6.9_1_p4_2758__event_002,sprsound2022,sprsound2022::41227367,calibration,False,0,normal,1.123000000000001,0,0.9990695,0.00093050004,0
sprsound2022::41227367_6.9_1_p4_2758__event_003,sprsound2022,sprsound2022::41227367,calibration,False,0,normal,3.186,0,0.9995577,0.00044233588,0
sprsound2022::41227367_6.9_1_p4_2758__event_004,sprsound2022,sprsound2022::41227367,calibration,False,0,normal,1.851,0,0.9992895,0.0007103998,0
sprsound2022::41261802_10.5_0_p1_221__event_000,sprsound2022,sprsound2022::41261802,calibration,False,1,wheeze,0.7380000000000004,1,0.00010047314,0.9998995,1
sprsound2022::41261802_10.5_0_p1_221__event_001,sprsound2022,sprsound2022::41261802,calibration,False,1,wheeze,1.6740000000000004,1,0.19575982,0.80424017,1
sprsound2022::41261802_10.5_0_p1_225__event_000,sprsound2022,sprsound2022::41261802,calibration,False,0,normal,2.417,0,0.9999449,5.501299e-05,0
sprsound2022::41261802_10.5_0_p1_225__event_001,sprsound2022,sprsound2022::41261802,calibration,False,0,normal,2.21,0,0.99985456,0.00014538088,0
sprsound2022::41261802_10.5_0_p1_225__event_002,sprsound2022,sprsound2022::41261802,calibration,False,0,normal,3.689000000000001,0,0.9998474,0.00015261605,0
sprsound2022::41261802_10.5_0_p2_222__event_000,sprsound2022,sprsound2022::41261802,calibration,False,1,wheeze,1.35,1,0.00021128557,0.9997887,1
sprsound2022::41261802_10.5_0_p2_222__event_001,sprsound2022,sprsound2022::41261802,calibration,False,1,wheeze,1.8199999999999992,1,0.011161569,0.98883843,1
sprsound2022::41261802_10.5_0_p2_226__event_000,sprsound2022,sprsound2022::41261802,calibration,False,0,normal,2.319000000000001,0,0.99996555,3.4450084e-05,0
sprsound2022::41261802_10.5_0_p2_226__event_001,sprsound2022,sprsound2022::41261802,calibration,False,0,normal,2.308,0,0.9976578,0.0023422677,0
sprsound2022::41261802_10.5_0_p2_226__event_002,sprsound2022,sprsound2022::41261802,calibration,False,0,normal,3.0249999999999995,0,0.9999138,8.6173044e-05,0
sprsound2022::41261802_10.5_0_p2_226__event_003,sprsound2022,sprsound2022::41261802,calibration,False,0,normal,2.912000000000001,0,0.964851,0.035149004,0
sprsound2022::41261802_10.5_0_p3_227__event_000,sprsound2022,sprsound2022::41261802,calibration,False,0,normal,1.3980000000000006,0,0.9995666,0.00043332693,0
sprsound2022::41261802_10.5_0_p3_227__event_001,sprsound2022,sprsound2022::41261802,calibration,False,0,normal,1.258000000000001,0,0.99987924,0.00012074241,0
sprsound2022::41261802_10.5_0_p3_227__event_002,sprsound2022,sprsound2022::41261802,calibration,False,0,normal,1.4299999999999995,0,0.99984705,0.00015293127,0
sprsound2022::41261802_10.5_0_p3_227__event_003,sprsound2022,sprsound2022::41261802,calibration,False,0,normal,1.601,0,0.965506,0.03449391,0
sprsound2022::41262295_4.1_0_p1_1017__event_000,sprsound2022,sprsound2022::41262295,calibration,False,0,normal,1.6339999999999986,0,0.6239118,0.37608823,0
sprsound2022::41262295_4.1_0_p1_1017__event_001,sprsound2022,sprsound2022::41262295,calibration,False,0,normal,0.8879999999999999,0,0.99963856,0.00036139225,0
sprsound2022::41262295_4.1_0_p1_1017__event_002,sprsound2022,sprsound2022::41262295,calibration,False,0,normal,2.274000000000001,0,0.9999659,3.4141016e-05,0
sprsound2022::41262295_4.1_0_p1_1017__event_003,sprsound2022,sprsound2022::41262295,calibration,False,0,normal,2.1579999999999995,0,0.9997501,0.00024988735,0
sprsound2022::41262295_4.1_0_p2_1018__event_000,sprsound2022,sprsound2022::41262295,calibration,False,0,normal,1.572,0,0.99214363,0.007856373,0
sprsound2022::41262295_4.1_0_p2_1018__event_001,sprsound2022,sprsound2022::41262295,calibration,False,0,normal,1.822,0,0.9993149,0.00068510213,0
sprsound2022::41262295_4.1_0_p2_1018__event_002,sprsound2022,sprsound2022::41262295,calibration,False,0,normal,1.561,0,0.99979764,0.00020242897,0
sprsound2022::41262295_4.1_0_p2_1018__event_003,sprsound2022,sprsound2022::41262295,calibration,False,0,normal,1.5809999999999995,0,0.99981517,0.00018480307,0
sprsound2022::41262295_4.1_0_p2_1018__event_004,sprsound2022,sprsound2022::41262295,calibration,False,0,normal,2.173,0,0.99997866,2.1337524e-05,0
sprsound2022::41262295_4.1_0_p3_1019__event_000,sprsound2022,sprsound2022::41262295,calibration,False,0,normal,1.99,0,0.9999653,3.4642646e-05,0
sprsound2022::41262295_4.1_0_p3_1019__event_001,sprsound2022,sprsound2022::41262295,calibration,False,0,normal,1.5010000000000003,0,0.99974436,0.00025559767,0
sprsound2022::41262295_4.1_0_p3_1019__event_002,sprsound2022,sprsound2022::41262295,calibration,False,0,normal,1.3629999999999995,0,0.8347659,0.1652341,0
sprsound2022::41262295_4.1_0_p3_1019__event_003,sprsound2022,sprsound2022::41262295,calibration,False,0,normal,0.5579999999999998,0,0.99864703,0.0013530254,0
sprsound2022::41262295_4.1_0_p4_1020__event_000,sprsound2022,sprsound2022::41262295,calibration,False,0,normal,1.7409999999999997,0,0.9999609,3.9150775e-05,0
sprsound2022::41262295_4.1_0_p4_1020__event_001,sprsound2022,sprsound2022::41262295,calibration,False,0,normal,1.7339999999999995,0,0.9999608,3.921964e-05,0
sprsound2022::41262295_4.1_0_p4_1020__event_002,sprsound2022,sprsound2022::41262295,calibration,False,0,normal,1.535,0,0.99985886,0.00014110195,0
sprsound2022::41262295_4.1_0_p4_1020__event_003,sprsound2022,sprsound2022::41262295,calibration,False,0,normal,1.831999999999999,0,0.99997306,2.6888407e-05,0
sprsound2022::41262295_4.1_0_p4_1020__event_004,sprsound2022,sprsound2022::41262295,calibration,False,0,normal,1.5140000000000011,0,0.999567,0.0004330627,0
sprsound2022::41262295_4.1_0_p4_1020__event_005,sprsound2022,sprsound2022::41262295,calibration,False,0,normal,1.423,0,0.9999502,4.984323e-05,0
sprsound2022::41262295_4.1_0_p4_1020__event_006,sprsound2022,sprsound2022::41262295,calibration,False,0,normal,1.354000000000001,0,0.99983966,0.00016034862,0
sprsound2022::41262295_4.1_0_p4_1020__event_007,sprsound2022,sprsound2022::41262295,calibration,False,0,normal,1.1399999999999988,0,0.9998523,0.00014772067,0
sprsound2022::41263406_5.2_1_p1_1113__event_000,sprsound2022,sprsound2022::41263406,calibration,False,0,normal,1.4960000000000004,0,0.99976116,0.00023878679,0
sprsound2022::41263406_5.2_1_p1_1113__event_001,sprsound2022,sprsound2022::41263406,calibration,False,0,normal,1.6310000000000002,0,0.9998838,0.0001161774,0
sprsound2022::41263406_5.2_1_p1_1113__event_002,sprsound2022,sprsound2022::41263406,calibration,False,0,normal,1.2559999999999985,0,0.9997949,0.00020510095,0
sprsound2022::41263406_5.2_1_p1_1113__event_003,sprsound2022,sprsound2022::41263406,calibration,False,0,normal,1.503,0,0.9997423,0.000257707,0
sprsound2022::41263406_5.2_1_p1_1113__event_004,sprsound2022,sprsound2022::41263406,calibration,False,0,normal,1.447,0,0.99969256,0.0003074718,0
sprsound2022::41263406_5.2_1_p1_1113__event_005,sprsound2022,sprsound2022::41263406,calibration,False,0,normal,1.2409999999999997,0,0.9997782,0.00022174067,0
sprsound2022::41263406_5.2_1_p1_1113__event_006,sprsound2022,sprsound2022::41263406,calibration,False,0,normal,0.5100000000000007,0,0.9893639,0.0106360195,0
sprsound2022::41263406_5.2_1_p2_1114__event_000,sprsound2022,sprsound2022::41263406,calibration,False,0,normal,1.254,0,0.99992454,7.540775e-05,0
sprsound2022::41263406_5.2_1_p2_1114__event_001,sprsound2022,sprsound2022::41263406,calibration,False,0,normal,1.2270000000000003,0,0.9978594,0.0021406373,0
sprsound2022::41263406_5.2_1_p2_1114__event_002,sprsound2022,sprsound2022::41263406,calibration,False,0,normal,1.3230000000000004,0,0.99981314,0.00018689944,0
sprsound2022::41263406_5.2_1_p2_1114__event_003,sprsound2022,sprsound2022::41263406,calibration,False,0,normal,1.1920000000000002,0,0.99718755,0.0028124526,0
sprsound2022::41263406_5.2_1_p2_1114__event_004,sprsound2022,sprsound2022::41263406,calibration,False,0,normal,1.059000000000001,0,0.99366164,0.0063383332,0
sprsound2022::41263406_5.2_1_p2_1118__event_000,sprsound2022,sprsound2022::41263406,calibration,False,0,normal,0.8210000000000001,0,0.9898447,0.010155345,0
sprsound2022::41263406_5.2_1_p2_1118__event_001,sprsound2022,sprsound2022::41263406,calibration,False,0,normal,0.918,0,0.9975916,0.0024083871,0
sprsound2022::41263406_5.2_1_p2_1118__event_002,sprsound2022,sprsound2022::41263406,calibration,False,0,normal,0.859,0,0.9975871,0.00241292,0
sprsound2022::41263406_5.2_1_p2_1118__event_003,sprsound2022,sprsound2022::41263406,calibration,False,0,normal,0.6810000000000009,0,0.98327696,0.01672304,0
sprsound2022::41263406_5.2_1_p2_1118__event_004,sprsound2022,sprsound2022::41263406,calibration,False,0,normal,0.6000000000000014,0,0.89115566,0.10884432,0
sprsound2022::41263406_5.2_1_p2_1118__event_005,sprsound2022,sprsound2022::41263406,calibration,False,0,normal,0.8200000000000003,0,0.9903392,0.009660787,0
sprsound2022::41263406_5.2_1_p4_1116__event_000,sprsound2022,sprsound2022::41263406,calibration,False,0,normal,1.466,0,0.99992204,7.795953e-05,0
sprsound2022::41263406_5.2_1_p4_1116__event_001,sprsound2022,sprsound2022::41263406,calibration,False,0,normal,1.303,0,0.9999095,9.046887e-05,0
sprsound2022::41263406_5.2_1_p4_1116__event_002,sprsound2022,sprsound2022::41263406,calibration,False,0,normal,1.6100000000000003,0,0.9999515,4.852125e-05,0
sprsound2022::41263406_5.2_1_p4_1116__event_003,sprsound2022,sprsound2022::41263406,calibration,False,0,normal,1.6180000000000003,0,0.9999751,2.4897803e-05,0
sprsound2022::41263406_5.2_1_p4_1116__event_004,sprsound2022,sprsound2022::41263406,calibration,False,0,normal,1.5670000000000002,0,0.96341646,0.036583517,0
sprsound2022::41263406_5.2_1_p4_1116__event_005,sprsound2022,sprsound2022::41263406,calibration,False,0,normal,1.5410000000000004,0,0.990987,0.009013016,0
sprsound2022::41263406_5.2_1_p4_1116__event_006,sprsound2022,sprsound2022::41263406,calibration,False,0,normal,1.402000000000001,0,0.99151176,0.008488286,0
sprsound2022::41263406_5.2_1_p4_1116__event_007,sprsound2022,sprsound2022::41263406,calibration,False,0,normal,1.1769999999999996,0,0.997928,0.00207191,0
sprsound2022::41263406_5.2_1_p4_1120__event_000,sprsound2022,sprsound2022::41263406,calibration,False,0,normal,1.25,0,0.99964225,0.00035776722,0
sprsound2022::41263406_5.2_1_p4_1120__event_001,sprsound2022,sprsound2022::41263406,calibration,False,0,normal,0.9370000000000004,0,0.99671894,0.003281102,0
sprsound2022::41263406_5.2_1_p4_1120__event_002,sprsound2022,sprsound2022::41263406,calibration,False,0,normal,1.245,0,0.9992156,0.0007843333,0
sprsound2022::41263406_5.2_1_p4_1120__event_003,sprsound2022,sprsound2022::41263406,calibration,False,0,normal,1.3339999999999996,0,0.9997961,0.00020389886,0
sprsound2022::41263406_5.2_1_p4_1120__event_004,sprsound2022,sprsound2022::41263406,calibration,False,0,normal,1.279,0,0.9998312,0.0001687879,0
sprsound2022::41263406_5.2_1_p4_1120__event_005,sprsound2022,sprsound2022::41263406,calibration,False,0,normal,2.2379999999999995,0,0.9999472,5.278525e-05,0
sprsound2022::41263490_8.0_1_p4_896__event_000,sprsound2022,sprsound2022::41263490,calibration,False,0,normal,1.4420000000000002,0,0.9999064,9.352223e-05,0
sprsound2022::41263490_8.0_1_p4_896__event_001,sprsound2022,sprsound2022::41263490,calibration,False,0,normal,2.5040000000000013,0,0.9999589,4.1133164e-05,0
sprsound2022::41263490_8.0_1_p4_896__event_002,sprsound2022,sprsound2022::41263490,calibration,False,0,normal,2.1169999999999995,0,0.9999144,8.56369e-05,0
sprsound2022::41267028_0.2_0_p1_2439__event_000,sprsound2022,sprsound2022::41267028,calibration,False,1,stridor,0.7700000000000005,1,0.00036244356,0.9996376,1
sprsound2022::41267028_0.2_0_p1_2439__event_001,sprsound2022,sprsound2022::41267028,calibration,False,1,stridor,1.0359999999999996,1,0.03396618,0.9660338,1
sprsound2022::41267028_0.2_0_p1_2439__event_002,sprsound2022,sprsound2022::41267028,calibration,False,1,stridor,0.9190000000000004,1,0.00029990697,0.99970007,1
sprsound2022::41267028_0.2_0_p1_2439__event_003,sprsound2022,sprsound2022::41267028,calibration,False,1,stridor,0.9329999999999998,1,0.0019481446,0.9980519,1
sprsound2022::41267028_0.2_0_p1_2439__event_004,sprsound2022,sprsound2022::41267028,calibration,False,1,stridor,0.8849999999999998,1,0.0006723907,0.99932766,1
sprsound2022::41267028_0.2_0_p1_2439__event_005,sprsound2022,sprsound2022::41267028,calibration,False,1,stridor,0.613999999999999,1,0.0010575127,0.99894255,1
sprsound2022::41267028_0.2_0_p1_2439__event_006,sprsound2022,sprsound2022::41267028,calibration,False,1,stridor,0.904,1,0.041634478,0.95836556,1
sprsound2022::41267028_0.2_0_p2_2452__event_000,sprsound2022,sprsound2022::41267028,calibration,False,1,stridor,1.173,1,0.001953676,0.9980463,1
sprsound2022::41267028_0.2_0_p2_2452__event_001,sprsound2022,sprsound2022::41267028,calibration,False,1,stridor,1.177,1,0.00029199856,0.999708,1
sprsound2022::41267028_0.2_0_p2_2452__event_002,sprsound2022,sprsound2022::41267028,calibration,False,1,stridor,1.1759999999999993,1,0.0002624907,0.99973744,1
sprsound2022::41267028_0.2_0_p3_2476__event_000,sprsound2022,sprsound2022::41267028,calibration,False,1,stridor,1.1870000000000005,1,0.0036436007,0.99635637,1
sprsound2022::41267028_0.2_0_p3_2476__event_001,sprsound2022,sprsound2022::41267028,calibration,False,1,stridor,1.096,1,0.0017868971,0.9982132,1
sprsound2022::41267028_0.2_0_p3_2476__event_002,sprsound2022,sprsound2022::41267028,calibration,False,1,stridor,1.1159999999999997,1,0.0010180988,0.9989819,1
sprsound2022::41267028_0.2_0_p3_2476__event_003,sprsound2022,sprsound2022::41267028,calibration,False,1,stridor,0.434000000000001,1,0.0023498368,0.9976502,1
sprsound2022::41267028_0.2_0_p3_2476__event_004,sprsound2022,sprsound2022::41267028,calibration,False,1,fine_crackle,1.2420000000000009,1,0.0015699309,0.9984301,1
sprsound2022::41267028_0.3_0_p1_2225__event_000,sprsound2022,sprsound2022::41267028,calibration,False,1,wheeze,0.4269999999999996,1,0.00016903366,0.99983096,1
sprsound2022::41267028_0.3_0_p1_2225__event_001,sprsound2022,sprsound2022::41267028,calibration,False,1,wheeze,0.451,1,0.0015018878,0.9984981,1
sprsound2022::41267028_0.3_0_p1_2225__event_002,sprsound2022,sprsound2022::41267028,calibration,False,1,wheeze,0.3700000000000001,1,0.017317839,0.9826821,1
sprsound2022::41267028_0.3_0_p1_2225__event_003,sprsound2022,sprsound2022::41267028,calibration,False,1,fine_crackle,0.3729999999999993,1,0.0013179973,0.99868196,1
sprsound2022::41267028_0.3_0_p1_2225__event_004,sprsound2022,sprsound2022::41267028,calibration,False,1,wheeze,0.6789999999999994,1,0.0004681911,0.99953187,1
sprsound2022::41267028_0.3_0_p1_2225__event_005,sprsound2022,sprsound2022::41267028,calibration,False,1,wheeze,0.4370000000000003,1,0.0029215587,0.9970784,1
sprsound2022::41267028_0.3_0_p1_2225__event_006,sprsound2022,sprsound2022::41267028,calibration,False,1,fine_crackle,0.4429999999999987,1,0.0017157764,0.99828416,1
sprsound2022::41267028_0.3_0_p1_2225__event_007,sprsound2022,sprsound2022::41267028,calibration,False,1,wheeze,0.4900000000000002,1,0.0027440067,0.997256,1
sprsound2022::41267028_0.3_0_p1_2284__event_000,sprsound2022,sprsound2022::41267028,calibration,False,1,wheeze,0.2769999999999999,1,0.00077273854,0.9992273,1
sprsound2022::41267028_0.3_0_p1_2284__event_001,sprsound2022,sprsound2022::41267028,calibration,False,1,fine_crackle,0.394,1,0.007071421,0.99292856,1
sprsound2022::41267028_0.3_0_p1_2284__event_002,sprsound2022,sprsound2022::41267028,calibration,False,1,wheeze,0.4100000000000001,1,0.003072623,0.99692744,1
sprsound2022::41267028_0.3_0_p1_2284__event_003,sprsound2022,sprsound2022::41267028,calibration,False,1,wheeze,0.4209999999999998,1,0.0031426824,0.9968573,1
sprsound2022::41267028_0.3_0_p1_2284__event_004,sprsound2022,sprsound2022::41267028,calibration,False,1,fine_crackle,0.3610000000000006,1,0.007779116,0.9922208,1
sprsound2022::41267028_0.3_0_p1_2284__event_005,sprsound2022,sprsound2022::41267028,calibration,False,1,fine_crackle,0.447,1,0.72128683,0.27871314,0
sprsound2022::41267028_0.3_0_p1_2284__event_006,sprsound2022,sprsound2022::41267028,calibration,False,1,wheeze,0.3550000000000004,1,0.013005425,0.98699456,1
sprsound2022::41267028_0.3_0_p1_2284__event_007,sprsound2022,sprsound2022::41267028,calibration,False,1,fine_crackle,0.3849999999999998,1,0.006584355,0.9934156,1
sprsound2022::41267028_0.3_0_p1_2284__event_008,sprsound2022,sprsound2022::41267028,calibration,False,1,wheeze,0.4380000000000006,1,0.0023613756,0.9976386,1
sprsound2022::41267028_0.3_0_p1_2284__event_009,sprsound2022,sprsound2022::41267028,calibration,False,1,fine_crackle,0.5389999999999997,1,0.03000278,0.9699972,1
sprsound2022::41267028_0.3_0_p1_2284__event_010,sprsound2022,sprsound2022::41267028,calibration,False,1,wheeze,0.447,1,0.00056151167,0.99943846,1
sprsound2022::41267028_0.3_0_p1_2427__event_000,sprsound2022,sprsound2022::41267028,calibration,False,1,wheeze,0.3490000000000002,1,0.0033856297,0.9966144,1
sprsound2022::41267028_0.3_0_p1_2427__event_001,sprsound2022,sprsound2022::41267028,calibration,False,1,wheeze,0.4279999999999999,1,0.0017430502,0.998257,1
sprsound2022::41267028_0.3_0_p1_2427__event_002,sprsound2022,sprsound2022::41267028,calibration,False,1,fine_crackle,0.585,1,0.0043334523,0.9956665,1
sprsound2022::41267028_0.3_0_p1_2427__event_003,sprsound2022,sprsound2022::41267028,calibration,False,1,fine_crackle,0.532,1,0.57350194,0.4264981,0
sprsound2022::41267028_0.3_0_p1_2427__event_004,sprsound2022,sprsound2022::41267028,calibration,False,1,fine_crackle,0.6440000000000001,1,0.0014609403,0.9985391,1
sprsound2022::41267028_0.3_0_p2_2211__event_000,sprsound2022,sprsound2022::41267028,calibration,False,1,wheeze,0.6150000000000002,1,0.0008430539,0.99915695,1
sprsound2022::41267028_0.3_0_p2_2211__event_001,sprsound2022,sprsound2022::41267028,calibration,False,1,wheeze,0.565,1,0.0009933697,0.9990067,1
sprsound2022::41267028_0.3_0_p2_2211__event_002,sprsound2022,sprsound2022::41267028,calibration,False,1,fine_crackle,0.4039999999999999,1,0.0042023575,0.99579763,1
sprsound2022::41267028_0.3_0_p2_2211__event_003,sprsound2022,sprsound2022::41267028,calibration,False,1,wheeze,0.6579999999999995,1,0.0011608416,0.9988392,1
sprsound2022::41267028_0.3_0_p2_2211__event_004,sprsound2022,sprsound2022::41267028,calibration,False,1,fine_crackle,0.5529999999999999,1,0.0030015963,0.9969984,1
sprsound2022::41267028_0.3_0_p2_2211__event_005,sprsound2022,sprsound2022::41267028,calibration,False,1,wheeze,0.6550000000000002,1,0.0001695208,0.9998305,1
sprsound2022::41267028_0.3_0_p2_2211__event_006,sprsound2022,sprsound2022::41267028,calibration,False,1,fine_crackle,0.6999999999999993,1,0.0043539344,0.99564606,1
sprsound2022::41267028_0.3_0_p2_2211__event_007,sprsound2022,sprsound2022::41267028,calibration,False,1,wheeze,0.6109999999999998,1,0.00013195538,0.99986804,1
sprsound2022::41267028_0.3_0_p2_2211__event_008,sprsound2022,sprsound2022::41267028,calibration,False,1,fine_crackle,0.455,1,0.009614841,0.9903852,1
sprsound2022::41267028_0.3_0_p2_2211__event_009,sprsound2022,sprsound2022::41267028,calibration,False,1,wheeze,0.3390000000000004,1,0.0004357932,0.99956423,1
sprsound2022::41267028_0.3_0_p2_2211__event_010,sprsound2022,sprsound2022::41267028,calibration,False,1,wheeze,0.4279999999999999,1,0.023348348,0.9766517,1
sprsound2022::41267028_0.3_0_p2_2269__event_000,sprsound2022,sprsound2022::41267028,calibration,False,1,wheeze,0.6100000000000001,1,0.001028887,0.9989711,1
sprsound2022::41267028_0.3_0_p2_2269__event_001,sprsound2022,sprsound2022::41267028,calibration,False,1,wheeze,0.5050000000000001,1,0.00067951647,0.9993205,1
sprsound2022::41267028_0.3_0_p2_2269__event_002,sprsound2022,sprsound2022::41267028,calibration,False,1,wheeze,0.5259999999999998,1,0.0012076538,0.9987923,1
sprsound2022::41267028_0.3_0_p2_2269__event_003,sprsound2022,sprsound2022::41267028,calibration,False,1,wheeze,0.4089999999999998,1,0.00045508833,0.9995449,1
sprsound2022::41267028_0.3_0_p2_2269__event_004,sprsound2022,sprsound2022::41267028,calibration,False,1,wheeze,0.532,1,0.00073638995,0.9992636,1
sprsound2022::41267028_0.3_0_p2_2269__event_005,sprsound2022,sprsound2022::41267028,calibration,False,1,wheeze,0.5939999999999994,1,0.0008489059,0.9991511,1
sprsound2022::41267028_0.3_0_p2_2269__event_006,sprsound2022,sprsound2022::41267028,calibration,False,1,wheeze,0.8039999999999994,1,0.00090331177,0.99909675,1
sprsound2022::41267028_0.3_0_p2_2269__event_007,sprsound2022,sprsound2022::41267028,calibration,False,1,fine_crackle,0.4950000000000001,1,0.08132567,0.9186743,1
sprsound2022::41267028_0.3_0_p2_2269__event_008,sprsound2022,sprsound2022::41267028,calibration,False,1,fine_crackle,0.4500000000000002,1,0.02137109,0.9786289,1
sprsound2022::41267028_0.3_0_p2_2269__event_009,sprsound2022,sprsound2022::41267028,calibration,False,1,fine_crackle,0.5879999999999996,1,0.2844247,0.71557534,1
sprsound2022::41267028_0.3_0_p2_2269__event_010,sprsound2022,sprsound2022::41267028,calibration,False,1,fine_crackle,0.4750000000000005,1,0.025661746,0.97433823,1
sprsound2022::41267028_0.3_0_p2_2269__event_011,sprsound2022,sprsound2022::41267028,calibration,False,1,fine_crackle,0.4210000000000002,1,0.058537696,0.9414623,1
sprsound2022::41267028_0.3_0_p2_2269__event_012,sprsound2022,sprsound2022::41267028,calibration,False,1,fine_crackle,0.4590000000000005,1,0.12050664,0.8794934,1
sprsound2022::41267028_0.3_0_p2_2402__event_000,sprsound2022,sprsound2022::41267028,calibration,False,1,fine_crackle,0.7970000000000002,1,0.015446284,0.9845537,1
sprsound2022::41267028_0.3_0_p2_2402__event_001,sprsound2022,sprsound2022::41267028,calibration,False,1,fine_crackle,0.8609999999999998,1,0.02771682,0.9722831,1
sprsound2022::41267028_0.3_0_p2_2402__event_002,sprsound2022,sprsound2022::41267028,calibration,False,1,fine_crackle,0.4400000000000004,1,0.01684035,0.9831596,1
sprsound2022::41267028_0.3_0_p2_2402__event_003,sprsound2022,sprsound2022::41267028,calibration,False,1,fine_crackle,0.6970000000000001,1,0.008145055,0.9918549,1
sprsound2022::41267028_0.3_0_p2_2402__event_004,sprsound2022,sprsound2022::41267028,calibration,False,1,fine_crackle,0.4670000000000005,1,0.020051386,0.9799486,1
sprsound2022::41267028_0.3_0_p2_2642__event_000,sprsound2022,sprsound2022::41267028,calibration,False,1,fine_crackle,0.5439999999999996,1,0.0041059363,0.9958941,1
sprsound2022::41267028_0.3_0_p2_2642__event_001,sprsound2022,sprsound2022::41267028,calibration,False,1,fine_crackle,0.5419999999999998,1,0.0019179073,0.99808216,1
sprsound2022::41267028_0.3_0_p2_2642__event_002,sprsound2022,sprsound2022::41267028,calibration,False,1,fine_crackle,0.5380000000000003,1,0.0040654587,0.9959345,1
sprsound2022::41267028_0.3_0_p2_2642__event_003,sprsound2022,sprsound2022::41267028,calibration,False,1,fine_crackle,0.7309999999999999,1,0.0062275873,0.99377245,1
sprsound2022::41267028_0.3_0_p2_2642__event_004,sprsound2022,sprsound2022::41267028,calibration,False,1,fine_crackle,0.6769999999999996,1,0.0015176475,0.9984824,1
sprsound2022::41267028_0.3_0_p2_2642__event_005,sprsound2022,sprsound2022::41267028,calibration,False,1,fine_crackle,0.7240000000000002,1,0.0010839765,0.99891603,1
sprsound2022::41267028_0.3_0_p2_2642__event_006,sprsound2022,sprsound2022::41267028,calibration,False,1,fine_crackle,0.6769999999999996,1,0.00035641532,0.99964356,1
sprsound2022::41267028_0.3_0_p2_2642__event_007,sprsound2022,sprsound2022::41267028,calibration,False,1,fine_crackle,0.7469999999999999,1,0.0016431598,0.99835676,1
sprsound2022::41267028_0.3_0_p2_2642__event_008,sprsound2022,sprsound2022::41267028,calibration,False,1,fine_crackle,0.9619999999999996,1,0.0020881968,0.99791175,1
sprsound2022::41267028_0.3_0_p2_2642__event_009,sprsound2022,sprsound2022::41267028,calibration,False,1,fine_crackle,0.9640000000000002,1,0.0066160443,0.99338394,1
sprsound2022::41267028_0.3_0_p2_2642__event_010,sprsound2022,sprsound2022::41267028,calibration,False,1,fine_crackle,0.7469999999999999,1,0.0008809105,0.9991191,1
sprsound2022::41267028_0.3_0_p2_2706__event_000,sprsound2022,sprsound2022::41267028,calibration,False,1,fine_crackle,0.6950000000000003,1,0.0011835251,0.9988165,1
sprsound2022::41267028_0.3_0_p2_2706__event_001,sprsound2022,sprsound2022::41267028,calibration,False,1,fine_crackle,0.984,1,0.0007558313,0.9992442,1
sprsound2022::41267028_0.3_0_p2_2706__event_002,sprsound2022,sprsound2022::41267028,calibration,False,1,fine_crackle,0.6839999999999993,1,0.0019374599,0.99806255,1
sprsound2022::41267028_0.3_0_p2_2706__event_003,sprsound2022,sprsound2022::41267028,calibration,False,1,fine_crackle,0.956999999999999,1,0.0025542318,0.9974458,1
sprsound2022::41267028_0.3_0_p2_2706__event_004,sprsound2022,sprsound2022::41267028,calibration,False,1,fine_crackle,0.6160000000000001,1,0.0034477285,0.9965522,1
sprsound2022::41267028_0.3_0_p2_2706__event_005,sprsound2022,sprsound2022::41267028,calibration,False,1,fine_crackle,0.6440000000000006,1,0.0011897989,0.9988102,1
sprsound2022::41267028_0.3_0_p2_2706__event_006,sprsound2022,sprsound2022::41267028,calibration,False,1,fine_crackle,0.7229999999999999,1,0.0006902724,0.9993098,1
sprsound2022::41267028_0.3_0_p2_2706__event_007,sprsound2022,sprsound2022::41267028,calibration,False,1,fine_crackle,0.6559999999999997,1,0.00043175498,0.9995683,1
sprsound2022::41267028_0.3_0_p2_2706__event_008,sprsound2022,sprsound2022::41267028,calibration,False,1,fine_crackle,0.7969999999999997,1,0.0014901487,0.9985098,1
sprsound2022::41267028_0.3_0_p2_2706__event_009,sprsound2022,sprsound2022::41267028,calibration,False,0,normal,0.853,0,0.9957944,0.004205563,0
sprsound2022::41267028_0.3_0_p3_2239__event_000,sprsound2022,sprsound2022::41267028,calibration,False,1,wheeze,0.4969999999999999,1,0.0010028358,0.99899715,1
sprsound2022::41267028_0.3_0_p3_2239__event_001,sprsound2022,sprsound2022::41267028,calibration,False,1,wheeze,0.516,1,0.0008610672,0.99913895,1
sprsound2022::41267028_0.3_0_p3_2239__event_002,sprsound2022,sprsound2022::41267028,calibration,False,1,wheeze,0.4329999999999998,1,0.0008243907,0.9991756,1
sprsound2022::41267028_0.3_0_p3_2239__event_003,sprsound2022,sprsound2022::41267028,calibration,False,1,wheeze,0.4859999999999989,1,0.0002713812,0.9997286,1
sprsound2022::41267028_0.3_0_p3_2239__event_004,sprsound2022,sprsound2022::41267028,calibration,False,1,wheeze,0.4900000000000002,1,0.0008828398,0.9991172,1
sprsound2022::41267028_0.3_0_p3_2239__event_005,sprsound2022,sprsound2022::41267028,calibration,False,1,wheeze,0.5979999999999999,1,0.0005547355,0.99944526,1
sprsound2022::41267028_0.3_0_p3_2239__event_006,sprsound2022,sprsound2022::41267028,calibration,False,1,wheeze,0.508,1,0.0004338351,0.99956614,1
sprsound2022::41267028_0.3_0_p3_2239__event_007,sprsound2022,sprsound2022::41267028,calibration,False,1,fine_crackle,0.5880000000000001,1,0.005724534,0.9942755,1
sprsound2022::41267028_0.3_0_p3_2239__event_008,sprsound2022,sprsound2022::41267028,calibration,False,1,fine_crackle,0.5230000000000001,1,0.00398848,0.9960115,1
sprsound2022::41267028_0.3_0_p3_2239__event_009,sprsound2022,sprsound2022::41267028,calibration,False,1,fine_crackle,0.5099999999999998,1,0.0038204803,0.9961796,1
sprsound2022::41267028_0.3_0_p3_2239__event_010,sprsound2022,sprsound2022::41267028,calibration,False,1,fine_crackle,0.5369999999999999,1,0.0068960353,0.9931039,1
sprsound2022::41267028_0.3_0_p3_2239__event_011,sprsound2022,sprsound2022::41267028,calibration,False,1,fine_crackle,0.4559999999999995,1,0.0017285296,0.99827147,1
sprsound2022::41267028_0.3_0_p3_2239__event_012,sprsound2022,sprsound2022::41267028,calibration,False,1,fine_crackle,0.4459999999999997,1,0.0021642533,0.9978358,1
sprsound2022::41267028_0.3_0_p3_2239__event_013,sprsound2022,sprsound2022::41267028,calibration,False,1,fine_crackle,0.8159999999999998,1,0.0020590366,0.99794096,1
sprsound2022::41267028_0.3_0_p3_2299__event_000,sprsound2022,sprsound2022::41267028,calibration,False,1,wheeze,0.513,1,0.009921803,0.9900782,1
sprsound2022::41267028_0.3_0_p3_2299__event_001,sprsound2022,sprsound2022::41267028,calibration,False,1,wheeze,0.472,1,0.0004882991,0.9995117,1
sprsound2022::41267028_0.3_0_p3_2299__event_002,sprsound2022,sprsound2022::41267028,calibration,False,1,fine_crackle,0.4089999999999999,1,0.0062461295,0.99375385,1
sprsound2022::41267028_0.3_0_p3_2299__event_003,sprsound2022,sprsound2022::41267028,calibration,False,1,fine_crackle,0.6950000000000003,1,0.007942832,0.99205714,1
sprsound2022::41267028_0.3_0_p3_2629__event_000,sprsound2022,sprsound2022::41267028,calibration,False,1,fine_crackle,0.6269999999999998,1,0.0005138007,0.9994862,1
sprsound2022::41267028_0.3_0_p3_2629__event_001,sprsound2022,sprsound2022::41267028,calibration,False,1,fine_crackle,0.9650000000000004,1,0.051293045,0.9487069,1
sprsound2022::41267028_0.3_0_p3_2629__event_002,sprsound2022,sprsound2022::41267028,calibration,False,1,fine_crackle,0.7479999999999993,1,0.0019210652,0.99807894,1
sprsound2022::41267028_0.3_0_p3_2629__event_003,sprsound2022,sprsound2022::41267028,calibration,False,1,fine_crackle,0.7750000000000004,1,0.0011539767,0.99884605,1
sprsound2022::41267028_0.3_0_p3_2629__event_004,sprsound2022,sprsound2022::41267028,calibration,False,1,fine_crackle,0.7970000000000006,1,0.00083120784,0.9991689,1
sprsound2022::41267028_0.3_0_p3_2718__event_000,sprsound2022,sprsound2022::41267028,calibration,False,1,fine_crackle,1.0990000000000002,1,0.001206685,0.99879324,1
sprsound2022::41267028_0.3_0_p3_2718__event_001,sprsound2022,sprsound2022::41267028,calibration,False,1,fine_crackle,0.9749999999999996,1,0.00022784705,0.99977213,1
sprsound2022::41267028_0.3_0_p3_2718__event_002,sprsound2022,sprsound2022::41267028,calibration,False,1,fine_crackle,0.9179999999999992,1,0.0005171741,0.99948275,1
sprsound2022::41267028_0.3_0_p3_2718__event_003,sprsound2022,sprsound2022::41267028,calibration,False,1,fine_crackle,0.9740000000000002,1,0.0010563819,0.9989436,1
sprsound2022::41267028_0.3_0_p3_2718__event_004,sprsound2022,sprsound2022::41267028,calibration,False,1,fine_crackle,0.8060000000000009,1,0.00040477194,0.9995952,1
sprsound2022::41267028_0.3_0_p3_2718__event_005,sprsound2022,sprsound2022::41267028,calibration,False,1,fine_crackle,0.9009999999999998,1,0.00028563853,0.9997143,1
sprsound2022::41267028_0.3_0_p3_2718__event_006,sprsound2022,sprsound2022::41267028,calibration,False,1,fine_crackle,0.8109999999999999,1,0.00021640123,0.9997836,1
sprsound2022::41267028_0.3_0_p3_2718__event_007,sprsound2022,sprsound2022::41267028,calibration,False,1,fine_crackle,0.79,1,0.0007013087,0.9992987,1
sprsound2022::41267028_0.3_0_p3_2718__event_008,sprsound2022,sprsound2022::41267028,calibration,False,1,fine_crackle,1.1109999999999998,1,0.00031526468,0.9996848,1
sprsound2022::41267028_0.3_0_p3_2718__event_009,sprsound2022,sprsound2022::41267028,calibration,False,1,fine_crackle,0.7640000000000002,1,0.0014013682,0.99859864,1
sprsound2022::41267028_0.3_0_p3_2718__event_010,sprsound2022,sprsound2022::41267028,calibration,False,1,fine_crackle,0.9170000000000004,1,0.0005126881,0.9994873,1
sprsound2022::41267028_0.3_0_p3_2718__event_011,sprsound2022,sprsound2022::41267028,calibration,False,1,fine_crackle,0.483,1,0.04380307,0.95619696,1
sprsound2022::41267028_0.3_0_p3_2718__event_012,sprsound2022,sprsound2022::41267028,calibration,False,1,fine_crackle,0.5910000000000011,1,0.0006660958,0.9993339,1
sprsound2022::41267028_0.3_0_p4_2254__event_000,sprsound2022,sprsound2022::41267028,calibration,False,1,wheeze,0.4430000000000005,1,0.0006564866,0.99934345,1
sprsound2022::41267028_0.3_0_p4_2254__event_001,sprsound2022,sprsound2022::41267028,calibration,False,1,wheeze,0.289,1,0.006400155,0.9935999,1
sprsound2022::41267028_0.3_0_p4_2314__event_000,sprsound2022,sprsound2022::41267028,calibration,False,1,wheeze,0.579,1,0.000572724,0.9994273,1
sprsound2022::41267028_0.3_0_p4_2389__event_000,sprsound2022,sprsound2022::41267028,calibration,False,1,fine_crackle,0.3510000000000008,1,0.08252727,0.9174727,1
sprsound2022::41267028_0.3_0_p4_2389__event_001,sprsound2022,sprsound2022::41267028,calibration,False,0,normal,0.4039999999999999,0,0.74068874,0.25931126,0
sprsound2022::41267028_0.3_0_p4_2655__event_000,sprsound2022,sprsound2022::41267028,calibration,False,1,fine_crackle,0.6970000000000001,1,0.0010595537,0.9989404,1
sprsound2022::41267028_0.3_0_p4_2655__event_001,sprsound2022,sprsound2022::41267028,calibration,False,1,fine_crackle,0.688,1,0.0014164918,0.99858356,1
sprsound2022::41267028_0.3_0_p4_2655__event_002,sprsound2022,sprsound2022::41267028,calibration,False,1,fine_crackle,0.6139999999999999,1,0.0011308349,0.9988691,1
sprsound2022::41267028_0.3_0_p4_2655__event_003,sprsound2022,sprsound2022::41267028,calibration,False,1,fine_crackle,0.6390000000000002,1,0.0006555102,0.9993445,1
sprsound2022::41267028_0.3_0_p4_2655__event_004,sprsound2022,sprsound2022::41267028,calibration,False,1,fine_crackle,0.7219999999999995,1,0.00090861786,0.9990914,1
sprsound2022::41267028_0.3_0_p4_2655__event_005,sprsound2022,sprsound2022::41267028,calibration,False,1,fine_crackle,0.6370000000000005,1,0.0005693419,0.9994306,1
sprsound2022::41267028_0.3_0_p4_2655__event_006,sprsound2022,sprsound2022::41267028,calibration,False,1,fine_crackle,0.7070000000000007,1,0.0015183607,0.9984817,1
sprsound2022::41267028_0.3_0_p4_2655__event_007,sprsound2022,sprsound2022::41267028,calibration,False,1,fine_crackle,0.7089999999999996,1,0.0014655971,0.99853444,1
sprsound2022::41267028_0.3_0_p4_2655__event_008,sprsound2022,sprsound2022::41267028,calibration,False,1,fine_crackle,0.7010000000000005,1,0.0013606171,0.9986394,1
sprsound2022::41267028_0.3_0_p4_2655__event_009,sprsound2022,sprsound2022::41267028,calibration,False,1,fine_crackle,0.5969999999999995,1,0.0055705826,0.99442947,1
sprsound2022::41267028_0.3_0_p4_2655__event_010,sprsound2022,sprsound2022::41267028,calibration,False,1,fine_crackle,0.7850000000000001,1,0.00055570266,0.9994443,1
sprsound2022::41267028_0.3_0_p4_2655__event_011,sprsound2022,sprsound2022::41267028,calibration,False,1,fine_crackle,0.7729999999999997,1,0.0010320977,0.9989679,1
sprsound2022::41271028_3.4_1_p1_1678__event_000,sprsound2022,sprsound2022::41271028,calibration,False,1,wheeze,0.6930000000000005,1,0.0029053409,0.99709463,1
sprsound2022::41271028_3.4_1_p1_1678__event_001,sprsound2022,sprsound2022::41271028,calibration,False,0,normal,1.999,0,0.98260707,0.017392885,0
sprsound2022::41271028_3.4_1_p1_1678__event_002,sprsound2022,sprsound2022::41271028,calibration,False,0,normal,1.825000000000001,0,0.9905275,0.009472466,0
sprsound2022::41271028_3.4_1_p2_1702__event_000,sprsound2022,sprsound2022::41271028,calibration,False,0,normal,1.1959999999999995,0,0.8668623,0.13313769,0
sprsound2022::41271028_3.4_1_p2_1702__event_001,sprsound2022,sprsound2022::41271028,calibration,False,0,normal,0.9110000000000004,0,0.9956993,0.004300703,0
sprsound2022::41271028_3.4_1_p3_1690__event_000,sprsound2022,sprsound2022::41271028,calibration,False,0,normal,1.6869999999999998,0,0.9980313,0.0019686504,0
sprsound2022::41271028_3.4_1_p3_1690__event_001,sprsound2022,sprsound2022::41271028,calibration,False,0,normal,1.374,0,0.9988815,0.0011184734,0
sprsound2022::41271028_3.4_1_p3_1690__event_002,sprsound2022,sprsound2022::41271028,calibration,False,0,normal,0.956999999999999,0,0.9987657,0.0012343512,0
sprsound2022::41271028_3.4_1_p4_1714__event_000,sprsound2022,sprsound2022::41271028,calibration,False,0,normal,1.181,0,0.97673416,0.02326584,0
sprsound2022::41271028_3.4_1_p4_1714__event_001,sprsound2022,sprsound2022::41271028,calibration,False,0,normal,1.0660000000000005,0,0.99887687,0.0011231396,0
sprsound2022::41271028_3.4_1_p4_1714__event_002,sprsound2022,sprsound2022::41271028,calibration,False,0,normal,1.0700000000000005,0,0.9994874,0.00051261275,0
sprsound2022::41271028_3.4_1_p4_1714__event_003,sprsound2022,sprsound2022::41271028,calibration,False,0,normal,1.2379999999999995,0,0.9997912,0.00020880383,0
sprsound2022::41271028_3.4_1_p4_1714__event_004,sprsound2022,sprsound2022::41271028,calibration,False,0,normal,0.8900000000000006,0,0.9913845,0.008615499,0
sprsound2022::41271028_3.4_1_p4_1714__event_005,sprsound2022,sprsound2022::41271028,calibration,False,1,coarse_crackle,1.1449999999999996,1,0.9120863,0.08791371,0
sprsound2022::41274453_4.3_1_p1_1390__event_000,sprsound2022,sprsound2022::41274453,calibration,False,1,rhonchi,0.54,1,0.041643925,0.95835614,1
sprsound2022::41274453_4.3_1_p1_1390__event_001,sprsound2022,sprsound2022::41274453,calibration,False,1,rhonchi,0.4930000000000003,1,0.0054814373,0.9945186,1
sprsound2022::41274453_4.3_1_p1_1390__event_002,sprsound2022,sprsound2022::41274453,calibration,False,1,rhonchi,0.5020000000000007,1,0.04373392,0.9562661,1
sprsound2022::41274453_4.3_1_p2_1366__event_000,sprsound2022,sprsound2022::41274453,calibration,False,1,wheeze,0.5619999999999998,1,0.0028742673,0.9971257,1
sprsound2022::41274453_4.3_1_p2_1366__event_001,sprsound2022,sprsound2022::41274453,calibration,False,0,normal,0.8169999999999993,0,0.9898107,0.010189318,0
sprsound2022::41274453_4.3_1_p2_1366__event_002,sprsound2022,sprsound2022::41274453,calibration,False,0,normal,0.8430000000000009,0,0.9995047,0.0004952724,0
sprsound2022::41274453_4.3_1_p2_1366__event_003,sprsound2022,sprsound2022::41274453,calibration,False,0,normal,0.9220000000000006,0,0.99884367,0.0011562487,0
sprsound2022::41274453_4.3_1_p2_1366__event_004,sprsound2022,sprsound2022::41274453,calibration,False,1,rhonchi,0.6970000000000001,1,0.0012475314,0.9987525,1
sprsound2022::41274453_4.3_1_p2_1430__event_000,sprsound2022,sprsound2022::41274453,calibration,False,0,normal,0.7639999999999999,0,0.9984295,0.0015704676,0
sprsound2022::41274453_4.3_1_p2_1430__event_001,sprsound2022,sprsound2022::41274453,calibration,False,0,normal,0.9369999999999994,0,0.9991079,0.00089211436,0
sprsound2022::41274453_4.3_1_p2_1430__event_002,sprsound2022,sprsound2022::41274453,calibration,False,0,normal,0.8460000000000001,0,0.9993375,0.00066246506,0
sprsound2022::41274453_4.3_1_p2_1430__event_003,sprsound2022,sprsound2022::41274453,calibration,False,0,normal,0.652000000000001,0,0.99569595,0.0043041003,0
sprsound2022::41274453_4.3_1_p3_1382__event_000,sprsound2022,sprsound2022::41274453,calibration,False,0,normal,1.3900000000000006,0,0.9995709,0.00042911727,0
sprsound2022::41274453_4.3_1_p3_1382__event_001,sprsound2022,sprsound2022::41274453,calibration,False,0,normal,1.0710000000000002,0,0.99977905,0.00022094758,0
sprsound2022::41274453_4.3_1_p3_1382__event_002,sprsound2022,sprsound2022::41274453,calibration,False,0,normal,0.902,0,0.99165654,0.008343465,0
sprsound2022::41274453_4.3_1_p3_1414__event_000,sprsound2022,sprsound2022::41274453,calibration,False,0,normal,0.945,0,0.999275,0.00072502025,0
sprsound2022::41274453_4.3_1_p3_1414__event_001,sprsound2022,sprsound2022::41274453,calibration,False,0,normal,0.7499999999999996,0,0.9991715,0.00082854327,0
sprsound2022::41274453_4.3_1_p3_1414__event_002,sprsound2022,sprsound2022::41274453,calibration,False,0,normal,0.8790000000000004,0,0.99961793,0.00038202503,0
sprsound2022::41274453_4.3_1_p4_1357__event_000,sprsound2022,sprsound2022::41274453,calibration,False,0,normal,1.189,0,0.9898976,0.010102348,0
sprsound2022::41274453_4.3_1_p4_1357__event_001,sprsound2022,sprsound2022::41274453,calibration,False,0,normal,1.064,0,0.9998369,0.00016307083,0
sprsound2022::41274453_4.3_1_p4_1357__event_002,sprsound2022,sprsound2022::41274453,calibration,False,0,normal,1.027,0,0.99403495,0.005965128,0
sprsound2022::41274453_4.3_1_p4_1357__event_003,sprsound2022,sprsound2022::41274453,calibration,False,1,rhonchi,0.4750000000000001,1,0.0054063844,0.99459356,1
sprsound2022::41274453_4.3_1_p4_1357__event_004,sprsound2022,sprsound2022::41274453,calibration,False,1,rhonchi,0.4100000000000001,1,0.053146105,0.94685394,1
sprsound2022::41274453_4.3_1_p4_1357__event_005,sprsound2022,sprsound2022::41274453,calibration,False,1,rhonchi,0.8389999999999995,1,0.004571586,0.99542844,1
sprsound2022::41274453_4.3_1_p4_1357__event_006,sprsound2022,sprsound2022::41274453,calibration,False,0,normal,0.823999999999999,0,0.99982125,0.00017882,0
sprsound2022::41274453_4.3_1_p4_1357__event_007,sprsound2022,sprsound2022::41274453,calibration,False,1,rhonchi,0.439,1,0.03921358,0.9607864,1
sprsound2022::41274453_4.3_1_p4_1398__event_000,sprsound2022,sprsound2022::41274453,calibration,False,1,rhonchi,0.4509999999999998,1,0.0019899362,0.9980101,1
sprsound2022::41274453_4.3_1_p4_1398__event_001,sprsound2022,sprsound2022::41274453,calibration,False,0,normal,1.0579999999999998,0,0.9990213,0.0009787566,0
sprsound2022::41274453_4.3_1_p4_1422__event_000,sprsound2022,sprsound2022::41274453,calibration,False,0,normal,1.3369999999999995,0,0.9993174,0.0006825973,0
sprsound2022::41274453_4.3_1_p4_1422__event_001,sprsound2022,sprsound2022::41274453,calibration,False,0,normal,0.955,0,0.998689,0.0013110358,0
sprsound2022::41274453_4.3_1_p4_1422__event_002,sprsound2022,sprsound2022::41274453,calibration,False,1,wheeze,0.5260000000000007,1,0.0037574517,0.9962425,1
sprsound2022::41274453_4.3_1_p4_1422__event_003,sprsound2022,sprsound2022::41274453,calibration,False,1,wheeze,0.4329999999999998,1,0.0011174431,0.9988826,1
sprsound2022::41275381_2.6_0_p2_2206__event_000,sprsound2022,sprsound2022::41275381,calibration,False,0,normal,0.4900000000000002,0,0.4574667,0.54253334,1
sprsound2022::41275381_2.6_0_p2_2206__event_001,sprsound2022,sprsound2022::41275381,calibration,False,0,normal,0.9740000000000002,0,0.64518476,0.35481524,0
sprsound2022::41275381_2.6_0_p2_2206__event_002,sprsound2022,sprsound2022::41275381,calibration,False,0,normal,1.987,0,0.9989465,0.0010535929,0
sprsound2022::41275381_2.6_0_p2_2279__event_000,sprsound2022,sprsound2022::41275381,calibration,False,0,normal,1.1500000000000004,0,0.99971634,0.00028369072,0
sprsound2022::41275381_2.6_0_p2_2279__event_001,sprsound2022,sprsound2022::41275381,calibration,False,0,normal,1.3650000000000002,0,0.9318253,0.068174705,0
sprsound2022::41275381_2.6_0_p3_2192__event_000,sprsound2022,sprsound2022::41275381,calibration,False,0,normal,0.4190000000000005,0,0.9200767,0.07992326,0
sprsound2022::41275381_2.6_0_p3_2192__event_001,sprsound2022,sprsound2022::41275381,calibration,False,0,normal,1.0650000000000002,0,0.9967278,0.0032721052,0
sprsound2022::41275381_2.6_0_p3_2192__event_002,sprsound2022,sprsound2022::41275381,calibration,False,0,normal,1.1209999999999996,0,0.55676293,0.44323707,0
sprsound2022::41275381_2.6_0_p3_2264__event_000,sprsound2022,sprsound2022::41275381,calibration,False,0,normal,1.35,0,0.9999453,5.467696e-05,0
sprsound2022::41275381_2.6_0_p3_2264__event_001,sprsound2022,sprsound2022::41275381,calibration,False,0,normal,1.2369999999999997,0,0.99995685,4.315535e-05,0
sprsound2022::41275381_2.6_0_p3_2264__event_002,sprsound2022,sprsound2022::41275381,calibration,False,0,normal,1.2189999999999994,0,0.9998994,0.00010065506,0
sprsound2022::41275381_2.6_0_p3_2264__event_003,sprsound2022,sprsound2022::41275381,calibration,False,0,normal,1.1830000000000007,0,0.9997223,0.0002777025,0
sprsound2022::41275381_2.6_0_p3_2264__event_004,sprsound2022,sprsound2022::41275381,calibration,False,0,normal,0.3030000000000008,0,0.92187613,0.078123935,0
sprsound2022::41275381_2.6_0_p4_2178__event_000,sprsound2022,sprsound2022::41275381,calibration,False,0,normal,1.372,0,0.9854698,0.014530185,0
sprsound2022::41275381_2.6_0_p4_2178__event_001,sprsound2022,sprsound2022::41275381,calibration,False,0,normal,1.3579999999999997,0,0.27782178,0.72217816,1
sprsound2022::41275381_2.6_0_p4_2249__event_000,sprsound2022,sprsound2022::41275381,calibration,False,0,normal,1.226,0,0.9995472,0.00045283852,0
sprsound2022::41275381_2.6_0_p4_2249__event_001,sprsound2022,sprsound2022::41275381,calibration,False,0,normal,1.0069999999999997,0,0.99508625,0.0049137315,0
sprsound2022::41275381_2.6_0_p4_2249__event_002,sprsound2022,sprsound2022::41275381,calibration,False,0,normal,1.1509999999999998,0,0.999841,0.00015905866,0
sprsound2022::41275381_2.6_0_p4_2249__event_003,sprsound2022,sprsound2022::41275381,calibration,False,0,normal,1.465,0,0.9999256,7.433693e-05,0
sprsound2022::41279835_14.1_0_p1_2945__event_000,sprsound2022,sprsound2022::41279835,calibration,False,1,fine_crackle,4.647,1,0.9979207,0.0020793127,0
sprsound2022::41279835_14.1_0_p3_2054__event_000,sprsound2022,sprsound2022::41279835,calibration,False,0,normal,1.3420000000000003,0,0.9859073,0.014092683,0
sprsound2022::41279835_14.1_0_p3_2054__event_001,sprsound2022,sprsound2022::41279835,calibration,False,0,normal,1.1180000000000003,0,0.93312395,0.06687607,0
sprsound2022::41279835_14.1_0_p3_2054__event_002,sprsound2022,sprsound2022::41279835,calibration,False,0,normal,1.8339999999999996,0,0.9994344,0.0005656239,0
sprsound2022::41279835_14.1_0_p3_2054__event_003,sprsound2022,sprsound2022::41279835,calibration,False,0,normal,0.559000000000001,0,0.48266348,0.51733655,1
sprsound2022::41279835_14.1_0_p4_2062__event_000,sprsound2022,sprsound2022::41279835,calibration,False,0,normal,0.8599999999999999,0,0.99315697,0.006843042,0
sprsound2022::41279835_14.1_0_p4_2062__event_001,sprsound2022,sprsound2022::41279835,calibration,False,0,normal,0.827,0,0.9989519,0.0010480508,0
sprsound2022::63211196_9.1_0_p1_2144__event_000,sprsound2022,sprsound2022::63211196,calibration,False,0,normal,1.935,0,0.99993753,6.243994e-05,0
sprsound2022::63211196_9.1_0_p1_2144__event_001,sprsound2022,sprsound2022::63211196,calibration,False,0,normal,1.66,0,0.99990153,9.8445766e-05,0
sprsound2022::63211196_9.1_0_p1_2144__event_002,sprsound2022,sprsound2022::63211196,calibration,False,0,normal,1.747,0,0.9998951,0.00010495272,0
sprsound2022::63211196_9.1_0_p1_2174__event_000,sprsound2022,sprsound2022::63211196,calibration,False,0,normal,2.896,0,0.9999714,2.8577888e-05,0
sprsound2022::63211196_9.1_0_p1_2174__event_001,sprsound2022,sprsound2022::63211196,calibration,False,0,normal,2.520999999999999,0,0.9999651,3.4955283e-05,0
sprsound2022::63211196_9.1_0_p1_2960__event_000,sprsound2022,sprsound2022::63211196,calibration,False,0,normal,1.812,0,0.9997261,0.0002738624,0
sprsound2022::63211196_9.1_0_p1_2960__event_001,sprsound2022,sprsound2022::63211196,calibration,False,0,normal,1.897,0,0.99990356,9.641082e-05,0
sprsound2022::63211196_9.1_0_p1_3082__event_000,sprsound2022,sprsound2022::63211196,calibration,False,0,normal,2.344,0,0.99994266,5.7379882e-05,0
sprsound2022::63211196_9.1_0_p1_3082__event_001,sprsound2022,sprsound2022::63211196,calibration,False,0,normal,0.9469999999999992,0,0.9988267,0.0011733042,0
sprsound2022::63211196_9.1_0_p1_3149__event_000,sprsound2022,sprsound2022::63211196,calibration,False,0,normal,1.99,0,0.9998946,0.00010538495,0
sprsound2022::63211196_9.1_0_p1_3149__event_001,sprsound2022,sprsound2022::63211196,calibration,False,0,normal,1.5459999999999994,0,0.9998448,0.00015513066,0
sprsound2022::63211196_9.1_0_p2_2203__event_000,sprsound2022,sprsound2022::63211196,calibration,False,0,normal,1.6719999999999997,0,0.9999386,6.139504e-05,0
sprsound2022::63211196_9.1_0_p2_2203__event_001,sprsound2022,sprsound2022::63211196,calibration,False,0,normal,1.367,0,0.9998827,0.00011730171,0
sprsound2022::63211196_9.1_0_p2_2203__event_002,sprsound2022,sprsound2022::63211196,calibration,False,0,normal,1.4749999999999996,0,0.9998467,0.00015327362,0
sprsound2022::63211196_9.1_0_p2_2203__event_003,sprsound2022,sprsound2022::63211196,calibration,False,0,normal,2.1579999999999995,0,0.9998869,0.00011315602,0
sprsound2022::63211196_9.1_0_p2_2924__event_000,sprsound2022,sprsound2022::63211196,calibration,False,0,normal,1.882,0,0.99985015,0.00014983928,0
sprsound2022::63211196_9.1_0_p2_2924__event_001,sprsound2022,sprsound2022::63211196,calibration,False,0,normal,1.918,0,0.99985623,0.00014377483,0
sprsound2022::63211196_9.1_0_p2_2924__event_002,sprsound2022,sprsound2022::63211196,calibration,False,0,normal,1.3659999999999997,0,0.99988246,0.000117568234,0
sprsound2022::63211196_9.1_0_p2_2924__event_003,sprsound2022,sprsound2022::63211196,calibration,False,0,normal,2.5760000000000005,0,0.99997723,2.2789955e-05,0
sprsound2022::63211196_9.1_0_p2_3100__event_000,sprsound2022,sprsound2022::63211196,calibration,False,0,normal,1.876999999999999,0,0.9999243,7.5657685e-05,0
sprsound2022::63211196_9.1_0_p2_3100__event_001,sprsound2022,sprsound2022::63211196,calibration,False,0,normal,1.5259999999999998,0,0.8777721,0.12222788,0
sprsound2022::63211196_9.1_0_p2_3100__event_002,sprsound2022,sprsound2022::63211196,calibration,False,0,normal,2.990000000000001,0,0.9998142,0.0001857884,0
sprsound2022::63211196_9.1_0_p2_3164__event_000,sprsound2022,sprsound2022::63211196,calibration,False,0,normal,1.028,0,0.999589,0.00041101172,0
sprsound2022::63211196_9.1_0_p2_3164__event_001,sprsound2022,sprsound2022::63211196,calibration,False,0,normal,0.714,0,0.9944924,0.005507613,0
sprsound2022::63211196_9.1_0_p2_3164__event_002,sprsound2022,sprsound2022::63211196,calibration,False,0,normal,1.096,0,0.9986848,0.001315158,0
sprsound2022::63211196_9.1_0_p2_3164__event_003,sprsound2022,sprsound2022::63211196,calibration,False,0,normal,0.8650000000000002,0,0.9999018,9.8249475e-05,0
sprsound2022::63211196_9.1_0_p2_3164__event_004,sprsound2022,sprsound2022::63211196,calibration,False,0,normal,0.9610000000000004,0,0.9998604,0.00013954476,0
sprsound2022::63211196_9.1_0_p2_3194__event_000,sprsound2022,sprsound2022::63211196,calibration,False,0,normal,0.94,0,0.999337,0.0006629213,0
sprsound2022::63211196_9.1_0_p2_3194__event_001,sprsound2022,sprsound2022::63211196,calibration,False,0,normal,1.6399999999999997,0,0.99970573,0.0002941834,0
sprsound2022::63211196_9.1_0_p2_3194__event_002,sprsound2022,sprsound2022::63211196,calibration,False,0,normal,1.5250000000000004,0,0.99976605,0.00023389663,0
sprsound2022::63211196_9.1_0_p2_3194__event_003,sprsound2022,sprsound2022::63211196,calibration,False,0,normal,0.907,0,0.9978192,0.0021808522,0
sprsound2022::63211196_9.1_0_p2_3194__event_004,sprsound2022,sprsound2022::63211196,calibration,False,0,normal,0.7409999999999997,0,0.18698105,0.813019,1
sprsound2022::63211196_9.1_0_p3_2159__event_000,sprsound2022,sprsound2022::63211196,calibration,False,0,normal,1.4229999999999996,0,0.999637,0.000363011,0
sprsound2022::63211196_9.1_0_p3_2159__event_001,sprsound2022,sprsound2022::63211196,calibration,False,0,normal,1.6999999999999993,0,0.9889636,0.011036327,0
sprsound2022::63211196_9.1_0_p3_2159__event_002,sprsound2022,sprsound2022::63211196,calibration,False,0,normal,1.404,0,0.9998783,0.0001216771,0
sprsound2022::63211196_9.1_0_p3_2159__event_003,sprsound2022,sprsound2022::63211196,calibration,False,0,normal,2.495,0,0.9976841,0.0023158356,0
sprsound2022::63211196_9.1_0_p3_2942__event_000,sprsound2022,sprsound2022::63211196,calibration,False,0,normal,2.2079999999999993,0,0.9999765,2.346335e-05,0
sprsound2022::63211196_9.1_0_p3_2942__event_001,sprsound2022,sprsound2022::63211196,calibration,False,0,normal,3.0330000000000004,0,0.9999738,2.6234213e-05,0
sprsound2022::63211196_9.1_0_p3_2942__event_002,sprsound2022,sprsound2022::63211196,calibration,False,0,normal,3.8869999999999982,0,0.99867684,0.0013231926,0
sprsound2022::63211196_9.1_0_p3_3117__event_000,sprsound2022,sprsound2022::63211196,calibration,False,0,normal,1.5090000000000003,0,0.9987331,0.0012668993,0
sprsound2022::63211196_9.1_0_p3_3179__event_000,sprsound2022,sprsound2022::63211196,calibration,False,0,normal,2.0620000000000003,0,0.99636096,0.0036390997,0
sprsound2022::63211196_9.1_0_p3_3179__event_001,sprsound2022,sprsound2022::63211196,calibration,False,0,normal,2.034,0,0.9984158,0.0015841678,0
sprsound2022::63211196_9.1_0_p3_3179__event_002,sprsound2022,sprsound2022::63211196,calibration,False,0,normal,0.9699999999999988,0,0.9995004,0.0004995372,0
sprsound2022::63211196_9.1_0_p3_3179__event_003,sprsound2022,sprsound2022::63211196,calibration,False,0,normal,1.0939999999999994,0,0.9965437,0.0034562668,0
sprsound2022::63211196_9.1_0_p4_2189__event_000,sprsound2022,sprsound2022::63211196,calibration,False,0,normal,1.7410000000000003,0,0.9993025,0.0006974649,0
sprsound2022::63211196_9.1_0_p4_2189__event_001,sprsound2022,sprsound2022::63211196,calibration,False,0,normal,1.3239999999999998,0,0.9999056,9.440265e-05,0
sprsound2022::63211196_9.1_0_p4_2189__event_002,sprsound2022,sprsound2022::63211196,calibration,False,0,normal,1.2360000000000009,0,0.99984646,0.00015349037,0
sprsound2022::63211196_9.1_0_p4_2189__event_003,sprsound2022,sprsound2022::63211196,calibration,False,0,normal,1.2359999999999989,0,0.98726904,0.012730904,0
sprsound2022::63211196_9.1_0_p4_2978__event_000,sprsound2022,sprsound2022::63211196,calibration,False,0,normal,1.897,0,0.9942941,0.005705864,0
sprsound2022::63211196_9.1_0_p4_2978__event_001,sprsound2022,sprsound2022::63211196,calibration,False,0,normal,1.6460000000000008,0,0.99985385,0.00014607023,0
sprsound2022::63211196_9.1_0_p4_2978__event_002,sprsound2022,sprsound2022::63211196,calibration,False,0,normal,1.4620000000000002,0,0.9999279,7.212231e-05,0
sprsound2022::63211196_9.1_0_p4_3064__event_000,sprsound2022,sprsound2022::63211196,calibration,False,0,normal,3.485,0,0.9999262,7.381984e-05,0
sprsound2022::63211196_9.1_0_p4_3064__event_001,sprsound2022,sprsound2022::63211196,calibration,False,0,normal,1.4600000000000009,0,0.9991523,0.000847733,0
sprsound2022::63211196_9.1_0_p4_3133__event_000,sprsound2022,sprsound2022::63211196,calibration,False,0,normal,2.285,0,0.9999119,8.807275e-05,0
sprsound2022::63211196_9.1_0_p4_3133__event_001,sprsound2022,sprsound2022::63211196,calibration,False,0,normal,1.136999999999999,0,0.98735154,0.012648486,0
sprsound2022::63211196_9.1_0_p4_3133__event_002,sprsound2022,sprsound2022::63211196,calibration,False,0,normal,1.976,0,0.99982363,0.00017645284,0
sprsound2022::63211196_9.1_0_p4_3204__event_000,sprsound2022,sprsound2022::63211196,calibration,False,0,normal,2.0469999999999997,0,0.99997234,2.7713411e-05,0
sprsound2022::63211196_9.1_0_p4_3204__event_001,sprsound2022,sprsound2022::63211196,calibration,False,0,normal,2.1389999999999993,0,0.99992824,7.175296e-05,0
sprsound2022::63211196_9.1_0_p4_3204__event_002,sprsound2022,sprsound2022::63211196,calibration,False,0,normal,2.145999999999999,0,0.99985313,0.00014686423,0
sprsound2022::63211196_9.1_0_p4_3204__event_003,sprsound2022,sprsound2022::63211196,calibration,False,0,normal,1.1319999999999997,0,0.9997911,0.00020888289,0
sprsound2022::63613821_9.2_1_p1_1300__event_000,sprsound2022,sprsound2022::63613821,calibration,False,1,coarse_crackle,1.8809999999999991,1,0.9832198,0.016780196,0
sprsound2022::63613821_9.2_1_p2_1167__event_000,sprsound2022,sprsound2022::63613821,calibration,False,0,normal,1.9690000000000003,0,0.9988148,0.0011852111,0
sprsound2022::63613821_9.2_1_p2_1167__event_001,sprsound2022,sprsound2022::63613821,calibration,False,0,normal,1.221,0,0.99845743,0.0015425459,0
sprsound2022::63613821_9.2_1_p2_1167__event_002,sprsound2022,sprsound2022::63613821,calibration,False,0,normal,2.936,0,0.9996586,0.00034136046,0
sprsound2022::63613821_9.2_1_p2_1356__event_000,sprsound2022,sprsound2022::63613821,calibration,False,0,normal,2.261,0,0.9998975,0.000102549115,0
sprsound2022::63613821_9.2_1_p3_1157__event_000,sprsound2022,sprsound2022::63613821,calibration,False,0,normal,4.419,0,0.9999722,2.7800814e-05,0
sprsound2022::63613821_9.2_1_p3_1290__event_000,sprsound2022,sprsound2022::63613821,calibration,False,0,normal,2.0999999999999996,0,0.9997495,0.00025050636,0
sprsound2022::63613821_9.2_1_p3_1290__event_001,sprsound2022,sprsound2022::63613821,calibration,False,0,normal,2.2140000000000004,0,0.99990153,9.8509816e-05,0
sprsound2022::63613821_9.2_1_p3_1290__event_002,sprsound2022,sprsound2022::63613821,calibration,False,0,normal,3.729,0,0.99994373,5.621878e-05,0
sprsound2022::63613821_9.2_1_p3_1365__event_000,sprsound2022,sprsound2022::63613821,calibration,False,0,normal,2.5500000000000003,0,0.99993896,6.107482e-05,0
sprsound2022::63613821_9.2_1_p3_1365__event_001,sprsound2022,sprsound2022::63613821,calibration,False,0,normal,1.556,0,0.9999652,3.486081e-05,0
sprsound2022::63613821_9.2_1_p3_1365__event_002,sprsound2022,sprsound2022::63613821,calibration,False,0,normal,1.975,0,0.999902,9.792948e-05,0
sprsound2022::63613821_9.2_1_p4_1148__event_000,sprsound2022,sprsound2022::63613821,calibration,False,0,normal,1.8169999999999995,0,0.99982196,0.00017806864,0
sprsound2022::63613821_9.2_1_p4_1148__event_001,sprsound2022,sprsound2022::63613821,calibration,False,0,normal,1.5449999999999997,0,0.999856,0.00014402156,0
sprsound2022::63613821_9.2_1_p4_1148__event_002,sprsound2022,sprsound2022::63613821,calibration,False,0,normal,1.362,0,0.99985564,0.00014431903,0
sprsound2022::63613821_9.2_1_p4_1148__event_003,sprsound2022,sprsound2022::63613821,calibration,False,0,normal,1.362000000000001,0,0.9997545,0.0002455417,0
sprsound2022::63613821_9.2_1_p4_1270__event_000,sprsound2022,sprsound2022::63613821,calibration,False,0,normal,1.0649999999999995,0,0.99712557,0.002874478,0
sprsound2022::63613821_9.2_1_p4_1270__event_001,sprsound2022,sprsound2022::63613821,calibration,False,0,normal,2.002,0,0.9998896,0.00011035664,0
sprsound2022::63613821_9.2_1_p4_1329__event_000,sprsound2022,sprsound2022::63613821,calibration,False,0,normal,1.512,0,0.997881,0.0021189938,0
sprsound2022::63613821_9.2_1_p4_1329__event_001,sprsound2022,sprsound2022::63613821,calibration,False,0,normal,1.1629999999999994,0,0.99941623,0.0005838383,0
sprsound2022::63613821_9.2_1_p4_1329__event_002,sprsound2022,sprsound2022::63613821,calibration,False,0,normal,3.457,0,0.99994266,5.7359695e-05,0
sprsound2022::63613821_9.2_1_p4_1338__event_000,sprsound2022,sprsound2022::63613821,calibration,False,0,normal,1.954,0,0.99994636,5.3630465e-05,0
sprsound2022::63613821_9.2_1_p4_1338__event_001,sprsound2022,sprsound2022::63613821,calibration,False,0,normal,1.6909999999999998,0,0.99933916,0.0006607887,0
sprsound2022::63613821_9.2_1_p4_1338__event_002,sprsound2022,sprsound2022::63613821,calibration,False,0,normal,1.636000000000001,0,0.99984956,0.00015043352,0
sprsound2022::64678063_4.3_1_p1_2768__event_000,sprsound2022,sprsound2022::64678063,calibration,False,0,normal,1.234,0,0.96650344,0.033496574,0
sprsound2022::64678063_4.3_1_p1_2768__event_001,sprsound2022,sprsound2022::64678063,calibration,False,0,normal,1.487,0,0.99996555,3.4448538e-05,0
sprsound2022::64678063_4.3_1_p1_2768__event_002,sprsound2022,sprsound2022::64678063,calibration,False,0,normal,1.5440000000000005,0,0.9998778,0.00012216713,0
sprsound2022::64678063_4.3_1_p1_2768__event_003,sprsound2022,sprsound2022::64678063,calibration,False,0,normal,0.5309999999999988,0,0.9905571,0.0094428705,0
sprsound2022::64678063_4.3_1_p1_2840__event_000,sprsound2022,sprsound2022::64678063,calibration,False,0,normal,1.244,0,0.55018556,0.44981447,0
sprsound2022::64678063_4.3_1_p1_2840__event_001,sprsound2022,sprsound2022::64678063,calibration,False,0,normal,1.0090000000000003,0,0.99900645,0.0009935912,0
sprsound2022::64678063_4.3_1_p1_2904__event_000,sprsound2022,sprsound2022::64678063,calibration,False,0,normal,1.611,0,0.99976724,0.00023274607,0
sprsound2022::64678063_4.3_1_p1_2904__event_001,sprsound2022,sprsound2022::64678063,calibration,False,0,normal,1.7280000000000002,0,0.9998124,0.00018757283,0
sprsound2022::64678063_4.3_1_p1_2904__event_002,sprsound2022,sprsound2022::64678063,calibration,False,0,normal,1.457,0,0.9991893,0.00081062136,0
sprsound2022::64678063_4.3_1_p1_2904__event_003,sprsound2022,sprsound2022::64678063,calibration,False,0,normal,0.9830000000000004,0,0.99685645,0.0031435217,0
sprsound2022::64678063_4.3_1_p1_2904__event_004,sprsound2022,sprsound2022::64678063,calibration,False,1,wheeze,0.3380000000000001,1,0.0029049418,0.9970951,1
sprsound2022::64678063_4.3_1_p1_2904__event_005,sprsound2022,sprsound2022::64678063,calibration,False,1,wheeze,0.634,1,0.0037050308,0.9962949,1
sprsound2022::64678063_4.3_1_p1_2922__event_000,sprsound2022,sprsound2022::64678063,calibration,False,0,normal,1.787,0,0.9999354,6.457515e-05,0
sprsound2022::64678063_4.3_1_p1_2922__event_001,sprsound2022,sprsound2022::64678063,calibration,False,0,normal,1.552,0,0.99731594,0.0026840577,0
sprsound2022::64678063_4.3_1_p1_2922__event_002,sprsound2022,sprsound2022::64678063,calibration,False,0,normal,1.882,0,0.99961853,0.00038141554,0
sprsound2022::64678063_4.3_1_p1_2922__event_003,sprsound2022,sprsound2022::64678063,calibration,False,0,normal,1.519,0,0.999584,0.00041599397,0
sprsound2022::64678063_4.3_1_p1_2922__event_004,sprsound2022,sprsound2022::64678063,calibration,False,0,normal,1.471000000000001,0,0.999613,0.00038703164,0
sprsound2022::64678063_4.3_1_p2_2708__event_000,sprsound2022,sprsound2022::64678063,calibration,False,0,normal,1.163,0,0.91028464,0.08971537,0
sprsound2022::64678063_4.3_1_p2_2708__event_001,sprsound2022,sprsound2022::64678063,calibration,False,0,normal,0.8609999999999998,0,0.53734535,0.46265468,0
sprsound2022::64678063_4.3_1_p2_2708__event_002,sprsound2022,sprsound2022::64678063,calibration,False,0,normal,0.8629999999999995,0,0.039857775,0.9601422,1
sprsound2022::64678063_4.3_1_p2_2792__event_000,sprsound2022,sprsound2022::64678063,calibration,False,0,normal,1.7400000000000002,0,0.9996946,0.00030538067,0
sprsound2022::64678063_4.3_1_p2_2792__event_001,sprsound2022,sprsound2022::64678063,calibration,False,0,normal,1.215,0,0.9907171,0.009282912,0
sprsound2022::64678063_4.3_1_p2_2804__event_000,sprsound2022,sprsound2022::64678063,calibration,False,0,normal,1.2440000000000002,0,0.42060497,0.579395,1
sprsound2022::64678063_4.3_1_p2_2804__event_001,sprsound2022,sprsound2022::64678063,calibration,False,0,normal,1.4689999999999994,0,0.93032074,0.0696793,0
sprsound2022::64678063_4.3_1_p2_2804__event_002,sprsound2022,sprsound2022::64678063,calibration,False,0,normal,1.1909999999999998,0,0.99856937,0.0014305966,0
sprsound2022::64678063_4.3_1_p2_2804__event_003,sprsound2022,sprsound2022::64678063,calibration,False,0,normal,1.6220000000000008,0,0.9999335,6.652436e-05,0
sprsound2022::64678063_4.3_1_p2_2804__event_004,sprsound2022,sprsound2022::64678063,calibration,False,0,normal,0.6210000000000004,0,0.99697256,0.003027484,0
sprsound2022::64678063_4.3_1_p2_2852__event_000,sprsound2022,sprsound2022::64678063,calibration,False,0,normal,1.6639999999999997,0,0.9996152,0.00038475837,0
sprsound2022::64678063_4.3_1_p2_2852__event_001,sprsound2022,sprsound2022::64678063,calibration,False,0,normal,1.2560000000000002,0,0.9434402,0.05655976,0
sprsound2022::64678063_4.3_1_p2_2852__event_002,sprsound2022,sprsound2022::64678063,calibration,False,0,normal,1.492,0,0.9979905,0.0020095196,0
sprsound2022::64678063_4.3_1_p2_2852__event_003,sprsound2022,sprsound2022::64678063,calibration,False,0,normal,0.8200000000000003,0,0.9160051,0.083994925,0
sprsound2022::64678063_4.3_1_p2_2976__event_000,sprsound2022,sprsound2022::64678063,calibration,False,0,normal,1.201,0,0.99540436,0.0045956476,0
sprsound2022::64678063_4.3_1_p2_2976__event_001,sprsound2022,sprsound2022::64678063,calibration,False,0,normal,1.444,0,0.995955,0.004044995,0
sprsound2022::64678063_4.3_1_p2_2976__event_002,sprsound2022,sprsound2022::64678063,calibration,False,0,normal,1.3390000000000004,0,0.9982127,0.001787377,0
sprsound2022::64678063_4.3_1_p2_2976__event_003,sprsound2022,sprsound2022::64678063,calibration,False,0,normal,1.0830000000000002,0,0.9974246,0.0025753719,0
sprsound2022::64678063_4.3_1_p3_2732__event_000,sprsound2022,sprsound2022::64678063,calibration,False,0,normal,1.447,0,0.9999063,9.371873e-05,0
sprsound2022::64678063_4.3_1_p3_2732__event_001,sprsound2022,sprsound2022::64678063,calibration,False,0,normal,1.5890000000000004,0,0.9998265,0.00017354001,0
sprsound2022::64678063_4.3_1_p3_2732__event_002,sprsound2022,sprsound2022::64678063,calibration,False,0,normal,1.4079999999999997,0,0.9999161,8.385854e-05,0
sprsound2022::64678063_4.3_1_p3_2732__event_003,sprsound2022,sprsound2022::64678063,calibration,False,0,normal,0.9210000000000012,0,0.9804326,0.019567378,0
sprsound2022::64678063_4.3_1_p3_2756__event_000,sprsound2022,sprsound2022::64678063,calibration,False,0,normal,1.4860000000000002,0,0.9998485,0.0001514544,0
sprsound2022::64678063_4.3_1_p3_2756__event_001,sprsound2022,sprsound2022::64678063,calibration,False,0,normal,1.088,0,0.9202015,0.07979858,0
sprsound2022::64678063_4.3_1_p3_2756__event_002,sprsound2022,sprsound2022::64678063,calibration,False,0,normal,1.4220000000000002,0,0.9992823,0.0007177541,0
sprsound2022::64678063_4.3_1_p3_2756__event_003,sprsound2022,sprsound2022::64678063,calibration,False,0,normal,1.6399999999999997,0,0.99993014,6.988963e-05,0
sprsound2022::64678063_4.3_1_p3_2756__event_004,sprsound2022,sprsound2022::64678063,calibration,False,0,normal,1.5499999999999998,0,0.9996983,0.00030179837,0
sprsound2022::64678063_4.3_1_p3_2756__event_005,sprsound2022,sprsound2022::64678063,calibration,False,0,normal,0.8439999999999994,0,0.99811566,0.0018843102,0
sprsound2022::64678063_4.3_1_p3_2828__event_000,sprsound2022,sprsound2022::64678063,calibration,False,0,normal,1.159,0,0.9988487,0.0011512481,0
sprsound2022::64678063_4.3_1_p3_2828__event_001,sprsound2022,sprsound2022::64678063,calibration,False,0,normal,1.525,0,0.9997904,0.00020964608,0
sprsound2022::64678063_4.3_1_p3_2828__event_002,sprsound2022,sprsound2022::64678063,calibration,False,0,normal,1.3669999999999995,0,0.9253884,0.074611545,0
sprsound2022::64678063_4.3_1_p3_2828__event_003,sprsound2022,sprsound2022::64678063,calibration,False,0,normal,1.9739999999999993,0,0.99988735,0.0001125991,0
sprsound2022::64678063_4.3_1_p3_2828__event_004,sprsound2022,sprsound2022::64678063,calibration,False,0,normal,0.3520000000000003,0,0.9931297,0.0068703243,0
sprsound2022::64678063_4.3_1_p3_2869__event_000,sprsound2022,sprsound2022::64678063,calibration,False,0,normal,1.1679999999999997,0,0.8632957,0.13670433,0
sprsound2022::64678063_4.3_1_p3_2869__event_001,sprsound2022,sprsound2022::64678063,calibration,False,0,normal,1.2769999999999992,0,0.99730825,0.0026916936,0
sprsound2022::64678063_4.3_1_p3_2869__event_002,sprsound2022,sprsound2022::64678063,calibration,False,0,normal,1.149,0,0.99883324,0.0011668141,0
sprsound2022::64678063_4.3_1_p3_2869__event_003,sprsound2022,sprsound2022::64678063,calibration,False,0,normal,1.060999999999999,0,0.9532844,0.046715606,0
sprsound2022::64678063_4.3_1_p3_2958__event_000,sprsound2022,sprsound2022::64678063,calibration,False,0,normal,1.4429999999999998,0,0.99977845,0.00022158895,0
sprsound2022::64678063_4.3_1_p3_2958__event_001,sprsound2022,sprsound2022::64678063,calibration,False,0,normal,1.239,0,0.999281,0.0007190652,0
sprsound2022::64678063_4.3_1_p3_2958__event_002,sprsound2022,sprsound2022::64678063,calibration,False,0,normal,1.3710000000000004,0,0.99970394,0.00029602626,0
sprsound2022::64678063_4.3_1_p3_2958__event_003,sprsound2022,sprsound2022::64678063,calibration,False,0,normal,1.367,0,0.9998708,0.00012923441,0
sprsound2022::64678063_4.3_1_p3_2958__event_004,sprsound2022,sprsound2022::64678063,calibration,False,0,normal,1.1049999999999995,0,0.9993393,0.00066065363,0
sprsound2022::64678063_4.3_1_p3_2958__event_005,sprsound2022,sprsound2022::64678063,calibration,False,0,normal,0.4050000000000011,0,0.9758542,0.0241457,0
sprsound2022::64678063_4.3_1_p4_2744__event_000,sprsound2022,sprsound2022::64678063,calibration,False,0,normal,0.602,0,0.9994381,0.000561876,0
sprsound2022::64678063_4.3_1_p4_2744__event_001,sprsound2022,sprsound2022::64678063,calibration,False,0,normal,1.263,0,0.999918,8.2044644e-05,0
sprsound2022::64678063_4.3_1_p4_2744__event_002,sprsound2022,sprsound2022::64678063,calibration,False,0,normal,1.1020000000000003,0,0.99713504,0.0028649974,0
sprsound2022::64678063_4.3_1_p4_2744__event_003,sprsound2022,sprsound2022::64678063,calibration,False,0,normal,0.6419999999999995,0,0.97115433,0.028845608,0
sprsound2022::64678063_4.3_1_p4_2780__event_000,sprsound2022,sprsound2022::64678063,calibration,False,0,normal,1.482,0,0.9997701,0.00022989632,0
sprsound2022::64678063_4.3_1_p4_2780__event_001,sprsound2022,sprsound2022::64678063,calibration,False,0,normal,1.4830000000000003,0,0.99990034,9.9688004e-05,0
sprsound2022::64678063_4.3_1_p4_2780__event_002,sprsound2022,sprsound2022::64678063,calibration,False,0,normal,1.443999999999999,0,0.9998305,0.00016952307,0
sprsound2022::64678063_4.3_1_p4_2780__event_003,sprsound2022,sprsound2022::64678063,calibration,False,0,normal,0.33,0,0.5530793,0.4469207,0
sprsound2022::64678063_4.3_1_p4_2886__event_000,sprsound2022,sprsound2022::64678063,calibration,False,0,normal,1.0739999999999998,0,0.99968207,0.00031800533,0
sprsound2022::64678063_4.3_1_p4_2940__event_000,sprsound2022,sprsound2022::64678063,calibration,False,0,normal,1.631,0,0.9996512,0.00034881104,0
sprsound2022::64837947_4.0_1_p1_13__event_000,sprsound2022,sprsound2022::64837947,calibration,False,1,fine_crackle,1.0549999999999995,1,0.069827504,0.9301725,1
sprsound2022::64837947_4.0_1_p1_13__event_001,sprsound2022,sprsound2022::64837947,calibration,False,1,fine_crackle,1.231999999999999,1,0.99940395,0.0005959896,0
sprsound2022::64837947_4.0_1_p1_13__event_002,sprsound2022,sprsound2022::64837947,calibration,False,0,normal,1.0860000000000003,0,0.99821496,0.0017850421,0
sprsound2022::64837947_4.0_1_p2_14__event_000,sprsound2022,sprsound2022::64837947,calibration,False,0,normal,1.429,0,0.99965906,0.00034099,0
sprsound2022::64837947_4.0_1_p2_14__event_001,sprsound2022,sprsound2022::64837947,calibration,False,0,normal,1.6170000000000004,0,0.9952825,0.0047174715,0
sprsound2022::64837947_4.0_1_p2_14__event_002,sprsound2022,sprsound2022::64837947,calibration,False,0,normal,1.6160000000000003,0,0.99899215,0.001007799,0
sprsound2022::64837947_4.0_1_p2_14__event_003,sprsound2022,sprsound2022::64837947,calibration,False,0,normal,1.5029999999999992,0,0.9635993,0.03640072,0
sprsound2022::64837947_4.0_1_p3_15__event_000,sprsound2022,sprsound2022::64837947,calibration,False,0,normal,1.2859999999999996,0,0.99939644,0.00060353044,0
sprsound2022::64840083_1.6_0_p1_697__event_000,sprsound2022,sprsound2022::64840083,calibration,False,0,normal,1.2160000000000002,0,0.9991756,0.0008244244,0
sprsound2022::64840083_1.6_0_p1_697__event_001,sprsound2022,sprsound2022::64840083,calibration,False,0,normal,1.3599999999999994,0,0.9998271,0.0001728919,0
sprsound2022::64840083_1.6_0_p1_697__event_002,sprsound2022,sprsound2022::64840083,calibration,False,0,normal,1.266,0,0.99893266,0.0010673414,0
sprsound2022::64840083_1.6_0_p1_697__event_003,sprsound2022,sprsound2022::64840083,calibration,False,0,normal,1.253,0,0.9991316,0.00086841366,0
sprsound2022::64840083_1.6_0_p1_697__event_004,sprsound2022,sprsound2022::64840083,calibration,False,0,normal,1.2599999999999998,0,0.9932673,0.0067327726,0
sprsound2022::64840083_1.6_0_p1_697__event_005,sprsound2022,sprsound2022::64840083,calibration,False,0,normal,1.0169999999999997,0,0.9944693,0.005530702,0
sprsound2022::64840083_1.6_0_p1_697__event_006,sprsound2022,sprsound2022::64840083,calibration,False,0,normal,1.362,0,0.99964845,0.00035159363,0
sprsound2022::64840083_1.6_0_p2_698__event_000,sprsound2022,sprsound2022::64840083,calibration,False,0,normal,1.5200000000000005,0,0.9993931,0.00060691306,0
sprsound2022::64840083_1.6_0_p2_698__event_001,sprsound2022,sprsound2022::64840083,calibration,False,0,normal,1.1609999999999996,0,0.9992969,0.0007031317,0
sprsound2022::64840083_1.6_0_p2_698__event_002,sprsound2022,sprsound2022::64840083,calibration,False,0,normal,1.266,0,0.9997662,0.00023382729,0
sprsound2022::64840083_1.6_0_p2_698__event_003,sprsound2022,sprsound2022::64840083,calibration,False,0,normal,1.6010000000000009,0,0.9998153,0.00018477294,0
sprsound2022::64840083_1.6_0_p2_698__event_004,sprsound2022,sprsound2022::64840083,calibration,False,0,normal,1.5220000000000002,0,0.9974431,0.0025569545,0
sprsound2022::64840083_1.6_0_p2_698__event_005,sprsound2022,sprsound2022::64840083,calibration,False,0,normal,1.6420000000000012,0,0.99986565,0.0001343462,0
sprsound2022::64840083_1.6_0_p2_698__event_006,sprsound2022,sprsound2022::64840083,calibration,False,0,normal,1.282,0,0.99949145,0.00050849887,0
sprsound2022::64840083_1.6_0_p3_699__event_000,sprsound2022,sprsound2022::64840083,calibration,False,0,normal,1.6069999999999998,0,0.99966,0.00033997203,0
sprsound2022::64840083_1.6_0_p3_699__event_001,sprsound2022,sprsound2022::64840083,calibration,False,0,normal,1.529,0,0.9997166,0.00028338985,0
sprsound2022::64840083_1.6_0_p3_699__event_002,sprsound2022,sprsound2022::64840083,calibration,False,0,normal,1.5920000000000003,0,0.99983656,0.00016344305,0
sprsound2022::64840083_1.6_0_p3_699__event_003,sprsound2022,sprsound2022::64840083,calibration,False,0,normal,1.535,0,0.9998361,0.00016388718,0
sprsound2022::64840083_1.6_0_p3_699__event_004,sprsound2022,sprsound2022::64840083,calibration,False,0,normal,1.5440000000000005,0,0.99935216,0.00064782106,0
sprsound2022::64840083_1.6_0_p3_699__event_005,sprsound2022,sprsound2022::64840083,calibration,False,0,normal,1.4799999999999986,0,0.9997727,0.0002273007,0
sprsound2022::64840083_1.6_0_p3_699__event_006,sprsound2022,sprsound2022::64840083,calibration,False,0,normal,1.0850000000000009,0,0.9998332,0.00016673273,0
sprsound2022::64840083_1.6_0_p4_700__event_000,sprsound2022,sprsound2022::64840083,calibration,False,0,normal,1.2499999999999998,0,0.9998229,0.0001770631,0
sprsound2022::64840083_1.6_0_p4_700__event_001,sprsound2022,sprsound2022::64840083,calibration,False,0,normal,1.3280000000000003,0,0.9998785,0.00012145419,0
sprsound2022::64840083_1.6_0_p4_700__event_002,sprsound2022,sprsound2022::64840083,calibration,False,0,normal,1.1989999999999998,0,0.99937385,0.000626139,0
sprsound2022::64840083_1.6_0_p4_700__event_003,sprsound2022,sprsound2022::64840083,calibration,False,0,normal,0.995,0,0.9996214,0.00037857183,0
sprsound2022::64840083_1.6_0_p4_700__event_004,sprsound2022,sprsound2022::64840083,calibration,False,0,normal,1.0310000000000006,0,0.99907494,0.0009249873,0
sprsound2022::64840083_1.6_0_p4_700__event_005,sprsound2022,sprsound2022::64840083,calibration,False,0,normal,1.2400000000000002,0,0.9996854,0.0003145675,0
sprsound2022::64840083_1.6_0_p4_700__event_006,sprsound2022,sprsound2022::64840083,calibration,False,0,normal,1.154,0,0.99917454,0.0008253959,0
sprsound2022::64840083_1.6_0_p4_700__event_007,sprsound2022,sprsound2022::64840083,calibration,False,0,normal,1.3919999999999997,0,0.9998914,0.000108598055,0
sprsound2022::65039232_6.4_1_p2_374__event_000,sprsound2022,sprsound2022::65039232,calibration,False,0,normal,1.553,0,0.99986005,0.00013992224,0
sprsound2022::65039232_6.4_1_p2_374__event_001,sprsound2022,sprsound2022::65039232,calibration,False,0,normal,1.3859999999999992,0,0.99993634,6.360293e-05,0
sprsound2022::65039232_6.4_1_p2_374__event_002,sprsound2022,sprsound2022::65039232,calibration,False,0,normal,1.043,0,0.9990019,0.0009981242,0
sprsound2022::65044049_0.8_1_p2_250__event_000,sprsound2022,sprsound2022::65044049,calibration,False,1,fine_crackle,2.480999999999999,1,0.9495859,0.05041408,0
sprsound2022::65044049_0.8_1_p3_251__event_000,sprsound2022,sprsound2022::65044049,calibration,False,0,normal,1.436,0,0.9993149,0.00068511517,0
sprsound2022::65045423_5.0_1_p1_213__event_000,sprsound2022,sprsound2022::65045423,calibration,False,0,normal,1.6010000000000004,0,0.9999095,9.047413e-05,0
sprsound2022::65045423_5.0_1_p1_213__event_001,sprsound2022,sprsound2022::65045423,calibration,False,0,normal,1.1769999999999996,0,0.9998796,0.00012037167,0
sprsound2022::65045423_5.0_1_p1_213__event_002,sprsound2022,sprsound2022::65045423,calibration,False,0,normal,1.3099999999999987,0,0.9998652,0.0001348303,0
sprsound2022::65045423_5.0_1_p1_213__event_003,sprsound2022,sprsound2022::65045423,calibration,False,0,normal,0.9749999999999996,0,0.99922884,0.0007711985,0
sprsound2022::65045423_5.0_1_p1_213__event_004,sprsound2022,sprsound2022::65045423,calibration,False,0,normal,1.128,0,0.9999244,7.552764e-05,0
sprsound2022::65045423_5.0_1_p1_213__event_005,sprsound2022,sprsound2022::65045423,calibration,False,0,normal,1.3119999999999998,0,0.99291223,0.0070877895,0
sprsound2022::65045423_5.0_1_p1_213__event_006,sprsound2022,sprsound2022::65045423,calibration,False,0,normal,1.0429999999999993,0,0.9982287,0.001771247,0
sprsound2022::65045423_5.0_1_p1_217__event_000,sprsound2022,sprsound2022::65045423,calibration,False,0,normal,0.3929999999999998,0,0.9989849,0.0010150723,0
sprsound2022::65045423_5.0_1_p1_217__event_001,sprsound2022,sprsound2022::65045423,calibration,False,0,normal,1.5629999999999995,0,0.99951196,0.00048809763,0
sprsound2022::65045423_5.0_1_p2_214__event_000,sprsound2022,sprsound2022::65045423,calibration,False,0,normal,2.015,0,0.99944466,0.00055526785,0
sprsound2022::65045423_5.0_1_p2_214__event_001,sprsound2022,sprsound2022::65045423,calibration,False,0,normal,1.2159999999999993,0,0.99991405,8.590221e-05,0
sprsound2022::65045423_5.0_1_p2_214__event_002,sprsound2022,sprsound2022::65045423,calibration,False,0,normal,1.1620000000000008,0,0.9996257,0.000374264,0
sprsound2022::65045423_5.0_1_p2_214__event_003,sprsound2022,sprsound2022::65045423,calibration,False,0,normal,2.096,0,0.9999281,7.1830735e-05,0
sprsound2022::65045423_5.0_1_p2_218__event_000,sprsound2022,sprsound2022::65045423,calibration,False,0,normal,1.4589999999999996,0,0.99890614,0.0010938863,0
sprsound2022::65045423_5.0_1_p2_218__event_001,sprsound2022,sprsound2022::65045423,calibration,False,0,normal,1.3010000000000002,0,0.9994469,0.0005530108,0
sprsound2022::65045423_5.0_1_p2_218__event_002,sprsound2022,sprsound2022::65045423,calibration,False,0,normal,1.165,0,0.9955239,0.004476147,0
sprsound2022::65045423_5.0_1_p2_218__event_003,sprsound2022,sprsound2022::65045423,calibration,False,0,normal,1.5879999999999992,0,0.99985504,0.00014492884,0
sprsound2022::65045423_5.0_1_p3_215__event_000,sprsound2022,sprsound2022::65045423,calibration,False,0,normal,1.197000000000001,0,0.9995334,0.00046659092,0
sprsound2022::65045423_5.0_1_p3_215__event_001,sprsound2022,sprsound2022::65045423,calibration,False,0,normal,1.1830000000000005,0,0.9998116,0.0001884908,0
sprsound2022::65045423_5.0_1_p3_215__event_002,sprsound2022,sprsound2022::65045423,calibration,False,0,normal,1.327,0,0.9986312,0.0013687655,0
sprsound2022::65045423_5.0_1_p3_215__event_003,sprsound2022,sprsound2022::65045423,calibration,False,0,normal,0.5170000000000012,0,0.9994438,0.0005561902,0
sprsound2022::65045423_5.0_1_p3_215__event_004,sprsound2022,sprsound2022::65045423,calibration,False,0,normal,1.0649999999999995,0,0.999801,0.00019905594,0
sprsound2022::65045423_5.0_1_p4_216__event_000,sprsound2022,sprsound2022::65045423,calibration,False,0,normal,1.8329999999999993,0,0.9999032,9.6825155e-05,0
sprsound2022::65045423_5.0_1_p4_216__event_001,sprsound2022,sprsound2022::65045423,calibration,False,0,normal,1.343,0,0.9995876,0.00041237805,0
sprsound2022::65045423_5.0_1_p4_216__event_002,sprsound2022,sprsound2022::65045423,calibration,False,0,normal,1.4229999999999992,0,0.9997017,0.0002982748,0
sprsound2022::65045423_5.0_1_p4_216__event_003,sprsound2022,sprsound2022::65045423,calibration,False,0,normal,1.3309999999999995,0,0.9986803,0.0013197046,0
sprsound2022::65045423_5.0_1_p4_216__event_004,sprsound2022,sprsound2022::65045423,calibration,False,0,normal,2.23,0,0.99979013,0.00020986429,0
sprsound2022::65045423_5.0_1_p4_220__event_000,sprsound2022,sprsound2022::65045423,calibration,False,0,normal,1.185,0,0.9998871,0.00011282007,0
sprsound2022::65045423_5.0_1_p4_220__event_001,sprsound2022,sprsound2022::65045423,calibration,False,0,normal,1.258,0,0.99990284,9.716302e-05,0
sprsound2022::65045423_5.0_1_p4_220__event_002,sprsound2022,sprsound2022::65045423,calibration,False,0,normal,1.4049999999999994,0,0.99987197,0.00012798134,0
sprsound2022::65045423_5.2_1_p1_2745__event_000,sprsound2022,sprsound2022::65045423,calibration,False,0,normal,0.8440000000000003,0,0.99398416,0.006015807,0
sprsound2022::65045423_5.2_1_p1_2745__event_001,sprsound2022,sprsound2022::65045423,calibration,False,0,normal,0.9089999999999998,0,0.9913556,0.0086443825,0
sprsound2022::65045423_5.2_1_p1_2745__event_002,sprsound2022,sprsound2022::65045423,calibration,False,0,normal,0.5909999999999993,0,0.9977604,0.0022395912,0
sprsound2022::65045423_5.2_1_p1_2805__event_000,sprsound2022,sprsound2022::65045423,calibration,False,0,normal,2.093,0,0.9996965,0.00030358325,0
sprsound2022::65045423_5.2_1_p1_2805__event_001,sprsound2022,sprsound2022::65045423,calibration,False,0,normal,2.625,0,0.99995005,4.9996663e-05,0
sprsound2022::65045423_5.2_1_p1_2805__event_002,sprsound2022,sprsound2022::65045423,calibration,False,0,normal,1.5669999999999993,0,0.9274708,0.07252925,0
sprsound2022::65045423_5.2_1_p1_2853__event_000,sprsound2022,sprsound2022::65045423,calibration,False,1,rhonchi,0.955,1,0.0067766514,0.9932233,1
sprsound2022::65045423_5.2_1_p1_2853__event_001,sprsound2022,sprsound2022::65045423,calibration,False,1,rhonchi,0.7780000000000005,1,0.0045918953,0.9954081,1
sprsound2022::65045423_5.2_1_p1_2853__event_002,sprsound2022,sprsound2022::65045423,calibration,False,1,rhonchi,0.2689999999999992,1,0.0073773894,0.9926226,1
sprsound2022::65045423_5.2_1_p1_2853__event_003,sprsound2022,sprsound2022::65045423,calibration,False,0,normal,1.633,0,0.99990606,9.388394e-05,0
sprsound2022::65045423_5.2_1_p1_2853__event_004,sprsound2022,sprsound2022::65045423,calibration,False,0,normal,1.5870000000000002,0,0.9990042,0.0009957763,0
sprsound2022::65045423_5.2_1_p1_2853__event_005,sprsound2022,sprsound2022::65045423,calibration,False,0,normal,1.173,0,0.9973949,0.0026051027,0
sprsound2022::65045423_5.2_1_p1_2853__event_006,sprsound2022,sprsound2022::65045423,calibration,False,0,normal,0.904,0,0.97538334,0.024616685,0
sprsound2022::65045423_5.2_1_p2_2684__event_000,sprsound2022,sprsound2022::65045423,calibration,False,0,normal,1.4660000000000002,0,0.996628,0.0033720247,0
sprsound2022::65045423_5.2_1_p2_2769__event_000,sprsound2022,sprsound2022::65045423,calibration,False,0,normal,1.338,0,0.9591263,0.040873636,0
sprsound2022::65045423_5.2_1_p2_2769__event_001,sprsound2022,sprsound2022::65045423,calibration,False,0,normal,1.2359999999999998,0,0.9915485,0.008451523,0
sprsound2022::65045423_5.2_1_p2_2781__event_000,sprsound2022,sprsound2022::65045423,calibration,False,0,normal,0.9389999999999998,0,0.99682033,0.0031797064,0
sprsound2022::65045423_5.2_1_p2_2781__event_001,sprsound2022,sprsound2022::65045423,calibration,False,0,normal,1.5450000000000004,0,0.9946445,0.0053554983,0
sprsound2022::65045423_5.2_1_p2_2781__event_002,sprsound2022,sprsound2022::65045423,calibration,False,0,normal,1.3080000000000007,0,0.9764737,0.023526372,0
sprsound2022::65045423_5.2_1_p2_2870__event_000,sprsound2022,sprsound2022::65045423,calibration,False,0,normal,1.896,0,0.9998939,0.000106050684,0
sprsound2022::65045423_5.2_1_p2_2870__event_001,sprsound2022,sprsound2022::65045423,calibration,False,0,normal,1.7059999999999995,0,0.9925527,0.0074473084,0
sprsound2022::65045423_5.2_1_p2_2870__event_002,sprsound2022,sprsound2022::65045423,calibration,False,1,rhonchi,0.6699999999999999,1,0.00083060964,0.99916947,1
sprsound2022::65045423_5.2_1_p2_2870__event_003,sprsound2022,sprsound2022::65045423,calibration,False,1,rhonchi,0.6639999999999999,1,0.04453198,0.95546806,1
sprsound2022::65045423_5.2_1_p3_2757__event_000,sprsound2022,sprsound2022::65045423,calibration,False,0,normal,1.016,0,0.9947848,0.005215215,0
sprsound2022::65045423_5.2_1_p3_2757__event_001,sprsound2022,sprsound2022::65045423,calibration,False,0,normal,1.0419999999999998,0,0.99923897,0.0007610466,0
sprsound2022::65045423_5.2_1_p3_2841__event_000,sprsound2022,sprsound2022::65045423,calibration,False,0,normal,1.7539999999999996,0,0.99993956,6.0465336e-05,0
sprsound2022::65045423_5.2_1_p4_2733__event_000,sprsound2022,sprsound2022::65045423,calibration,False,0,normal,1.21,0,0.9991285,0.00087150314,0
sprsound2022::65045423_5.2_1_p4_2733__event_001,sprsound2022,sprsound2022::65045423,calibration,False,0,normal,1.471,0,0.9996327,0.00036728356,0
sprsound2022::65045423_5.2_1_p4_2733__event_002,sprsound2022,sprsound2022::65045423,calibration,False,0,normal,0.7249999999999996,0,0.9987429,0.0012571341,0
sprsound2022::65045423_5.2_1_p4_2829__event_000,sprsound2022,sprsound2022::65045423,calibration,False,0,normal,1.4139999999999997,0,0.99976903,0.00023093304,0
sprsound2022::65052739_1.7_1_p1_417__event_000,sprsound2022,sprsound2022::65052739,calibration,False,0,normal,1.211,0,0.9996635,0.00033649118,0
sprsound2022::65052739_1.7_1_p1_417__event_001,sprsound2022,sprsound2022::65052739,calibration,False,0,normal,0.9749999999999996,0,0.9998419,0.00015806065,0
sprsound2022::65052739_1.7_1_p1_417__event_002,sprsound2022,sprsound2022::65052739,calibration,False,0,normal,1.016,0,0.9996748,0.0003251694,0
sprsound2022::65052739_1.7_1_p1_417__event_003,sprsound2022,sprsound2022::65052739,calibration,False,0,normal,1.0870000000000006,0,0.99957913,0.00042088624,0
sprsound2022::65052739_1.7_1_p1_417__event_004,sprsound2022,sprsound2022::65052739,calibration,False,0,normal,1.1119999999999983,0,0.9998342,0.00016584118,0
sprsound2022::65052739_1.7_1_p1_417__event_005,sprsound2022,sprsound2022::65052739,calibration,False,0,normal,1.6749999999999998,0,0.9985134,0.0014865849,0
sprsound2022::65052739_1.7_1_p2_418__event_000,sprsound2022,sprsound2022::65052739,calibration,False,0,normal,0.9610000000000004,0,0.9994373,0.0005627464,0
sprsound2022::65052739_1.7_1_p2_418__event_001,sprsound2022,sprsound2022::65052739,calibration,False,0,normal,1.2830000000000004,0,0.99998116,1.8855791e-05,0
sprsound2022::65052739_1.7_1_p2_418__event_002,sprsound2022,sprsound2022::65052739,calibration,False,0,normal,1.66,0,0.9999503,4.9730137e-05,0
sprsound2022::65052739_1.7_1_p2_418__event_003,sprsound2022,sprsound2022::65052739,calibration,False,0,normal,1.5529999999999995,0,0.99995446,4.551083e-05,0
sprsound2022::65052739_1.7_1_p3_419__event_000,sprsound2022,sprsound2022::65052739,calibration,False,0,normal,1.1900000000000013,0,0.9999013,9.8754914e-05,0
sprsound2022::65052739_1.7_1_p3_419__event_001,sprsound2022,sprsound2022::65052739,calibration,False,0,normal,1.2379999999999995,0,0.9998355,0.00016448568,0
sprsound2022::65052739_1.7_1_p3_419__event_002,sprsound2022,sprsound2022::65052739,calibration,False,0,normal,1.4249999999999998,0,0.99991405,8.598811e-05,0
sprsound2022::65052739_1.7_1_p3_419__event_003,sprsound2022,sprsound2022::65052739,calibration,False,0,normal,1.2920000000000016,0,0.99991846,8.15775e-05,0
sprsound2022::65052739_1.7_1_p3_419__event_004,sprsound2022,sprsound2022::65052739,calibration,False,0,normal,1.193999999999999,0,0.9999347,6.5362525e-05,0
sprsound2022::65052739_1.7_1_p4_420__event_000,sprsound2022,sprsound2022::65052739,calibration,False,0,normal,0.9540000000000006,0,0.9996698,0.0003301971,0
sprsound2022::65052739_1.7_1_p4_420__event_001,sprsound2022,sprsound2022::65052739,calibration,False,0,normal,1.6449999999999996,0,0.999948,5.1927793e-05,0
sprsound2022::65052739_1.7_1_p4_420__event_002,sprsound2022,sprsound2022::65052739,calibration,False,0,normal,1.0149999999999997,0,0.9995109,0.0004891157,0
sprsound2022::65052739_1.7_1_p4_420__event_003,sprsound2022,sprsound2022::65052739,calibration,False,0,normal,1.1929999999999996,0,0.9996388,0.00036119387,0
sprsound2022::65052739_1.7_1_p4_420__event_004,sprsound2022,sprsound2022::65052739,calibration,False,0,normal,1.668,0,0.99950266,0.00049732416,0
sprsound2022::65052739_1.7_1_p4_420__event_005,sprsound2022,sprsound2022::65052739,calibration,False,0,normal,1.6390000000000002,0,0.9996953,0.00030471382,0
sprsound2022::65063170_5.1_0_p4_484__event_000,sprsound2022,sprsound2022::65063170,calibration,False,0,normal,1.481,0,0.9997657,0.00023426265,0
sprsound2022::65063170_5.1_0_p4_484__event_001,sprsound2022,sprsound2022::65063170,calibration,False,0,normal,1.4520000000000004,0,0.9998535,0.00014650308,0
sprsound2022::65064302_3.2_1_p1_1093__event_000,sprsound2022,sprsound2022::65064302,calibration,False,0,normal,1.9000000000000004,0,0.999824,0.00017601525,0
sprsound2022::65064302_3.2_1_p1_1093__event_001,sprsound2022,sprsound2022::65064302,calibration,False,0,normal,1.779,0,0.99948454,0.000515444,0
sprsound2022::65064302_3.2_1_p1_1093__event_002,sprsound2022,sprsound2022::65064302,calibration,False,0,normal,1.5510000000000002,0,0.9997098,0.0002901553,0
sprsound2022::65064302_3.2_1_p1_1093__event_003,sprsound2022,sprsound2022::65064302,calibration,False,0,normal,1.4689999999999994,0,0.99991024,8.9815505e-05,0
sprsound2022::65064302_3.2_1_p1_1093__event_004,sprsound2022,sprsound2022::65064302,calibration,False,0,normal,1.1580000000000013,0,0.99852127,0.0014786919,0
sprsound2022::65064302_3.2_1_p1_1093__event_005,sprsound2022,sprsound2022::65064302,calibration,False,0,normal,1.543,0,0.999681,0.00031903174,0
sprsound2022::65064302_3.2_1_p2_1094__event_000,sprsound2022,sprsound2022::65064302,calibration,False,0,normal,1.543,0,0.99972326,0.00027677155,0
sprsound2022::65064302_3.2_1_p2_1094__event_001,sprsound2022,sprsound2022::65064302,calibration,False,0,normal,1.5409999999999997,0,0.99975616,0.00024381494,0
sprsound2022::65064302_3.2_1_p2_1094__event_002,sprsound2022,sprsound2022::65064302,calibration,False,0,normal,1.3760000000000003,0,0.999696,0.0003039977,0
sprsound2022::65064302_3.2_1_p2_1094__event_003,sprsound2022,sprsound2022::65064302,calibration,False,0,normal,1.293,0,0.9997447,0.00025533393,0
sprsound2022::65064302_3.2_1_p2_1094__event_004,sprsound2022,sprsound2022::65064302,calibration,False,0,normal,1.482000000000001,0,0.9979552,0.0020447935,0
sprsound2022::65064302_3.2_1_p2_1094__event_005,sprsound2022,sprsound2022::65064302,calibration,False,0,normal,1.2609999999999992,0,0.9997732,0.00022676904,0
sprsound2022::65064302_3.2_1_p2_1094__event_006,sprsound2022,sprsound2022::65064302,calibration,False,0,normal,1.2739999999999991,0,0.9998135,0.00018648092,0
sprsound2022::65064302_3.2_1_p2_1094__event_007,sprsound2022,sprsound2022::65064302,calibration,False,0,normal,0.697000000000001,0,0.9984856,0.0015143704,0
sprsound2022::65064302_3.2_1_p4_1096__event_000,sprsound2022,sprsound2022::65064302,calibration,False,0,normal,1.47,0,0.99977595,0.0002240416,0
sprsound2022::65064302_3.2_1_p4_1096__event_001,sprsound2022,sprsound2022::65064302,calibration,False,0,normal,1.3640000000000008,0,0.9998759,0.00012405336,0
sprsound2022::65064302_3.2_1_p4_1096__event_002,sprsound2022,sprsound2022::65064302,calibration,False,0,normal,1.4620000000000002,0,0.9993432,0.0006567789,0
sprsound2022::65064302_3.2_1_p4_1096__event_003,sprsound2022,sprsound2022::65064302,calibration,False,0,normal,1.37,0,0.99177,0.008229962,0
sprsound2022::65064302_3.2_1_p4_1096__event_004,sprsound2022,sprsound2022::65064302,calibration,False,0,normal,0.9419999999999984,0,0.999129,0.0008709639,0
sprsound2022::65064302_3.2_1_p4_1096__event_005,sprsound2022,sprsound2022::65064302,calibration,False,0,normal,1.6760000000000002,0,0.9987251,0.0012749078,0
sprsound2022::65064302_3.2_1_p4_1096__event_006,sprsound2022,sprsound2022::65064302,calibration,False,0,normal,1.606999999999999,0,0.861184,0.13881606,0
sprsound2022::65068248_2.2_0_p1_1201__event_000,sprsound2022,sprsound2022::65068248,calibration,False,0,normal,1.1509999999999998,0,0.9998665,0.00013354476,0
sprsound2022::65068248_2.2_0_p1_1201__event_001,sprsound2022,sprsound2022::65068248,calibration,False,0,normal,1.766,0,0.9998969,0.000103117454,0
sprsound2022::65068248_2.2_0_p1_1201__event_002,sprsound2022,sprsound2022::65068248,calibration,False,0,normal,0.6029999999999998,0,0.99959165,0.000408415,0
sprsound2022::65068248_2.2_0_p1_1236__event_000,sprsound2022,sprsound2022::65068248,calibration,False,0,normal,1.034,0,0.4037081,0.5962919,1
sprsound2022::65068248_2.2_0_p1_1236__event_001,sprsound2022,sprsound2022::65068248,calibration,False,0,normal,1.0299999999999998,0,0.9852566,0.014743352,0
sprsound2022::65068248_2.2_0_p2_1177__event_000,sprsound2022,sprsound2022::65068248,calibration,False,1,fine_crackle,1.1370000000000005,1,0.99526465,0.0047353534,0
sprsound2022::65068248_2.2_0_p2_1177__event_001,sprsound2022,sprsound2022::65068248,calibration,False,1,fine_crackle,1.048,1,0.78830624,0.21169372,0
sprsound2022::65068248_2.2_0_p2_1177__event_002,sprsound2022,sprsound2022::65068248,calibration,False,0,normal,1.99,0,0.99922717,0.0007728719,0
sprsound2022::65068248_2.2_0_p2_1177__event_003,sprsound2022,sprsound2022::65068248,calibration,False,0,normal,1.878,0,0.998212,0.0017880057,0
sprsound2022::65068248_2.2_0_p2_1248__event_000,sprsound2022,sprsound2022::65068248,calibration,False,0,normal,1.1980000000000004,0,0.98943883,0.010561127,0
sprsound2022::65068248_2.2_0_p2_1248__event_001,sprsound2022,sprsound2022::65068248,calibration,False,0,normal,0.782,0,0.05506973,0.94493026,1
sprsound2022::65068248_2.2_0_p4_1259__event_000,sprsound2022,sprsound2022::65068248,calibration,False,0,normal,1.152,0,0.99955875,0.00044121908,0
sprsound2022::65068248_2.2_0_p4_1259__event_001,sprsound2022,sprsound2022::65068248,calibration,False,0,normal,1.0810000000000004,0,0.8839872,0.11601276,0
sprsound2022::65068248_2.2_0_p4_1259__event_002,sprsound2022,sprsound2022::65068248,calibration,False,0,normal,0.9689999999999994,0,0.025385942,0.974614,1
sprsound2022::65080696_11.1_1_p1_1873__event_000,sprsound2022,sprsound2022::65080696,calibration,False,0,normal,2.0380000000000003,0,0.99628407,0.0037160027,0
sprsound2022::65080696_11.1_1_p1_1934__event_000,sprsound2022,sprsound2022::65080696,calibration,False,0,normal,1.67,0,0.9998166,0.00018338021,0
sprsound2022::65080696_11.1_1_p1_1934__event_001,sprsound2022,sprsound2022::65080696,calibration,False,0,normal,1.666,0,0.9993026,0.00069740345,0
sprsound2022::65080696_11.1_1_p1_1934__event_002,sprsound2022,sprsound2022::65080696,calibration,False,0,normal,1.5909999999999993,0,0.9979462,0.002053765,0
sprsound2022::65080696_11.1_1_p2_1890__event_000,sprsound2022,sprsound2022::65080696,calibration,False,0,normal,1.1500000000000004,0,0.7028612,0.29713884,0
sprsound2022::65080696_11.1_1_p2_1890__event_001,sprsound2022,sprsound2022::65080696,calibration,False,0,normal,3.727,0,0.9999126,8.7389264e-05,0
sprsound2022::65080696_11.1_1_p2_1927__event_000,sprsound2022,sprsound2022::65080696,calibration,False,0,normal,2.029,0,0.99883956,0.0011605027,0
sprsound2022::65080696_11.1_1_p2_1927__event_001,sprsound2022,sprsound2022::65080696,calibration,False,0,normal,1.1340000000000003,0,0.9815196,0.018480387,0
sprsound2022::65080696_11.1_1_p2_1927__event_002,sprsound2022,sprsound2022::65080696,calibration,False,0,normal,3.5649999999999995,0,0.999969,3.0936495e-05,0
sprsound2022::65080696_11.1_1_p2_1960__event_000,sprsound2022,sprsound2022::65080696,calibration,False,0,normal,1.37,0,0.98677814,0.013221902,0
sprsound2022::65080696_11.1_1_p2_1960__event_001,sprsound2022,sprsound2022::65080696,calibration,False,0,normal,1.7700000000000005,0,0.98294556,0.017054468,0
sprsound2022::65080696_11.1_1_p3_1911__event_000,sprsound2022,sprsound2022::65080696,calibration,False,0,normal,1.648,0,0.9237204,0.07627958,0
sprsound2022::65080696_11.1_1_p3_1911__event_001,sprsound2022,sprsound2022::65080696,calibration,False,0,normal,0.8410000000000002,0,0.8660231,0.13397688,0
sprsound2022::65080696_11.1_1_p3_1911__event_002,sprsound2022,sprsound2022::65080696,calibration,False,0,normal,2.2249999999999996,0,0.9999274,7.261117e-05,0
sprsound2022::65080696_11.1_1_p4_1831__event_000,sprsound2022,sprsound2022::65080696,calibration,False,1,fine_crackle,0.8040000000000003,1,0.013431452,0.98656857,1
sprsound2022::65080696_11.1_1_p4_1831__event_001,sprsound2022,sprsound2022::65080696,calibration,False,0,normal,2.5069999999999997,0,0.99997735,2.2623928e-05,0
sprsound2022::65080696_11.1_1_p4_1955__event_000,sprsound2022,sprsound2022::65080696,calibration,False,0,normal,1.444,0,0.9996842,0.0003158037,0
