coverage,error_risk,uncertainty
0.0003480682213713888,0.0,0.16489182222326984
0.0006961364427427776,0.0,0.20460057338397267
0.0010442046641141664,0.0,0.20510810436389887
0.0013922728854855553,0.25,0.2322035970854993
0.001740341106856944,0.2,0.23334590128352922
0.002088409328228333,0.16666666666666666,0.23534648180305592
0.0024364775495997215,0.2857142857142857,0.24623503718775874
0.0027845457709711106,0.25,0.24983518527948534
0.003132613992342499,0.3333333333333333,0.25167098090530454
0.003480682213713888,0.3,0.2583407757438935
0.0038287504350852765,0.36363636363636365,0.2693632103282225
0.004176818656456666,0.3333333333333333,0.2739975612020947
0.004524886877828055,0.3076923076923077,0.27475556087914255
0.004872955099199443,0.35714285714285715,0.2768131771713272
0.005221023320570832,0.3333333333333333,0.27944979692512856
0.005569091541942221,0.3125,0.28239625242764843
0.005917159763313609,0.29411764705882354,0.28578213950533815
0.006265227984684998,0.2777777777777778,0.28865056792087196
0.006613296206056387,0.2631578947368421,0.28967630756646656
0.006961364427427776,0.25,0.2911567173035677
0.007309432648799165,0.2857142857142857,0.297163667383704
0.007657500870170553,0.3181818181818182,0.29803104713753026
0.008005569091541943,0.34782608695652173,0.32090315180984447
0.008353637312913331,0.3333333333333333,0.3210901462856196
0.00870170553428472,0.32,0.3256047523525272
0.00904977375565611,0.3076923076923077,0.3302997752348139
0.009397841977027498,0.3333333333333333,0.33167244964250914
0.009745910198398886,0.32142857142857145,0.3322663469170965
0.010093978419770276,0.3103448275862069,0.33245315639596384
0.010442046641141664,0.3,0.33269835673695364
0.010790114862513052,0.2903225806451613,0.3330982398258782
0.011138183083884442,0.28125,0.3366479848869407
0.01148625130525583,0.30303030303030304,0.336677814062326
0.011834319526627219,0.29411764705882354,0.34016217876390886
0.012182387747998607,0.2857142857142857,0.3401799949102547
0.012530455969369997,0.2777777777777778,0.3466811694719641
0.012878524190741385,0.2702702702702703,0.3492753383935818
0.013226592412112773,0.2894736842105263,0.35226826646865905
0.013574660633484163,0.28205128205128205,0.3542146850743951
0.013922728854855551,0.3,0.3569661810582153
0.01427079707622694,0.2926829268292683,0.3589440803602498
0.01461886529759833,0.2857142857142857,0.3641062345267737
0.014966933518969718,0.3023255813953488,0.3641317719422071
0.015315001740341106,0.3181818181818182,0.3653184600313667
0.015663069961712496,0.3111111111111111,0.36735248570696766
0.016011138183083886,0.30434782608695654,0.3675029516957863
0.016359206404455272,0.3191489361702128,0.36879505643539856
0.016707274625826662,0.3125,0.37356053009738577
0.017055342847198052,0.30612244897959184,0.3802354399563439
0.01740341106856944,0.3,0.3809265592640514
0.01775147928994083,0.29411764705882354,0.38294081062761137
0.01809954751131222,0.28846153846153844,0.3830964000451083
0.018447615732683605,0.2830188679245283,0.3835397103501132
0.018795683954054995,0.2777777777777778,0.38435853660776853
0.019143752175426385,0.2727272727272727,0.3844523616129194
0.01949182039679777,0.26785714285714285,0.3877665608032597
0.01983988861816916,0.2631578947368421,0.3926271324683053
0.02018795683954055,0.25862068965517243,0.39625287489254984
0.020536025060911938,0.2542372881355932,0.4006036140193692
0.020884093282283328,0.25,0.4012964924648025
0.021232161503654718,0.2459016393442623,0.403073828424682
0.021580229725026105,0.24193548387096775,0.4041124677339144
0.021928297946397494,0.25396825396825395,0.4048922778173279
0.022276366167768884,0.25,0.4061379159153211
0.02262443438914027,0.24615384615384617,0.40631062542569846
0.02297250261051166,0.24242424242424243,0.40636603955972667
0.023320570831883047,0.23880597014925373,0.407502778788712
0.023668639053254437,0.23529411764705882,0.4081371804823611
0.024016707274625827,0.2463768115942029,0.4111117221702832
0.024364775495997214,0.2571428571428571,0.4151277045087715
0.024712843717368604,0.2535211267605634,0.4152138083138936
0.025060911938739994,0.2638888888888889,0.4168553114614752
0.02540898016011138,0.2602739726027397,0.41706666989378416
0.02575704838148277,0.2702702702702703,0.41890757405755147
0.02610511660285416,0.26666666666666666,0.41906224235838263
0.026453184824225547,0.2631578947368421,0.41942981880543884
0.026801253045596937,0.2597402597402597,0.41969000062037165
0.027149321266968326,0.2692307692307692,0.4199024029892823
0.027497389488339713,0.26582278481012656,0.42152115557617015
0.027845457709711103,0.275,0.4219940819007805
0.028193525931082493,0.2716049382716049,0.4230244969016138
0.02854159415245388,0.2682926829268293,0.42355455426534944
0.02888966237382527,0.26506024096385544,0.4241246679944066
0.02923773059519666,0.2619047619047619,0.42483989947667444
0.029585798816568046,0.25882352941176473,0.42866675597591425
0.029933867037939436,0.2558139534883721,0.4289536625635288
0.030281935259310826,0.25287356321839083,0.4348093852925028
0.030630003480682212,0.25,0.43517235865921977
0.030978071702053602,0.24719101123595505,0.43573413110116577
0.03132613992342499,0.24444444444444444,0.43686952246467164
0.03167420814479638,0.24175824175824176,0.4371084481179292
0.03202227636616777,0.2391304347826087,0.4373178869196317
0.03237034458753916,0.23655913978494625,0.4375690200645322
0.032718412808910545,0.23404255319148937,0.4391100620145647
0.03306648103028194,0.23157894736842105,0.43919874756160154
0.033414549251653325,0.22916666666666666,0.441517860390954
0.03376261747302471,0.2268041237113402,0.4417803687413442
0.034110685694396105,0.22448979591836735,0.44430620532059406
0.03445875391576749,0.2222222222222222,0.4459545520577067
0.03480682213713888,0.22,0.4465268014065503
0.03515489035851027,0.21782178217821782,0.44817679645394076
0.03550295857988166,0.21568627450980393,0.4494317865170475
0.035851026801253044,0.22330097087378642,0.44999316645603443
0.03619909502262444,0.22115384615384615,0.45003301587521594
0.036547163243995824,0.21904761904761905,0.4514184226444343
0.03689523146536721,0.2169811320754717,0.45184080677947086
0.037243299686738604,0.21495327102803738,0.4536718350995965
0.03759136790810999,0.21296296296296297,0.45389946336904013
0.03793943612948138,0.21100917431192662,0.45556078989781496
0.03828750435085277,0.20909090909090908,0.45611849990604925
0.03863557257222416,0.21621621621621623,0.4571519183907921
0.03898364079359554,0.21428571428571427,0.45768697998260677
0.03933170901496694,0.21238938053097345,0.45971438084666905
0.03967977723633832,0.21052631578947367,0.4602145018252
0.04002784545770971,0.20869565217391303,0.46136692995764506
0.0403759136790811,0.20689655172413793,0.46185346613156025
0.04072398190045249,0.20512820512820512,0.4620817604839018
0.041072050121823876,0.2033898305084746,0.4625385003049148
0.04142011834319527,0.20168067226890757,0.46257252724400655
0.041768186564566656,0.2,0.4634521740568198
0.04211625478593804,0.2066115702479339,0.4645378517906223
0.042464323007309436,0.20491803278688525,0.46498051435614296
0.04281239122868082,0.21138211382113822,0.4652912404585032
0.04316045945005221,0.20967741935483872,0.4658275159895006
0.0435085276714236,0.208,0.4672238903309068
0.04385659589279499,0.20634920634920634,0.47013264694687285
0.044204664114166375,0.2047244094488189,0.47079836961147997
0.04455273233553777,0.2109375,0.47329726682991885
0.044900800556909155,0.20930232558139536,0.47606446508682787
0.04524886877828054,0.2076923076923077,0.47618401047624026
0.04559693699965193,0.20610687022900764,0.47647499333478455
0.04594500522102332,0.21212121212121213,0.47794722967306447
0.04629307344239471,0.21052631578947367,0.4782463785626449
0.046641141663766095,0.208955223880597,0.47901512843167876
0.04698920988513749,0.2074074074074074,0.4835693906572174
0.047337278106508875,0.20588235294117646,0.4849769883630997
0.04768534632788026,0.20437956204379562,0.4850960295116228
0.048033414549251655,0.2028985507246377,0.48595300541095926
0.04838148277062304,0.2014388489208633,0.48648483450394364
0.04872955099199443,0.2,0.48733949347839883
0.04907761921336582,0.19858156028368795,0.488195294125552
0.04942568743473721,0.19718309859154928,0.4883663898450819
0.049773755656108594,0.1958041958041958,0.48914130885281853
0.05012182387747999,0.19444444444444445,0.4893274438645718
0.050469892098851374,0.19310344827586207,0.4898350004945837
0.05081796032022276,0.1917808219178082,0.48999901385812306
0.051166028541594154,0.19727891156462585,0.49046344152409144
0.05151409676296554,0.20270270270270271,0.49111522784605044
0.05186216498433693,0.2080536912751678,0.49342144828430984
0.05221023320570832,0.21333333333333335,0.4952643070412925
0.05255830142707971,0.2119205298013245,0.496292379417854
0.05290636964845109,0.21710526315789475,0.4963366528408513
0.05325443786982249,0.21568627450980393,0.4969598895671546
0.05360250609119387,0.21428571428571427,0.4971328563804207
0.05395057431256526,0.2129032258064516,0.49722993710258606
0.05429864253393665,0.21794871794871795,0.4986555554143406
0.05464671075530804,0.21656050955414013,0.5001210493601344
0.054994778976679426,0.21518987341772153,0.5025319000235785
0.05534284719805082,0.2138364779874214,0.50272710513739
0.055690915419422206,0.2125,0.5029901291234383
0.05603898364079359,0.2111801242236025,0.5032962955869908
0.056387051862164986,0.20987654320987653,0.5043114261256056
0.05673512008353637,0.2085889570552147,0.5056673698531774
0.05708318830490776,0.2073170731707317,0.5056699196731034
0.05743125652627915,0.20606060606060606,0.506647149369857
0.05777932474765054,0.20481927710843373,0.5076424729786707
0.058127392969021925,0.20958083832335328,0.5085167164137447
0.05847546119039332,0.20833333333333334,0.5087797705040815
0.058823529411764705,0.20710059171597633,0.5088707578424622
0.05917159763313609,0.20588235294117646,0.5092644170977292
0.059519665854507485,0.2046783625730994,0.5094393407237459
0.05986773407587887,0.20348837209302326,0.5110209976957201
0.06021580229725026,0.2023121387283237,0.5111266825027164
0.06056387051862165,0.20114942528735633,0.5127139742081953
0.06091193873999304,0.2,0.5139733347616253
0.061260006961364424,0.19886363636363635,0.5143585969252519
0.06160807518273582,0.1977401129943503,0.5149716774274452
0.061956143404107204,0.19662921348314608,0.5155253319740628
0.06230421162547859,0.19553072625698323,0.5157178466943115
0.06265227984684998,0.19444444444444445,0.5171831271631814
0.06300034806822137,0.19889502762430938,0.5185320732780613
0.06334841628959276,0.2032967032967033,0.5189901632075773
0.06369648451096414,0.20218579234972678,0.5198492202158029
0.06404455273233554,0.20108695652173914,0.5211900570845108
0.06439262095370693,0.2,0.5215347872301603
0.06474068917507832,0.1989247311827957,0.5216127039795218
0.0650887573964497,0.19786096256684493,0.5222052842743701
0.06543682561782109,0.19680851063829788,0.522389951794963
0.06578489383919248,0.19576719576719576,0.5238955816488904
0.06613296206056388,0.2,0.5246150323798507
0.06648103028193526,0.19895287958115182,0.5247912709598892
0.06682909850330665,0.19791666666666666,0.5248585145252818
0.06717716672467804,0.19689119170984457,0.5254050932792136
0.06752523494604942,0.1958762886597938,0.5264874630876135
0.06787330316742081,0.19487179487179487,0.5270712150484261
0.06822137138879221,0.19387755102040816,0.5271483795514106
0.0685694396101636,0.19796954314720813,0.5279836179047726
0.06891750783153498,0.19696969696969696,0.5302033768855278
0.06926557605290637,0.19597989949748743,0.5302357694563613
0.06961364427427776,0.195,0.5306167694020166
0.06996171249564914,0.19900497512437812,0.5308656038854626
0.07030978071702054,0.19801980198019803,0.5311712541080674
0.07065784893839193,0.19704433497536947,0.5318704415052316
0.07100591715976332,0.20098039215686275,0.5324180320538372
0.0713539853811347,0.2,0.5326402760986081
0.07170205360250609,0.19902912621359223,0.5328566935958053
0.07205012182387747,0.19806763285024154,0.533128511581432
0.07239819004524888,0.1971153846153846,0.5332161155270615
0.07274625826662026,0.20095693779904306,0.5337492871086954
0.07309432648799165,0.2,0.5348507663957067
0.07344239470936303,0.2037914691943128,0.5353267453919986
0.07379046293073442,0.20754716981132076,0.535726606408292
0.07413853115210581,0.20657276995305165,0.5368651737048089
0.07448659937347721,0.2102803738317757,0.5374301194654668
0.0748346675948486,0.20930232558139536,0.537662829071849
0.07518273581621998,0.20833333333333334,0.5384123748859294
0.07553080403759137,0.2073732718894009,0.5390675924965906
0.07587887225896275,0.20642201834862386,0.5398537502427418
0.07622694048033414,0.2054794520547945,0.5404747985082543
0.07657500870170554,0.20909090909090908,0.5416969776317664
0.07692307692307693,0.2081447963800905,0.5418463152739975
0.07727114514444831,0.2072072072072072,0.5424628841716825
0.0776192133658197,0.2062780269058296,0.5425878555707805
0.07796728158719109,0.20535714285714285,0.5432851710284842
0.07831534980856247,0.20444444444444446,0.5433829460158315
0.07866341802993387,0.20353982300884957,0.5437151487000034
0.07901148625130526,0.2026431718061674,0.5439882093078976
0.07935955447267665,0.20614035087719298,0.5442818703767023
0.07970762269404803,0.2052401746724891,0.5444000228905131
0.08005569091541942,0.20869565217391303,0.5449868311854166
0.0804037591367908,0.2077922077922078,0.5451155703054582
0.0807518273581622,0.20689655172413793,0.5462546106416566
0.08109989557953359,0.20600858369098712,0.5467241838176309
0.08144796380090498,0.2094017094017094,0.5474322556522818
0.08179603202227637,0.20851063829787234,0.5474542210689896
0.08214410024364775,0.2076271186440678,0.5494152294441387
0.08249216846501914,0.20675105485232068,0.5500474660937472
0.08284023668639054,0.20588235294117646,0.55222871365805
0.08318830490776193,0.20502092050209206,0.5524245556481793
0.08353637312913331,0.20416666666666666,0.552558120444464
0.0838844413505047,0.2033195020746888,0.5527965952941846
0.08423250957187609,0.2024793388429752,0.5530124203038523
0.08458057779324747,0.205761316872428,0.5536109935830302
0.08492864601461887,0.20901639344262296,0.5539231436021738
0.08527671423599026,0.20816326530612245,0.5539855892794825
0.08562478245736165,0.21138211382113822,0.5541858037511962
0.08597285067873303,0.21052631578947367,0.5550186876774567
0.08632091890010442,0.20967741935483872,0.5557263647364864
0.0866689871214758,0.21285140562248997,0.5557285510789081
0.0870170553428472,0.212,0.5560784852160874
0.08736512356421859,0.21115537848605578,0.5561354163622857
0.08771319178558998,0.21428571428571427,0.5567996388145365
0.08806126000696136,0.2134387351778656,0.5574957130579422
0.08840932822833275,0.2125984251968504,0.5582704652037423
0.08875739644970414,0.21176470588235294,0.5585736785424964
0.08910546467107554,0.2109375,0.5587556851738462
0.08945353289244692,0.2140077821011673,0.5595115356517161
0.08980160111381831,0.2131782945736434,0.5599418496227896
0.0901496693351897,0.21235521235521235,0.5603126375445519
0.09049773755656108,0.21153846153846154,0.5604455859987556
0.09084580577793247,0.21455938697318008,0.5608815064136827
0.09119387399930386,0.21755725190839695,0.5614953507729785
0.09154194222067526,0.21673003802281368,0.5616932678250771
0.09189001044204664,0.2159090909090909,0.5628362467583646
0.09223807866341803,0.2188679245283019,0.5630828716635052
0.09258614688478942,0.21804511278195488,0.564087927156899
0.0929342151061608,0.21722846441947566,0.56490522123383
0.09328228332753219,0.22014925373134328,0.5655800052975769
0.09363035154890359,0.22304832713754646,0.5661633131041401
0.09397841977027498,0.2222222222222222,0.566826169476436
0.09432648799164636,0.22140221402214022,0.567574897366493
0.09467455621301775,0.22058823529411764,0.5680043767519585
0.09502262443438914,0.21978021978021978,0.568130590370028
0.09537069265576052,0.21897810218978103,0.5685326317676985
0.09571876087713192,0.21818181818181817,0.568783241498956
0.09606682909850331,0.21739130434782608,0.5690392489693842
0.0964148973198747,0.21660649819494585,0.5695151414595235
0.09676296554124608,0.2158273381294964,0.5698653624586543
0.09711103376261747,0.21505376344086022,0.5701124703297923
0.09745910198398886,0.21785714285714286,0.5707895358975241
0.09780717020536026,0.21708185053380782,0.5709601068462322
0.09815523842673164,0.21631205673758866,0.5711579752685821
0.09850330664810303,0.21554770318021202,0.5712882628340697
0.09885137486947441,0.2147887323943662,0.5713665483765208
0.0991994430908458,0.21403508771929824,0.5720105160153212
0.09954751131221719,0.21678321678321677,0.5721258101795025
0.09989557953358859,0.21602787456445993,0.5723176791809527
0.10024364775495997,0.2152777777777778,0.5727577001918911
0.10059171597633136,0.21453287197231835,0.5731904691568797
0.10093978419770275,0.21379310344827587,0.5732083448973216
0.10128785241907413,0.21305841924398625,0.5734075894859088
0.10163592064044552,0.21232876712328766,0.5734196464412025
0.10198398886181692,0.21160409556313994,0.5736335234888513
0.10233205708318831,0.2108843537414966,0.5737545483015684
0.1026801253045597,0.21016949152542372,0.574272423591459
0.10302819352593108,0.20945945945945946,0.5746515383141588
0.10337626174730247,0.20875420875420875,0.5746968164755769
0.10372432996867385,0.2080536912751678,0.5752500899214096
0.10407239819004525,0.20735785953177258,0.5752565239219241
0.10442046641141664,0.20666666666666667,0.5764808839865723
0.10476853463278803,0.20930232558139536,0.5769119799003591
0.10511660285415941,0.20860927152317882,0.5782271057404478
0.1054646710755308,0.2079207920792079,0.5783291397898724
0.10581273929690219,0.21052631578947367,0.5784350205104327
0.10616080751827359,0.21311475409836064,0.5789837325394501
0.10650887573964497,0.21568627450980393,0.5805925902055195
0.10685694396101636,0.21498371335504887,0.5808820888102185
0.10720501218238775,0.21428571428571427,0.5808845273588075
0.10755308040375913,0.21359223300970873,0.5809981568502075
0.10790114862513052,0.2129032258064516,0.5811425608206905
0.10824921684650192,0.21221864951768488,0.5812363212694436
0.1085972850678733,0.21474358974358973,0.5815094307350065
0.10894535328924469,0.21405750798722045,0.5816027391266927
0.10929342151061608,0.21337579617834396,0.5820159653156705
0.10964148973198747,0.2126984126984127,0.5821304753092371
0.10998955795335885,0.21518987341772153,0.5822888023735977
0.11033762617473025,0.21451104100946372,0.5828257938331655
0.11068569439610164,0.2138364779874214,0.5832456570044557
0.11103376261747303,0.21630094043887146,0.5849384707440044
0.11138183083884441,0.215625,0.5851269264844261
0.1117298990602158,0.21806853582554517,0.5857467100721894
0.11207796728158718,0.2204968944099379,0.5881480160560172
0.11242603550295859,0.21981424148606812,0.5886443393230812
0.11277410372432997,0.2191358024691358,0.5888038575867345
0.11312217194570136,0.21846153846153846,0.5891935821890079
0.11347024016707274,0.21779141104294478,0.5896210959104639
0.11381830838844413,0.21712538226299694,0.5898004290337415
0.11416637660981552,0.21646341463414634,0.5898075353281883
0.11451444483118692,0.21580547112462006,0.5904978757447699
0.1148625130525583,0.21515151515151515,0.5908146518370897
0.11521058127392969,0.21450151057401812,0.5932368208520774
0.11555864949530108,0.21385542168674698,0.5935652300035391
0.11590671771667246,0.2132132132132132,0.5947142371925233
0.11625478593804385,0.2155688622754491,0.5948940795187261
0.11660285415941525,0.21492537313432836,0.5957060510866857
0.11695092238078664,0.21726190476190477,0.5961790139352179
0.11729899060215802,0.2166172106824926,0.5965233924951516
0.11764705882352941,0.21893491124260356,0.5970738742963527
0.1179951270449008,0.2182890855457227,0.5972954953660901
0.11834319526627218,0.21764705882352942,0.5977577479029088
0.11869126348764358,0.21700879765395895,0.5980436056950984
0.11903933170901497,0.21637426900584794,0.5980983455594735
0.11938739993038636,0.21574344023323616,0.5987569970121944
0.11973546815175774,0.21511627906976744,0.5988107645716384
0.12008353637312913,0.21739130434782608,0.5994219532825003
0.12043160459450052,0.21676300578034682,0.5999349680813505
0.12077967281587192,0.21613832853025935,0.6002805775847558
0.1211277410372433,0.21551724137931033,0.6005273107515074
0.12147580925861469,0.2148997134670487,0.6006322641535669
0.12182387747998608,0.21428571428571427,0.6006502250314045
0.12217194570135746,0.21652421652421652,0.6009688959730357
0.12252001392272885,0.2159090909090909,0.6013830119829665
0.12286808214410025,0.21529745042492918,0.6020001576580175
0.12321615036547164,0.21468926553672316,0.6023827770219945
0.12356421858684302,0.2140845070422535,0.6027987853089736
0.12391228680821441,0.21348314606741572,0.603924171842392
0.1242603550295858,0.21288515406162464,0.6040938161544438
0.12460842325095718,0.2122905027932961,0.6044721914447607
0.12495649147232858,0.2116991643454039,0.6047046531043104
0.12530455969369997,0.2111111111111111,0.6049319167190332
0.12565262791507134,0.21329639889196675,0.6061017066106478
0.12600069613644274,0.212707182320442,0.6068477362060629
0.12634876435781414,0.21212121212121213,0.6069981785943668
0.12669683257918551,0.21153846153846154,0.6074584195974625
0.12704490080055691,0.2136986301369863,0.607468012806844
0.1273929690219283,0.21311475409836064,0.6075024867921776
0.1277410372432997,0.2125340599455041,0.6076224659795676
0.1280891054646711,0.21467391304347827,0.607630987410453
0.12843717368604246,0.21680216802168023,0.607660670544195
0.12878524190741386,0.21621621621621623,0.6080767706870575
0.12913331012878523,0.2183288409703504,0.6085913748165246
0.12948137835015663,0.21774193548387097,0.6089749290899581
0.129829446571528,0.21715817694369974,0.6096243774224424
0.1301775147928994,0.2192513368983957,0.6107261717760724
0.1305255830142708,0.21866666666666668,0.6108594701485869
0.13087365123564218,0.21808510638297873,0.611120805631112
0.13122171945701358,0.22015915119363394,0.61113571351309
0.13156978767838495,0.21957671957671956,0.6111782416244205
0.13191785589975635,0.21899736147757257,0.6123053762819547
0.13226592412112775,0.21842105263157896,0.6124820136525112
0.13261399234249913,0.2204724409448819,0.612507008783841
0.13296206056387053,0.2198952879581152,0.612742798275352
0.1333101287852419,0.2193211488250653,0.6127570399524628
0.1336581970066133,0.21875,0.6130454149181829
0.13400626522798467,0.21818181818181817,0.6134258343942602
0.13435433344935607,0.21761658031088082,0.6138482130334834
0.13470240167072747,0.21705426356589147,0.6152415155900783
0.13505046989209885,0.2190721649484536,0.6160074208553801
0.13539853811347025,0.2210796915167095,0.6162121591019939
0.13574660633484162,0.2230769230769231,0.6162645039140066
0.13609467455621302,0.22250639386189258,0.6162706064891521
0.13644274277758442,0.22448979591836735,0.6164221471492762
0.1367908109989558,0.22391857506361323,0.6164557524033353
0.1371388792203272,0.2233502538071066,0.6166650498669709
0.13748694744169856,0.22278481012658227,0.6170400867286158
0.13783501566306997,0.2222222222222222,0.6171118800103997
0.13818308388444134,0.2216624685138539,0.6171751534251596
0.13853115210581274,0.2236180904522613,0.6173887486617083
0.13887922032718414,0.22305764411027568,0.6173996753236626
0.1392272885485555,0.2225,0.617804189626291
0.1395753567699269,0.22194513715710723,0.6180504803356545
0.13992342499129828,0.22139303482587064,0.6180834548953948
0.14027149321266968,0.22084367245657568,0.6182123094071743
0.14061956143404108,0.2202970297029703,0.6184420873890899
0.14096762965541246,0.21975308641975308,0.6184742588158829
0.14131569787678386,0.21921182266009853,0.6213203580102008
0.14166376609815523,0.21867321867321868,0.6218046245070937
0.14201183431952663,0.2181372549019608,0.6219385139997825
0.142359902540898,0.2176039119804401,0.6221485535106904
0.1427079707622694,0.21951219512195122,0.6221495947354804
0.1430560389836408,0.21897810218978103,0.623876435794404
0.14340410720501218,0.220873786407767,0.624094947672654
0.14375217542638358,0.22033898305084745,0.6251875925007624
0.14410024364775495,0.21980676328502416,0.6256263444804943
0.14444831186912635,0.21927710843373494,0.6258806346251873
0.14479638009049775,0.21875,0.6263132438519533
0.14514444831186912,0.2182254196642686,0.6277542471856361
0.14549251653324052,0.21770334928229665,0.6279187656637617
0.1458405847546119,0.2171837708830549,0.6279752323864897
0.1461886529759833,0.21666666666666667,0.6279958845566834
0.14653672119735467,0.2161520190023753,0.6281169406973096
0.14688478941872607,0.2156398104265403,0.6282595959223682
0.14723285764009747,0.21513002364066194,0.6285624851384443
0.14758092586146884,0.21462264150943397,0.6287901265568269
0.14792899408284024,0.2164705882352941,0.6297070438133371
0.14827706230421162,0.215962441314554,0.6299433352119875
0.14862513052558302,0.21779859484777517,0.6302031903747992
0.14897319874695442,0.21962616822429906,0.6304488998006959
0.1493212669683258,0.2191142191142191,0.6304809671057819
0.1496693351896972,0.2186046511627907,0.6315206378466129
0.15001740341106856,0.21809744779582366,0.6318550575684155
0.15036547163243996,0.2175925925925926,0.6321996173857768
0.15071353985381133,0.21709006928406466,0.6332748867582945
0.15106160807518274,0.21658986175115208,0.6335787156384828
0.15140967629655414,0.2160919540229885,0.6339560244983972
0.1517577445179255,0.21559633027522937,0.634316050431225
0.1521058127392969,0.2151029748283753,0.634393106287509
0.15245388096066828,0.2146118721461187,0.6344149296592193
0.15280194918203968,0.214123006833713,0.6351926634987078
0.15315001740341108,0.2159090909090909,0.6352501365401261
0.15349808562478245,0.21768707482993196,0.6354078962218933
0.15384615384615385,0.2171945701357466,0.636882887314906
0.15419422206752523,0.21670428893905191,0.6376432988561539
0.15454229028889663,0.21846846846846846,0.6377621511532475
0.154890358510268,0.21797752808988763,0.6378747391831687
0.1552384267316394,0.21748878923766815,0.6382784875561115
0.1555864949530108,0.21700223713646533,0.6384551993810891
0.15593456317438217,0.21651785714285715,0.6395288689754902
0.15628263139575357,0.2182628062360802,0.640229843637749
0.15663069961712495,0.21777777777777776,0.6409647791972068
0.15697876783849635,0.21729490022172948,0.6409931895153835
0.15732683605986775,0.2168141592920354,0.6423921876433908
0.15767490428123912,0.2185430463576159,0.6427106961097964
0.15802297250261052,0.21806167400881057,0.6431689454285237
0.1583710407239819,0.21978021978021978,0.6432633085139473
0.1587191089453533,0.21929824561403508,0.6434500446005068
0.15906717716672467,0.2188183807439825,0.6434940531121283
0.15941524538809607,0.2183406113537118,0.6435475264718215
0.15976331360946747,0.2178649237472767,0.6437728267202916
0.16011138183083884,0.21956521739130436,0.6439506970451534
0.16045945005221024,0.21908893709327548,0.6440367137380332
0.1608075182735816,0.22077922077922077,0.6440524811203495
0.161155586494953,0.2203023758099352,0.6450493724723845
0.1615036547163244,0.21982758620689655,0.645050851556252
0.16185172293769579,0.21935483870967742,0.6459698419610503
0.16219979115906719,0.21888412017167383,0.6460555304440074
0.16254785938043856,0.21841541755888652,0.6464224266817816
0.16289592760180996,0.21794871794871795,0.6473018863798791
0.16324399582318133,0.21961620469083157,0.648359976656162
0.16359206404455273,0.21914893617021278,0.648483282189739
0.16394013226592413,0.21868365180467092,0.6485398819994708
0.1642882004872955,0.21822033898305085,0.6487005705484674
0.1646362687086669,0.21987315010570824,0.6487134591964651
0.16498433693003828,0.21940928270042195,0.6488986468600113
0.16533240515140968,0.21894736842105264,0.6489012118152413
0.16568047337278108,0.2184873949579832,0.648958357235475
0.16602854159415245,0.2180293501048218,0.6490513562040385
0.16637660981552385,0.2196652719665272,0.6491297307845323
0.16672467803689522,0.21920668058455114,0.6491740257600729
0.16707274625826662,0.21875,0.6493379696033156
0.167420814479638,0.2182952182952183,0.6493511534265065
0.1677688827010094,0.21784232365145229,0.6494133817142717
0.1681169509223808,0.2194616977225673,0.6500497494087213
0.16846501914375217,0.2190082644628099,0.6502890757720784
0.16881308736512357,0.21855670103092784,0.6509368347285015
0.16916115558649494,0.22016460905349794,0.6511606774167257
0.16950922380786634,0.21971252566735114,0.651346975058735
0.16985729202923774,0.2192622950819672,0.6522435136916385
0.17020536025060912,0.22085889570552147,0.6523139836429236
0.17055342847198052,0.22040816326530613,0.652369489666652
0.1709014966933519,0.219959266802444,0.6526791036356125
0.1712495649147233,0.21951219512195122,0.653028174072414
0.17159763313609466,0.21906693711967545,0.6531329978869457
0.17194570135746606,0.21862348178137653,0.653857866222513
0.17229376957883746,0.21818181818181817,0.6540390995791612
0.17264183780020884,0.21774193548387097,0.6547704815710872
0.17298990602158024,0.2193158953722334,0.6555237964173597
0.1733379742429516,0.21887550200803213,0.6556284160686272
0.173686042464323,0.218436873747495,0.6557389394369523
0.1740341106856944,0.218,0.6560544319702718
0.17438217890706578,0.21756487025948104,0.6567668614449619
0.17473024712843718,0.21713147410358566,0.6567726531011054
0.17507831534980856,0.21868787276341947,0.6568636286730926
0.17542638357117996,0.22023809523809523,0.656921619469896
0.17577445179255133,0.22178217821782178,0.6575525524481184
0.17612252001392273,0.22134387351778656,0.6575686347426148
0.17647058823529413,0.22090729783037474,0.6580139870112905
0.1768186564566655,0.2204724409448819,0.6583834655940084
0.1771667246780369,0.2200392927308448,0.6584809825505087
0.17751479289940827,0.2196078431372549,0.65882562015655
0.17786286112077968,0.22113502935420742,0.658872639080524
0.17821092934215108,0.22265625,0.6590429530855925
0.17855899756352245,0.2222222222222222,0.6595736673386272
0.17890706578489385,0.2237354085603113,0.6600481462669394
0.17925513400626522,0.22330097087378642,0.6607353169050333
0.17960320222763662,0.22286821705426357,0.6610172866673055
0.179951270449008,0.22243713733075435,0.6612945584810089
0.1802993386703794,0.22393822393822393,0.6615772649401348
0.1806474068917508,0.22350674373795762,0.6619394149643516
0.18099547511312217,0.2230769230769231,0.6626515007989912
0.18134354333449357,0.22264875239923224,0.6635890463360277
0.18169161155586494,0.2222222222222222,0.6640843922592274
0.18203967977723634,0.22179732313575526,0.6644683700929793
0.1823877479986077,0.22137404580152673,0.6644993358779543
0.1827358162199791,0.22095238095238096,0.6648263347194265
0.18308388444135051,0.22053231939163498,0.6656101915164946
0.1834319526627219,0.222011385199241,0.665705451216778
0.1837800208840933,0.22348484848484848,0.6661397745150099
0.18412808910546466,0.22306238185255198,0.6662055819893411
0.18447615732683606,0.22452830188679246,0.6665449065944052
0.18482422554820746,0.224105461393597,0.6666622725987114
0.18517229376957883,0.2236842105263158,0.6672946608744242
0.18552036199095023,0.225140712945591,0.6673172154383249
0.1858684302123216,0.22659176029962547,0.6675986417557673
0.186216498433693,0.2261682242990654,0.667621080188185
0.18656456665506438,0.22761194029850745,0.6680061208276364
0.18691263487643578,0.2271880819366853,0.6681520622680999
0.18726070309780718,0.22676579925650558,0.6684574722314784
0.18760877131917855,0.22634508348794063,0.6685643678431807
0.18795683954054995,0.22592592592592592,0.6686609093929897
0.18830490776192133,0.22735674676524953,0.669312902049095
0.18865297598329273,0.22693726937269373,0.6700503642363456
0.18900104420466413,0.2283609576427256,0.6702354263790632
0.1893491124260355,0.22794117647058823,0.6702526875209383
0.1896971806474069,0.22752293577981653,0.6705261517737648
0.19004524886877827,0.2271062271062271,0.6710047545070132
0.19039331709014967,0.22851919561243145,0.671163166505377
0.19074138531152104,0.2281021897810219,0.6711761946979242
0.19108945353289244,0.22768670309653916,0.672283715529718
0.19143752175426385,0.22727272727272727,0.6723974693054097
0.19178558997563522,0.22686025408348456,0.6724946492368559
0.19213365819700662,0.22644927536231885,0.6727235162279975
0.192481726418378,0.22603978300180833,0.6734992468991589
0.1928297946397494,0.22743682310469315,0.6736908317731399
0.1931778628611208,0.22702702702702704,0.6737317938435046
0.19352593108249216,0.22661870503597123,0.6739988396840959
0.19387399930386356,0.22621184919210055,0.6742077067282578
0.19422206752523494,0.22580645161290322,0.6747246637452862
0.19457013574660634,0.22540250447227192,0.6751345349357756
0.1949182039679777,0.225,0.6753433911535485
0.1952662721893491,0.22459893048128343,0.6756914649323884
0.1956143404107205,0.22597864768683273,0.675713101820463
0.19596240863209188,0.22735346358792186,0.6760500099230484
0.19631047685346328,0.22695035460992907,0.6766813402611404
0.19665854507483466,0.22831858407079647,0.6768242289764814
0.19700661329620606,0.22791519434628976,0.6769795396447439
0.19735468151757746,0.2292768959435626,0.6771637016913924
0.19770274973894883,0.22887323943661972,0.6773500999984812
0.19805081796032023,0.23022847100175747,0.6777695441507303
0.1983988861816916,0.22982456140350876,0.6781690700279271
0.198746954403063,0.23117338003502627,0.6789523834631692
0.19909502262443438,0.23251748251748253,0.6790541173734677
0.19944309084580578,0.23211169284467714,0.6797099377243483
0.19979115906717718,0.23170731707317074,0.6798320786794034
0.20013922728854855,0.23130434782608697,0.6801031713417797
0.20048729550991995,0.2326388888888889,0.6806030421887879
0.20083536373129132,0.2339688041594454,0.6810735617923854
0.20118343195266272,0.23529411764705882,0.6812748249665952
0.20153150017403412,0.23488773747841105,0.6814139951079885
0.2018795683954055,0.23448275862068965,0.6817148929640067
0.2022276366167769,0.23407917383820998,0.6817416370390043
0.20257570483814827,0.23539518900343642,0.6818683610033036
0.20292377305951967,0.23499142367066894,0.6819416085134691
0.20327184128089104,0.2345890410958904,0.6822182046386909
0.20361990950226244,0.2341880341880342,0.6823250798273068
0.20396797772363384,0.23378839590443687,0.6826309891505673
0.20431604594500521,0.23339011925042588,0.6826478953497604
0.20466411416637662,0.23299319727891157,0.6829892168124084
0.205012182387748,0.23259762308998302,0.6831219611679756
0.2053602506091194,0.23389830508474577,0.6837263001558559
0.2057083188304908,0.233502538071066,0.6839944625436181
0.20605638705186216,0.23479729729729729,0.6840056509097677
0.20640445527323356,0.23440134907251264,0.6842731467727555
0.20675252349460493,0.234006734006734,0.6847532537945783
0.20710059171597633,0.23361344537815126,0.6854398854032868
0.2074486599373477,0.2332214765100671,0.6855783848594267
0.2077967281587191,0.23283082077051925,0.6864769211880462
0.2081447963800905,0.23244147157190637,0.6866241538125376
0.20849286460146188,0.23205342237061768,0.6866944355607745
0.20884093282283328,0.23333333333333334,0.6873850074019456
0.20918900104420465,0.23294509151414308,0.6874653285503728
0.20953706926557605,0.23421926910299004,0.688083373475475
0.20988513748694745,0.23548922056384744,0.6881380276945605
0.21023320570831883,0.23509933774834438,0.68816195978328
0.21058127392969023,0.23471074380165288,0.688528124137272
0.2109293421510616,0.23597359735973597,0.689637954782363
0.211277410372433,0.2355848434925865,0.6897764866104364
0.21162547859380437,0.23519736842105263,0.6898901879282742
0.21197354681517577,0.2348111658456486,0.6903173150175345
0.21232161503654717,0.23442622950819672,0.6904214611021743
0.21266968325791855,0.23404255319148937,0.6905597501684574
0.21301775147928995,0.23366013071895425,0.6907120388128511
0.21336581970066132,0.233278955954323,0.691117237068026
0.21371388792203272,0.23289902280130292,0.6911298240484618
0.21406195614340412,0.23252032520325203,0.6928102113903742
0.2144100243647755,0.23214285714285715,0.6928455603021213
0.2147580925861469,0.23176661264181522,0.6930247449957548
0.21510616080751827,0.23300970873786409,0.6938086506614978
0.21545422902888967,0.23263327948303716,0.6939581497895222
0.21580229725026104,0.23225806451612904,0.6941274513195413
0.21615036547163244,0.2318840579710145,0.6941610153477636
0.21649843369300384,0.2315112540192926,0.6942375937115319
0.2168465019143752,0.23274478330658105,0.6948161404308907
0.2171945701357466,0.23237179487179488,0.694836927301805
0.21754263835711798,0.232,0.6950280253449141
0.21789070657848938,0.23162939297124602,0.6951131723217955
0.21823877479986079,0.23125996810207336,0.6959020399356819
0.21858684302123216,0.23248407643312102,0.6963368438955522
0.21893491124260356,0.23370429252782193,0.6966472943441336
0.21928297946397493,0.23333333333333334,0.6966579006144936
0.21963104768534633,0.2329635499207607,0.696951309895737
0.2199791159067177,0.23417721518987342,0.6976637985063424
0.2203271841280891,0.2353870458135861,0.697742907711977
0.2206752523494605,0.23501577287066247,0.6981781674410507
0.22102332057083188,0.23622047244094488,0.6986012762145521
0.22137138879220328,0.23742138364779874,0.6986328795807332
0.22171945701357465,0.2370486656200942,0.6990385363909883
0.22206752523494605,0.23667711598746083,0.6997409353293479
0.22241559345631745,0.2378716744913928,0.6999659204122574
0.22276366167768882,0.2375,0.6999963861019014
0.22311172989906022,0.23868954758190328,0.7000243448165959
0.2234597981204316,0.2383177570093458,0.7003292104853308
0.223807866341803,0.2379471228615863,0.7005389481416158
0.22415593456317437,0.2375776397515528,0.7006651097437213
0.22450400278454577,0.2372093023255814,0.700723968194758
0.22485207100591717,0.23684210526315788,0.7012011136728128
0.22520013922728854,0.23647604327666152,0.7012199179503129
0.22554820744865994,0.2361111111111111,0.7014383605530485
0.22589627567003132,0.2357473035439137,0.7016619802203314
0.22624434389140272,0.2353846153846154,0.701754888515323
0.22659241211277412,0.2350230414746544,0.7021245759926946
0.2269404803341455,0.23466257668711657,0.7025246471783242
0.2272885485555169,0.2343032159264931,0.7032745659019639
0.22763661677688826,0.23547400611620795,0.7032930992605253
0.22798468499825966,0.23511450381679388,0.7033638290242636
0.22833275321963103,0.23628048780487804,0.7036856582922771
0.22868082144100244,0.2374429223744292,0.7043942717404436
0.22902888966237384,0.23860182370820668,0.7047023195855245
0.2293769578837452,0.23823975720789076,0.7048716059268765
0.2297250261051166,0.23787878787878788,0.7048821961657309
0.23007309432648798,0.23751891074130105,0.705036972987522
0.23042116254785938,0.23716012084592145,0.7058717878253494
0.23076923076923078,0.2368024132730015,0.7061739959608971
0.23111729899060215,0.23644578313253012,0.7062418134570627
0.23146536721197356,0.23609022556390977,0.707355419533825
0.23181343543334493,0.23573573573573572,0.7075648691540846
0.23216150365471633,0.2353823088455772,0.7076315243754101
0.2325095718760877,0.23502994011976047,0.7077082436551866
0.2328576400974591,0.23467862481315396,0.7094164325700107
0.2332057083188305,0.23582089552238805,0.709875481707619
0.23355377654020187,0.23695976154992549,0.7100604193284827
0.23390184476157327,0.23660714285714285,0.7101983173153867
0.23424991298294465,0.237741456166419,0.7103791971244275
0.23459798120431605,0.23738872403560832,0.7109756370433297
0.23494604942568745,0.23703703703703705,0.7111825233601511
0.23529411764705882,0.23668639053254437,0.7113760907816512
0.23564218586843022,0.2363367799113737,0.7118819445518693
0.2359902540898016,0.2374631268436578,0.7120080036813015
0.236338322311173,0.23858615611192932,0.7133391618421956
0.23668639053254437,0.23823529411764705,0.7139168698554297
0.23703445875391577,0.2393538913362702,0.7144513315433415
0.23738252697528717,0.2404692082111437,0.7144912267185303
0.23773059519665854,0.24011713030746706,0.7148731160708311
0.23807866341802994,0.23976608187134502,0.7149010312711399
0.2384267316394013,0.23941605839416058,0.7150209698044143
0.2387747998607727,0.239067055393586,0.7151255683860982
0.2391228680821441,0.23871906841339155,0.7156036558152379
0.23947093630351549,0.23837209302325582,0.7169929083174044
0.2398190045248869,0.23802612481857766,0.717269766392417
0.24016707274625826,0.23768115942028986,0.7179378456678066
0.24051514096762966,0.23733719247467439,0.7191531851368947
0.24086320918900103,0.23699421965317918,0.7195753743152649
0.24121127741037243,0.23665223665223664,0.7196827349012176
0.24155934563174383,0.2377521613832853,0.719855335208883
0.2419074138531152,0.23741007194244604,0.7199128254976201
0.2422554820744866,0.23850574712643677,0.7201692558836184
0.24260355029585798,0.2381635581061693,0.7202388633291679
0.24295161851722938,0.23782234957020057,0.7203492099967164
0.24329968673860078,0.2374821173104435,0.7203552962789586
0.24364775495997215,0.23857142857142857,0.7206601101748147
0.24399582318134355,0.23823109843081314,0.7215302351174095
0.24434389140271492,0.2378917378917379,0.7220025387005882
0.24469195962408632,0.2375533428165007,0.7220534845313482
0.2450400278454577,0.2372159090909091,0.7224214224292311
0.2453880960668291,0.23829787234042554,0.7227104548116929
0.2457361642882005,0.23796033994334279,0.7228039055567095
0.24608423250957187,0.2376237623762376,0.7232508276043881
0.24643230073094327,0.23728813559322035,0.7233709870247812
0.24678036895231464,0.23695345557122707,0.7235374503672473
0.24712843717368604,0.23661971830985915,0.7235704170732156
0.24747650539505744,0.23628691983122363,0.7240470317277455
0.24782457361642882,0.23595505617977527,0.7246250156009403
0.24817264183780022,0.23562412342215988,0.7251438889632539
0.2485207100591716,0.23529411764705882,0.7258124445722203
0.248868778280543,0.23496503496503496,0.7259779586252192
0.24921684650191436,0.2346368715083799,0.7263282309973161
0.24956491472328576,0.23430962343096234,0.726564427057006
0.24991298294465716,0.23537604456824512,0.7269523578524021
0.25026105116602854,0.23504867872044508,0.7272259921214339
0.25060911938739994,0.2361111111111111,0.7272669965779485
0.25095718760877134,0.23578363384188628,0.7272830840874259
0.2513052558301427,0.23545706371191136,0.7276036302166075
0.2516533240515141,0.2351313969571231,0.7279713747753915
0.2520013922728855,0.23480662983425415,0.7291809042674859
0.2523494604942569,0.23448275862068965,0.7292498847362565
0.2526975287156283,0.23415977961432508,0.7303777374295647
0.25304559693699963,0.23383768913342504,0.730432980222952
0.25339366515837103,0.2348901098901099,0.7309714322096318
0.25374173337974243,0.23593964334705075,0.7309760791773663
0.25408980160111383,0.2356164383561644,0.7312182076305727
0.25443786982248523,0.23529411764705882,0.731605859275559
0.2547859380438566,0.23633879781420766,0.7316274320567697
0.255134006265228,0.23601637107776263,0.7325768060794048
0.2554820744865994,0.2356948228882834,0.7330260059467913
0.2558301427079708,0.23673469387755103,0.7333569176212233
0.2561782109293422,0.23777173913043478,0.7335451054718943
0.2565262791507135,0.23744911804613297,0.7336828223442107
0.2568743473720849,0.23712737127371275,0.7340830658246904
0.2572224155934563,0.2368064952638701,0.7342331814823854
0.2575704838148277,0.23648648648648649,0.7344665242971301
0.2579185520361991,0.23616734143049933,0.735798574727482
0.25826662025757047,0.2358490566037736,0.7363964300979281
0.25861468847894187,0.23553162853297444,0.7366127957691062
0.25896275670031327,0.23655913978494625,0.736641719515347
0.25931082492168467,0.23624161073825503,0.7369050172296234
0.259658893143056,0.2359249329758713,0.7369283898549323
0.2600069613644274,0.23560910307898258,0.7376742309469422
0.2603550295857988,0.23529411764705882,0.7376907614875208
0.2607030978071702,0.2363150867823765,0.7378211197878325
0.2610511660285416,0.23733333333333334,0.737998975826408
0.26139923424991296,0.237017310252996,0.7380480626385607
0.26174730247128436,0.23803191489361702,0.7380554511389051
0.26209537069265576,0.23904382470119523,0.7382830155176351
0.26244343891402716,0.23872679045092837,0.7383709031348715
0.26279150713539856,0.23841059602649006,0.7399316408926281
0.2631395753567699,0.23941798941798942,0.7404374084759647
0.2634876435781413,0.23910171730515192,0.7404719741181198
0.2638357117995127,0.23878627968337732,0.7405737458773952
0.2641837800208841,0.23847167325428195,0.741459752664615
0.2645318482422555,0.2381578947368421,0.7418126164320826
0.26487991646362685,0.2378449408672799,0.7418393539630994
0.26522798468499825,0.23753280839895013,0.742359667464641
0.26557605290636965,0.23722149410222804,0.7424288952401331
0.26592412112774105,0.2369109947643979,0.7424618529389195
0.26627218934911245,0.23790849673202613,0.7428869073301615
0.2666202575704838,0.23759791122715404,0.7429207681304186
0.2669683257918552,0.23859191655801826,0.7430021010365946
0.2673163940132266,0.23828125,0.7430962818226324
0.267664462234598,0.23797139141742524,0.7431422697434621
0.26801253045596934,0.23766233766233766,0.7431890653003452
0.26836059867734074,0.23735408560311283,0.7436416453543929
0.26870866689871215,0.23834196891191708,0.7437319120458706
0.26905673512008355,0.23803363518758086,0.7445080516463393
0.26940480334145495,0.23772609819121446,0.7448677258564795
0.2697528715628263,0.23741935483870968,0.745376421143435
0.2701009397841977,0.23711340206185566,0.7455469105269074
0.2704490080055691,0.23680823680823682,0.7460449338395534
0.2707970762269405,0.2365038560411311,0.7461270280449734
0.2711451444483119,0.2374839537869063,0.7466625126817493
0.27149321266968324,0.23717948717948717,0.7472503664730878
0.27184128089105464,0.23687580025608196,0.7473051426104649
0.27218934911242604,0.23785166240409208,0.7476136024312735
0.27253741733379744,0.23754789272030652,0.7476269639510517
0.27288548555516884,0.2372448979591837,0.7476724025359383
0.2732335537765402,0.23694267515923567,0.747746205041649
0.2735816219979116,0.2366412213740458,0.7477513877324113
0.273929690219283,0.2363405336721728,0.7479118753620692
0.2742777584406544,0.23604060913705585,0.7480287626771601
0.27462582666202573,0.2370088719898606,0.7482832206487975
0.27497389488339713,0.23670886075949368,0.748560787428005
0.27532196310476853,0.23640960809102401,0.7490211237295937
0.27567003132613993,0.2361111111111111,0.7491748296149422
0.27601809954751133,0.23581336696090793,0.7498504677531385
0.2763661677688827,0.23551637279596976,0.7500924106165122
0.2767142359902541,0.23522012578616353,0.7502204828929367
0.2770623042116255,0.23492462311557788,0.7503019157330424
0.2774103724329969,0.23462986198243413,0.7503056995234357
0.2777584406543683,0.23433583959899748,0.7503688335153538
0.2781065088757396,0.23404255319148937,0.750583503939083
0.278454577097111,0.23375,0.7508091472006984
0.2788026453184824,0.23345817727840198,0.7511889715298491
0.2791507135398538,0.23316708229426433,0.7512788503860123
0.2794987817612252,0.2328767123287671,0.7520935648338539
0.27984684998259657,0.2325870646766169,0.7532311685485688
0.28019491820396797,0.23229813664596274,0.7535133837635225
0.28054298642533937,0.23200992555831265,0.7542326735978628
0.28089105464671077,0.23172242874845106,0.7542401404683733
0.28123912286808217,0.23267326732673269,0.7544240556516068
0.2815871910894535,0.2323856613102596,0.7548319543829369
0.2819352593108249,0.23333333333333334,0.7548743809381385
0.2822833275321963,0.23304562268803947,0.7549542346481841
0.2826313957535677,0.23275862068965517,0.7552312570972673
0.28297946397493906,0.23247232472324722,0.7553395963834993
0.28332753219631046,0.2334152334152334,0.756225164271228
0.28367560041768186,0.2331288343558282,0.7569325741882541
0.28402366863905326,0.23284313725490197,0.7572241060814743
0.28437173686042466,0.23255813953488372,0.7572554738243759
0.284719805081796,0.23227383863080683,0.7577885537132937
0.2850678733031674,0.23321123321123322,0.7582708106807247
0.2854159415245388,0.2329268292682927,0.7586880564482494
0.2857640097459102,0.23386114494518878,0.7588057828651235
0.2861120779672816,0.23357664233576642,0.7590554328674928
0.28646014618865295,0.2332928311057108,0.7593214592970995
0.28680821441002435,0.23300970873786409,0.7594762632027102
0.28715628263139575,0.23272727272727273,0.7598647588553904
0.28750435085276715,0.2324455205811138,0.7602457064964622
0.28785241907413855,0.23216444981862153,0.7608194519852925
0.2882004872955099,0.23309178743961353,0.7611788307998735
0.2885485555168813,0.23281061519903498,0.7617133234520654
0.2888966237382527,0.2325301204819277,0.7617999915455667
0.2892446919596241,0.2322503008423586,0.7618534754833369
0.2895927601809955,0.23197115384615385,0.7621764745933683
0.28994082840236685,0.23169267707082833,0.7626059735531779
0.29028889662373825,0.2314148681055156,0.7628815588313408
0.29063696484510965,0.2311377245508982,0.7631470377261144
0.29098503306648105,0.23205741626794257,0.7633965413268267
0.2913331012878524,0.23297491039426524,0.7635271914604876
0.2916811695092238,0.23269689737470167,0.7637344270494433
0.2920292377305952,0.232419547079857,0.7637920812924415
0.2923773059519666,0.23214285714285715,0.7643195460270032
0.292725374173338,0.23305588585017836,0.7644568779442565
0.29307344239470934,0.2327790973871734,0.7649112668230875
0.29342151061608074,0.23368920521945433,0.764923416564593
0.29376957883745214,0.2334123222748815,0.7650094211105111
0.29411764705882354,0.2331360946745562,0.7654097355431622
0.29446571528019494,0.23404255319148937,0.7656867341760943
0.2948137835015663,0.23376623376623376,0.7661068873402941
0.2951618517229377,0.23349056603773585,0.7661379643535214
0.2955099199443091,0.2332155477031802,0.7663187113987782
0.2958579881656805,0.23411764705882354,0.7665167563597449
0.2962060563870519,0.23384253819036427,0.7667135612610639
0.29655412460842323,0.2347417840375587,0.7669271697272997
0.29690219282979463,0.23446658851113716,0.767031705839531
0.29725026105116603,0.234192037470726,0.7675223518586944
0.29759832927253743,0.23508771929824562,0.7675990585083629
0.29794639749390883,0.23598130841121495,0.7677339457125629
0.2982944657152802,0.23570595099183198,0.7680412805759366
0.2986425339366516,0.23543123543123542,0.7680827126433396
0.298990602158023,0.23632130384167638,0.7682580661245063
0.2993386703793944,0.23604651162790696,0.7682922997177614
0.2996867386007657,0.23577235772357724,0.7687440729504001
0.3000348068221371,0.23665893271461716,0.7687954197044211
0.3003828750435085,0.23638470451911936,0.7688187894201861
0.3007309432648799,0.2361111111111111,0.7694478919006486
0.3010790114862513,0.23583815028901733,0.7695007328420072
0.30142707970762267,0.23556581986143188,0.7696007003547686
0.30177514792899407,0.2364475201845444,0.7699227873768235
0.30212321615036547,0.23617511520737328,0.7702380084849179
0.30247128437173687,0.23590333716915995,0.7703364864271557
0.30281935259310827,0.2367816091954023,0.7704826706199204
0.3031674208144796,0.2365097588978186,0.770705041257214
0.303515489035851,0.23623853211009174,0.7708498781208015
0.3038635572572224,0.23596792668957617,0.7709370157647523
0.3042116254785938,0.23684210526315788,0.7711591899633269
0.3045596936999652,0.23657142857142857,0.7715018769708257
0.30490776192133656,0.2363013698630137,0.7715469389815025
0.30525583014270796,0.23717217787913342,0.7716045034402169
0.30560389836407936,0.23690205011389523,0.7716964632311284
0.30595196658545076,0.2366325369738339,0.7717085415386116
0.30630003480682216,0.23636363636363636,0.7719725956383708
0.3066481030281935,0.23609534619750283,0.7721941465922189
0.3069961712495649,0.23582766439909297,0.7725352325292382
0.3073442394709363,0.23669309173272934,0.7726021556545398
0.3076923076923077,0.23755656108597284,0.772616731301352
0.30804037591367905,0.23728813559322035,0.7733058057326122
0.30838844413505045,0.23702031602708803,0.7733782426981031
0.30873651235642185,0.23675310033821872,0.7737189930883109
0.30908458057779326,0.23648648648648649,0.7739970919430639
0.30943264879916466,0.23622047244094488,0.7740135192340973
0.309780717020536,0.23707865168539327,0.7741540743319569
0.3101287852419074,0.23681257014590348,0.7743863734820575
0.3104768534632788,0.2365470852017937,0.7743983983246016
0.3108249216846502,0.23628219484882418,0.7746593774974613
0.3111729899060216,0.2360178970917226,0.7747027312132518
0.31152105812739295,0.23575418994413408,0.7750940901992626
0.31186912634876435,0.23660714285714285,0.7751112133819408
0.31221719457013575,0.23634336677814938,0.775168987711655
0.31256526279150715,0.23608017817371937,0.7752716860794859
0.31291333101287855,0.23581757508342602,0.7755424466808433
0.3132613992342499,0.23555555555555555,0.7758280213074509
0.3136094674556213,0.23529411764705882,0.7759873940192907
0.3139575356769927,0.23503325942350334,0.776026127604678
0.3143056038983641,0.23477297895902546,0.7762948387833922
0.3146536721197355,0.23561946902654868,0.7764279470297216
0.31500174034110684,0.23535911602209944,0.7766053354941878
0.31534980856247824,0.23509933774834438,0.7768693353907771
0.31569787678384964,0.2348401323042999,0.7770498066134781
0.31604594500522104,0.2356828193832599,0.7771077200448768
0.3163940132265924,0.23542354235423543,0.7772389977355296
0.3167420814479638,0.23626373626373626,0.7772659048368066
0.3170901496693352,0.23600439077936333,0.7774261809144276
0.3174382178907066,0.23574561403508773,0.7776526962050127
0.317786286112078,0.23658269441401972,0.7779060863313703
0.31813435433344933,0.2363238512035011,0.7782692735714185
0.31848242255482073,0.2360655737704918,0.7782913713523469
0.31883049077619213,0.2368995633187773,0.7787524157232965
0.31917855899756353,0.2366412213740458,0.7788220018499514
0.31952662721893493,0.2374727668845316,0.778921979754258
0.3198746954403063,0.23721436343852012,0.7789662055975944
0.3202227636616777,0.23804347826086958,0.7801301402048532
0.3205708318830491,0.23778501628664495,0.7802660428885496
0.3209189001044205,0.23752711496746204,0.7803219927978
0.3212669683257919,0.2372697724810401,0.7806213210099746
0.3216150365471632,0.237012987012987,0.7809161737166083
0.3219631047685346,0.23675675675675675,0.7809921193884903
0.322311172989906,0.23758099352051837,0.7810453041299825
0.3226592412112774,0.2373247033441208,0.7813194850363531
0.3230073094326488,0.23814655172413793,0.7814839959227486
0.32335537765402017,0.2378902045209903,0.7815125895600162
0.32370344587539157,0.23763440860215054,0.7817746594911336
0.32405151409676297,0.23737916219119226,0.7821413011959606
0.32439958231813437,0.2371244635193133,0.7827417835437679
0.3247476505395057,0.2379421221864952,0.7827500074256575
0.3250957187608771,0.23768736616702354,0.7828976507058958
0.3254437869822485,0.2374331550802139,0.7831840406416836
0.3257918552036199,0.23717948717948717,0.7835664782262391
0.3261399234249913,0.23692636072572038,0.7835968897306556
0.32648799164636266,0.23667377398720682,0.783748114257656
0.32683605986773406,0.2364217252396166,0.7840880225136587
0.32718412808910546,0.23617021276595745,0.7843725931448212
0.32753219631047686,0.23698193411264612,0.7843800862679853
0.32788026453184826,0.2367303609341826,0.7849539234634955
0.3282283327532196,0.23753976670201485,0.7852145491312825
0.328576400974591,0.23834745762711865,0.7852626771926607
0.3289244691959624,0.23809523809523808,0.7852875568131481
0.3292725374173338,0.23784355179704017,0.7852999299487444
0.3296206056387052,0.23864836325237593,0.7853069474251567
0.32996867386007656,0.23945147679324894,0.7854180045898791
0.33031674208144796,0.23919915700737618,0.7856098916168286
0.33066481030281936,0.23894736842105263,0.7858228629846108
0.33101287852419076,0.2386961093585699,0.7860374151362313
0.33136094674556216,0.23844537815126052,0.7863343715639827
0.3317090149669335,0.23819517313746066,0.7866997705363146
0.3320570831883049,0.2379454926624738,0.7868343539857651
0.3324051514096763,0.23769633507853402,0.7870151070905215
0.3327532196310477,0.2384937238493724,0.7874612937586302
0.33310128785241905,0.2392894461859979,0.7878788844584642
0.33344935607379045,0.23903966597077245,0.7879645507499184
0.33379742429516185,0.23879040667361837,0.7886105963989418
0.33414549251653325,0.23854166666666668,0.7887197491076245
0.33449356073790465,0.23829344432882413,0.7891100073082584
0.334841628959276,0.2390852390852391,0.7893236595400475
0.3351896971806474,0.23883696780893043,0.7898702757150016
0.3355377654020188,0.23858921161825727,0.7898775071443617
0.3358858336233902,0.23834196891191708,0.789993464493072
0.3362339018447616,0.23809523809523808,0.7901960481504784
0.33658197006613294,0.2378490175801448,0.7903463265145928
0.33693003828750434,0.23863636363636365,0.7905764056925088
0.33727810650887574,0.23839009287925697,0.7914344123313485
0.33762617473024714,0.2381443298969072,0.79152967629572
0.33797424295161854,0.23892893923789907,0.7915907759150004
0.3383223111729899,0.23868312757201646,0.7916167287829239
0.3386703793943613,0.2394655704008222,0.7919990825163029
0.3390184476157327,0.23921971252566734,0.7920872954924417
0.3393665158371041,0.24,0.7922579473685049
0.3397145840584755,0.23975409836065573,0.7923008532033159
0.34006265227984683,0.23950870010235414,0.7923962900041658
0.34041072050121823,0.2392638036809816,0.792774467498654
0.34075878872258963,0.24004085801838612,0.7927880251360787
0.34110685694396103,0.23979591836734693,0.7928324444775511
0.3414549251653324,0.23955147808358818,0.7930135414892789
0.3418029933867038,0.23930753564154786,0.7930610031275249
0.3421510616080752,0.23906408952187183,0.7932026914030255
0.3424991298294466,0.23882113821138212,0.7937835266920854
0.342847198050818,0.23857868020304568,0.7937920376011568
0.3431952662721893,0.23935091277890466,0.7940772639818172
0.3435433344935607,0.24012158054711247,0.7942342442963216
0.3438914027149321,0.23987854251012145,0.7942915811622043
0.3442394709363035,0.24064711830131447,0.7944852134517199
0.3445875391576749,0.2404040404040404,0.7949960060524958
0.34493560737904627,0.2401614530776993,0.7950441099951318
0.34528367560041767,0.24092741935483872,0.7953626918178308
0.3456317438217891,0.2406847935548842,0.7955291181188464
0.3459798120431605,0.24044265593561368,0.7955789076587846
0.3463278802645319,0.24120603015075376,0.796172465159932
0.3466759484859032,0.2419678714859438,0.7965964210444074
0.3470240167072746,0.24172517552657974,0.7966367308030903
0.347372084928646,0.24148296593186372,0.7966427604240237
0.3477201531500174,0.24124124124124124,0.7967551343750459
0.3480682213713888,0.241,0.7967814638641628
0.34841628959276016,0.24075924075924077,0.7972989162933362
0.34876435781413156,0.2405189620758483,0.7976093514549536
0.34911242603550297,0.24027916251246262,0.7976403963564417
0.34946049425687437,0.2400398406374502,0.7978263071787337
0.3498085624782457,0.2407960199004975,0.7978800292633224
0.3501566306996171,0.24055666003976142,0.7980113452816209
0.3505046989209885,0.2413108242303873,0.7983134720028149
0.3508527671423599,0.24107142857142858,0.7983246831557906
0.3512008353637313,0.24083250743310208,0.7983611950307695
0.35154890358510266,0.24059405940594059,0.7988565545953152
0.35189697180647406,0.2403560830860534,0.798897397919651
0.35224504002784546,0.24011857707509882,0.7991037758799723
0.35259310824921686,0.23988153998025666,0.7991081677654248
0.35294117647058826,0.2406311637080868,0.7994239080350541
0.3532892446919596,0.24039408866995074,0.7995163387615712
0.353637312913331,0.24015748031496062,0.800196755042452
0.3539853811347024,0.23992133726647,0.8005215809852327
0.3543334493560738,0.23968565815324164,0.8006591428239842
0.3546815175774452,0.239450441609421,0.801119441575353
0.35502958579881655,0.24019607843137256,0.8012663717532269
0.35537765402018795,0.24094025465230168,0.8012704101610506
0.35572572224155935,0.24070450097847357,0.8014076862402927
0.35607379046293075,0.24144672531769307,0.8016278433297942
0.35642185868430215,0.2412109375,0.802013882486179
0.3567699269056735,0.24097560975609755,0.802109592880465
0.3571179951270449,0.24074074074074073,0.8022104262051675
0.3574660633484163,0.24050632911392406,0.8024220185425092
0.3578141315697877,0.24124513618677043,0.8029098645814863
0.35816219979115904,0.24101068999028183,0.8029886504971732
0.35851026801253044,0.24174757281553397,0.8034910363676303
0.35885833623390184,0.24151309408341415,0.8036563143881792
0.35920640445527324,0.24127906976744187,0.8036927936617977
0.35955447267664464,0.2420135527589545,0.803732029920955
0.359902540898016,0.24274661508704062,0.8041078485213511
0.3602506091193874,0.242512077294686,0.8043607005786727
0.3605986773407588,0.24227799227799227,0.8045791107972179
0.3609467455621302,0.2420443587270974,0.8047134634529843
0.3612948137835016,0.2418111753371869,0.80478425584583
0.36164288200487293,0.24157844080846969,0.8048469154612399
0.36199095022624433,0.24134615384615385,0.805437020019783
0.36233901844761573,0.24111431316042267,0.8056082779159219
0.36268708666898714,0.24088291746641075,0.8061792111007611
0.36303515489035854,0.24065196548418025,0.8064533643592758
0.3633832231117299,0.2413793103448276,0.8068518918518276
0.3637312913331013,0.24210526315789474,0.8071257989687218
0.3640793595544727,0.2418738049713193,0.8074793472729258
0.3644274277758441,0.24164278892072588,0.807679459998223
0.3647754959972154,0.24236641221374045,0.8079284944264192
0.3651235642185868,0.24213536701620592,0.8081799404653381
0.3654716324399582,0.2419047619047619,0.8083633662984111
0.3658197006613296,0.241674595623216,0.808643315154529
0.36616776888270103,0.2414448669201521,0.8088524915643517
0.3665158371040724,0.24121557454890788,0.8088615007916962
0.3668639053254438,0.2409867172675522,0.8089350967313058
0.3672119735468152,0.24075829383886255,0.809203102761557
0.3675600417681866,0.24147727272727273,0.8093161478696671
0.367908109989558,0.2412488174077578,0.8094301732242413
0.3682561782109293,0.24102079395085066,0.8097815016512359
0.3686042464323007,0.24079320113314448,0.8098349705823799
0.3689523146536721,0.24150943396226415,0.8099331536987293
0.3693003828750435,0.2412818096135721,0.8100232875997836
0.3696484510964149,0.24105461393596986,0.8100379173160007
0.36999651931778627,0.24082784571966134,0.8102377942243435
0.37034458753915767,0.24154135338345864,0.8103044402586929
0.37069265576052907,0.24131455399061033,0.8104505213371463
0.37104072398190047,0.24108818011257035,0.8110227489934633
0.37138879220327187,0.2408622305529522,0.8110588260642249
0.3717368604246432,0.2406367041198502,0.8110954821697443
0.3720849286460146,0.2404115996258185,0.8111523728322337
0.372432996867386,0.24018691588785046,0.8113771070149655
0.3727810650887574,0.23996265172735762,0.8115300355444809
0.37312913331012876,0.23973880597014927,0.8117245151231103
0.37347720153150016,0.24044734389561975,0.8118116431210235
0.37382526975287156,0.24022346368715083,0.8119079420104841
0.37417333797424296,0.24,0.8126162092260686
0.37452140619561436,0.23977695167286245,0.8129853576298277
0.3748694744169857,0.2395543175487465,0.8132358844474714
0.3752175426383571,0.24025974025974026,0.8136294372323573
0.3755656108597285,0.24096385542168675,0.8138412894198896
0.3759136790810999,0.24074074074074073,0.8142383269828012
0.3762617473024713,0.2414431082331175,0.8142963290898726
0.37660981552384265,0.2412199630314233,0.8145587042836118
0.37695788374521405,0.2409972299168975,0.8147568402433459
0.37730595196658545,0.24077490774907748,0.8148773860852655
0.37765402018795685,0.24055299539170508,0.8149579722453999
0.37800208840932825,0.24033149171270718,0.8149613734507427
0.3783501566306996,0.24011039558417663,0.8152362543322037
0.378698224852071,0.23988970588235295,0.8153313746394234
0.3790462930734424,0.2396694214876033,0.8154437720646293
0.3793943612948138,0.24036697247706423,0.8154596103887624
0.3797424295161852,0.24014665444546288,0.816278916469274
0.38009049773755654,0.24084249084249085,0.8163156503282093
0.38043856595892794,0.24062214089661482,0.8165022369036274
0.38078663418029934,0.24040219378427788,0.8165541863102493
0.38113470240167074,0.2401826484018265,0.8167768616935446
0.3814827706230421,0.24087591240875914,0.817046626904769
0.3818308388444135,0.2406563354603464,0.8171475537449715
0.3821789070657849,0.24043715846994534,0.8175433450130797
0.3825269752871563,0.24021838034576887,0.8175494957405067
0.3828750435085277,0.2409090909090909,0.8178277023855512
0.38322311172989904,0.24159854677565848,0.8178956234431999
0.38357117995127044,0.2422867513611615,0.8179284425903891
0.38391924817264184,0.24206708975521304,0.817989982379906
0.38426731639401324,0.2418478260869565,0.8179983187616652
0.38461538461538464,0.2416289592760181,0.8181809045392453
0.384963452836756,0.2423146473779385,0.8183018518843906
0.3853115210581274,0.24209575429087624,0.8183520877312049
0.3856595892794988,0.24187725631768953,0.8188587450292887
0.3860076575008702,0.24165915238954014,0.8189573623330888
0.3863557257222416,0.24234234234234234,0.819087803067951
0.38670379394361293,0.24212421242124213,0.8191098186126923
0.38705186216498433,0.24280575539568344,0.8191277542145898
0.38739993038635573,0.24348607367475292,0.8192318150159716
0.38774799860772713,0.24416517055655296,0.8198340547405774
0.38809606682909853,0.24394618834080717,0.819848689065937
0.3884441350504699,0.2446236559139785,0.8204296835177861
0.3887922032718413,0.24440465532676814,0.8205192432846182
0.3891402714932127,0.2441860465116279,0.8208723255374007
0.3894883397145841,0.24396782841823056,0.8210367455326913
0.3898364079359554,0.24375,0.8218000871515829
0.3901844761573268,0.24353256021409456,0.8218701207564463
0.3905325443786982,0.24331550802139038,0.8224085065880972
0.3908806126000696,0.24309884238646481,0.8224488093526541
0.391228680821441,0.24288256227758007,0.8226582551120764
0.39157674904281237,0.24266666666666667,0.8227122641060238
0.39192481726418377,0.2424511545293073,0.8230330526934015
0.39227288548555517,0.2422360248447205,0.8230672248708936
0.39262095370692657,0.24202127659574468,0.8233337838623306
0.39296902192829797,0.24180690876882197,0.8237808562445329
0.3933170901496693,0.2415929203539823,0.8240776454189974
0.3936651583710407,0.242263483642794,0.8244527219384162
0.3940132265924121,0.2420494699646643,0.8245053129486247
0.3943612948137835,0.2418358340688438,0.824517747831842
0.3947093630351549,0.24162257495590828,0.8246188176105099
0.39505743125652626,0.24140969162995596,0.8250037160793582
0.39540549947789766,0.24119718309859156,0.8252313611984168
0.39575356769926906,0.2418645558487247,0.8253067166091688
0.39610163592064046,0.24253075571177504,0.8254064322366701
0.39644970414201186,0.24231782265144863,0.8254077560324556
0.3967977723633832,0.24210526315789474,0.8256414773757857
0.3971458405847546,0.24189307624890447,0.8256475932741844
0.397493908806126,0.24168126094570927,0.8256835776652954
0.3978419770274974,0.24146981627296588,0.825739798511058
0.39819004524886875,0.24125874125874125,0.8257772380418825
0.39853811347024015,0.2410480349344978,0.8260801490112468
0.39888618169161155,0.24083769633507854,0.8260963192983432
0.39923424991298295,0.24062772449869224,0.8264852811123108
0.39958231813435435,0.24041811846689895,0.8265857002623057
0.3999303863557257,0.2402088772845953,0.8266256269594687
0.4002784545770971,0.24,0.826667897632836
0.4006265227984685,0.23979148566463945,0.8267648757387542
0.4009745910198399,0.23958333333333334,0.8271399053617915
0.4013226592412113,0.2393755420641804,0.8271399783245337
0.40167072746258264,0.2391681109185442,0.8274709677977683
0.40201879568395404,0.23896103896103896,0.8275736051717352
0.40236686390532544,0.23961937716262977,0.8277689615065197
0.40271493212669685,0.24027657735522903,0.8277919851186782
0.40306300034806825,0.24093264248704663,0.8279486956722907
0.4034110685694396,0.24072476272648835,0.8282619984892917
0.403759136790811,0.24051724137931035,0.8283867859718145
0.4041072050121824,0.24031007751937986,0.8285862134760807
0.4044552732335538,0.24096385542168675,0.8287893123529184
0.4048033414549252,0.2407566638005159,0.8287955242649145
0.40515140967629654,0.24054982817869416,0.828821672999678
0.40549947789766794,0.24034334763948498,0.8292450076723239
0.40584754611903934,0.24013722126929674,0.8292553017717353
0.40619561434041074,0.23993144815766923,0.8293599470212341
0.4065436825617821,0.23972602739726026,0.8294545529212496
0.4068917507831535,0.23952095808383234,0.82947687376506
0.4072398190045249,0.23931623931623933,0.8295404928555665
0.4075878872258963,0.23911187019641333,0.8295963402644546
0.4079359554472677,0.23890784982935154,0.8299993097578642
0.40828402366863903,0.23870417732310314,0.8304056627596302
0.40863209189001043,0.23850085178875638,0.8306669570459002
0.40898016011138183,0.23829787234042554,0.8307640193543703
0.40932822833275323,0.23809523809523808,0.8308357536516207
0.40967629655412463,0.23789294817332202,0.8308503703319254
0.410024364775496,0.23853989813242785,0.8309344713468765
0.4103724329968674,0.2383375742154368,0.8311746477810226
0.4107205012182388,0.23813559322033898,0.8315135242764771
0.4110685694396102,0.23878069432684165,0.83168281421845
0.4114166376609816,0.23857868020304568,0.8322632643612545
0.4117647058823529,0.23837700760777683,0.8322751010438333
0.4121127741037243,0.23902027027027026,0.8324566780766202
0.4124608423250957,0.23881856540084387,0.832500635025342
0.4128089105464671,0.23861720067453626,0.8329962821924113
0.4131569787678385,0.2384161752316765,0.8330917989073878
0.41350504698920987,0.2382154882154882,0.8333048260207807
0.41385311521058127,0.2380151387720774,0.8333843294477743
0.41420118343195267,0.23781512605042016,0.8334694147849417
0.41454925165332407,0.23761544920235098,0.8337647438952079
0.4148973198746954,0.23741610738255034,0.8338472427105209
0.4152453880960668,0.23805532271584243,0.8339092690705212
0.4155934563174382,0.23785594639865998,0.833998373840424
0.4159415245388096,0.2384937238493724,0.834463587653876
0.416289592760181,0.2391304347826087,0.8348469565416825
0.41663766098155236,0.23976608187134502,0.8348951795988644
0.41698572920292376,0.24040066777963273,0.834912954182078
0.41733379742429516,0.24020016680567138,0.8350728439895636
0.41768186564566656,0.24,0.8351261908468821
0.41802993386703796,0.24063280599500417,0.8360644346192316
0.4183780020884093,0.240432612312812,0.8362801376976449
0.4187260703097807,0.24023275145469658,0.8363976521991415
0.4190741385311521,0.24086378737541528,0.8364734873534415
0.4194222067525235,0.24066390041493776,0.8365808094299131
0.4197702749738949,0.24129353233830847,0.836825832321621
0.42011834319526625,0.24109362054681027,0.8370996295420239
0.42046641141663765,0.24172185430463577,0.8372020860302479
0.42081447963800905,0.24152191894127378,0.8373394582650635
0.42116254785938045,0.2413223140495868,0.8373749567102807
0.42151061608075185,0.24112303881090008,0.8376275641323125
0.4218586843021232,0.24092409240924093,0.8377054310507861
0.4222067525234946,0.2407254740313273,0.8377636290179887
0.422554820744866,0.24052718286655683,0.8379267193448159
0.4229028889662374,0.2403292181069959,0.838049954008776
0.42325095718760875,0.24095394736842105,0.8380624247710656
0.42359902540898015,0.24157764995891537,0.8380737162482129
0.42394709363035155,0.24220032840722497,0.8381404858526793
0.42429516185172295,0.2428219852337982,0.8381896470798571
0.42464323007309435,0.24344262295081967,0.8386403214242942
0.4249912982944657,0.24324324324324326,0.8390128855941444
0.4253393665158371,0.2430441898527005,0.8392581466840994
0.4256874347372085,0.2428454619787408,0.8393813437100338
0.4260355029585799,0.2426470588235294,0.8394247579377058
0.4263835711799513,0.24244897959183673,0.8395637309250906
0.42673163940132264,0.24225122349102773,0.8400226820519736
0.42707970762269404,0.24286878565607173,0.8401517747261952
0.42742777584406544,0.24267100977198697,0.840393903068823
0.42777584406543684,0.24328722538649308,0.8404368633987689
0.42812391228680824,0.24308943089430896,0.8406125998609981
0.4284719805081796,0.2437043054427295,0.840666958850844
0.428820048729551,0.2435064935064935,0.8409696213008921
0.4291681169509224,0.2441200324412003,0.8410143688420652
0.4295161851722938,0.24473257698541329,0.8410330728490862
0.4298642533936652,0.24453441295546557,0.8413084846264282
0.43021232161503653,0.24433656957928804,0.8414452711141245
0.43056038983640793,0.24413904607922393,0.8416127771909931
0.43090845805777933,0.24394184168012925,0.8418856443546402
0.43125652627915073,0.24374495560936238,0.8421204685484664
0.4316045945005221,0.24435483870967742,0.843212680420768
0.4319526627218935,0.24496373892022563,0.8432279846742641
0.4323007309432649,0.24476650563607086,0.8434254859204516
0.4326487991646363,0.24537409493161705,0.8435608213381421
0.4329968673860077,0.24517684887459806,0.8436125601847767
0.433344935607379,0.24497991967871485,0.8436759866214166
0.4336930038287504,0.2447833065810594,0.8438506863125544
0.4340410720501218,0.24458700882117082,0.8439620629946549
0.4343891402714932,0.24439102564102563,0.8439640112919138
0.4347372084928646,0.24499599679743794,0.8443528324865069
0.43508527671423597,0.2448,0.8443664741669008
0.43543334493560737,0.2454036770583533,0.8444325572141237
0.43578141315697877,0.2452076677316294,0.8445273801074809
0.43612948137835017,0.24501197126895452,0.8446966404586276
0.43647754959972157,0.24481658692185007,0.8447964879073291
0.4368256178210929,0.2446215139442231,0.8452406979030981
0.4371736860424643,0.24522292993630573,0.8453403983318583
0.4375217542638357,0.24502784407319014,0.8454579240641833
0.4378698224852071,0.24562798092209856,0.8460298570630145
0.4382178907065785,0.24622716441620335,0.8461694029180122
0.43856595892794986,0.24603174603174602,0.8463331609670625
0.43891402714932126,0.24662965900079303,0.8464274714616186
0.43926209537069266,0.24643423137876386,0.8464775252281682
0.43961016359206406,0.24623911322248615,0.8466219305109983
0.4399582318134354,0.2468354430379747,0.8467888489966178
0.4403063000348068,0.24743083003952568,0.8473117507660881
0.4406543682561782,0.24723538704581358,0.847323982661451
0.4410024364775496,0.24704025256511444,0.8477687682077801
0.441350504698921,0.24684542586750788,0.8477899199719684
0.44169857292029235,0.2466509062253743,0.8481509863265623
0.44204664114166375,0.24645669291338582,0.8485139669218753
0.44239470936303515,0.24704956726986624,0.8485291651369259
0.44274277758440655,0.2468553459119497,0.8490197948520088
0.44309084580577796,0.24666142969363708,0.8496468699733485
0.4434389140271493,0.24646781789638933,0.8500289539639437
0.4437869822485207,0.24627450980392157,0.8500736159142935
0.4441350504698921,0.24608150470219436,0.8504359874067117
0.4444831186912635,0.24588880187940484,0.8505841489521816
0.4448311869126349,0.24569640062597808,0.8511096404283621
0.44517925513400625,0.24628616106333073,0.8512741033914933
0.44552732335537765,0.24609375,0.8514064269926008
0.44587539157674905,0.2466822794691647,0.8514265886631313
0.44622345979812045,0.24648985959438377,0.8519112198209549
0.44657152801949185,0.24629773967264224,0.8522759207367224
0.4469195962408632,0.24610591900311526,0.852574742933882
0.4472676644622346,0.24591439688715952,0.8526123061413665
0.447615732683606,0.24572317262830481,0.8526988241041208
0.4479638009049774,0.24553224553224554,0.8528502947680774
0.44831186912634874,0.2453416149068323,0.8528680934207283
0.44865993734772014,0.2451512800620636,0.8530732730391776
0.44900800556909154,0.24496124031007752,0.8534135172781513
0.44935607379046294,0.24554608830364058,0.85364372797066
0.44970414201183434,0.24613003095975233,0.853840572374755
0.4500522102332057,0.24671307037896364,0.8541598132177778
0.4504002784545771,0.24652241112828438,0.8541625217450857
0.4507483466759485,0.24633204633204633,0.8542429175909282
0.4510964148973199,0.24614197530864199,0.854282315093702
0.4514444831186913,0.2459521973785659,0.8543406438132608
0.45179255134006263,0.2457627118644068,0.8544995077550522
0.45214061956143403,0.2455735180908391,0.854672533047217
0.45248868778280543,0.2453846153846154,0.8549790003462956
0.45283675600417683,0.24519600307455802,0.8551215512494713
0.45318482422554823,0.24500768049155147,0.8552535965434139
0.4535328924469196,0.24558710667689945,0.8552956027320899
0.453880960668291,0.24539877300613497,0.8553767060502147
0.4542290288896624,0.24521072796934865,0.8555663546124174
0.4545770971110338,0.24578866768759572,0.8558559451992188
0.4549251653324051,0.24636572302983933,0.855993165234877
0.4552732335537765,0.24617737003058104,0.856087019243712
0.4556213017751479,0.24598930481283424,0.8561459112523728
0.4559693699965193,0.24580152671755726,0.8563892006479452
0.4563174382178907,0.24561403508771928,0.8565011632034699
0.45666550643926207,0.24542682926829268,0.8565387418467405
0.45701357466063347,0.246001523229246,0.856566463548112
0.45736164288200487,0.24581430745814306,0.8565956573240432
0.45770971110337627,0.24638783269961978,0.8568571494822266
0.45805777932474767,0.24620060790273557,0.8569032983337446
0.458405847546119,0.24677296886864086,0.8569111314547668
0.4587539157674904,0.2465857359635812,0.8570860410648834
0.4591019839888618,0.24639878695981804,0.857371209254777
0.4594500522102332,0.24621212121212122,0.8573868908339475
0.4597981204316046,0.24678274034822104,0.8574551841094955
0.46014618865297596,0.24735249621785174,0.8575884640055538
0.46049425687434736,0.2471655328798186,0.857655077490009
0.46084232509571876,0.24773413897280966,0.8578687298226338
0.46119039331709016,0.24830188679245283,0.8579532662961631
0.46153846153846156,0.24811463046757165,0.8581080154386346
0.4618865297598329,0.2479276563677468,0.8581905046687732
0.4622345979812043,0.24849397590361447,0.8581962693690717
0.4625826662025757,0.24830699774266365,0.8582255051946068
0.4629307344239471,0.24812030075187969,0.8585077916136508
0.46327880264531845,0.24793388429752067,0.8589025209896607
0.46362687086668986,0.24774774774774774,0.8592199691887646
0.46397493908806126,0.24756189047261815,0.8594453381825343
0.46432300730943266,0.24812593703148425,0.8598270096227084
0.46467107553080406,0.24794007490636705,0.860112181586021
0.4650191437521754,0.24775449101796407,0.8603876325470065
0.4653672119735468,0.24831712789827973,0.8604178401029381
0.4657152801949182,0.24887892376681614,0.8604808308706481
0.4660633484162896,0.24869305451829724,0.8605161061245692
0.466411416637661,0.24850746268656718,0.8605753150392677
0.46675948485903235,0.24906785980611484,0.861144966258785
0.46710755308040375,0.2488822652757079,0.8613430210553715
0.46745562130177515,0.24944154877140728,0.8614945573930909
0.46780368952314655,0.24925595238095238,0.8615300159943906
0.46815175774451795,0.24907063197026022,0.8615677361540892
0.4684998259658893,0.24888558692421991,0.8618461754981337
0.4688478941872607,0.24870081662954716,0.8618643525344013
0.4691959624086321,0.24851632047477745,0.8619093900765242
0.4695440306300035,0.24833209785025945,0.8620272365069593
0.4698920988513749,0.24888888888888888,0.8620682362099354
0.47024016707274624,0.24870466321243523,0.8621776069665429
0.47058823529411764,0.2492603550295858,0.8622666670248335
0.47093630351548904,0.24907612712490762,0.8627236516309639
0.47128437173686044,0.24889217134416544,0.8627907730692845
0.4716324399582318,0.24870848708487084,0.8629536119418417
0.4719805081796032,0.24926253687315633,0.8629683064828173
0.4723285764009746,0.24907885040530583,0.8630214262906197
0.472676644622346,0.2496318114874816,0.8631633140967073
0.4730247128437174,0.24944812362030905,0.8636548725976392
0.47337278106508873,0.24926470588235294,0.8636985294319864
0.47372084928646013,0.2490815576781778,0.8637044825975274
0.47406891750783153,0.24963289280469897,0.8639687694458694
0.47441698572920293,0.24944974321349964,0.8640775238241707
0.47476505395057433,0.24926686217008798,0.8641599407601064
0.4751131221719457,0.24981684981684982,0.8642625336712085
0.4754611903933171,0.24963396778916544,0.864323197016275
0.4758092586146885,0.24945135332845647,0.8644547271222353
0.4761573268360599,0.25,0.8644972932461273
0.4765053950574313,0.2498173849525201,0.8646659836496848
0.4768534632788026,0.2503649635036496,0.8648095846624211
0.477201531500174,0.25018234865062,0.8649584969343409
0.4775495997215454,0.25,0.8649764286850947
0.4778976679429168,0.25054624908958484,0.8654344863654031
0.4782457361642882,0.25036390101892286,0.8654994591790006
0.47859380438565957,0.25018181818181817,0.8657716007330288
0.47894187260703097,0.2507267441860465,0.8661020986727588
0.47928994082840237,0.25054466230936817,0.8661064863248628
0.4796380090497738,0.251088534107402,0.8661432409195536
0.4799860772711451,0.25090645395213923,0.8662461364636767
0.4803341454925165,0.2514492753623188,0.8664341461053154
0.4806822137138879,0.2512671976828385,0.8664753645383756
0.4810302819352593,0.25108538350217074,0.8665892954001975
0.4813783501566307,0.25090383224873464,0.8666840749622233
0.48172641837800206,0.25072254335260113,0.8670177730420504
0.48207448659937346,0.2505415162454874,0.8672169002500064
0.48242255482074486,0.2510822510822511,0.8673367821125094
0.48277062304211626,0.250901225666907,0.8673429466956442
0.48311869126348767,0.2507204610951009,0.8673982173345797
0.483466759484859,0.2505399568034557,0.8674488531310024
0.4838148277062304,0.2503597122302158,0.8674613185198815
0.4841628959276018,0.2501797268152408,0.8675487063125309
0.4845109641489732,0.25,0.8677648810776059
0.4848590323703446,0.2498205312275664,0.8681083604553005
0.48520710059171596,0.24964131994261118,0.8684427218110053
0.48555516881308736,0.25017921146953404,0.8685337294255449
0.48590323703445876,0.2507163323782235,0.8685882043615805
0.48625130525583016,0.25125268432355047,0.8686892732419899
0.48659937347720156,0.2510729613733906,0.8698353023995916
0.4869474416985729,0.25089349535382416,0.8701177207967011
0.4872955099199443,0.25142857142857145,0.8703294184440987
0.4876435781413157,0.251249107780157,0.870431818555093
0.4879916463626871,0.25106990014265335,0.870455196989125
0.48833971458405845,0.25089094796863864,0.8707222375319447
0.48868778280542985,0.25071225071225073,0.8708222556210281
0.48903585102680125,0.2505338078291815,0.8709262160418968
0.48938391924817265,0.25106685633001424,0.8715263645234144
0.48973198746954405,0.2515991471215352,0.8718423292646249
0.4900800556909154,0.25142045454545453,0.872068434555395
0.4904281239122868,0.25195173882185945,0.8724252824101052
0.4907761921336582,0.2524822695035461,0.8729139370015556
0.4911242603550296,0.2523033309709426,0.8730212225150064
0.491472328576401,0.2521246458923513,0.8731087840037346
0.49182039679777234,0.2519462137296532,0.8733290885308892
0.49216846501914374,0.2524752475247525,0.8733686968109636
0.49251653324051514,0.25229681978798585,0.8735904428448836
0.49286460146188654,0.2521186440677966,0.8736125728576913
0.49321266968325794,0.2519407198306281,0.8746124968247733
0.4935607379046293,0.25176304654442877,0.8753767461273098
0.4939088061260007,0.25158562367864695,0.8754051791984717
0.4942568743473721,0.25140845070422535,0.8759834039999362
0.4946049425687435,0.2512315270935961,0.8761984548241707
0.4949530107901149,0.2510548523206751,0.8762751708795542
0.49530107901148623,0.25087842586085735,0.8765943440953234
0.49564914723285763,0.25140449438202245,0.8766055004678911
0.49599721545422903,0.2519298245614035,0.8766175628356474
0.49634528367560043,0.2517531556802244,0.8768895312214052
0.4966933518969718,0.25227750525578135,0.8768978390222321
0.4970414201183432,0.25280112044817926,0.8770103377191694
0.4973894883397146,0.25332400279916023,0.877418853516119
0.497737556561086,0.25314685314685315,0.8777173495815312
0.4980856247824574,0.25366876310272535,0.8779440758940825
0.4984336930038287,0.2534916201117318,0.8781334156777877
0.4987817612252001,0.2540125610607118,0.8785557215143807
0.4991298294465715,0.25383542538354253,0.8790433186104457
0.4994778976679429,0.25435540069686413,0.8790538912127668
0.4998259658893143,0.25487465181058494,0.8794729485755803
0.5001740341106857,0.2546972860125261,0.8795086164864918
0.5005221023320571,0.2545201668984701,0.8799155832720975
0.5008701705534284,0.2543432939541348,0.880052073763337
0.5012182387747999,0.2548611111111111,0.8804049009055499
0.5015663069961712,0.2546842470506593,0.8804714883326598
0.5019143752175427,0.25450762829403606,0.8805698569678093
0.502262443438914,0.255024255024255,0.8808022584359795
0.5026105116602854,0.25554016620498615,0.8808265797861178
0.5029585798816568,0.255363321799308,0.8810017081446458
0.5033066481030282,0.25587828492392806,0.8811254804554773
0.5036547163243996,0.2563925362819627,0.8811255621811
0.504002784545771,0.2569060773480663,0.8813641971568238
0.5043508527671423,0.2567287784679089,0.8815795710162962
0.5046989209885138,0.25724137931034485,0.881714926551587
0.5050469892098851,0.2570640937284631,0.8817719362893149
0.5053950574312566,0.2568870523415978,0.8817754868539424
0.5057431256526279,0.2567102546455609,0.881997729351922
0.5060911938739993,0.25653370013755156,0.8821563769026959
0.5064392620953707,0.2563573883161512,0.8823490495517213
0.5067873303167421,0.25618131868131866,0.8823539476347982
0.5071353985381135,0.25669183253260125,0.8824333682320833
0.5074834667594849,0.25651577503429357,0.8825863153176634
0.5078315349808562,0.2563399588759424,0.8828980650937795
0.5081796032022277,0.2568493150684932,0.8831033682030496
0.508527671423599,0.25667351129363447,0.883357766933838
0.5088757396449705,0.25718194254445964,0.8833901917719948
0.5092238078663418,0.2576896787423103,0.8835695112486529
0.5095718760877131,0.2575136612021858,0.8836475070571677
0.5099199443090846,0.2573378839590444,0.8837350434302829
0.510268012530456,0.257162346521146,0.8838487648199794
0.5106160807518274,0.25766871165644173,0.8841423131443713
0.5109641489731988,0.25817438692098094,0.8842608847356568
0.5113122171945701,0.2586793737236215,0.8844932038021376
0.5116602854159416,0.2585034013605442,0.8845126464105982
0.5120083536373129,0.25832766825288916,0.8845742972670128
0.5123564218586844,0.25815217391304346,0.8846974296400755
0.5127044900800557,0.25865580448065173,0.8847969023718115
0.513052558301427,0.25848032564450474,0.8850024815925278
0.5134006265227985,0.2583050847457627,0.885013186412529
0.5137486947441698,0.2588075880758808,0.8850676557186927
0.5140967629655413,0.2593094109681787,0.8852408119857713
0.5144448311869126,0.2591339648173207,0.8853381530322252
0.514792899408284,0.2589587559161596,0.8853701999229115
0.5151409676296554,0.2587837837837838,0.8855894840177665
0.5154890358510268,0.25928426738690075,0.8855923168328846
0.5158371040723982,0.25978407557354927,0.8856261351264025
0.5161851722937696,0.2602832097100472,0.8856306366526278
0.5165332405151409,0.2601078167115903,0.8858026817690128
0.5168813087365124,0.2606060606060606,0.8860317769482255
0.5172293769578837,0.2604306864064603,0.886129369150742
0.5175774451792551,0.2609280430396772,0.8861818775166465
0.5179255134006265,0.260752688172043,0.8863364237761155
0.5182735816219979,0.2605775688381464,0.8868944915381691
0.5186216498433693,0.2610738255033557,0.8869756333447687
0.5189697180647407,0.2608987256874581,0.8874072538594802
0.519317786286112,0.26072386058981234,0.887500859230599
0.5196658545074835,0.260549229738781,0.8875266871060675
0.5200139227288548,0.26104417670682734,0.8875849956417238
0.5203619909502263,0.26153846153846155,0.8876587214854632
0.5207100591715976,0.2620320855614973,0.8876664241501437
0.521058127392969,0.2618570474281897,0.8877289942682427
0.5214061956143404,0.2623497997329773,0.8878766203585419
0.5217542638357118,0.2621747831887925,0.8883227108537909
0.5221023320570832,0.262,0.888359849002964
0.5224504002784546,0.2618254497001999,0.8883891467317316
0.5227984684998259,0.26165113182423433,0.8884918032720166
0.5231465367211974,0.26214238190286093,0.888545863089348
0.5234946049425687,0.26263297872340424,0.8886009471393853
0.5238426731639402,0.26245847176079734,0.8888442540369119
0.5241907413853115,0.26228419654714474,0.889153637321086
0.5245388096066829,0.26211015262110154,0.8894125349826077
0.5248868778280543,0.2619363395225464,0.8894448485871107
0.5252349460494257,0.2617627567925779,0.8894904651214425
0.5255830142707971,0.26158940397350994,0.8897078697852033
0.5259310824921685,0.2614162806088683,0.8899536379500871
0.5262791507135398,0.2619047619047619,0.8900726522713084
0.5266272189349113,0.2617316589557171,0.890271022638781
0.5269752871562826,0.26221928665786,0.8904164420103985
0.5273233553776541,0.262046204620462,0.8905819534733137
0.5276714235990254,0.262532981530343,0.8907155883270462
0.5280194918203968,0.26301911667765326,0.8907597793601605
0.5283675600417682,0.2628458498023715,0.8908237685818833
0.5287156282631396,0.2626728110599078,0.8911683081234897
0.529063696484511,0.2625,0.8912490984397111
0.5294117647058824,0.26232741617357,0.8915790086747803
0.5297598329272537,0.2628120893561104,0.8916255320736918
0.5301079011486252,0.262639527248851,0.8916264089774375
0.5304559693699965,0.26246719160104987,0.8917211815812577
0.530804037591368,0.26229508196721313,0.8918462082154076
0.5311521058127393,0.2621231979030144,0.8918640852764464
0.5315001740341107,0.26195153896529144,0.8925119337716165
0.5318482422554821,0.262434554973822,0.8925548193053815
0.5321963104768535,0.2622629169391759,0.8930397423906724
0.5325443786982249,0.26209150326797387,0.8930603741412118
0.5328924469195963,0.26192031352057477,0.8931697381769993
0.5332405151409676,0.26174934725848564,0.8933665847354009
0.533588583362339,0.26157860404435745,0.8933770651821795
0.5339366515837104,0.2620599739243807,0.893388501502064
0.5342847198050817,0.26188925081433223,0.8934879789031975
0.5346327880264532,0.2623697916666667,0.8935765679249534
0.5349808562478245,0.26219908913467793,0.8939503967920329
0.535328924469196,0.2626788036410923,0.8939523952680268
0.5356769926905673,0.2631578947368421,0.8944070505174477
0.5360250609119387,0.262987012987013,0.8945244006721162
0.5363731291333101,0.2628163530175211,0.8945540492410995
0.5367211973546815,0.26264591439688717,0.8946194114110421
0.537069265576053,0.26247569669475046,0.8948855073641679
0.5374173337974243,0.2623056994818653,0.8952046895277169
0.5377654020187956,0.2627831715210356,0.8953430157236213
0.5381134702401671,0.2626131953428202,0.8956550556835307
0.5384615384615384,0.26244343891402716,0.8959620896706899
0.5388096066829099,0.2622739018087855,0.8962153621770075
0.5391576749042812,0.2621045836023241,0.896299367768432
0.5395057431256526,0.26193548387096777,0.8963219181639516
0.539853811347024,0.2617666021921341,0.8966726370594736
0.5402018795683954,0.2615979381443299,0.8967910738353655
0.5405499477897668,0.26142949130714743,0.8968104477889612
0.5408980160111382,0.26126126126126126,0.8977502418284221
0.5412460842325095,0.26109324758842445,0.8979001895449352
0.541594152453881,0.2615681233933162,0.8983144964472022
0.5419422206752523,0.26140012845215155,0.898384678792199
0.5422902888966238,0.26187419768934533,0.8984298196471385
0.5426383571179951,0.2617062219371392,0.8987014792655479
0.5429864253393665,0.26153846153846155,0.8988126621379946
0.5433344935607379,0.26201153106982705,0.8989186993619894
0.5436825617821093,0.2618437900128041,0.8995876162608207
0.5440306300034807,0.26231605886116444,0.8996384080084563
0.5443786982248521,0.26278772378516624,0.899714835405616
0.5447267664462234,0.263258785942492,0.8998078567095528
0.5450748346675949,0.26309067688378035,0.8999486125544944
0.5454229028889662,0.2635609444798979,0.9001639379871065
0.5457709711103377,0.26403061224489793,0.9002789068379704
0.546119039331709,0.26449968132568513,0.9005095799070364
0.5464671075530804,0.26496815286624203,0.900718465488004
0.5468151757744518,0.26479949077021003,0.9007805394656881
0.5471632439958232,0.2652671755725191,0.9007863574625408
0.5475113122171946,0.26509853782581055,0.9008011477053973
0.547859380438566,0.26493011435832275,0.9008307732340599
0.5482074486599373,0.26476190476190475,0.9011392290012523
0.5485555168813088,0.2645939086294416,0.901432755196322
0.5489035851026801,0.264426125554851,0.9015378460270915
0.5492516533240515,0.26425855513307983,0.9017015952987832
0.5495997215454229,0.26472450918302726,0.9018801259294654
0.5499477897667943,0.2645569620253165,0.9019669218281383
0.5502958579881657,0.26438962681846934,0.9019815827560808
0.5506439262095371,0.26485461441213654,0.902148073213919
0.5509919944309084,0.26468730259001894,0.9023497391624814
0.5513400626522799,0.26452020202020204,0.902358335082501
0.5516881308736512,0.2643533123028391,0.9024718173052976
0.5520361990950227,0.26418663303909207,0.9026555348826405
0.552384267316394,0.2640201638311279,0.902757697210917
0.5527323355377654,0.26448362720403024,0.9031247585712572
0.5530804037591368,0.2643171806167401,0.9033201010897834
0.5534284719805082,0.2647798742138365,0.9034410658177667
0.5537765402018796,0.2646134506599623,0.9034554208538842
0.554124608423251,0.26444723618090454,0.9037530107096002
0.5544726766446223,0.26490897677338354,0.9038136207675388
0.5548207448659938,0.26537013801756587,0.9040378684970244
0.5551688130873651,0.2652037617554859,0.9041142343074282
0.5555168813087366,0.2650375939849624,0.9041582372856971
0.5558649495301079,0.2648716343143394,0.9045060877635063
0.5562130177514792,0.26533166458072593,0.9045255341650409
0.5565610859728507,0.26516572858036275,0.9048594232318022
0.556909154194222,0.265,0.9048682046980768
0.5572572224155935,0.26483447845096814,0.9048779319048205
0.5576052906369648,0.26529338327091134,0.9049217855174787
0.5579533588583362,0.26512788521522146,0.9050215677414736
0.5583014270797076,0.2655860349127182,0.905228948553764
0.558649495301079,0.26542056074766357,0.905513685514713
0.5589975635224504,0.26525529265255293,0.9058551749755828
0.5593456317438218,0.26509023024268824,0.905865103500725
0.5596936999651931,0.26492537313432835,0.9063197761828974
0.5600417681865646,0.26476072094468617,0.9064597067878428
0.5603898364079359,0.2645962732919255,0.9069385181363464
0.5607379046293074,0.2644320297951583,0.9070970007684728
0.5610859728506787,0.2642679900744417,0.9071152506622805
0.5614340410720501,0.26410415375077495,0.9072409355809615
0.5617821092934215,0.26394052044609667,0.9074414531154684
0.5621301775147929,0.26377708978328174,0.9074979987048541
0.5624782457361643,0.26423267326732675,0.907776861531833
0.5628263139575357,0.26468769325912184,0.9079145268832348
0.563174382178907,0.26452410383189123,0.9080778632561848
0.5635224504002785,0.26436071649166154,0.9080960469256937
0.5638705186216498,0.26481481481481484,0.9085150625211599
0.5642185868430213,0.2646514497223936,0.9087025510949274
0.5645666550643926,0.2644882860665845,0.9088271547458735
0.564914723285764,0.2643253234750462,0.9088297560039752
0.5652627915071354,0.2647783251231527,0.9089015801436996
0.5656108597285068,0.26461538461538464,0.9089655184885511
0.5659589279498781,0.2650676506765068,0.9090397177236684
0.5663069961712496,0.26490473263675474,0.9090952273750762
0.5666550643926209,0.26474201474201475,0.9090967186999463
0.5670031326139924,0.2645794966236955,0.9091097779504029
0.5673512008353637,0.2644171779141104,0.9091566461266671
0.5676992690567351,0.26425505824647455,0.9093742381537737
0.5680473372781065,0.26409313725490197,0.909414390959515
0.5683954054994779,0.2645437844458053,0.9095275235365538
0.5687434737208493,0.26438188494492043,0.909534687023036
0.5690915419422207,0.26422018348623855,0.9095835948903563
0.569439610163592,0.26466992665036676,0.9098452615674072
0.5697876783849635,0.26450824679291385,0.909863095327128
0.5701357466063348,0.26495726495726496,0.9099986979819265
0.5704838148277063,0.2654057352043929,0.910052371568051
0.5708318830490776,0.2658536585365854,0.9101938505926142
0.571179951270449,0.26569165143205364,0.9102610506653431
0.5715280194918204,0.2661388550548112,0.910293711187542
0.5718760877131918,0.26597687157638467,0.9105479813290369
0.5722241559345632,0.26581508515815083,0.910587061213211
0.5725722241559346,0.2662613981762918,0.9108786131465493
0.5729202923773059,0.2667071688942892,0.9109002456930962
0.5732683605986774,0.2665452337583485,0.9110056119917853
0.5736164288200487,0.2669902912621359,0.9114337289887313
0.5739644970414202,0.2668283808368708,0.9118012454041879
0.5743125652627915,0.2672727272727273,0.9118253069042507
0.5746606334841629,0.2677165354330709,0.9122177844167639
0.5750087017055343,0.2675544794188862,0.9123721574024276
0.5753567699269057,0.26799758015728975,0.9125074176918072
0.5757048381482771,0.2678355501813785,0.9125354894297103
0.5760529063696485,0.2676737160120846,0.9126124681182592
0.5764009745910198,0.26811594202898553,0.91261686090732
0.5767490428123913,0.2685576342788171,0.9126555341306659
0.5770971110337626,0.2689987937273824,0.9128363846906724
0.5774451792551341,0.26883664858348405,0.9128480742215438
0.5777932474765054,0.26867469879518074,0.9131222628924659
0.5781413156978767,0.26851294400963277,0.9132137539100655
0.5784893839192482,0.2683513838748496,0.9133344717211949
0.5788374521406195,0.26819001803968734,0.9135397905052542
0.579185520361991,0.2686298076923077,0.9135620982414905
0.5795335885833623,0.2690690690690691,0.9135850744544396
0.5798816568047337,0.2689075630252101,0.9135856720617986
0.5802297250261051,0.26874625074985004,0.9138991866550875
0.5805777932474765,0.26918465227817745,0.9139140810485008
0.580925861468848,0.2696225284601558,0.9139907949827978
0.5812739296902193,0.2694610778443114,0.9144367188035231
0.5816219979115906,0.2698982645122681,0.914448312819384
0.5819700661329621,0.26973684210526316,0.9146828898019556
0.5823181343543334,0.27017334130304843,0.9151983316921877
0.5826662025757048,0.27060931899641577,0.9152350095586745
0.5830142707970762,0.271044776119403,0.9152385626402061
0.5833623390184476,0.27088305489260145,0.9153464455672299
0.583710407239819,0.27072152653548004,0.9154611477444283
0.5840584754611904,0.27115613825983315,0.9155139924228878
0.5844065436825617,0.27099463966646814,0.9160089451151212
0.5847546119039332,0.2708333333333333,0.9161607144924199
0.5851026801253045,0.2712671029149316,0.9162642969833287
0.585450748346676,0.27170035671819265,0.9164274475304903
0.5857988165680473,0.27153891859774215,0.917149851927941
0.5861468847894187,0.27137767220902614,0.9171674132437496
0.5864949530107901,0.2712166172106825,0.9174365612243232
0.5868430212321615,0.27105575326215897,0.9176813649419316
0.5871910894535329,0.2708950800237107,0.9176879938437953
0.5875391576749043,0.2713270142180095,0.9178737470090198
0.5878872258962756,0.27175843694493784,0.9179761985532526
0.5882352941176471,0.2715976331360947,0.9181362285601224
0.5885833623390184,0.2714370195150798,0.918178112970707
0.5889314305603899,0.2712765957446808,0.9182299407567092
0.5892794987817612,0.271116361488482,0.9182940816798846
0.5896275670031326,0.2715466351829988,0.918440392530411
0.589975635224504,0.2713864306784661,0.9186032909837573
0.5903237034458754,0.27122641509433965,0.9186179180552481
0.5906717716672468,0.27165586328815555,0.91862855584915
0.5910198398886182,0.2714958775029446,0.9187965569532515
0.5913679081099895,0.27192466156562684,0.9191560795859597
0.591715976331361,0.2723529411764706,0.9192650113046015
0.5920640445527323,0.2727807172251617,0.9195181135958541
0.5924121127741038,0.27262044653349,0.9195277402804168
0.5927601809954751,0.2724603640634175,0.9196566495241008
0.5931082492168465,0.272887323943662,0.9198864594599274
0.5934563174382179,0.2727272727272727,0.9199944065792143
0.5938043856595893,0.2731535756154748,0.9200107404285124
0.5941524538809607,0.27299355594610425,0.9200576019848292
0.5945005221023321,0.2728337236533958,0.9201263895351065
0.5948485903237034,0.272674078408426,0.9203050185939751
0.5951966585450749,0.27309941520467834,0.9203230922681646
0.5955447267664462,0.2735242548217417,0.9205148617405783
0.5958927949878177,0.2733644859813084,0.9206166575362176
0.596240863209189,0.27378867483946295,0.9208632186754738
0.5965889314305604,0.2736289381563594,0.9208691403094186
0.5969369996519318,0.27346938775510204,0.9209635250354417
0.5972850678733032,0.2733100233100233,0.920983335552675
0.5976331360946746,0.27373325567850904,0.9210262497854861
0.597981204316046,0.27357392316647267,0.9211299139071741
0.5983292725374173,0.2734147760325771,0.921213700896089
0.5986773407587888,0.27325581395348836,0.9213958369503505
0.5990254089801601,0.273678094131319,0.9215487200559825
0.5993734772015314,0.2735191637630662,0.9216080372802244
0.5997215454229029,0.273360417875798,0.9216203598386646
0.6000696136442742,0.2732018561484919,0.9219171493578888
0.6004176818656457,0.27304347826086955,0.9219264422120905
0.600765750087017,0.2728852838933951,0.9219426096682173
0.6011138183083884,0.2727272727272727,0.9219791200944111
0.6014618865297598,0.27314814814814814,0.9219955573328628
0.6018099547511312,0.27356853672643144,0.922017133849559
0.6021580229725026,0.27341040462427746,0.9221082283680643
0.602506091193874,0.2732524552281918,0.9225829141211729
0.6028541594152453,0.27367205542725176,0.9226277283550364
0.6032022276366168,0.2740911713791114,0.9226539884323777
0.6035502958579881,0.27393310265282583,0.922667599401264
0.6038983640793596,0.2743515850144092,0.922866265737108
0.6042464323007309,0.27476958525345624,0.9228814137756576
0.6045945005221023,0.27461139896373055,0.9230774445003959
0.6049425687434737,0.2744533947065593,0.9231132515270605
0.6052906369648451,0.2748706152961472,0.9231960500141977
0.6056387051862165,0.2752873563218391,0.9232171326836113
0.6059867734075879,0.27570361860999426,0.9233922628795295
0.6063348416289592,0.2755453501722158,0.923397054296246
0.6066829098503307,0.2759609868043603,0.923419156238632
0.607030978071702,0.2763761467889908,0.9234875268776468
0.6073790462930735,0.27679083094555873,0.9235314016970979
0.6077271145144448,0.2766323024054983,0.9238130935010139
0.6080751827358162,0.27647395535203206,0.9239330265848748
0.6084232509571876,0.2768878718535469,0.9239851775667157
0.608771319178559,0.27672955974842767,0.924051071457759
0.6091193873999304,0.27714285714285714,0.9240939316298814
0.6094674556213018,0.2775556824671616,0.9244108237355628
0.6098155238426731,0.2773972602739726,0.9244943304061597
0.6101635920640446,0.2772390188248717,0.9245467842287256
0.6105116602854159,0.27708095781071834,0.9248108070056776
0.6108597285067874,0.2774928774928775,0.9249651456530024
0.6112077967281587,0.27733485193621865,0.9251292240152651
0.6115558649495301,0.2771770062606716,0.925501160815582
0.6119039331709015,0.2770193401592719,0.9257167643662033
0.6122520013922729,0.27686185332575325,0.9258080524703483
0.6126000696136443,0.2767045454545455,0.9258530004642918
0.6129481378350157,0.2771152754116979,0.9258843036506098
0.613296206056387,0.2775255391600454,0.9259548694982174
0.6136442742777585,0.2773681225184345,0.9259932779296417
0.6139923424991298,0.2777777777777778,0.9260896456725942
0.6143404107205013,0.2776203966005666,0.926147174032023
0.6146884789418726,0.27746319365798416,0.9263677810731933
0.615036547163244,0.277306168647425,0.9267213467458484
0.6153846153846154,0.27771493212669685,0.9268435100788136
0.6157326836059868,0.27755794234030523,0.9270830335158697
0.6160807518273581,0.27796610169491526,0.9270895257555442
0.6164288200487296,0.27780914737436474,0.9270898401778357
0.6167768882701009,0.27765237020316025,0.9272686792039866
0.6171249564914724,0.27749576988155666,0.9273025513487069
0.6174730247128437,0.2779030439684329,0.9273518593785672
0.617821092934215,0.27830985915492956,0.9273912187619084
0.6181691611555865,0.27815315315315314,0.9273932893037904
0.6185172293769579,0.2779966235227912,0.9276966347245447
0.6188652975983293,0.2778402699662542,0.9277302571424586
0.6192133658197007,0.2776840921866217,0.9278421171026929
0.619561434041072,0.27808988764044945,0.9279219966939495
0.6199095022624435,0.2784952274003369,0.9279266058555006
0.6202575704838148,0.2789001122334456,0.9279647997159599
0.6206056387051863,0.2787436904094223,0.9280048906123376
0.6209537069265576,0.27914798206278024,0.9281375082310597
0.621301775147929,0.27899159663865547,0.9283134973357708
0.6216498433693004,0.2788353863381859,0.9285823178142285
0.6219979115906717,0.2786793508673755,0.9290127810745725
0.6223459798120432,0.2785234899328859,0.9292532391107645
0.6226940480334145,0.2789267747344885,0.9293709788958037
0.6230421162547859,0.2787709497206704,0.92943109834199
0.6233901844761573,0.2786152987158012,0.9295061495737752
0.6237382526975287,0.27901785714285715,0.929533872923713
0.6240863209189002,0.2788622420524261,0.9295581070692395
0.6244343891402715,0.2787068004459309,0.9298730575065298
0.6247824573616428,0.2785515320334262,0.9299293278963345
0.6251305255830143,0.27839643652561247,0.9301401675629191
0.6254785938043856,0.27824151363383415,0.9302805084387595
0.6258266620257571,0.27808676307007785,0.930694830293282
0.6261747302471284,0.2784880489160645,0.9307799861571908
0.6265227984684998,0.2783333333333333,0.930825407691783
0.6268708666898712,0.2781787895613548,0.9310502346090644
0.6272189349112426,0.27802441731409544,0.9312496355097225
0.627567003132614,0.27842484747642815,0.9312827613215449
0.6279150713539854,0.27882483370288247,0.9312876293512224
0.6282631395753567,0.2786703601108033,0.9317343877194979
0.6286112077967282,0.27851605758582504,0.9317396019171107
0.6289592760180995,0.2783619258439402,0.932013208480238
0.629307344239471,0.27876106194690264,0.932307825633566
0.6296554124608423,0.27860696517412936,0.9323130006231762
0.6300034806822137,0.27845303867403315,0.9325226375716539
0.6303515489035851,0.27829928216454997,0.9325453772013987
0.6306996171249565,0.27869757174392934,0.9325847480338353
0.6310476853463279,0.2785438499724214,0.9326010838174961
0.6313957535676993,0.27839029768467477,0.9329241898658658
0.6317438217890706,0.2787878787878788,0.9331936762879334
0.6320918900104421,0.2786343612334802,0.9332857294422966
0.6324399582318134,0.27848101265822783,0.9333085351183754
0.6327880264531848,0.27887788778877887,0.9335044031055697
0.6331360946745562,0.27872457394172623,0.9335405465252107
0.6334841628959276,0.27912087912087913,0.9338411132744062
0.633832231117299,0.27951674903898954,0.933887035331203
0.6341802993386704,0.27936333699231614,0.9339471993239085
0.6345283675600417,0.2797586396050466,0.9340245110739175
0.6348764357814132,0.27960526315789475,0.93412243051636
0.6352245040027845,0.27945205479452057,0.9341648048323492
0.635572572224156,0.27984665936473163,0.9342485920323845
0.6359206404455273,0.2802408319649699,0.9343842712810457
0.6362687086668987,0.2800875273522976,0.9345091389083653
0.6366167768882701,0.2799343903772553,0.9346355525088826
0.6369648451096415,0.2797814207650273,0.9346373642570939
0.6373129133310129,0.2801747678864009,0.9348215293369035
0.6376609815523843,0.28056768558951967,0.9348338762864574
0.6380090497737556,0.28041462084015273,0.9349401883398233
0.6383571179951271,0.2808069792802617,0.935094842235407
0.6387051862164984,0.28119891008174386,0.9352510109054962
0.6390532544378699,0.28104575163398693,0.9354542336161124
0.6394013226592412,0.2808927599346761,0.9355329911887136
0.6397493908806126,0.2812840043525571,0.9359546269218748
0.640097459101984,0.2816748232735182,0.9359937723373917
0.6404455273233554,0.28152173913043477,0.9360148446071348
0.6407935955447268,0.2813688212927757,0.9360818514560406
0.6411416637660982,0.28121606948968514,0.9367877652106192
0.6414897319874695,0.28106348345089527,0.9368916678441572
0.641837800208841,0.2809110629067245,0.9369309178209597
0.6421858684302123,0.28075880758807586,0.9369954784761635
0.6425339366515838,0.28060671722643554,0.9371000499418897
0.6428820048729551,0.28045479155387115,0.9371309499562274
0.6432300730943264,0.2803030303030303,0.9371748063425117
0.6435781413156979,0.280151433207139,0.9372280821473703
0.6439262095370692,0.28,0.937242320471171
0.6442742777584407,0.28038897893030795,0.9373687673748343
0.644622345979812,0.28023758099352053,0.9373959360190268
0.6449704142011834,0.2800863464651916,0.937592070366418
0.6453184824225549,0.28047464940668826,0.9377058698855403
0.6456665506439262,0.2803234501347709,0.9377256318399496
0.6460146188652977,0.2807112068965517,0.9378363143420114
0.646362687086669,0.28109854604200324,0.9380636066354643
0.6467107553080403,0.28094725511302476,0.9382729857812336
0.6470588235294118,0.2807961269499731,0.9382807888530648
0.6474068917507831,0.2806451612903226,0.938316744358644
0.6477549599721545,0.28049435787211174,0.9384039554782455
0.6481030281935259,0.280343716433942,0.9384431469587211
0.6484510964148973,0.28019323671497587,0.9386221459937721
0.6487991646362687,0.2805793991416309,0.9387682813952821
0.6491472328576401,0.2804289544235925,0.9388264569331957
0.6494953010790114,0.2802786709539121,0.9388963033759046
0.6498433693003829,0.2801285484734869,0.9390008944600291
0.6501914375217542,0.28051391862955033,0.939082494196707
0.6505395057431257,0.28036383092562867,0.939266214020985
0.650887573964497,0.2802139037433155,0.9392662399929098
0.6512356421858684,0.28059861036878675,0.9396845950415148
0.6515837104072398,0.280982905982906,0.9397061213858086
0.6519317786286112,0.2808328884143086,0.9397302461709749
0.6522798468499826,0.28121664887940234,0.9397440855030503
0.652627915071354,0.2810666666666667,0.9397683246003732
0.6529759832927253,0.2814498933901919,0.9397741141615674
0.6533240515140968,0.2818327117741076,0.9399664578259271
0.6536721197354681,0.28168264110756125,0.9400254489848457
0.6540201879568396,0.28153273017562536,0.9401686120040137
0.6543682561782109,0.28138297872340423,0.9402982817920743
0.6547163243995823,0.2812333864965444,0.9403230267614564
0.6550643926209537,0.281615302869288,0.9404163483846778
0.6554124608423251,0.281465746149761,0.9405421998488488
0.6557605290636965,0.2818471337579618,0.9406851086282148
0.6561085972850679,0.28222811671087533,0.9410038601454834
0.6564566655064392,0.2826086956521739,0.9410327253806838
0.6568047337278107,0.28245892951775303,0.9410444916405888
0.657152801949182,0.2823093220338983,0.941056787158583
0.6575008701705535,0.2826892535733192,0.941122558364833
0.6578489383919248,0.2830687830687831,0.9413523276701425
0.6581970066132962,0.2834479111581174,0.9414040892071314
0.6585450748346676,0.2832980972515856,0.941515509897468
0.658893143056039,0.283148441627047,0.9415172636530782
0.6592412112774104,0.28299894403379094,0.9418257086963207
0.6595892794987818,0.283377308707124,0.9422672029900984
0.6599373477201531,0.28322784810126583,0.9423277164702181
0.6602854159415246,0.283078545071165,0.9424420317872508
0.6606334841628959,0.2829293993677555,0.9426254212691716
0.6609815523842674,0.28278041074249605,0.942667443381118
0.6613296206056387,0.2826315789473684,0.9426803405082383
0.6616776888270101,0.2824829037348764,0.9429922983273787
0.6620257570483815,0.2823343848580442,0.9430335726991631
0.6623738252697529,0.28271150814503415,0.943353620163046
0.6627218934911243,0.28256302521008403,0.9435815139396192
0.6630699617124957,0.2824146981627297,0.9436113958226405
0.663418029933867,0.282791185729276,0.9436328736474043
0.6637660981552385,0.28264289459884634,0.9436634755586106
0.6641141663766098,0.2830188679245283,0.9436840507761681
0.6644622345979811,0.2828706128863279,0.9438115582920591
0.6648103028193526,0.28272251308900526,0.9442469458541829
0.665158371040724,0.282574568288854,0.944296813525162
0.6655064392620954,0.2824267782426778,0.9444234987525311
0.6658545074834668,0.2828018818609514,0.9444434481484294
0.6662025757048381,0.2826541274817137,0.9444993668114529
0.6665506439262096,0.2825065274151436,0.9446107182861654
0.6668987121475809,0.28235908141962424,0.9447540479681169
0.6672467803689524,0.2822117892540428,0.9447735016419891
0.6675948485903237,0.28206465067778935,0.9447964252872665
0.667942916811695,0.2819176654507556,0.9453232409943678
0.6682909850330665,0.28229166666666666,0.9453982483794208
0.6686390532544378,0.2821447162935971,0.9453992694170628
0.6689871214758093,0.28199791883454733,0.9458433707145072
0.6693351896971806,0.28185127405096205,0.9459608606375747
0.669683257918552,0.2822245322245322,0.9460742012155627
0.6700313261399234,0.2820779220779221,0.9461541570016444
0.6703793943612948,0.2819314641744548,0.9461800531788019
0.6707274625826662,0.282304099636741,0.9462886967086416
0.6710755308040376,0.2821576763485477,0.9463756830885157
0.6714235990254089,0.2820114048729912,0.9464109507596016
0.6717716672467804,0.28186528497409324,0.9465386442205295
0.6721197354681517,0.28171931641636455,0.9465685007213925
0.6724678036895232,0.28209109730848864,0.9466111232109743
0.6728158719108945,0.28246249353336783,0.9469315942864982
0.6731639401322659,0.2823164426059979,0.9470747103073763
0.6735120083536373,0.28268733850129196,0.9471066610465123
0.6738600765750087,0.2825413223140496,0.9471071387528766
0.6742081447963801,0.2829117191533299,0.9471420461591482
0.6745562130177515,0.28328173374613,0.9472224870100245
0.6749042812391228,0.28313563692625066,0.9474449013664173
0.6752523494604943,0.28350515463917525,0.9475445390075666
0.6756004176818656,0.2833590932509016,0.9475675967509667
0.6759484859032371,0.28321318228630277,0.9476644041730712
0.6762965541246084,0.28306742151312403,0.9477517595054119
0.6766446223459798,0.2829218106995885,0.9479193563537576
0.6769926905673512,0.2827763496143959,0.94800386410101
0.6773407587887226,0.28263103802672146,0.9482129268216762
0.677688827010094,0.2824858757062147,0.9483013602934498
0.6780368952314654,0.2828542094455852,0.9485789877226413
0.6783849634528367,0.28270908158029756,0.9487928009890639
0.6787330316742082,0.28307692307692306,0.9488013128020772
0.6790810998955795,0.28293182983085596,0.9488893189134049
0.679429168116951,0.2827868852459016,0.9489529953711519
0.6797772363383223,0.282642089093702,0.9492759967730864
0.6801253045596937,0.28249744114636643,0.9492922204098443
0.6804733727810651,0.2823529411764706,0.9494279144404254
0.6808214410024365,0.282719836400818,0.9495287093746482
0.6811695092238078,0.2825753704649974,0.9497398296659715
0.6815175774451793,0.28243105209397346,0.9498131330326408
0.6818656456665506,0.2827973455844819,0.9498836067212834
0.6822137138879221,0.2826530612244898,0.9499174118520165
0.6825617821092934,0.2830188679245283,0.9499264639062303
0.6829098503306648,0.28287461773700306,0.9499695708603298
0.6832579185520362,0.282730514518594,0.9500815301919039
0.6836059867734076,0.2830957230142566,0.9501566132356107
0.683954054994779,0.28346055979643764,0.9502360376157251
0.6843021232161504,0.28331637843336727,0.9503931438482442
0.6846501914375217,0.2836807320793086,0.9504102405185358
0.6849982596588932,0.2840447154471545,0.9504990074104162
0.6853463278802645,0.28390045708481465,0.9507100378902907
0.685694396101636,0.28426395939086296,0.9507102019266499
0.6860424643230073,0.2846270928462709,0.9508851886162804
0.6863905325443787,0.28448275862068967,0.9509063806522701
0.6867386007657501,0.2843385707045109,0.951093164078717
0.6870866689871215,0.28419452887537994,0.9513784002065687
0.6874347372084929,0.28405063291139243,0.9513951454900578
0.6877828054298643,0.2839068825910931,0.9514389808154665
0.6881308736512356,0.283763277693475,0.9517483909074531
0.688478941872607,0.28412537917087965,0.9517654034155721
0.6888270100939784,0.28398180899444164,0.9518680145157181
0.6891750783153499,0.28434343434343434,0.9519323165953439
0.6895231465367212,0.28419989904088844,0.9525973527094326
0.6898712147580925,0.28456104944500504,0.9526497569340506
0.690219282979464,0.2844175491679274,0.9526788869821822
0.6905673512008353,0.2847782258064516,0.9528063574276208
0.6909154194222068,0.28463476070528965,0.9529221731719245
0.6912634876435781,0.2849949647532729,0.9529887910616534
0.6916115558649495,0.28535480624056364,0.9530621914550438
0.691959624086321,0.2852112676056338,0.9532907394608157
0.6923076923076923,0.2850678733031674,0.9533093697661312
0.6926557605290637,0.28492462311557787,0.9535768701648809
0.6930038287504351,0.28478151682571573,0.9535866920393881
0.6933518969718064,0.285140562248996,0.9539401407118129
0.6936999651931779,0.28499749121926743,0.953998072166168
0.6940480334145492,0.2848545636910732,0.9540065167006291
0.6943961016359207,0.28521303258145364,0.954037125454247
0.694744169857292,0.28557114228456915,0.9541461054200496
0.6950922380786634,0.28542814221331997,0.9541951148371752
0.6954403063000348,0.2857857857857858,0.95429476311999
0.6957883745214062,0.28564282141070535,0.9544486321617259
0.6961364427427776,0.286,0.9545343006075633
0.696484510964149,0.2863568215892054,0.954662163798114
0.6968325791855203,0.2867132867132867,0.9547183939658116
0.6971806474068918,0.2870693959061408,0.9549536730075231
0.6975287156282631,0.2869261477045908,0.9550464047836703
0.6978767838496345,0.286783042394015,0.9551005028905519
0.6982248520710059,0.28713858424725824,0.9551340139834394
0.6985729202923773,0.28699551569506726,0.9551544947448599
0.6989209885137487,0.2868525896414343,0.9553390082203271
0.6992690567351201,0.28720756595321056,0.9553458240542614
0.6996171249564914,0.28756218905472636,0.9553656707749714
0.6999651931778629,0.2874191944306315,0.9554602581340083
0.7003132613992342,0.28777335984095426,0.9554647436708796
0.7006613296206057,0.28812717337307503,0.9555085738519178
0.701009397841977,0.28798411122144985,0.9555763839246654
0.7013574660633484,0.2883374689826303,0.9556626034830202
0.7017055342847198,0.28869047619047616,0.9557195305486788
0.7020536025060912,0.2890431333663857,0.9558825135015941
0.7024016707274626,0.28889990089197226,0.955927852604206
0.702749738948834,0.28875681030212974,0.9560112324804299
0.7030978071702053,0.2886138613861386,0.9560331374071906
0.7034458753915768,0.2884710539336962,0.9560921013855956
0.7037939436129481,0.2883283877349159,0.9561171002911757
0.7041420118343196,0.28818586258032625,0.956143152879435
0.7044900800556909,0.28804347826086957,0.9562032297444581
0.7048381482770623,0.28790123456790123,0.9563082579540423
0.7051862164984337,0.2882527147087858,0.9567960861950776
0.7055342847198051,0.2881105081401085,0.9568209443952689
0.7058823529411765,0.2879684418145957,0.9570095433266709
0.7062304211625479,0.2883193691473632,0.9570234350592045
0.7065784893839192,0.2881773399014778,0.9570763924270345
0.7069265576052907,0.28852781880846873,0.9571120200414363
0.707274625826662,0.28838582677165353,0.9571827475350958
0.7076226940480335,0.2882439744220364,0.9572147599394969
0.7079707622694048,0.2885939036381514,0.9572672255705201
0.7083188304907762,0.2884520884520885,0.9573205990842297
0.7086668987121476,0.28831041257367385,0.9575401261552566
0.709014966933519,0.28816887579774175,0.9576694621203453
0.7093630351548904,0.28802747791952893,0.9577743623116912
0.7097111033762618,0.28788621873467385,0.9577888492991812
0.7100591715976331,0.28823529411764703,0.9580493018693993
0.7104072398190046,0.288094071533562,0.9583506528095957
0.7107553080403759,0.28844270323212534,0.9584423487334974
0.7111033762617474,0.28830151737640725,0.9585587959670236
0.7114514444831187,0.288160469667319,0.9586733527508357
0.71179951270449,0.28801955990220046,0.958945139206543
0.7121475809258615,0.2883675464320626,0.9589718264633825
0.7124956491472328,0.2887151929653151,0.9590161125908623
0.7128437173686043,0.28857421875,0.9590593665755055
0.7131917855899756,0.2889214250854075,0.9591037814322828
0.713539853811347,0.288780487804878,0.9592142267703045
0.7138879220327184,0.2886396879570941,0.9592286357688309
0.7142359902540898,0.2884990253411306,0.9593438021522492
0.7145840584754611,0.2888455918168534,0.9596071884191526
0.7149321266968326,0.2891918208373905,0.9596964725090801
0.7152801949182039,0.2895377128953771,0.9597946688146897
0.7156282631395754,0.2898832684824903,0.9598010952350973
0.7159763313609467,0.2897423432182791,0.9599486843920902
0.7163243995823181,0.29008746355685133,0.960105760056481
0.7166724678036895,0.28994657600777074,0.9601878093930089
0.7170205360250609,0.2898058252427185,0.9602879330678155
0.7173686042464323,0.2901504124211548,0.960576252861429
0.7177166724678037,0.29049466537342383,0.9606041578994816
0.718064740689175,0.290838584585555,0.9606965264468883
0.7184128089105465,0.2911821705426357,0.9607413631919977
0.7187608771319178,0.2910411622276029,0.9609830411463359
0.7191089453532893,0.29138431752178123,0.9610425430055533
0.7194570135746606,0.2912433478471214,0.9610436547666111
0.719805081796032,0.2911025145067698,0.9610925229420665
0.7201531500174034,0.29096181730304493,0.9612283955351582
0.7205012182387748,0.29130434782608694,0.9612540215968006
0.7208492864601462,0.29116368903911155,0.9612947047336099
0.7211973546815176,0.291023166023166,0.961366427620898
0.7215454229028889,0.29088277858176553,0.9613829122264816
0.7218934911242604,0.2907425265188042,0.9614086565043747
0.7222415593456317,0.2910843373493976,0.9614595158709102
0.7225896275670032,0.29142581888246627,0.9614865492835574
0.7229376957883745,0.2912855079441502,0.9618071832689563
0.7232857640097459,0.29162656400384984,0.9623126011184788
0.7236338322311173,0.29148629148629146,0.9624736748022176
0.7239819004524887,0.29134615384615387,0.9625604491001979
0.7243299686738601,0.29120615088899565,0.9629002695020312
0.7246780368952315,0.2910662824207493,0.9629592939432494
0.7250261051166028,0.2914066250600096,0.9630140319089925
0.7253741733379743,0.29174664107485604,0.9630342409852977
0.7257222415593456,0.29160671462829735,0.9631477244923083
0.7260703097807171,0.2914669223394056,0.9631555270299573
0.7264183780020884,0.291327264015333,0.9632345344490032
0.7267664462234598,0.29118773946360155,0.9632676686302838
0.7271145144448312,0.2910483484921015,0.9632857637070946
0.7274625826662026,0.2909090909090909,0.9633132891893862
0.727810650887574,0.29076996652319465,0.963431061129904
0.7281587191089454,0.29063097514340347,0.9634517808188854
0.7285067873303167,0.2909698996655518,0.9636572122983825
0.7288548555516882,0.29083094555873923,0.9637150132177391
0.7292029237730595,0.2911694510739857,0.9638779749041165
0.7295509919944309,0.29103053435114506,0.9640488672257775
0.7298990602158023,0.2913686218407248,0.9640758947929599
0.7302471284371737,0.2917063870352717,0.9640906265144684
0.7305951966585451,0.2920438303954264,0.9641185676885177
0.7309432648799165,0.2919047619047619,0.9641955877956605
0.7312913331012878,0.29224178962398856,0.964364782627623
0.7316394013226593,0.29257849666983826,0.9644342953852652
0.7319874695440306,0.29291488349976225,0.9645022477127693
0.7323355377654021,0.29277566539923955,0.964526350735616
0.7326836059867734,0.29263657957244654,0.9647983368979215
0.7330316742081447,0.2929724596391263,0.9648010938064697
0.7333797424295162,0.2928334124347413,0.9648278257453083
0.7337278106508875,0.29316888045540795,0.9649301836508276
0.734075878872259,0.2930298719772404,0.964951059019619
0.7344239470936303,0.2933649289099526,0.9649545691508614
0.7347720153150017,0.29322595926101375,0.9650894648191349
0.7351200835363731,0.2935606060606061,0.9651056177911229
0.7354681517577445,0.29342167534311403,0.9651386754324359
0.735816219979116,0.29375591296121095,0.9651646690845643
0.7361642882004873,0.2936170212765957,0.965447076483751
0.7365123564218586,0.2939508506616257,0.9654775251439204
0.7368604246432301,0.2942843646669816,0.9654807619388834
0.7372084928646014,0.29414542020774315,0.9655605658837587
0.7375565610859729,0.2940066068900425,0.9656410251942896
0.7379046293073442,0.2938679245283019,0.965903690907173
0.7382526975287156,0.2942008486562942,0.9659331944617312
0.738600765750087,0.294062205466541,0.9659360917765926
0.7389488339714584,0.2939236928874235,0.9659959879509296
0.7392969021928298,0.294256120527307,0.9660402159746126
0.7396449704142012,0.29411764705882354,0.9662498912654611
0.7399930386355725,0.2944496707431797,0.9663927280855186
0.740341106856944,0.2943112364833098,0.9664114108045027
0.7406891750783153,0.2941729323308271,0.9664236591598151
0.7410372432996868,0.2940347581023955,0.9664422806579016
0.7413853115210581,0.2943661971830986,0.9664855770132077
0.7417333797424295,0.29422806194274986,0.9664866500707988
0.7420814479638009,0.2945590994371482,0.9665866437104365
0.7424295161851723,0.2944210032817628,0.9666315456038962
0.7427775844065437,0.29475164011246485,0.9667196561825034
0.7431256526279151,0.29508196721311475,0.9667461132289491
0.7434737208492864,0.2949438202247191,0.9668050504283037
0.7438217890706579,0.29480580252690686,0.966810024555655
0.7441698572920292,0.29466791393826003,0.966846689192648
0.7445179255134007,0.29453015427769985,0.9669549464041854
0.744865993734772,0.29485981308411213,0.9670385452456203
0.7452140619561434,0.29472209248014947,0.967166509985815
0.7455621301775148,0.2945845004668534,0.9673117370885613
0.7459101983988862,0.2949136724218385,0.9674119101746219
0.7462582666202575,0.29524253731343286,0.9674219378785373
0.746606334841629,0.29557109557109557,0.9674768315735246
0.7469544030630003,0.2958993476234856,0.967557061267599
0.7473024712843718,0.29576152771308806,0.9675731473248894
0.7476505395057431,0.2956238361266294,0.967628574664616
0.7479986077271145,0.29548627268496974,0.9676751080730963
0.7483466759484859,0.2958139534883721,0.9676990616622205
0.7486947441698573,0.296141329614133,0.9677024549971993
0.7490428123912287,0.29646840148698883,0.9677357066902141
0.7493908806126001,0.2963307013469577,0.967818928350943
0.7497389488339714,0.29619312906220985,0.9678217158722855
0.7500870170553429,0.2960556844547564,0.9679117977682987
0.7504350852767142,0.2963821892393321,0.9679606648774767
0.7507831534980857,0.29624478442280944,0.9680001392566983
0.751131221719457,0.2965708989805375,0.9683338046610172
0.7514792899408284,0.29643353404353867,0.968381262698427
0.7518273581621998,0.2962962962962963,0.9685128643844042
0.7521754263835712,0.2961591855622397,0.9685348502575567
0.7525234946049426,0.2960222016651249,0.9685373195933791
0.752871562826314,0.29634766527970413,0.9685489612132133
0.7532196310476853,0.2962107208872458,0.9685739098653983
0.7535676992690568,0.29653579676674363,0.9687186250109352
0.7539157674904281,0.2968605724838412,0.9687558089928218
0.7542638357117996,0.297185048454084,0.9687798904526332
0.7546119039331709,0.29704797047970477,0.9688111934785514
0.7549599721545422,0.29737206085753803,0.9689111491104714
0.7553080403759137,0.29723502304147464,0.9690559183364682
0.755656108597285,0.29709811146936893,0.9691264205479063
0.7560041768186565,0.2974217311233886,0.9694712310045491
0.7563522450400278,0.2972848596410492,0.969562955218526
0.7567003132613992,0.297148114075437,0.969635423490022
0.7570483814827706,0.29747126436781607,0.9696706968319483
0.757396449704142,0.2977941176470588,0.9697330871900309
0.7577445179255134,0.2981166743224621,0.9697686776307338
0.7580925861468848,0.29797979797979796,0.9698744491593692
0.7584406543682561,0.2983019733822855,0.9698938597819852
0.7587887225896276,0.2981651376146789,0.9700498099726934
0.7591367908109989,0.2984869325997249,0.9701736181007746
0.7594848590323704,0.2983501374885426,0.970194856586328
0.7598329272537417,0.29821346770499313,0.9702480622702916
0.7601809954751131,0.2980769230769231,0.9704916937391282
0.7605290636964845,0.2979405034324943,0.9706712647039981
0.7608771319178559,0.297804208600183,0.9708652638705966
0.7612252001392273,0.29766803840877915,0.9708945331047028
0.7615732683605987,0.2979890310786106,0.9710072110056474
0.76192133658197,0.2978529008679762,0.9710221902076769
0.7622694048033415,0.29817351598173514,0.9711435380989554
0.7626174730247128,0.29849383842994065,0.9711483618367992
0.7629655412460842,0.2983576642335766,0.9711652046233017
0.7633136094674556,0.2982216142270862,0.9712342051638188
0.763661677688827,0.29854147675478576,0.9712777587828736
0.7640097459101984,0.2984054669703872,0.9714258995160904
0.7643578141315698,0.2987249544626594,0.9714569247574496
0.7647058823529411,0.2985889849795175,0.971547411203417
0.7650539505743126,0.2984531392174704,0.9716689079832475
0.7654020187956839,0.2987721691678035,0.9716852436994543
0.7657500870170554,0.29863636363636364,0.9718385917098146
0.7660981552384267,0.2989550204452522,0.9718494404063364
0.7664462234597981,0.298819255222525,0.9720790724722111
0.7667942916811695,0.2991375397185656,0.9722848331564432
0.7671423599025409,0.29900181488203265,0.9722906136195193
0.7674904281239123,0.29886621315192746,0.9723353575681706
0.7678384963452837,0.2991840435176791,0.9723750750857127
0.768186564566655,0.29950158586316267,0.9723764328541395
0.7685346327880265,0.29936594202898553,0.9724971993385628
0.7688827010093978,0.2996831145314622,0.9725835088437947
0.7692307692307693,0.2995475113122172,0.9726415570621791
0.7695788374521406,0.29986431478968795,0.9726899759824288
0.769926905673512,0.29972875226039786,0.9727444555302489
0.7702749738948834,0.29959331224582014,0.97274642146895
0.7706230421162548,0.2994579945799458,0.9727964741252891
0.7709711103376262,0.29932279909706544,0.9728345360564719
0.7713191785589976,0.29918772563176893,0.9729041532264833
0.7716672467803689,0.2995038340099233,0.9729288544965758
0.7720153150017404,0.2993688007213706,0.9730167663021136
0.7723633832231117,0.2992338891392519,0.9730185981827387
0.7727114514444832,0.29954954954954954,0.973060860542172
0.7730595196658545,0.29941467807294014,0.973093799284844
0.7734075878872259,0.29972997299729975,0.9732111303797087
0.7737556561085973,0.29959514170040485,0.9732357483411892
0.7741037243299687,0.29991007194244607,0.9733511468702767
0.7744517925513401,0.2997752808988764,0.9734212375364903
0.7747998607727115,0.3000898472596586,0.9734328632658366
0.7751479289940828,0.29995509654243374,0.9734917460881656
0.7754959972154543,0.3002692998204668,0.9735631988577428
0.7758440654368256,0.3001345895020188,0.9735966472712592
0.7761921336581971,0.3,0.9737187927231291
0.7765402018795684,0.2998655311519498,0.9737940039251983
0.7768882701009397,0.300179211469534,0.9739619236883383
0.7772363383223112,0.3000447828034035,0.973974271903603
0.7775844065436825,0.30035810205908686,0.9739761794475462
0.777932474765054,0.30022371364653244,0.9743478777191523
0.7782805429864253,0.3005366726296959,0.974379495587468
0.7786286112077967,0.30040232454179705,0.974381347204111
0.7789766794291682,0.3007149240393208,0.974611083207308
0.7793247476505395,0.3005806163465833,0.9746256474844974
0.7796728158719108,0.30089285714285713,0.9747502345938363
0.7800208840932823,0.3007585899152164,0.9749198373107862
0.7803689523146536,0.3006244424620874,0.975030457305249
0.7807170205360251,0.3004904146232724,0.9750824003196374
0.7810650887573964,0.30080213903743314,0.975141121174407
0.7814131569787678,0.30066815144766146,0.9751991876515552
0.7817612252001392,0.30053428317008013,0.975200024111958
0.7821092934215106,0.3008455718736093,0.9752905000673541
0.782457361642882,0.3011565836298932,0.975327736740839
0.7828054298642534,0.3010226767452201,0.9754336052210907
0.7831534980856247,0.30133333333333334,0.9755239246047654
0.7835015663069962,0.30164371390493117,0.9756573299306533
0.7838496345283675,0.30150976909413857,0.9757664825968765
0.784197702749739,0.30137594318686195,0.9758567571495728
0.7845457709711103,0.30168589174800353,0.9761924860408069
0.7848938391924817,0.30155210643015523,0.9764186448836171
0.7852419074138531,0.30186170212765956,0.9765641005297782
0.7855899756352245,0.3021710234824989,0.9766051879081077
0.7859380438565959,0.3020372010628875,0.9766206339469942
0.7862861120779673,0.3023461708720673,0.9766644157723786
0.7866341802993386,0.30221238938053097,0.9768296118736114
0.7869822485207101,0.30207872622733306,0.9768391179251311
0.7873303167420814,0.3019451812555261,0.977103604034686
0.7876783849634529,0.30225364560318163,0.9771174957040676
0.7880264531848242,0.3025618374558304,0.9773441378395874
0.7883745214061956,0.30242825607064017,0.9773729798579567
0.788722589627567,0.30229479258605474,0.9774210293409051
0.7890706578489384,0.30216144684605206,0.9775155445001228
0.7894187260703098,0.30246913580246915,0.9775799939900527
0.7897667942916812,0.3023358307624504,0.9776284980613231
0.7901148625130525,0.3022026431718062,0.9780316000346859
0.790462930734424,0.3020695728753853,0.9780728747518307
0.7908109989557953,0.3019366197183099,0.9780921383534901
0.7911590671771668,0.3018037835459745,0.9781081862808145
0.7915071353985381,0.3021108179419525,0.9781171314647603
0.7918552036199095,0.301978021978022,0.9781851327761009
0.7922032718412809,0.3022847100175747,0.9784050039816685
0.7925513400626523,0.3025911286780852,0.9784830290400287
0.7928994082840237,0.30245829675153646,0.9785040023305015
0.7932474765053951,0.30276437033786746,0.9785263173109512
0.7935955447267664,0.3030701754385965,0.9785358032149367
0.7939436129481379,0.30293730819815873,0.9785932646357514
0.7942916811695092,0.3028045574057844,0.9786662665876077
0.7946397493908807,0.3026719229084538,0.9787476578145331
0.794987817612252,0.30253940455341505,0.9787896226599955
0.7953358858336234,0.3028446389496718,0.978833043074424
0.7956839540549948,0.3027121609798775,0.9790650829570867
0.7960320222763662,0.3030170529077394,0.9791283342515091
0.7963800904977375,0.30288461538461536,0.9791959865894672
0.796728158719109,0.30318916557448666,0.9792743218911245
0.7970762269404803,0.30305676855895197,0.9794366418093129
0.7974242951618518,0.3029244871235268,0.9794604007905608
0.7977723633832231,0.3032286212914485,0.9795112952602605
0.7981204316045944,0.30309638028783253,0.9796620841006307
0.7984684998259659,0.3029642545771578,0.9796646204081052
0.7988165680473372,0.3028322440087146,0.9796942387690583
0.7991646362687087,0.30313588850174217,0.97978717013954
0.79951270449008,0.30300391815411404,0.979798293743352
0.7998607727114514,0.3033072236727589,0.9798122827637142
0.8002088409328229,0.3031752936059156,0.9798852519176587
0.8005569091541942,0.3034782608695652,0.979916932902476
0.8009049773755657,0.3033463711429813,0.9799849000444122
0.801253045596937,0.3032145960034752,0.980015069640333
0.8016011138183083,0.30351715154146763,0.9801150058792056
0.8019491820396798,0.3038194444444444,0.9801635982532363
0.8022972502610511,0.30412147505422993,0.9802942288842688
0.8026453184824226,0.3039895923677363,0.9803790401617991
0.8029933867037939,0.30385782401387085,0.9804482953836061
0.8033414549251653,0.304159445407279,0.9806323183768574
0.8036895231465367,0.30446080554352534,0.9806539505348054
0.8040375913679081,0.3047619047619048,0.9806872656815518
0.8043856595892795,0.30506274340112505,0.9808060569500242
0.8047337278106509,0.305363321799308,0.980886101392166
0.8050817960320222,0.3056636402939905,0.9809604801412457
0.8054298642533937,0.3055315471045808,0.9811080534515912
0.805777932474765,0.30583153347732184,0.9811341489508099
0.8061260006961365,0.30569948186528495,0.9812100323811609
0.8064740689175078,0.3059991368148468,0.9813693173621791
0.8068221371388792,0.3058671268334771,0.9813769755092452
0.8071702053602506,0.30573523070288916,0.9814538616033371
0.807518273581622,0.30560344827586206,0.9815649122353831
0.8078663418029934,0.3054717794054287,0.9815822832298049
0.8082144100243648,0.3053402239448751,0.9817310738254595
0.8085624782457361,0.3056392595781317,0.9817547181847517
0.8089105464671076,0.3059380378657487,0.9817619745216237
0.8092586146884789,0.3062365591397849,0.981780015756835
0.8096066829098504,0.3061049011177988,0.9817873328808576
0.8099547511312217,0.3064030941125913,0.9818958025127608
0.8103028193525931,0.30670103092783507,0.9819824855805817
0.8106508875739645,0.30656934306569344,0.9820798744528154
0.8109989557953359,0.30686695278969955,0.9821094907563538
0.8113470240167073,0.30716430716430715,0.9822037688904273
0.8116950922380787,0.3074614065180103,0.9822227074247448
0.81204316045945,0.30775825117873984,0.982266311664748
0.8123912286808215,0.30762639245929735,0.9823129879278606
0.8127392969021928,0.30792291220556745,0.9824041870520257
0.8130873651235642,0.3082191780821918,0.9824115703356545
0.8134354333449356,0.30851519041506204,0.9824549496447665
0.813783501566307,0.3088109495295124,0.9825914962007919
0.8141315697876784,0.30867892261650276,0.9827021222536351
0.8144796380090498,0.30854700854700856,0.9828637893405735
0.8148277062304211,0.308842375053396,0.9829367416610308
0.8151757744517926,0.30913748932536295,0.9829840662679948
0.8155238426731639,0.30900554844216815,0.9830292737935662
0.8158719108945354,0.30930034129692835,0.9831915345819906
0.8162199791159067,0.3091684434968017,0.9832447374713509
0.8165680473372781,0.3090366581415175,0.9832566994483604
0.8169161155586495,0.3093310609288453,0.9833648706335488
0.8172641837800209,0.3091993185689949,0.9833686690226372
0.8176122520013923,0.30949340144742443,0.9834012036752083
0.8179603202227637,0.30936170212765957,0.9834395395251915
0.818308388444135,0.30923011484474694,0.9835495301897467
0.8186564566655065,0.30952380952380953,0.9835749772707446
0.8190045248868778,0.3098172545686358,0.9836096689206426
0.8193525931082493,0.31011045029736617,0.9836743556988444
0.8197006613296206,0.3099787685774947,0.9836985363305515
0.820048729550992,0.3102716468590832,0.9837608413330863
0.8203967977723634,0.3101400084853628,0.983783346779213
0.8207448659937348,0.310008481764207,0.9838307157160557
0.8210929342151062,0.3103009749894023,0.983875856004399
0.8214410024364776,0.31059322033898307,0.9841388266869846
0.8217890706578489,0.3104616687844134,0.984155348324097
0.8221371388792204,0.31033022861981374,0.9841731788723621
0.8224852071005917,0.3101988997037664,0.9841877061295514
0.8228332753219632,0.31049069373942473,0.984381099341154
0.8231813435433345,0.3103594080338266,0.9845376636119337
0.8235294117647058,0.31022823330515636,0.984626104126027
0.8238774799860773,0.3105196451204056,0.98464227773307
0.8242255482074486,0.3103885135135135,0.984657185368307
0.8245736164288201,0.31025749261291685,0.9847350073179132
0.8249216846501914,0.310126582278481,0.984817611630021
0.8252697528715628,0.3099957823703079,0.9848571388554163
0.8256178210929342,0.30986509274873525,0.9849638314592437
0.8259658893143056,0.30973451327433627,0.9850010062555986
0.826313957535677,0.3100252737994945,0.9850789960191523
0.8266620257570484,0.3103157894736842,0.9851158138398023
0.8270100939784197,0.3106060606060606,0.9851457421508888
0.8273581621997912,0.31047538914598233,0.9851702033179158
0.8277062304211625,0.3107653490328007,0.9852812643324068
0.8280542986425339,0.31063472047078605,0.9853021063750181
0.8284023668639053,0.3105042016806723,0.9853171021144181
0.8287504350852767,0.31037379252414954,0.9853731268851161
0.8290985033066481,0.31024349286314024,0.9853805616433416
0.8294465715280195,0.31053294167016365,0.985404772982585
0.8297946397493908,0.3108221476510067,0.9854276082812168
0.8301427079707623,0.3111111111111111,0.9855752898433348
0.8304907761921336,0.3109807208717519,0.9856258036477801
0.8308388444135051,0.31126937578550484,0.9856628876162208
0.8311869126348764,0.31155778894472363,0.9858337749410033
0.8315349808562478,0.31184596065299286,0.9860166648398526
0.8318830490776192,0.3117154811715481,0.9861169033776256
0.8322311172989906,0.31158511083228774,0.9861477357638944
0.832579185520362,0.31145484949832775,0.9862181776593157
0.8329272537417334,0.31132469703301296,0.9863316896562456
0.8332753219631047,0.3116123642439432,0.9863407842710683
0.8336233901844762,0.311482254697286,0.9863904876182981
0.8339714584058475,0.3113522537562604,0.9864202160308776
0.834319526627219,0.3112223612849395,0.986423497770405
0.8346675948485903,0.31150959132610506,0.9864356310608128
0.8350156630699617,0.3113797415589829,0.9864535914806885
0.8353637312913331,0.31125,0.9864812531575916
0.8357117995127045,0.31112036651395253,0.9865166696782603
0.8360598677340759,0.31140716069941715,0.9865511718421458
0.8364079359554473,0.311277569704536,0.9866246189819441
0.8367560041768186,0.3115640599001664,0.9867086534175348
0.8371040723981901,0.31185031185031187,0.9867774200464728
0.8374521406195614,0.3121363258520366,0.9868375752456823
0.8378002088409329,0.3124221022019111,0.9868787793097827
0.8381482770623042,0.3122923588039867,0.9869279811521507
0.8384963452836756,0.31216272312162724,0.9869513935683267
0.838844413505047,0.312448132780083,0.9869772011259664
0.8391924817264184,0.31231854002488596,0.9870876120340885
0.8395405499477898,0.31260364842454397,0.987121029419734
0.8398886181691612,0.3128885205138831,0.9871442609287894
0.8402366863905325,0.3127589063794532,0.9871589393176619
0.840584754611904,0.3130434782608696,0.9871956766391193
0.8409328228332753,0.3133278145695364,0.9872124737252247
0.8412808910546468,0.3131981795614398,0.9872428906088728
0.8416289592760181,0.3130686517783292,0.9873598075058735
0.8419770274973895,0.31335262505167427,0.9873621154106065
0.8423250957187609,0.31363636363636366,0.9874021569496315
0.8426731639401323,0.31391986782321357,0.9874382034266626
0.8430212321615037,0.3142031379025599,0.987599366102445
0.843369300382875,0.31448617416425917,0.987615808852289
0.8437173686042464,0.3147689768976898,0.987633640037577
0.8440654368256179,0.3150515463917526,0.9878072303781752
0.8444135050469892,0.31533388293487224,0.9878227194386914
0.8447615732683605,0.315203955500618,0.987914410709345
0.845109641489732,0.31507413509060955,0.9879151107911988
0.8454577097111033,0.315356113627007,0.9879581726560633
0.8458057779324748,0.31522633744855966,0.9880315940042975
0.8461538461538461,0.31509666803784453,0.9880528852873401
0.8465019143752175,0.31537828947368424,0.9880534475187404
0.846849982596589,0.3152486642005754,0.9881862089285505
0.8471980508179603,0.3155299917830731,0.988205904158076
0.8475461190393317,0.3154004106776181,0.9883363369114323
0.8478941872607031,0.3156814449917898,0.9883516658534601
0.8482422554820744,0.3155519080837095,0.9883797390420882
0.8485903237034459,0.31542247744052504,0.9884094612576442
0.8489383919248172,0.3152931529315293,0.9884225465618919
0.8492864601461887,0.31516393442622953,0.988436598646081
0.84963452836756,0.31503482179434655,0.9884468277661956
0.8499825965889314,0.31490581490581493,0.988536488685187
0.8503306648103028,0.3147769136307818,0.9885770387756739
0.8506787330316742,0.3150572831423895,0.9886091115247991
0.8510268012530456,0.31533742331288345,0.9886915557979868
0.851374869474417,0.31561733442354867,0.9887051598866591
0.8517229376957883,0.31548835308541073,0.9887606895241882
0.8520710059171598,0.31576797385620914,0.9887792884708891
0.8524190741385311,0.3156390363413638,0.9889697210716073
0.8527671423599026,0.31551020408163266,0.9889843783941701
0.8531152105812739,0.3153814769481844,0.9889887284377898
0.8534632788026453,0.31525285481239806,0.9890877385864296
0.8538113470240167,0.3151243375458622,0.9891288232478287
0.8541594152453881,0.3154034229828851,0.9891497081723367
0.8545074834667595,0.31527494908350306,0.9891692088607945
0.8548555516881309,0.31514657980456023,0.9891783137812846
0.8552036199095022,0.315018315018315,0.989268148686238
0.8555516881308737,0.31529698942229456,0.9893862869440675
0.855899756352245,0.31557543716958114,0.9895207741046907
0.8562478245736165,0.31585365853658537,0.989540598578589
0.8565958927949878,0.3161316537992686,0.989553896927479
0.8569439610163592,0.31600324939073926,0.9895889547801481
0.8572920292377306,0.3158749492488835,0.9896152619286757
0.857640097459102,0.3157467532467532,0.9896231216345119
0.8579881656804734,0.31602434077079106,0.9897415306111469
0.8583362339018448,0.31589618815896187,0.9897528421756336
0.8586843021232161,0.31576813944061616,0.9897644608878966
0.8590323703445876,0.3160453808752026,0.9897650557888058
0.8593804385659589,0.3159173754556501,0.9898664084606821
0.8597285067873304,0.3157894736842105,0.9898758254634483
0.8600765750087017,0.3160663698907325,0.9899946702371499
0.8604246432300731,0.3163430420711974,0.9900806687644399
0.8607727114514445,0.3166194904973716,0.9901013644487536
0.8611207796728159,0.31689571544058204,0.9901345214020767
0.8614688478941872,0.31676767676767675,0.9901416192398556
0.8618169161155587,0.31704361873990305,0.9901595682509002
0.86216498433693,0.3169156237383932,0.9901917828318761
0.8625130525583015,0.3171912832929782,0.9902148162838889
0.8628611207796728,0.3170633319887051,0.9902887561229305
0.8632091890010442,0.31693548387096776,0.9903119341468447
0.8635572572224156,0.31680773881499397,0.9904289079836809
0.863905325443787,0.3170829975825947,0.9904552948979509
0.8642533936651584,0.31735803463552154,0.9905021790928824
0.8646014618865298,0.3176328502415459,0.9905547201906669
0.8649495301079011,0.317907444668008,0.9905822970558786
0.8652975983292726,0.3181818181818182,0.9907910708253753
0.8656456665506439,0.31805388017692,0.9907932484719106
0.8659937347720154,0.3179260450160772,0.9907964438038459
0.8663418029933867,0.3182000803535556,0.9908022272224533
0.866689871214758,0.3184738955823293,0.9908188821220105
0.8670379394361295,0.31874749096748295,0.9908529226209464
0.8673860076575008,0.3186195826645265,0.9908733013272634
0.8677340758788723,0.3184917769755315,0.9908766654912587
0.8680821441002436,0.31836407377706494,0.9908960605419145
0.868430212321615,0.3182364729458918,0.9910569559319474
0.8687782805429864,0.31810897435897434,0.9910897791800617
0.8691263487643578,0.31798157789347214,0.9911099510022239
0.8694744169857292,0.3178542834267414,0.9911240381021699
0.8698224852071006,0.31812725090036015,0.9911801437383504
0.8701705534284719,0.3184,0.9911893083803119
0.8705186216498434,0.31827269092363053,0.991240962282317
0.8708666898712147,0.31854516386890486,0.991247856163413
0.8712147580925862,0.3184178985217739,0.9912762650193688
0.8715628263139575,0.31829073482428116,0.9913190540116635
0.8719108945353289,0.318562874251497,0.9913325653473005
0.8722589627567003,0.31843575418994413,0.9913925663580908
0.8726070309780717,0.31830873554048666,0.9914455200430403
0.8729550991994431,0.3185805422647528,0.9914807970369668
0.8733031674208145,0.3188521323236349,0.991537837577546
0.8736512356421858,0.3191235059760956,0.991621350171994
0.8739993038635573,0.31899641577060933,0.9916340326563337
0.8743473720849286,0.31886942675159236,0.9916398094836425
0.8746954403063001,0.31914046955829684,0.9916568247704921
0.8750435085276714,0.31941129673826574,0.9917828296772135
0.8753915767490428,0.31968190854870776,0.9917849615077282
0.8757396449704142,0.3195548489666137,0.9919726734031679
0.8760877131917856,0.31942789034564956,0.992029784895228
0.876435781413157,0.3196981731532963,0.9920552561837667
0.8767838496345284,0.31957125843588724,0.9921225223250818
0.8771319178558997,0.3198412698412698,0.9921254856662349
0.8774799860772712,0.32011106703689013,0.9921527526263031
0.8778280542986425,0.3199841395717684,0.9921783362169967
0.8781761225200139,0.31985731272294887,0.9921858427612764
0.8785241907413853,0.31973058637083995,0.9922224567881325
0.8788722589627567,0.3196039603960396,0.9922280779029155
0.8792203271841281,0.3194774346793349,0.9924057365994389
0.8795683954054995,0.3197467352592006,0.9924073469671959
0.8799164636268708,0.31962025316455694,0.9924389974807313
0.8802645318482423,0.3198892843020957,0.9925381775878752
0.8806126000696136,0.3201581027667984,0.99253838736569
0.8809606682909851,0.32042670881074675,0.9925596091268236
0.8813087365123564,0.320695102685624,0.9925789542892091
0.8816568047337278,0.3209632846427162,0.9927278754192813
0.8820048729550992,0.3212312549329124,0.9927633540693013
0.8823529411764706,0.3214990138067061,0.9927766920258677
0.882701009397842,0.32137223974763407,0.9928221319153875
0.8830490776192134,0.32124556562869533,0.9928471307055693
0.8833971458405847,0.3211189913317573,0.992848973988482
0.8837452140619562,0.3213863725876329,0.9928523254265647
0.8840932822833275,0.32125984251968503,0.9929679108612737
0.884441350504699,0.32152695789059427,0.9929771453042286
0.8847894187260703,0.32140047206923683,0.9930584346437655
0.8851374869474417,0.321274085725521,0.9930626236905724
0.8854855551688131,0.32154088050314467,0.993063094202732
0.8858336233901845,0.32180746561886053,0.9930943449399104
0.8861816916115559,0.3220738413197172,0.9931947281255591
0.8865297598329273,0.3223400078523753,0.9932451964759935
0.8868778280542986,0.3226059654631083,0.9932536970115399
0.8872258962756701,0.32247940368772066,0.9932918145107622
0.8875739644970414,0.3227450980392157,0.9932995839710823
0.8879220327184129,0.3230105840846727,0.9933167694963312
0.8882701009397842,0.322884012539185,0.9933213522185877
0.8886181691611555,0.32314923619271446,0.9933361712140475
0.888966237382527,0.32341425215348474,0.9933453423711001
0.8893143056038983,0.3232876712328767,0.9933550533310324
0.8896623738252698,0.32355242566510173,0.9933589518661423
0.8900104420466411,0.3234258897145092,0.9934117730235927
0.8903585102680125,0.3236903831118061,0.9934753066938614
0.890706578489384,0.32395466979288784,0.9935014992306089
0.8910546467107553,0.32421875,0.9935879560473191
0.8914027149321267,0.324092151503319,0.9935896652536892
0.8917507831534981,0.32435597189695553,0.9936729150257498
0.8920988513748694,0.32422941865001953,0.9936943512804328
0.8924469195962409,0.32410296411856476,0.9937448319442453
0.8927949878176122,0.3243664717348928,0.9938425059859338
0.8931430560389837,0.32424006235385816,0.9939207312962665
0.893491124260355,0.32411375146084925,0.9939803004530434
0.8938391924817264,0.32398753894080995,0.9940212167464775
0.8941872607030978,0.32386142467886336,0.9940815438885255
0.8945353289244692,0.3237354085603113,0.9941073646523454
0.8948833971458405,0.32399844418514195,0.9941239631073313
0.895231465367212,0.3238724727838258,0.9941257222705339
0.8955795335885833,0.32374659930042754,0.9941716953599468
0.8959276018099548,0.3236208236208236,0.9942488313256898
0.8962756700313261,0.32349514563106796,0.9942592685813796
0.8966237382526975,0.32375776397515527,0.9942940080167899
0.8969718064740689,0.32363213038416766,0.9943034734647088
0.8973198746954403,0.3235065942591156,0.9943184983505557
0.8976679429168117,0.3233811554866227,0.9943201798556989
0.8980160111381831,0.32325581395348835,0.9943312353850147
0.8983640793595544,0.3235180162727625,0.9943339249780283
0.8987121475809259,0.3233927188226181,0.9943750537076088
0.8990602158022972,0.3232675183894696,0.9943827826362724
0.8994082840236687,0.3235294117647059,0.9944223741532567
0.89975635224504,0.32379110251450677,0.9944596440295266
0.9001044204664114,0.32405259087393656,0.9944893784707645
0.9004524886877828,0.3239273289524546,0.9944972860393047
0.9008005569091542,0.32380216383307575,0.9946726175817605
0.9011486251305256,0.32367709540363077,0.9946781403635011
0.901496693351897,0.3239382239382239,0.9946891282683449
0.9018447615732683,0.32381319953685833,0.9946989538472768
0.9021928297946398,0.32407407407407407,0.9947074564315036
0.9025408980160111,0.32433474739683765,0.9947434924770928
0.9028889662373826,0.3245952197378566,0.994755903279335
0.9032370344587539,0.3248554913294798,0.9948366644836067
0.9035851026801253,0.325115562403698,0.9948722347447514
0.9039331709014967,0.3253754331921448,0.9948802339248034
0.9042812391228681,0.32525019245573517,0.9949302330004388
0.9046293073442395,0.3251250480954213,0.9949597579991294
0.9049773755656109,0.325,0.9950332844857497
0.9053254437869822,0.3248750480584391,0.9950339025351826
0.9056735120083537,0.324750192159877,0.9950628161891951
0.906021580229725,0.32500960430272763,0.9951029722537167
0.9063696484510965,0.3248847926267281,0.995156636484777
0.9067177166724678,0.32476007677543184,0.9951659886415658
0.9070657848938392,0.3250191864927091,0.9953838278981032
0.9074138531152106,0.32527809742999614,0.9953853245211336
0.907761921336582,0.3255368098159509,0.9954121443169062
0.9081099895579534,0.32579532387888077,0.9954318581824427
0.9084580577793248,0.32567049808429116,0.9954453633808402
0.9088061260006961,0.3255457679050172,0.9954954636341843
0.9091541942220676,0.32542113323124044,0.9955004128842316
0.9095022624434389,0.3252965939533104,0.9955797028420531
0.9098503306648102,0.32517214996174443,0.9956028875818215
0.9101983988861817,0.3254302103250478,0.9956517022366834
0.910546467107553,0.3256880733944954,0.9957060995204748
0.9108945353289245,0.32556362246847537,0.995756199973955
0.9112426035502958,0.3254392666157372,0.9957595981316895
0.9115906717716672,0.32531500572737687,0.9957620843615128
0.9119387399930386,0.3251908396946565,0.9957629535029859
0.91228680821441,0.32544830217474247,0.9958066277070396
0.9126348764357815,0.32570556826849734,0.9958136695430361
0.9129829446571528,0.3259626382005337,0.9958394062753725
0.9133310128785241,0.32621951219512196,0.9958981482200285
0.9136790810998956,0.3260952380952381,0.9959188154597993
0.9140271493212669,0.32597105864432596,0.9959208856009798
0.9143752175426384,0.326227636086791,0.9959689688338637
0.9147232857640097,0.3264840182648402,0.9960239987210553
0.9150713539853811,0.3267402054012933,0.9960650056089982
0.9154194222067525,0.3269961977186312,0.9960928766041691
0.9157674904281239,0.32687191182060055,0.9960933011093314
0.9161155586494953,0.3271276595744681,0.9961527330848556
0.9164636268708667,0.32738321306494494,0.9962877604579528
0.916811695092238,0.32725892179195143,0.9963086896972422
0.9171597633136095,0.32751423149905123,0.9963180591420432
0.9175078315349808,0.3277693474962064,0.9963509743592484
0.9178558997563523,0.32764505119453924,0.9963535860151129
0.9182039679777236,0.32752084912812734,0.9963933118084094
0.918552036199095,0.3277756726032588,0.996461870109118
0.9189001044204664,0.328030303030303,0.9965149119084462
0.9192481726418378,0.32790609617569105,0.9965836742905607
0.9195962408632092,0.32816048448145346,0.9965937833901224
0.9199443090845806,0.3280363223609535,0.9966030480387266
0.9202923773059519,0.32791225416036307,0.9966069685729491
0.9206404455273234,0.3277882797731569,0.9966103757396795
0.9209885137486947,0.328042328042328,0.9967115005918659
0.9213365819700662,0.3279183981866264,0.996738282186441
0.9216846501914375,0.32817220543806647,0.99674277396
0.9220327184128089,0.32842582106455265,0.9967481727512407
0.9223807866341803,0.3283018867924528,0.99681586910108
0.9227288548555517,0.3285552621652207,0.9968525433530986
0.9230769230769231,0.3284313725490196,0.9969761239531526
0.9234249912982945,0.3283075763286845,0.9969854023252629
0.9237730595196658,0.3285606631499623,0.9970783787244747
0.9241211277410373,0.32843691148775894,0.9971276905500681
0.9244691959624086,0.32831325301204817,0.9971317147637675
0.9248172641837801,0.32818968761761386,0.9971403084151911
0.9251653324051514,0.32806621519939805,0.9971529139773306
0.9255134006265228,0.32831891688604736,0.9971686476743684
0.9258614688478942,0.3281954887218045,0.997177628636671
0.9262095370692656,0.32807215332581735,0.9972558193196123
0.9265576052906369,0.3279489105935387,0.9973047965046085
0.9269056735120084,0.3278257604205783,0.9973233001181185
0.9272537417333797,0.3280780780780781,0.9973586029312338
0.9276018099547512,0.32833020637898686,0.9974009053408225
0.9279498781761225,0.3285821455363841,0.9974023505149258
0.9282979463974939,0.32845894263217096,0.9974334419655415
0.9286460146188653,0.328335832083958,0.9974695270224093
0.9289940828402367,0.3285874859497939,0.9974879894457239
0.9293421510616081,0.3284644194756554,0.9975025047681098
0.9296902192829795,0.32871583676525645,0.9975345470567523
0.9300382875043508,0.32896706586826346,0.9975411146957647
0.9303863557257223,0.3288439955106622,0.9976223887140143
0.9307344239470936,0.32909498878085264,0.9976253953181833
0.9310824921684651,0.32897196261682243,0.9976255960272735
0.9314305603898364,0.32922272047832585,0.9976430789354378
0.9317786286112077,0.32909973851326113,0.997666229302222
0.9321266968325792,0.3289768483943241,0.9976742194763423
0.9324747650539505,0.3292273236282195,0.9976858694181558
0.932822833275322,0.3294776119402985,0.9977083198137813
0.9331709014966934,0.32972771353972397,0.9977367816329766
0.9335189697180647,0.32997762863534674,0.9977483146894296
0.9338670379394362,0.32985464032799106,0.9977626835115347
0.9342151061608075,0.3301043219076006,0.9977639605087345
0.934563174382179,0.32998137802607075,0.9977652175093906
0.9349112426035503,0.3298585256887565,0.997792247220744
0.9352593108249216,0.32973576479344996,0.9977968302863085
0.9356073790462931,0.32998511904761907,0.9978203543112202
0.9359554472676644,0.3302342878393455,0.9978358583082191
0.9363035154890359,0.3304832713754647,0.9978396133325326
0.9366515837104072,0.3303604607952434,0.9978748498563603
0.9369996519317786,0.33060921248142644,0.9979002190444488
0.93734772015315,0.3304864463423691,0.9979188851422722
0.9376957883745214,0.3307349665924276,0.9979339161759415
0.9380438565958928,0.3306122448979592,0.9979409955201858
0.9383919248172642,0.33048961424332346,0.9979618585492109
0.9387399930386355,0.3303670745272525,0.9979691673040366
0.939088061260007,0.3306152705707932,0.9979815119202119
0.9394361294813783,0.3308632826972953,0.997988878904528
0.9397841977027498,0.33111111111111113,0.9980026032260976
0.9401322659241211,0.3309885227693447,0.9980279246210843
0.9404803341454925,0.3308660251665433,0.9980394286136554
0.9408284023668639,0.33074361820199777,0.9980912512382103
0.9411764705882353,0.3306213017751479,0.9980959311200406
0.9415245388096067,0.33049907578558224,0.9980975670894109
0.9418726070309781,0.3303769401330377,0.9980976280022782
0.9422206752523494,0.3302548947173993,0.9981020551137362
0.9425687434737209,0.33013293943870015,0.998118633317785
0.9429168116950922,0.3300110741971207,0.9981640581827359
0.9432648799164636,0.3298892988929889,0.9981703977359432
0.943612948137835,0.3297676134267798,0.9981775153540915
0.9439610163592064,0.32964601769911506,0.9981960609347399
0.9443090845805778,0.3298931072613343,0.9981994784261354
0.9446571528019492,0.3301400147383935,0.9982428155950781
0.9450052210233205,0.3300184162062615,0.9982464404207164
0.945353289244692,0.32989690721649484,0.9982741500242049
0.9457013574660633,0.33014354066985646,0.998279108850794
0.9460494256874348,0.33002207505518766,0.9983393505800606
0.9463974939088061,0.3299006987863185,0.9983582680744724
0.9467455621301775,0.3301470588235294,0.9983644469785842
0.9470936303515489,0.33039323778022783,0.9984067686883952
0.9474416985729203,0.33027185892725935,0.9984285924912061
0.9477897667942917,0.3305178112376056,0.9984430936176253
0.9481378350156631,0.3303964757709251,0.9984568655478093
0.9484859032370344,0.33064220183486237,0.9984584523675736
0.9488339714584059,0.330520909757887,0.998463541986192
0.9491820396797772,0.3303997066373304,0.9984744967719121
0.9495301079011487,0.33027859237536655,0.9985092032577733
0.94987817612252,0.33052400146573835,0.9985498976262234
0.9502262443438914,0.3304029304029304,0.9985509605338445
0.9505743125652628,0.330281948004394,0.9985641908480275
0.9509223807866342,0.3301610541727672,0.9985644053847648
0.9512704490080056,0.33040614709110866,0.9985665014999402
0.951618517229377,0.3306510607168983,0.9985768938098194
0.9519665854507483,0.33053016453382084,0.9986089650793447
0.9523146536721198,0.3304093567251462,0.9986257041189422
0.9526627218934911,0.33028863719400803,0.9986323966824254
0.9530107901148626,0.33053323593864137,0.9986551777236472
0.9533588583362339,0.3307776560788609,0.9986683771780653
0.9537069265576053,0.33065693430656934,0.9986705909313739
0.9540549947789767,0.3305363006202116,0.9987134975943797
0.954403063000348,0.3304157549234136,0.9987430512575897
0.9547511312217195,0.33029529711994166,0.9987594541473453
0.9550991994430909,0.3305393586005831,0.9987845977970589
0.9554472676644622,0.3307832422586521,0.9987890153299478
0.9557953358858337,0.3306627822286963,0.9988340458834143
0.956143404107205,0.33054240990171097,0.9988387841584448
0.9564914723285765,0.3307860262008734,0.9988513621984768
0.9568395405499478,0.3306656966169516,0.9988514155121005
0.9571876087713191,0.33090909090909093,0.9988589759699262
0.9575356769926906,0.33078880407124683,0.9988847888344452
0.9578837452140619,0.33103197674418605,0.9988930105216323
0.9582318134354334,0.3309117326552851,0.9989282497801707
0.9585798816568047,0.3307915758896151,0.9989409119124173
0.9589279498781761,0.33067150635208714,0.9989863081341592
0.9592760180995475,0.3309143686502177,0.9989904698727526
0.9596240863209189,0.33115705476967716,0.9989980232314531
0.9599721545422902,0.33103698332124726,0.9990071737475872
0.9603202227636617,0.3312794490757521,0.999058381813716
0.960668290985033,0.33152173913043476,0.9990715119808926
0.9610163592064045,0.33140166606302063,0.9991121181273065
0.9613644274277758,0.331643736422882,0.9991209921437458
0.9617124956491472,0.33152370611654,0.99914134351649
0.9620605638705186,0.3314037626628075,0.9991642998466116
0.96240863209189,0.3312839059674503,0.9991714524579866
0.9627567003132614,0.33116413593637023,0.9991752503083043
0.9631047685346328,0.3310444524756053,0.999189720819474
0.9634528367560041,0.33128612716763006,0.9992253267111195
0.9638009049773756,0.3311664860960636,0.9992400678123013
0.9641489731987469,0.33140794223826714,0.9992421568996174
0.9644970414201184,0.3312883435582822,0.9992451049487419
0.9648451096414897,0.3315295815295815,0.9992624405985409
0.9651931778628611,0.33141002524341867,0.9992788369630807
0.9655412460842325,0.3312905551550108,0.9993108966829162
0.9658893143056039,0.33153153153153153,0.999314080100219
0.9662373825269753,0.33177233429394815,0.9993189405345788
0.9665854507483467,0.33201296362981636,0.9993190973355991
0.966933518969718,0.33225341972642186,0.9993455044510438
0.9672815871910895,0.33213386110111554,0.9993787473122322
0.9676296554124608,0.33237410071942447,0.9993839158190714
0.9679777236338323,0.3326141675656239,0.9993899115876411
0.9683257918552036,0.33285406182602445,0.9993970325631637
0.968673860076575,0.33273445921667266,0.9994033717608661
0.9690219282979464,0.3329741379310345,0.9994211213166855
0.9693699965193178,0.33321364452423696,0.9994365076499163
0.9697180647406892,0.3330940416367552,0.9994463322434107
0.9700661329620606,0.3333333333333333,0.9994463448858633
0.9704142011834319,0.3332137733142037,0.9994480810354426
0.9707622694048034,0.33345285048404444,0.9994709156053159
0.9711103376261747,0.3333333333333333,0.9994728252204863
0.9714584058475462,0.3335721963453959,0.9994809980240359
0.9718064740689175,0.333810888252149,0.9994868595978004
0.9721545422902889,0.33369137128535625,0.9994945566269157
0.9725026105116603,0.3339298496778812,0.9995099568611816
0.9728506787330317,0.33381037567084076,0.9995193007312255
0.9731987469544031,0.33369098712446355,0.9995493215354274
0.9735468151757745,0.3339292098677154,0.9995596797639742
0.9738948833971458,0.33380986418870623,0.9995836153269326
0.9742429516185173,0.3340478742408003,0.9995847673922568
0.9745910198398886,0.3339285714285714,0.9995873227430517
0.9749390880612601,0.3341663691538736,0.999594451619022
0.9752871562826314,0.3340471092077088,0.9996320112683508
0.9756352245040028,0.3339279343560471,0.9996393387181898
0.9759832927253742,0.3338088445078459,0.9996407015243628
0.9763313609467456,0.3336898395721925,0.9996569595721799
0.9766794291681169,0.33357091945830364,0.9996593896346482
0.9770274973894884,0.33345208407552546,0.9996655046206521
0.9773755656108597,0.3333333333333333,0.9996709114247195
0.9777236338322312,0.3335706657173371,0.9996750771189643
0.9780717020536025,0.33380782918149465,0.9996881424723697
0.9784197702749738,0.33404482390608325,0.9996892501548944
0.9787678384963453,0.33392603129445236,0.9997135219888904
0.9791159067177166,0.33380732314255246,0.9997173180936458
0.9794639749390881,0.3336886993603412,0.9997266539483537
0.9798120431604594,0.33357015985790406,0.9997285513175757
0.9801601113818308,0.33345170454545453,0.9997307096030746
0.9805081796032022,0.3333333333333333,0.9997400342172236
0.9808562478245736,0.33356990773598294,0.999757354909429
0.981204316045945,0.3334515785739624,0.9997665946985109
0.9815523842673164,0.33368794326241136,0.9997678654364119
0.9819004524886877,0.3339241403757533,0.999802587854099
0.9822485207100592,0.333805811481219,0.9998148110014448
0.9825965889314305,0.3336875664187035,0.9998212900952713
0.982944657152802,0.3335694050991501,0.9998254281618636
0.9832927253741733,0.3338053097345133,0.9998289491371537
0.9836407935955447,0.3336871903750885,0.9998297830148731
0.9839888618169161,0.33356915458082775,0.9998302506985693
0.9843369300382875,0.33345120226308345,0.9998457352154029
0.9846849982596589,0.3336868151290209,0.9998506777619027
0.9850330664810303,0.3335689045936396,0.9998608893324121
0.9853811347024016,0.3334510773578241,0.9998632080282507
0.9857292029237731,0.3333333333333333,0.9998700580131795
0.9860772711451444,0.33356865513589834,0.9998702051085323
0.9864253393665159,0.33345095271700775,0.9998786749613106
0.9867734075878872,0.3333333333333333,0.9998810727028818
0.9871214758092586,0.33321579689703806,0.9998811911477011
0.98746954403063,0.33345082833979556,0.9998835519499895
0.9878176122520014,0.33368569415081045,0.9998891903167316
0.9881656804733728,0.33356815780204296,0.9998906212468198
0.9885137486947442,0.33380281690140845,0.9998948021882835
0.9888618169161155,0.33368532206969376,0.9999085404931918
0.989209885137487,0.33391977480647433,0.9999136951746257
0.9895579533588583,0.33380232149138234,0.9999283997913518
0.9899060215802298,0.3340365682137834,0.9999377218611063
0.9902540898016011,0.3342706502636204,0.9999385198158218
0.9906021580229725,0.3341531974701335,0.9999393273065211
0.9909502262443439,0.33438707411310153,0.9999504141953796
0.9912982944657153,0.3342696629213483,0.9999507132917527
0.9916463626870867,0.33415233415233414,0.9999516108451448
0.9919944309084581,0.3343859649122807,0.9999619603408167
0.9923424991298294,0.33426867765696244,0.9999655092876516
0.9926905673512009,0.3341514726507714,0.9999686234887849
0.9930386355725722,0.334384858044164,0.9999717929843738
0.9933867037939436,0.3342676944639103,0.9999732399635871
0.993734772015315,0.3345008756567426,0.999974879894681
0.9940828402366864,0.33438375350140054,0.9999811885900342
0.9944309084580578,0.33426671333566677,0.9999831150445487
0.9947789766794292,0.33414975507347794,0.9999849818619028
0.9951270449008005,0.33438265127667016,0.9999884375156992
0.995475113122172,0.3346153846153846,0.9999889792178512
0.9958231813435433,0.33484795526039846,0.9999899009248094
0.9961712495649148,0.33508036338225017,0.999990801003328
0.9965193177862861,0.33531260915123995,0.9999924306458716
0.9968673860076575,0.33554469273743015,0.9999956677356419
0.9972154542290289,0.3357766143106457,0.9999958407574959
0.9975635224504003,0.3360083740404745,0.9999958925243468
0.9979115906717717,0.33589117544471575,0.9999959234121869
0.998259658893143,0.33612273361227335,0.9999979774038515
0.9986077271145144,0.33635413035901013,0.9999991959963824
0.9989557953358859,0.3362369337979094,0.9999995519498986
0.9993038635572572,0.33611981887843956,0.9999998897941291
0.9996519317786287,0.3363509749303621,0.999999955519925
1.0,0.33658197006613294,0.9999999943355841
