sample_id,dataset,patient_id,protocol_role,locked,binary_label_id,fine_label_name,event_duration_seconds,target,probability_1_seed20260729,probability_1_seed20260730,probability_1_seed20260731,probability_1,probability_0,prediction
sprsound2022::40672181_13.1_0_p1_2728__event_000,sprsound2022,sprsound2022::40672181,calibration,False,0,normal,1.979,0,0.08059009,0.07628096,0.069094956,0.075322002,0.924677998,0
sprsound2022::40672181_13.1_0_p1_2728__event_001,sprsound2022,sprsound2022::40672181,calibration,False,0,normal,1.621,0,0.009491846,0.024551528,0.012773607,0.015605660333333334,0.9843943396666667,0
sprsound2022::40672181_13.1_0_p1_2728__event_002,sprsound2022,sprsound2022::40672181,calibration,False,0,normal,1.6320000000000006,0,0.070227034,0.067924276,0.031991903,0.056714404333333336,0.9432855956666667,0
sprsound2022::40672181_13.1_0_p1_2728__event_003,sprsound2022,sprsound2022::40672181,calibration,False,0,normal,0.7459999999999987,0,0.795127,0.91452247,0.7252021,0.8116171900000001,0.1883828099999999,1
sprsound2022::40672181_13.1_0_p4_2764__event_000,sprsound2022,sprsound2022::40672181,calibration,False,0,normal,4.074999999999999,0,0.27160662,0.30812997,0.21620706,0.26531455,0.73468545,0
sprsound2022::40686765_6.7_1_p1_3025__event_000,sprsound2022,sprsound2022::40686765,calibration,False,0,normal,2.279000000000001,0,0.0050503453,0.015301151,0.009297536,0.009883010766666667,0.9901169892333334,0
sprsound2022::40686765_6.7_1_p1_3077__event_000,sprsound2022,sprsound2022::40686765,calibration,False,0,normal,1.618,0,0.02788519,0.016995361,0.033600125,0.026160225333333332,0.9738397746666667,0
sprsound2022::40686765_6.7_1_p2_2991__event_000,sprsound2022,sprsound2022::40686765,calibration,False,0,normal,1.267,0,0.6050738,0.24982557,0.60354644,0.4861486033333334,0.5138513966666667,0
sprsound2022::40686765_6.7_1_p2_2991__event_001,sprsound2022,sprsound2022::40686765,calibration,False,0,normal,1.6189999999999989,0,0.04227691,0.053833395,0.08476595,0.060292085,0.939707915,0
sprsound2022::40686765_6.7_1_p2_2991__event_002,sprsound2022,sprsound2022::40686765,calibration,False,0,normal,1.481,0,0.8152978,0.59863377,0.71058095,0.7081708399999999,0.29182916000000014,1
sprsound2022::40686765_6.7_1_p2_3059__event_000,sprsound2022,sprsound2022::40686765,calibration,False,0,normal,2.609,0,0.00223534,0.001232487,0.0016390395,0.0017022888333333335,0.9982977111666667,0
sprsound2022::40686765_6.7_1_p2_3059__event_001,sprsound2022,sprsound2022::40686765,calibration,False,0,normal,1.2989999999999997,0,0.014207993,0.021303255,0.01273979,0.016083679333333333,0.9839163206666667,0
sprsound2022::40686765_6.7_1_p3_3042__event_000,sprsound2022,sprsound2022::40686765,calibration,False,0,normal,1.798,0,0.057366453,0.04756821,0.05877682,0.05457049433333333,0.9454295056666666,0
sprsound2022::40686765_6.7_1_p3_3042__event_001,sprsound2022,sprsound2022::40686765,calibration,False,0,normal,0.7469999999999999,0,0.48774156,0.63022673,0.6498142,0.58926083,0.41073917000000004,1
sprsound2022::40686765_6.7_1_p4_3008__event_000,sprsound2022,sprsound2022::40686765,calibration,False,0,normal,1.497,0,0.07993026,0.1548967,0.044324595,0.09305051833333333,0.9069494816666667,0
sprsound2022::40686765_6.7_1_p4_3008__event_001,sprsound2022,sprsound2022::40686765,calibration,False,0,normal,0.7690000000000001,0,0.9768297,0.98515457,0.9422746,0.9680862899999999,0.031913710000000095,1
sprsound2022::40686765_6.7_1_p4_3095__event_000,sprsound2022,sprsound2022::40686765,calibration,False,0,normal,2.39,0,0.010469907,0.030943686,0.028638301,0.023350631333333333,0.9766493686666666,0
sprsound2022::40686765_6.7_1_p4_3095__event_001,sprsound2022,sprsound2022::40686765,calibration,False,0,normal,1.341000000000001,0,0.08568265,0.17150646,0.11392146,0.12370352333333334,0.8762964766666667,0
sprsound2022::40686765_6.7_1_p4_3095__event_002,sprsound2022,sprsound2022::40686765,calibration,False,0,normal,1.8630000000000004,0,0.13962215,0.230087,0.18609093,0.18526669333333334,0.8147333066666667,0
sprsound2022::40908606_3.7_1_p1_401__event_000,sprsound2022,sprsound2022::40908606,calibration,False,0,normal,0.8540000000000001,0,0.01467871,0.014209864,0.014110098,0.014332890666666667,0.9856671093333333,0
sprsound2022::40908606_3.7_1_p1_401__event_001,sprsound2022,sprsound2022::40908606,calibration,False,0,normal,1.0059999999999998,0,0.0161394,0.0163336,0.01806641,0.016846470000000002,0.98315353,0
sprsound2022::40908606_3.7_1_p1_401__event_002,sprsound2022,sprsound2022::40908606,calibration,False,0,normal,1.053,0,0.5052194,0.5760457,0.57207966,0.55111492,0.44888508000000005,1
sprsound2022::40908606_3.7_1_p1_401__event_003,sprsound2022,sprsound2022::40908606,calibration,False,0,normal,1.0659999999999998,0,0.023453861,0.026804194,0.030061591,0.026773215333333333,0.9732267846666667,0
sprsound2022::40908606_3.7_1_p1_401__event_004,sprsound2022,sprsound2022::40908606,calibration,False,0,normal,0.9260000000000002,0,0.16087595,0.23768309,0.35980782,0.25278895333333334,0.7472110466666666,0
sprsound2022::40908606_3.7_1_p1_401__event_005,sprsound2022,sprsound2022::40908606,calibration,False,0,normal,1.6010000000000004,0,0.019906648,0.0074896817,0.0172501,0.014882143233333334,0.9851178567666666,0
sprsound2022::40908606_3.7_1_p2_402__event_000,sprsound2022,sprsound2022::40908606,calibration,False,0,normal,0.5589999999999999,0,0.025375918,0.071700975,0.04811006,0.048395651000000005,0.951604349,0
sprsound2022::40908606_3.7_1_p2_402__event_001,sprsound2022,sprsound2022::40908606,calibration,False,0,normal,0.8129999999999997,0,0.048371572,0.08522926,0.052836668,0.06214583333333334,0.9378541666666667,0
sprsound2022::40908606_3.7_1_p2_402__event_002,sprsound2022,sprsound2022::40908606,calibration,False,0,normal,0.6310000000000002,0,0.034768097,0.06390082,0.039687343,0.04611875333333334,0.9538812466666666,0
sprsound2022::40908606_3.7_1_p2_402__event_003,sprsound2022,sprsound2022::40908606,calibration,False,0,normal,0.8129999999999997,0,0.013034911,0.05113014,0.016664024,0.026943025,0.973056975,0
sprsound2022::40908606_3.7_1_p2_402__event_004,sprsound2022,sprsound2022::40908606,calibration,False,0,normal,0.9499999999999996,0,0.019274326,0.07880453,0.14306599,0.08038161533333334,0.9196183846666667,0
sprsound2022::40908606_3.7_1_p3_403__event_000,sprsound2022,sprsound2022::40908606,calibration,False,0,normal,0.5140000000000001,0,0.008341827,0.02961507,0.017833322,0.018596739666666667,0.9814032603333334,0
sprsound2022::40908606_3.7_1_p3_403__event_001,sprsound2022,sprsound2022::40908606,calibration,False,0,normal,0.4879999999999995,0,0.013909828,0.04732671,0.024854364,0.028696967333333333,0.9713030326666666,0
sprsound2022::40908606_3.7_1_p4_404__event_000,sprsound2022,sprsound2022::40908606,calibration,False,0,normal,1.2560000000000002,0,0.029222894,0.04174007,0.06275901,0.04457399133333333,0.9554260086666667,0
sprsound2022::40908606_3.7_1_p4_404__event_001,sprsound2022,sprsound2022::40908606,calibration,False,0,normal,1.2390000000000008,0,0.017126607,0.010663839,0.0164651,0.014751848666666664,0.9852481513333333,0
sprsound2022::40943224_9.7_0_p4_96__event_000,sprsound2022,sprsound2022::40943224,calibration,False,0,normal,1.0739999999999998,0,0.009010311,0.012101743,0.014995227,0.012035760333333333,0.9879642396666667,0
sprsound2022::40943224_9.7_0_p4_96__event_001,sprsound2022,sprsound2022::40943224,calibration,False,0,normal,2.096,0,0.09275883,0.111851566,0.24017093,0.148260442,0.851739558,0
sprsound2022::41068313_6.1_1_p1_1980__event_000,sprsound2022,sprsound2022::41068313,calibration,False,0,normal,0.8980000000000006,0,0.3939274,0.49607036,0.5169701,0.46898928666666667,0.5310107133333333,0
sprsound2022::41068313_6.1_1_p1_1980__event_001,sprsound2022,sprsound2022::41068313,calibration,False,0,normal,0.6779999999999999,0,0.662753,0.8282583,0.8083054,0.7664388999999999,0.23356110000000008,1
sprsound2022::41068313_6.1_1_p1_1984__event_000,sprsound2022,sprsound2022::41068313,calibration,False,0,normal,1.306,0,0.010266804,0.0094238175,0.00983761,0.009842743833333332,0.9901572561666667,0
sprsound2022::41068313_6.1_1_p1_1989__event_000,sprsound2022,sprsound2022::41068313,calibration,False,0,normal,1.241,0,0.46907827,0.64983726,0.8656742,0.6615299099999999,0.33847009000000006,1
sprsound2022::41068313_6.1_1_p1_1989__event_001,sprsound2022,sprsound2022::41068313,calibration,False,0,normal,0.7900000000000009,0,0.5845796,0.7253641,0.7938308,0.7012581666666665,0.2987418333333335,1
sprsound2022::41068313_6.1_1_p2_1985__event_000,sprsound2022,sprsound2022::41068313,calibration,False,0,normal,1.334,0,0.019039556,0.0094529195,0.0039163036,0.010802926366666667,0.9891970736333333,0
sprsound2022::41068313_6.1_1_p2_1985__event_001,sprsound2022,sprsound2022::41068313,calibration,False,0,normal,0.7749999999999995,0,0.13866474,0.09563724,0.16951767,0.13460655000000002,0.86539345,0
sprsound2022::41068313_6.1_1_p2_1985__event_002,sprsound2022,sprsound2022::41068313,calibration,False,0,normal,2.2750000000000004,0,0.048758868,0.020850828,0.028487353,0.03269901633333333,0.9673009836666666,0
sprsound2022::41068313_6.1_1_p2_1985__event_003,sprsound2022,sprsound2022::41068313,calibration,False,0,normal,1.3159999999999998,0,0.06632559,0.05650877,0.13757265,0.08680233666666666,0.9131976633333333,0
sprsound2022::41068313_6.1_1_p2_1991__event_000,sprsound2022,sprsound2022::41068313,calibration,False,0,normal,1.1719999999999997,0,0.029220093,0.017687725,0.045334462,0.03074742666666667,0.9692525733333334,0
sprsound2022::41068313_6.1_1_p2_1991__event_001,sprsound2022,sprsound2022::41068313,calibration,False,0,normal,0.7509999999999994,0,0.15472719,0.153674,0.12975289,0.14605136,0.85394864,0
sprsound2022::41068313_6.1_1_p2_1991__event_002,sprsound2022,sprsound2022::41068313,calibration,False,0,normal,1.0910000000000002,0,0.15592574,0.19070028,0.2366079,0.19441130666666664,0.8055886933333334,0
sprsound2022::41068313_6.1_1_p3_1981__event_000,sprsound2022,sprsound2022::41068313,calibration,False,0,normal,1.5499999999999998,0,0.007788381,0.0033065497,0.014798947,0.008631292566666665,0.9913687074333334,0
sprsound2022::41068313_6.1_1_p3_1981__event_001,sprsound2022,sprsound2022::41068313,calibration,False,0,normal,1.0750000000000002,0,0.09179488,0.13159502,0.12376708,0.11571899333333334,0.8842810066666666,0
sprsound2022::41068313_6.1_1_p3_1981__event_002,sprsound2022,sprsound2022::41068313,calibration,False,0,normal,0.7480000000000011,0,0.08337536,0.050453134,0.114006795,0.08261176299999999,0.917388237,0
sprsound2022::41068313_6.1_1_p3_1988__event_000,sprsound2022,sprsound2022::41068313,calibration,False,0,normal,1.5560000000000005,0,0.0051970617,0.005763202,0.008610732,0.006523665233333333,0.9934763347666666,0
sprsound2022::41068313_6.1_1_p4_1982__event_000,sprsound2022,sprsound2022::41068313,calibration,False,0,normal,0.7699999999999996,0,0.18266188,0.08527452,0.31499836,0.19431158666666667,0.8056884133333333,0
sprsound2022::41068313_6.1_1_p4_1982__event_001,sprsound2022,sprsound2022::41068313,calibration,False,0,normal,0.4959999999999986,0,0.12229046,0.27061883,0.32299584,0.2386350433333333,0.7613649566666667,0
sprsound2022::41068313_6.1_1_p4_1982__event_002,sprsound2022,sprsound2022::41068313,calibration,False,0,normal,0.903,0,0.058362175,0.049267747,0.034909748,0.04751322333333333,0.9524867766666667,0
sprsound2022::41068313_6.1_1_p4_3018__event_000,sprsound2022,sprsound2022::41068313,calibration,False,0,normal,1.54,0,0.026563734,0.0342766,0.062040336,0.04096022333333333,0.9590397766666666,0
sprsound2022::41068313_6.1_1_p4_3018__event_001,sprsound2022,sprsound2022::41068313,calibration,False,0,normal,1.54,0,0.10197571,0.025262697,0.12761806,0.08495215566666665,0.9150478443333333,0
sprsound2022::41068313_6.1_1_p4_3018__event_002,sprsound2022,sprsound2022::41068313,calibration,False,0,normal,1.5630000000000006,0,0.0053950762,0.0045808954,0.011412716,0.007129562533333332,0.9928704374666667,0
sprsound2022::41068313_6.1_1_p4_3018__event_003,sprsound2022,sprsound2022::41068313,calibration,False,0,normal,1.2799999999999994,0,0.59103817,0.28115743,0.8105855,0.5609270333333333,0.43907296666666673,1
sprsound2022::41068313_6.1_1_p4_3018__event_004,sprsound2022,sprsound2022::41068313,calibration,False,0,normal,2.322,0,0.075383,0.09166837,0.060654532,0.07590196733333333,0.9240980326666667,0
sprsound2022::41074281_5.0_1_p1_405__event_000,sprsound2022,sprsound2022::41074281,calibration,False,0,normal,1.7840000000000005,0,0.032729365,0.025325011,0.042458013,0.03350412966666667,0.9664958703333333,0
sprsound2022::41074281_5.0_1_p1_405__event_001,sprsound2022,sprsound2022::41074281,calibration,False,0,normal,2.117,0,0.014357598,0.007499184,0.0048996047,0.008918795566666667,0.9910812044333334,0
sprsound2022::41074281_5.0_1_p1_405__event_002,sprsound2022,sprsound2022::41074281,calibration,False,0,normal,1.6479999999999997,0,0.01924538,0.013121394,0.009212425,0.013859732999999999,0.986140267,0
sprsound2022::41074281_5.0_1_p2_406__event_000,sprsound2022,sprsound2022::41074281,calibration,False,0,normal,1.809,0,0.008356518,0.013382988,0.009705021,0.010481509,0.989518491,0
sprsound2022::41074281_5.0_1_p2_406__event_001,sprsound2022,sprsound2022::41074281,calibration,False,0,normal,2.0630000000000006,0,0.006481812,0.006316998,0.00951901,0.007439273333333334,0.9925607266666666,0
sprsound2022::41074281_5.0_1_p2_406__event_002,sprsound2022,sprsound2022::41074281,calibration,False,0,normal,2.093,0,0.040461976,0.027468653,0.08323893,0.050389853000000005,0.949610147,0
sprsound2022::41074281_5.0_1_p2_406__event_003,sprsound2022,sprsound2022::41074281,calibration,False,0,normal,0.9380000000000006,0,0.21607704,0.33564985,0.2956795,0.2824687966666667,0.7175312033333333,0
sprsound2022::41074281_5.0_1_p3_407__event_000,sprsound2022,sprsound2022::41074281,calibration,False,0,normal,1.889,0,0.04545943,0.015321081,0.035041135,0.03194054866666667,0.9680594513333334,0
sprsound2022::41074281_5.0_1_p3_407__event_001,sprsound2022,sprsound2022::41074281,calibration,False,0,normal,2.221,0,0.03747642,0.014660251,0.021757461,0.024631377333333333,0.9753686226666667,0
sprsound2022::41074281_5.0_1_p3_407__event_002,sprsound2022,sprsound2022::41074281,calibration,False,0,normal,1.1479999999999997,0,0.08592384,0.22909485,0.20419319,0.17307062666666664,0.8269293733333334,0
sprsound2022::41074281_5.0_1_p3_407__event_003,sprsound2022,sprsound2022::41074281,calibration,False,0,normal,1.789,0,0.11198928,0.1924625,0.3049836,0.2031451266666667,0.7968548733333333,0
sprsound2022::41074281_5.0_1_p4_408__event_000,sprsound2022,sprsound2022::41074281,calibration,False,0,normal,2.663000000000001,0,0.069627754,0.061957642,0.101029366,0.07753825399999999,0.922461746,0
sprsound2022::41096663_5.5_1_p1_561__event_000,sprsound2022,sprsound2022::41096663,calibration,False,0,normal,2.1660000000000004,0,0.03449101,0.02138929,0.09749279,0.05112436333333333,0.9488756366666666,0
sprsound2022::41108858_5.0_0_p1_1152__event_000,sprsound2022,sprsound2022::41108858,calibration,False,0,normal,1.2999999999999998,0,0.0105388975,0.007162328,0.00707971,0.008260311833333334,0.9917396881666667,0
sprsound2022::41108858_5.0_0_p1_1152__event_001,sprsound2022,sprsound2022::41108858,calibration,False,0,normal,0.7010000000000005,0,0.013627565,0.024466269,0.017201092,0.018431642,0.981568358,0
sprsound2022::41108858_5.0_0_p1_1152__event_002,sprsound2022,sprsound2022::41108858,calibration,False,0,normal,1.1310000000000002,0,0.11625634,0.1366827,0.16262884,0.13852262666666668,0.8614773733333333,0
sprsound2022::41108858_5.0_0_p1_1152__event_003,sprsound2022,sprsound2022::41108858,calibration,False,0,normal,1.245,0,0.047926832,0.040276892,0.12015342,0.06945238133333333,0.9305476186666667,0
sprsound2022::41108858_5.0_0_p1_1152__event_004,sprsound2022,sprsound2022::41108858,calibration,False,0,normal,1.076,0,0.096066624,0.039259914,0.14649804,0.093941526,0.906058474,0
sprsound2022::41108858_5.0_0_p1_1455__event_000,sprsound2022,sprsound2022::41108858,calibration,False,0,normal,0.816,0,0.011376238,0.012376322,0.011216698,0.011656419333333334,0.9883435806666667,0
sprsound2022::41108858_5.0_0_p1_1455__event_001,sprsound2022,sprsound2022::41108858,calibration,False,0,normal,0.8040000000000003,0,0.044632453,0.08907064,0.053470563,0.062391218666666665,0.9376087813333334,0
sprsound2022::41108858_5.0_0_p1_1455__event_002,sprsound2022,sprsound2022::41108858,calibration,False,0,normal,0.8650000000000002,0,0.026669312,0.028909618,0.030571,0.028716643333333333,0.9712833566666667,0
sprsound2022::41108858_5.0_0_p1_1455__event_003,sprsound2022,sprsound2022::41108858,calibration,False,0,normal,1.0060000000000002,0,0.031131051,0.0064639193,0.02129052,0.019628496766666666,0.9803715032333333,0
sprsound2022::41108858_5.0_0_p1_1455__event_004,sprsound2022,sprsound2022::41108858,calibration,False,0,normal,0.7519999999999998,0,0.070501395,0.060430717,0.04768708,0.05953973066666666,0.9404602693333334,0
sprsound2022::41108858_5.0_0_p1_1455__event_005,sprsound2022,sprsound2022::41108858,calibration,False,0,normal,1.0939999999999994,0,0.018717116,0.007444863,0.020096447,0.015419475333333333,0.9845805246666667,0
sprsound2022::41108858_5.0_0_p1_1484__event_000,sprsound2022,sprsound2022::41108858,calibration,False,0,normal,0.8580000000000001,0,0.01790837,0.044437885,0.027064241,0.029803498666666667,0.9701965013333333,0
sprsound2022::41108858_5.0_0_p1_1484__event_001,sprsound2022,sprsound2022::41108858,calibration,False,0,normal,1.273,0,0.06450979,0.038911037,0.10287885,0.06876655899999999,0.931233441,0
sprsound2022::41108858_5.0_0_p2_1142__event_000,sprsound2022,sprsound2022::41108858,calibration,False,0,normal,1.1849999999999998,0,0.012684003,0.012489582,0.037242394,0.020805326333333332,0.9791946736666667,0
sprsound2022::41108858_5.0_0_p2_1142__event_001,sprsound2022,sprsound2022::41108858,calibration,False,0,normal,1.2329999999999997,0,0.25894973,0.084098905,0.28348628,0.20884497166666663,0.7911550283333334,0
sprsound2022::41108858_5.0_0_p2_1142__event_002,sprsound2022,sprsound2022::41108858,calibration,False,0,normal,1.2279999999999998,0,0.02308422,0.016102294,0.031390794,0.023525769333333335,0.9764742306666667,0
sprsound2022::41108858_5.0_0_p2_1142__event_003,sprsound2022,sprsound2022::41108858,calibration,False,0,normal,1.3129999999999995,0,0.31166935,0.1461781,0.31429958,0.2573823433333334,0.7426176566666667,0
sprsound2022::41108858_5.0_0_p2_1142__event_004,sprsound2022,sprsound2022::41108858,calibration,False,0,normal,1.1800000000000006,0,0.17937194,0.13252133,0.13797404,0.14995577000000002,0.85004423,0
sprsound2022::41108858_5.0_0_p4_1161__event_000,sprsound2022,sprsound2022::41108858,calibration,False,0,normal,1.0040000000000004,0,0.81769407,0.79024374,0.8743178,0.8274185366666668,0.17258146333333324,1
sprsound2022::41108858_5.0_0_p4_1161__event_001,sprsound2022,sprsound2022::41108858,calibration,False,0,normal,1.4010000000000007,0,0.0078699365,0.0067521366,0.007165367,0.0072624800333333335,0.9927375199666667,0
sprsound2022::41108858_5.0_0_p4_1468__event_000,sprsound2022,sprsound2022::41108858,calibration,False,0,normal,1.423,0,0.0171389,0.02061547,0.025325643,0.021026670999999997,0.978973329,0
sprsound2022::41108858_5.0_0_p4_1468__event_001,sprsound2022,sprsound2022::41108858,calibration,False,0,normal,1.229,0,0.014389009,0.014526977,0.026098944,0.01833831,0.98166169,0
sprsound2022::41108858_5.0_0_p4_1468__event_002,sprsound2022,sprsound2022::41108858,calibration,False,0,normal,1.606,0,0.022438323,0.01386226,0.025057066,0.020452549666666667,0.9795474503333333,0
sprsound2022::41108858_5.0_0_p4_1477__event_000,sprsound2022,sprsound2022::41108858,calibration,False,0,normal,1.0990000000000002,0,0.013270866,0.009052369,0.018320585,0.01354794,0.98645206,0
sprsound2022::41108858_5.0_0_p4_1477__event_001,sprsound2022,sprsound2022::41108858,calibration,False,0,normal,0.8740000000000001,0,0.008678801,0.0134796975,0.009075757,0.0104114185,0.9895885815,0
sprsound2022::41108858_5.0_0_p4_1477__event_002,sprsound2022,sprsound2022::41108858,calibration,False,0,normal,0.8730000000000002,0,0.020865496,0.03798496,0.026520347,0.028456934333333333,0.9715430656666667,0
sprsound2022::41108858_5.0_0_p4_1477__event_003,sprsound2022,sprsound2022::41108858,calibration,False,0,normal,2.339,0,0.024440492,0.03390858,0.051329516,0.036559529333333333,0.9634404706666667,0
sprsound2022::41108858_5.0_0_p4_1477__event_004,sprsound2022,sprsound2022::41108858,calibration,False,0,normal,1.0939999999999994,0,0.56574965,0.30422902,0.40571663,0.42523176666666673,0.5747682333333333,0
sprsound2022::41126642_8.8_0_p1_2461__event_000,sprsound2022,sprsound2022::41126642,calibration,False,0,normal,2.241,0,0.0051105814,0.0042725676,0.0051418697,0.0048416729,0.9951583271,0
sprsound2022::41126642_8.8_0_p1_2461__event_001,sprsound2022,sprsound2022::41126642,calibration,False,0,normal,2.3280000000000003,0,0.0036941657,0.0023892587,0.0024002907,0.0028279050333333334,0.9971720949666667,0
sprsound2022::41126642_8.8_0_p1_2461__event_002,sprsound2022,sprsound2022::41126642,calibration,False,0,normal,2.197,0,0.015028803,0.0037622743,0.0103277825,0.0097062866,0.9902937134,0
sprsound2022::41126642_8.8_0_p1_2461__event_003,sprsound2022,sprsound2022::41126642,calibration,False,0,normal,1.048,0,0.7144958,0.19695385,0.24913317,0.38686094,0.61313906,0
sprsound2022::41126642_8.8_0_p1_2485__event_000,sprsound2022,sprsound2022::41126642,calibration,False,0,normal,1.808,0,0.02194194,0.015063953,0.023480237,0.020162043333333334,0.9798379566666666,0
sprsound2022::41126642_8.8_0_p2_2509__event_000,sprsound2022,sprsound2022::41126642,calibration,False,0,normal,1.902,0,0.014148669,0.027072353,0.011244943,0.017488655,0.982511345,0
sprsound2022::41126642_8.8_0_p2_2509__event_001,sprsound2022,sprsound2022::41126642,calibration,False,0,normal,2.396000000000001,0,0.91213053,0.9431373,0.9715196,0.9422624766666666,0.057737523333333374,1
sprsound2022::41126642_8.8_0_p3_2521__event_000,sprsound2022,sprsound2022::41126642,calibration,False,0,normal,1.933,0,0.03902081,0.046065826,0.04508426,0.04339029866666666,0.9566097013333333,0
sprsound2022::41126642_8.8_0_p3_2521__event_001,sprsound2022,sprsound2022::41126642,calibration,False,0,normal,2.654,0,0.044167142,0.06715732,0.07403493,0.061786464000000006,0.938213536,0
sprsound2022::41126642_8.8_0_p3_2521__event_002,sprsound2022,sprsound2022::41126642,calibration,False,0,normal,1.918,0,0.2570803,0.35681027,0.13084646,0.24824567666666664,0.7517543233333334,0
sprsound2022::41126642_8.8_0_p4_2436__event_000,sprsound2022,sprsound2022::41126642,calibration,False,0,normal,1.893,0,0.0068681054,0.003098713,0.002485138,0.004150652133333333,0.9958493478666667,0
sprsound2022::41126642_8.8_0_p4_2436__event_001,sprsound2022,sprsound2022::41126642,calibration,False,0,normal,1.5459999999999994,0,0.06612999,0.057844948,0.07799043,0.06732178933333334,0.9326782106666667,0
sprsound2022::41126642_8.8_0_p4_2436__event_002,sprsound2022,sprsound2022::41126642,calibration,False,0,normal,2.0069999999999997,0,0.003795647,0.0020917137,0.0023612094,0.0027495233666666665,0.9972504766333333,0
sprsound2022::41126642_8.8_0_p4_2436__event_003,sprsound2022,sprsound2022::41126642,calibration,False,0,normal,2.017,0,0.007000851,0.013701156,0.009132997,0.009945001333333333,0.9900549986666667,0
sprsound2022::41159145_3.3_0_p1_189__event_000,sprsound2022,sprsound2022::41159145,calibration,False,1,fine_crackle,1.978,1,0.025087796,0.0056922752,0.0063204654,0.012366845533333332,0.9876331544666667,0
sprsound2022::41159145_3.3_0_p1_189__event_001,sprsound2022,sprsound2022::41159145,calibration,False,0,normal,2.0540000000000003,0,0.18107805,0.2744707,0.2673298,0.24095951666666668,0.7590404833333333,0
sprsound2022::41159145_3.3_0_p1_193__event_000,sprsound2022,sprsound2022::41159145,calibration,False,0,normal,1.542,0,0.008513492,0.0135860415,0.018263573,0.013454368833333332,0.9865456311666667,0
sprsound2022::41159145_3.3_0_p1_193__event_001,sprsound2022,sprsound2022::41159145,calibration,False,0,normal,1.543,0,0.012709377,0.011810232,0.029130474,0.017883361,0.982116639,0
sprsound2022::41159145_3.3_0_p1_193__event_002,sprsound2022,sprsound2022::41159145,calibration,False,0,normal,1.2990000000000013,0,0.32884744,0.31972146,0.41673782,0.35510223999999996,0.6448977600000001,0
sprsound2022::41159145_3.3_0_p2_194__event_000,sprsound2022,sprsound2022::41159145,calibration,False,0,normal,0.854,0,0.022670629,0.086166814,0.035156436,0.047997959666666666,0.9520020403333334,0
sprsound2022::41159145_3.3_0_p2_194__event_001,sprsound2022,sprsound2022::41159145,calibration,False,0,normal,0.8249999999999993,0,0.0130694695,0.029372647,0.013618792,0.0186869695,0.9813130305,0
sprsound2022::41159145_3.3_0_p2_194__event_002,sprsound2022,sprsound2022::41159145,calibration,False,0,normal,0.7539999999999996,0,0.06388609,0.055671185,0.08911684,0.06955803833333334,0.9304419616666667,0
sprsound2022::41159145_3.3_0_p2_194__event_003,sprsound2022,sprsound2022::41159145,calibration,False,0,normal,0.8900000000000006,0,0.03457162,0.048571486,0.070823185,0.05132209699999999,0.948677903,0
sprsound2022::41159145_3.3_0_p2_194__event_004,sprsound2022,sprsound2022::41159145,calibration,False,0,normal,1.142,0,0.009364401,0.01412181,0.007361643,0.010282618,0.989717382,0
sprsound2022::41159145_3.3_0_p2_194__event_005,sprsound2022,sprsound2022::41159145,calibration,False,0,normal,1.1710000000000005,0,0.011248049,0.013486471,0.015956465,0.013563661666666666,0.9864363383333333,0
sprsound2022::41159145_3.3_0_p2_194__event_006,sprsound2022,sprsound2022::41159145,calibration,False,0,normal,1.4299999999999995,0,0.017400254,0.03095231,0.021802412,0.023384992000000004,0.976615008,0
sprsound2022::41159145_3.3_0_p2_194__event_007,sprsound2022,sprsound2022::41159145,calibration,False,0,normal,1.016,0,0.53846216,0.4337126,0.5679033,0.5133593533333333,0.48664064666666673,1
sprsound2022::41159145_3.3_0_p2_730__event_000,sprsound2022,sprsound2022::41159145,calibration,False,0,normal,0.954,0,0.57954115,0.5903107,0.64680856,0.6055534699999999,0.3944465300000001,1
sprsound2022::41159145_3.3_0_p2_730__event_001,sprsound2022,sprsound2022::41159145,calibration,False,0,normal,1.0390000000000006,0,0.1411944,0.18357523,0.20291066,0.17589343000000002,0.82410657,0
sprsound2022::41159145_3.3_0_p2_730__event_002,sprsound2022,sprsound2022::41159145,calibration,False,0,normal,1.344,0,0.029280614,0.05335078,0.0757528,0.052794731333333324,0.9472052686666667,0
sprsound2022::41159145_3.3_0_p3_191__event_000,sprsound2022,sprsound2022::41159145,calibration,False,1,fine_crackle,1.3579999999999997,1,0.89191294,0.93741626,0.86268646,0.8973385533333333,0.10266144666666666,1
sprsound2022::41159145_3.3_0_p3_191__event_001,sprsound2022,sprsound2022::41159145,calibration,False,0,normal,1.423,0,0.8151813,0.8766042,0.8811056,0.8576303666666667,0.1423696333333333,1
sprsound2022::41159145_3.3_0_p3_191__event_002,sprsound2022,sprsound2022::41159145,calibration,False,0,normal,2.1649999999999996,0,0.0097776195,0.010731537,0.026597446,0.015702200833333332,0.9842977991666667,0
sprsound2022::41159145_3.3_0_p3_191__event_003,sprsound2022,sprsound2022::41159145,calibration,False,0,normal,1.584,0,0.030770993,0.03198521,0.09139664,0.051384281,0.948615719,0
sprsound2022::41159145_3.3_0_p4_192__event_000,sprsound2022,sprsound2022::41159145,calibration,False,0,normal,1.035,0,0.58889663,0.4623493,0.683576,0.5782739766666667,0.4217260233333333,1
sprsound2022::41159145_3.3_0_p4_192__event_001,sprsound2022,sprsound2022::41159145,calibration,False,0,normal,1.4399999999999995,0,0.008645694,0.0070100557,0.020185193,0.011946980900000001,0.9880530191,0
sprsound2022::41159145_3.3_0_p4_732__event_000,sprsound2022,sprsound2022::41159145,calibration,False,0,normal,0.7149999999999999,0,0.04842358,0.08110109,0.071678296,0.06706765533333334,0.9329323446666666,0
sprsound2022::41159145_3.3_0_p4_732__event_001,sprsound2022,sprsound2022::41159145,calibration,False,0,normal,0.952,0,0.23221783,0.26262084,0.34379122,0.27954329666666666,0.7204567033333333,0
sprsound2022::41159145_3.3_0_p4_732__event_002,sprsound2022,sprsound2022::41159145,calibration,False,0,normal,1.488,0,0.008270687,0.0064374744,0.015128606,0.009945589133333333,0.9900544108666667,0
sprsound2022::41159145_3.3_0_p4_732__event_003,sprsound2022,sprsound2022::41159145,calibration,False,0,normal,1.213,0,0.0055500166,0.004155139,0.012794651,0.007499935533333334,0.9925000644666667,0
sprsound2022::41186340_6.6_0_p1_2105__event_000,sprsound2022,sprsound2022::41186340,calibration,False,1,fine_crackle,0.9060000000000006,1,0.9627316,0.9778631,0.9856754,0.9754233666666666,0.024576633333333375,1
sprsound2022::41186340_6.6_0_p1_2105__event_001,sprsound2022,sprsound2022::41186340,calibration,False,1,fine_crackle,0.7669999999999995,1,0.9876468,0.985499,0.9904118,0.9878525333333333,0.012147466666666662,1
sprsound2022::41186340_6.6_0_p1_2105__event_002,sprsound2022,sprsound2022::41186340,calibration,False,1,fine_crackle,0.8009999999999993,1,0.83989066,0.96244144,0.94797456,0.9167688866666667,0.08323111333333333,1
sprsound2022::41186340_6.6_0_p1_2113__event_000,sprsound2022,sprsound2022::41186340,calibration,False,1,fine_crackle,0.7599999999999998,1,0.28909692,0.53814054,0.49315435,0.44013060333333337,0.5598693966666666,0
sprsound2022::41186340_6.6_0_p1_2113__event_001,sprsound2022,sprsound2022::41186340,calibration,False,1,fine_crackle,0.8899999999999997,1,0.88309556,0.97463596,0.97107387,0.94293513,0.057064870000000045,1
sprsound2022::41186340_6.6_0_p1_2148__event_000,sprsound2022,sprsound2022::41186340,calibration,False,1,fine_crackle,1.0780000000000003,1,0.9674941,0.98522365,0.9908517,0.9811898166666667,0.018810183333333286,1
sprsound2022::41186340_6.6_0_p1_2148__event_001,sprsound2022,sprsound2022::41186340,calibration,False,1,fine_crackle,0.8389999999999986,1,0.9886268,0.99726605,0.9958973,0.99393005,0.006069949999999991,1
sprsound2022::41186340_6.6_0_p1_2148__event_002,sprsound2022,sprsound2022::41186340,calibration,False,1,fine_crackle,0.579,1,0.98247564,0.9926664,0.9898655,0.9883358466666666,0.011664153333333371,1
sprsound2022::41186340_6.6_0_p1_2151__event_000,sprsound2022,sprsound2022::41186340,calibration,False,1,fine_crackle,0.975,1,0.876839,0.84529835,0.829397,0.8505114500000001,0.14948854999999994,1
sprsound2022::41186340_6.6_0_p1_2151__event_001,sprsound2022,sprsound2022::41186340,calibration,False,0,normal,0.902,0,0.08565554,0.09047053,0.14046249,0.10552952,0.89447048,0
sprsound2022::41186340_6.6_0_p1_2151__event_002,sprsound2022,sprsound2022::41186340,calibration,False,0,normal,1.104,0,0.2594407,0.5984519,0.2798283,0.3792403,0.6207597,0
sprsound2022::41186340_6.6_0_p1_2151__event_003,sprsound2022,sprsound2022::41186340,calibration,False,1,fine_crackle,0.902,1,0.9954335,0.9983854,0.9962717,0.9966968666666666,0.00330313333333343,1
sprsound2022::41186340_6.6_0_p1_2179__event_000,sprsound2022,sprsound2022::41186340,calibration,False,1,fine_crackle,0.9900000000000002,1,0.9866701,0.9916095,0.98966414,0.9893145799999999,0.010685420000000057,1
sprsound2022::41186340_6.6_0_p1_2179__event_001,sprsound2022,sprsound2022::41186340,calibration,False,1,fine_crackle,0.9819999999999992,1,0.98457885,0.9886895,0.98816675,0.9871450333333334,0.012854966666666634,1
sprsound2022::41186340_6.6_0_p1_2296__event_000,sprsound2022,sprsound2022::41186340,calibration,False,0,normal,1.122,0,0.44864836,0.57686067,0.46936697,0.498292,0.501708,0
sprsound2022::41186340_6.6_0_p1_2296__event_001,sprsound2022,sprsound2022::41186340,calibration,False,0,normal,2.1730000000000005,0,0.030844206,0.022593664,0.053251985,0.035563285,0.9644367149999999,0
sprsound2022::41186340_6.6_0_p1_2326__event_000,sprsound2022,sprsound2022::41186340,calibration,False,1,fine_crackle,1.274,1,0.8823469,0.87576365,0.871401,0.8765038500000001,0.12349614999999992,1
sprsound2022::41186340_6.6_0_p1_3039__event_000,sprsound2022,sprsound2022::41186340,calibration,False,1,fine_crackle,1.0359999999999996,1,0.8967052,0.9243208,0.94644684,0.9224909466666666,0.07750905333333336,1
sprsound2022::41186340_6.6_0_p1_3039__event_001,sprsound2022,sprsound2022::41186340,calibration,False,1,fine_crackle,1.09,1,0.5809101,0.86540127,0.72719306,0.7245014766666666,0.27549852333333336,1
sprsound2022::41186340_6.6_0_p1_3039__event_002,sprsound2022,sprsound2022::41186340,calibration,False,1,fine_crackle,1.007,1,0.95848185,0.9627261,0.9786164,0.9666081166666666,0.03339188333333343,1
sprsound2022::41186340_6.6_0_p1_3055__event_000,sprsound2022,sprsound2022::41186340,calibration,False,1,fine_crackle,0.993,1,0.97569966,0.9664682,0.97795516,0.97337434,0.026625659999999995,1
sprsound2022::41186340_6.6_0_p1_3055__event_001,sprsound2022,sprsound2022::41186340,calibration,False,1,fine_crackle,0.928,1,0.9936133,0.99632746,0.99321365,0.9943848033333333,0.005615196666666655,1
sprsound2022::41186340_6.6_0_p1_3055__event_002,sprsound2022,sprsound2022::41186340,calibration,False,1,fine_crackle,0.37,1,0.9934243,0.99628615,0.99461293,0.99477446,0.005225539999999973,1
sprsound2022::41186340_6.6_0_p1_3109__event_000,sprsound2022,sprsound2022::41186340,calibration,False,1,fine_crackle,1.055,1,0.9469419,0.9330604,0.9838045,0.9546022666666666,0.04539773333333341,1
sprsound2022::41186340_6.6_0_p1_3109__event_001,sprsound2022,sprsound2022::41186340,calibration,False,1,fine_crackle,0.9650000000000004,1,0.943281,0.9420928,0.93274856,0.93937412,0.06062588000000002,1
sprsound2022::41186340_6.6_0_p1_3109__event_002,sprsound2022,sprsound2022::41186340,calibration,False,1,fine_crackle,0.8299999999999992,1,0.993135,0.9954685,0.99430496,0.99430282,0.005697179999999968,1
sprsound2022::41186340_6.6_0_p1_3109__event_003,sprsound2022,sprsound2022::41186340,calibration,False,1,fine_crackle,0.8219999999999992,1,0.9639078,0.97236323,0.9697585,0.9686765099999999,0.03132349000000012,1
sprsound2022::41186340_6.6_0_p1_3143__event_000,sprsound2022,sprsound2022::41186340,calibration,False,0,normal,1.2970000000000006,0,0.049425982,0.05589713,0.05583735,0.053720154,0.946279846,0
sprsound2022::41186340_6.6_0_p1_3143__event_001,sprsound2022,sprsound2022::41186340,calibration,False,0,normal,1.367,0,0.10533288,0.07011209,0.09061833,0.08868776666666667,0.9113122333333333,0
sprsound2022::41186340_6.6_0_p1_3158__event_000,sprsound2022,sprsound2022::41186340,calibration,False,0,normal,1.3290000000000002,0,0.2292971,0.16816351,0.19936839,0.198943,0.801057,0
sprsound2022::41186340_6.6_0_p1_3158__event_001,sprsound2022,sprsound2022::41186340,calibration,False,0,normal,1.189,0,0.511228,0.62746227,0.6120794,0.5835898900000001,0.41641010999999994,1
sprsound2022::41186340_6.6_0_p1_3158__event_002,sprsound2022,sprsound2022::41186340,calibration,False,1,fine_crackle,0.9620000000000016,1,0.72538215,0.67956424,0.76017076,0.7217057166666666,0.2782942833333334,1
sprsound2022::41186340_6.6_0_p1_3189__event_000,sprsound2022,sprsound2022::41186340,calibration,False,0,normal,0.9819999999999998,0,0.38876507,0.5355348,0.7513785,0.5585594566666666,0.4414405433333334,1
sprsound2022::41186340_6.6_0_p1_3189__event_001,sprsound2022,sprsound2022::41186340,calibration,False,0,normal,1.0070000000000006,0,0.084695786,0.12641981,0.16071387,0.12394315533333333,0.8760568446666667,0
sprsound2022::41186340_6.6_0_p2_2106__event_000,sprsound2022,sprsound2022::41186340,calibration,False,1,fine_crackle,1.13,1,0.9835724,0.986616,0.9784691,0.9828858333333333,0.017114166666666653,1
sprsound2022::41186340_6.6_0_p2_2106__event_001,sprsound2022,sprsound2022::41186340,calibration,False,1,fine_crackle,1.049,1,0.9825873,0.9483101,0.9795165,0.9701379666666666,0.02986203333333337,1
sprsound2022::41186340_6.6_0_p2_2106__event_002,sprsound2022,sprsound2022::41186340,calibration,False,1,fine_crackle,1.391,1,0.9653767,0.93271136,0.9610283,0.9530387866666666,0.04696121333333336,1
sprsound2022::41186340_6.6_0_p2_2112__event_000,sprsound2022,sprsound2022::41186340,calibration,False,1,fine_crackle,0.942,1,0.9337376,0.9631279,0.9748946,0.9572533666666666,0.042746633333333395,1
sprsound2022::41186340_6.6_0_p2_2112__event_001,sprsound2022,sprsound2022::41186340,calibration,False,0,normal,1.2800000000000002,0,0.3202278,0.30706748,0.47285497,0.36671675,0.6332832500000001,0
sprsound2022::41186340_6.6_0_p2_2112__event_002,sprsound2022,sprsound2022::41186340,calibration,False,1,fine_crackle,1.1930000000000005,1,0.24242046,0.58011925,0.5609629,0.4611675366666667,0.5388324633333332,0
sprsound2022::41186340_6.6_0_p2_2112__event_003,sprsound2022,sprsound2022::41186340,calibration,False,0,normal,1.495,0,0.06854163,0.077047974,0.24585812,0.13048257466666668,0.8695174253333333,0
sprsound2022::41186340_6.6_0_p2_2120__event_000,sprsound2022,sprsound2022::41186340,calibration,False,0,normal,1.824,0,0.07238855,0.11810167,0.149874,0.11345474,0.88654526,0
sprsound2022::41186340_6.6_0_p2_2120__event_001,sprsound2022,sprsound2022::41186340,calibration,False,1,fine_crackle,1.0130000000000008,1,0.34123868,0.48819155,0.39774328,0.4090578366666667,0.5909421633333334,0
sprsound2022::41186340_6.6_0_p2_2163__event_000,sprsound2022,sprsound2022::41186340,calibration,False,1,fine_crackle,0.8240000000000003,1,0.9857351,0.99485224,0.99108773,0.9905583566666666,0.009441643333333416,1
sprsound2022::41186340_6.6_0_p2_2166__event_000,sprsound2022,sprsound2022::41186340,calibration,False,1,fine_crackle,1.122,1,0.9343558,0.9740819,0.94918185,0.95253985,0.047460150000000034,1
sprsound2022::41186340_6.6_0_p2_2166__event_001,sprsound2022,sprsound2022::41186340,calibration,False,1,fine_crackle,2.354,1,0.32301798,0.5397366,0.48100594,0.44792017333333334,0.5520798266666667,0
sprsound2022::41186340_6.6_0_p2_2221__event_000,sprsound2022,sprsound2022::41186340,calibration,False,1,fine_crackle,0.7089999999999996,1,0.7507727,0.93708974,0.8734134,0.8537586133333334,0.14624138666666664,1
sprsound2022::41186340_6.6_0_p2_2251__event_000,sprsound2022,sprsound2022::41186340,calibration,False,1,fine_crackle,1.5759999999999996,1,0.34939516,0.2577996,0.24844012,0.28521162666666666,0.7147883733333333,0
sprsound2022::41186340_6.6_0_p2_2251__event_001,sprsound2022,sprsound2022::41186340,calibration,False,1,fine_crackle,1.3280000000000003,1,0.18245575,0.28419954,0.2899488,0.2522013633333333,0.7477986366666667,0
sprsound2022::41186340_6.6_0_p2_2356__event_000,sprsound2022,sprsound2022::41186340,calibration,False,1,fine_crackle,1.2120000000000002,1,0.9280276,0.96719354,0.9594012,0.9515407799999999,0.048459220000000136,1
sprsound2022::41186340_6.6_0_p2_2356__event_001,sprsound2022,sprsound2022::41186340,calibration,False,1,fine_crackle,1.144,1,0.9199173,0.90423834,0.94356513,0.9225735899999999,0.07742641000000006,1
sprsound2022::41186340_6.6_0_p2_2701__event_000,sprsound2022,sprsound2022::41186340,calibration,False,1,fine_crackle,0.956,1,0.96758246,0.9461202,0.95220643,0.95530303,0.04469696999999995,1
sprsound2022::41186340_6.6_0_p2_2701__event_001,sprsound2022,sprsound2022::41186340,calibration,False,1,fine_crackle,1.0579999999999998,1,0.97077304,0.9657957,0.9392232,0.9585973133333333,0.04140268666666669,1
sprsound2022::41186340_6.6_0_p2_2701__event_002,sprsound2022,sprsound2022::41186340,calibration,False,1,fine_crackle,1.0,1,0.95262086,0.9322146,0.94616073,0.9436653966666667,0.05633460333333329,1
sprsound2022::41186340_6.6_0_p2_2701__event_003,sprsound2022,sprsound2022::41186340,calibration,False,1,fine_crackle,0.981,1,0.97421867,0.97653025,0.94605744,0.9656021200000001,0.03439787999999988,1
sprsound2022::41186340_6.6_0_p2_2701__event_004,sprsound2022,sprsound2022::41186340,calibration,False,1,fine_crackle,0.9450000000000004,1,0.91707534,0.9394713,0.923503,0.9266832133333333,0.07331678666666674,1
sprsound2022::41186340_6.6_0_p2_2761__event_000,sprsound2022,sprsound2022::41186340,calibration,False,1,fine_crackle,0.957,1,0.88443696,0.8152109,0.9428748,0.8808408866666667,0.11915911333333329,1
sprsound2022::41186340_6.6_0_p2_2761__event_001,sprsound2022,sprsound2022::41186340,calibration,False,1,fine_crackle,1.2769999999999997,1,0.9512557,0.9461271,0.9133079,0.9368968999999999,0.06310310000000008,1
sprsound2022::41186340_6.6_0_p2_2761__event_002,sprsound2022,sprsound2022::41186340,calibration,False,1,fine_crackle,1.0750000000000002,1,0.9495498,0.9500023,0.9678339,0.9557953333333332,0.04420466666666678,1
sprsound2022::41186340_6.6_0_p2_3004__event_000,sprsound2022,sprsound2022::41186340,calibration,False,1,fine_crackle,0.9799999999999998,1,0.94430757,0.9408258,0.9106724,0.9319352566666668,0.06806474333333323,1
sprsound2022::41186340_6.6_0_p2_3004__event_001,sprsound2022,sprsound2022::41186340,calibration,False,1,fine_crackle,1.0510000000000002,1,0.9847072,0.9893828,0.9867818,0.9869572666666667,0.013042733333333278,1
sprsound2022::41186340_6.6_0_p2_3004__event_002,sprsound2022,sprsound2022::41186340,calibration,False,1,fine_crackle,1.0949999999999998,1,0.93868655,0.96995485,0.977445,0.9620288,0.03797119999999998,1
sprsound2022::41186340_6.6_0_p2_3074__event_000,sprsound2022,sprsound2022::41186340,calibration,False,1,fine_crackle,1.17,1,0.6083542,0.72306305,0.7965778,0.7093316833333333,0.2906683166666667,1
sprsound2022::41186340_6.6_0_p2_3074__event_001,sprsound2022,sprsound2022::41186340,calibration,False,1,fine_crackle,0.7830000000000004,1,0.9230721,0.9752185,0.9594856,0.9525920666666666,0.047407933333333374,1
sprsound2022::41186340_6.6_0_p2_3074__event_002,sprsound2022,sprsound2022::41186340,calibration,False,1,fine_crackle,1.176,1,0.5714841,0.61235034,0.56408936,0.5826412666666667,0.4173587333333333,1
sprsound2022::41186340_6.6_0_p2_3074__event_003,sprsound2022,sprsound2022::41186340,calibration,False,1,fine_crackle,1.205,1,0.97554785,0.9707319,0.9650361,0.9704386166666666,0.029561383333333358,1
sprsound2022::41186340_6.6_0_p2_3173__event_000,sprsound2022,sprsound2022::41186340,calibration,False,1,fine_crackle,1.164,1,0.82939523,0.8994178,0.9081218,0.8789782766666666,0.12102172333333339,1
sprsound2022::41186340_6.6_0_p2_3173__event_001,sprsound2022,sprsound2022::41186340,calibration,False,1,fine_crackle,1.031,1,0.747561,0.83721894,0.80913746,0.7979724666666667,0.20202753333333334,1
sprsound2022::41186340_6.6_0_p2_3173__event_002,sprsound2022,sprsound2022::41186340,calibration,False,1,fine_crackle,1.0429999999999993,1,0.92803997,0.960761,0.9170402,0.93528039,0.06471961000000004,1
sprsound2022::41186340_6.6_0_p2_3173__event_003,sprsound2022,sprsound2022::41186340,calibration,False,1,fine_crackle,0.912,1,0.9280376,0.9600149,0.9674442,0.9518322333333334,0.048167766666666556,1
sprsound2022::41186340_6.6_0_p2_3174__event_000,sprsound2022,sprsound2022::41186340,calibration,False,0,normal,0.7669999999999995,0,0.97818106,0.98888236,0.96241343,0.9764922833333335,0.02350771666666651,1
sprsound2022::41186340_6.6_0_p3_2107__event_000,sprsound2022,sprsound2022::41186340,calibration,False,0,normal,1.1800000000000002,0,0.051027287,0.046919394,0.33305937,0.14366868366666666,0.8563313163333334,0
sprsound2022::41186340_6.6_0_p3_2107__event_001,sprsound2022,sprsound2022::41186340,calibration,False,0,normal,1.1150000000000002,0,0.0417984,0.04365371,0.045775983,0.04374269766666666,0.9562573023333334,0
sprsound2022::41186340_6.6_0_p3_2114__event_000,sprsound2022,sprsound2022::41186340,calibration,False,0,normal,1.187,0,0.3737749,0.6531201,0.71476597,0.5805536566666667,0.4194463433333333,1
sprsound2022::41186340_6.6_0_p3_2114__event_001,sprsound2022,sprsound2022::41186340,calibration,False,1,fine_crackle,1.3330000000000002,1,0.7685593,0.78882074,0.712083,0.7564876799999999,0.24351232000000012,1
sprsound2022::41186340_6.6_0_p3_2114__event_002,sprsound2022,sprsound2022::41186340,calibration,False,1,fine_crackle,1.1880000000000006,1,0.5984411,0.84392637,0.773427,0.7385981566666667,0.2614018433333333,1
sprsound2022::41186340_6.6_0_p3_2114__event_003,sprsound2022,sprsound2022::41186340,calibration,False,0,normal,0.9020000000000006,0,0.14445396,0.20305438,0.19685017,0.18145283666666664,0.8185471633333333,0
sprsound2022::41186340_6.6_0_p3_2118__event_000,sprsound2022,sprsound2022::41186340,calibration,False,0,normal,0.9960000000000004,0,0.025416434,0.101187,0.078110896,0.06823811,0.93176189,0
sprsound2022::41186340_6.6_0_p3_2118__event_001,sprsound2022,sprsound2022::41186340,calibration,False,0,normal,1.5339999999999998,0,0.015022232,0.015117176,0.0071743247,0.0124379109,0.9875620891,0
sprsound2022::41186340_6.6_0_p3_2118__event_002,sprsound2022,sprsound2022::41186340,calibration,False,0,normal,0.4199999999999999,0,0.9640657,0.9557712,0.9685572,0.9627980333333334,0.03720196666666664,1
sprsound2022::41186340_6.6_0_p3_2193__event_000,sprsound2022,sprsound2022::41186340,calibration,False,0,normal,0.905,0,0.14823525,0.11477684,0.2440265,0.16901286333333335,0.8309871366666667,0
sprsound2022::41186340_6.6_0_p3_2193__event_001,sprsound2022,sprsound2022::41186340,calibration,False,0,normal,1.064,0,0.010482304,0.0152975675,0.008237626,0.011339165833333333,0.9886608341666666,0
sprsound2022::41186340_6.6_0_p3_2193__event_002,sprsound2022,sprsound2022::41186340,calibration,False,0,normal,1.1439999999999997,0,0.009187128,0.021654641,0.012453705,0.014431824666666667,0.9855681753333333,0
sprsound2022::41186340_6.6_0_p3_2193__event_003,sprsound2022,sprsound2022::41186340,calibration,False,0,normal,0.3639999999999999,0,0.03230615,0.13531868,0.06765136,0.07842539666666666,0.9215746033333333,0
sprsound2022::41186340_6.6_0_p3_2208__event_000,sprsound2022,sprsound2022::41186340,calibration,False,0,normal,1.5669999999999995,0,0.025171656,0.017108612,0.039257806,0.027179357999999997,0.972820642,0
sprsound2022::41186340_6.6_0_p3_2208__event_001,sprsound2022,sprsound2022::41186340,calibration,False,0,normal,1.3320000000000007,0,0.0319709,0.04089003,0.023779493,0.03221347433333333,0.9677865256666667,0
sprsound2022::41186340_6.6_0_p3_2281__event_000,sprsound2022,sprsound2022::41186340,calibration,False,0,normal,1.495,0,0.020976156,0.026327103,0.034237362,0.027180207,0.972819793,0
sprsound2022::41186340_6.6_0_p3_2371__event_000,sprsound2022,sprsound2022::41186340,calibration,False,0,normal,1.4170000000000005,0,0.106725276,0.070698835,0.13279907,0.103407727,0.896592273,0
sprsound2022::41186340_6.6_0_p3_2371__event_001,sprsound2022,sprsound2022::41186340,calibration,False,0,normal,1.2960000000000005,0,0.2071945,0.16411437,0.19182384,0.18771090333333332,0.8122890966666667,0
sprsound2022::41186340_6.6_0_p3_2371__event_002,sprsound2022,sprsound2022::41186340,calibration,False,0,normal,1.0919999999999996,0,0.092680484,0.08438836,0.18306132,0.12004338799999999,0.879956612,0
sprsound2022::41186340_6.6_0_p3_2785__event_000,sprsound2022,sprsound2022::41186340,calibration,False,0,normal,1.481,0,0.033736553,0.09171421,0.10005872,0.07516982766666667,0.9248301723333333,0
sprsound2022::41186340_6.6_0_p3_2785__event_001,sprsound2022,sprsound2022::41186340,calibration,False,0,normal,0.8340000000000005,0,0.08959043,0.14706874,0.19607987,0.14424634666666666,0.8557536533333333,0
sprsound2022::41186340_6.6_0_p3_2785__event_002,sprsound2022,sprsound2022::41186340,calibration,False,0,normal,1.843,0,0.27493086,0.23480086,0.645673,0.38513490666666667,0.6148650933333333,0
sprsound2022::41186340_6.6_0_p3_2785__event_003,sprsound2022,sprsound2022::41186340,calibration,False,0,normal,2.47,0,0.04207008,0.07400604,0.11275664,0.07627758666666667,0.9237224133333333,0
sprsound2022::41186340_6.6_0_p3_2969__event_000,sprsound2022,sprsound2022::41186340,calibration,False,0,normal,1.406,0,0.016033297,0.03296065,0.022639917,0.023877954666666663,0.9761220453333334,0
sprsound2022::41186340_6.6_0_p3_2969__event_001,sprsound2022,sprsound2022::41186340,calibration,False,0,normal,1.1429999999999998,0,0.32380348,0.31842315,0.23840383,0.29354348666666663,0.7064565133333334,0
sprsound2022::41186340_6.6_0_p3_3038__event_000,sprsound2022,sprsound2022::41186340,calibration,False,0,normal,1.1840000000000002,0,0.033541143,0.108155936,0.08984395,0.077180343,0.922819657,0
sprsound2022::41186340_6.6_0_p3_3038__event_001,sprsound2022,sprsound2022::41186340,calibration,False,0,normal,1.1929999999999996,0,0.070681855,0.08849375,0.18061209,0.113262565,0.886737435,0
sprsound2022::41186340_6.6_0_p3_3038__event_002,sprsound2022,sprsound2022::41186340,calibration,False,0,normal,1.0680000000000005,0,0.032339197,0.037490405,0.03722057,0.03568339066666667,0.9643166093333333,0
sprsound2022::41186340_6.6_0_p3_3056__event_000,sprsound2022,sprsound2022::41186340,calibration,False,0,normal,1.032,0,0.0036154208,0.006314921,0.005242926,0.005057755933333334,0.9949422440666666,0
sprsound2022::41186340_6.6_0_p3_3056__event_001,sprsound2022,sprsound2022::41186340,calibration,False,0,normal,1.4139999999999997,0,0.4723614,0.6395505,0.6152456,0.5757191666666667,0.42428083333333333,1
sprsound2022::41186340_6.6_0_p3_3056__event_002,sprsound2022,sprsound2022::41186340,calibration,False,0,normal,1.247999999999999,0,0.16357274,0.12025687,0.1045055,0.12944503666666665,0.8705549633333334,0
sprsound2022::41186340_6.6_0_p3_3056__event_003,sprsound2022,sprsound2022::41186340,calibration,False,0,normal,1.435,0,0.013853059,0.019972997,0.019955667,0.017927241,0.982072759,0
sprsound2022::41186340_6.6_0_p3_3056__event_004,sprsound2022,sprsound2022::41186340,calibration,False,0,normal,1.318,0,0.66194,0.69191813,0.77246296,0.7087736966666666,0.29122630333333344,1
sprsound2022::41186340_6.6_0_p3_3142__event_000,sprsound2022,sprsound2022::41186340,calibration,False,0,normal,1.2780000000000005,0,0.043361954,0.014846268,0.049651776,0.03595333266666667,0.9640466673333333,0
sprsound2022::41186340_6.6_0_p3_3188__event_000,sprsound2022,sprsound2022::41186340,calibration,False,0,normal,1.3390000000000002,0,0.004550093,0.0058475486,0.0030320787,0.004476573433333333,0.9955234265666667,0
sprsound2022::41186340_6.6_0_p3_3188__event_001,sprsound2022,sprsound2022::41186340,calibration,False,0,normal,0.9650000000000007,0,0.022081614,0.033656523,0.020496234,0.025411457,0.974588543,0
sprsound2022::41186340_6.6_0_p3_3188__event_002,sprsound2022,sprsound2022::41186340,calibration,False,0,normal,1.1240000000000006,0,0.36040112,0.43985116,0.64379,0.4813474266666667,0.5186525733333334,0
sprsound2022::41186340_6.6_0_p3_3199__event_000,sprsound2022,sprsound2022::41186340,calibration,False,0,normal,1.229,0,0.02094373,0.05297101,0.020451678,0.03145547266666667,0.9685445273333333,0
sprsound2022::41186340_6.6_0_p3_3199__event_001,sprsound2022,sprsound2022::41186340,calibration,False,0,normal,1.0210000000000004,0,0.014198586,0.010090106,0.007312599,0.010533763666666668,0.9894662363333333,0
sprsound2022::41186340_6.6_0_p3_3199__event_002,sprsound2022,sprsound2022::41186340,calibration,False,0,normal,1.8150000000000004,0,0.017929617,0.012664837,0.019277295,0.016623916333333332,0.9833760836666666,0
sprsound2022::41186340_6.6_0_p4_2104__event_000,sprsound2022,sprsound2022::41186340,calibration,False,0,normal,1.2130000000000003,0,0.030560337,0.08840243,0.097418636,0.07212713433333333,0.9278728656666667,0
sprsound2022::41186340_6.6_0_p4_2104__event_001,sprsound2022,sprsound2022::41186340,calibration,False,0,normal,1.201,0,0.03220465,0.043640066,0.033240344,0.03636168666666667,0.9636383133333333,0
sprsound2022::41186340_6.6_0_p4_2104__event_002,sprsound2022,sprsound2022::41186340,calibration,False,0,normal,1.1509999999999998,0,0.009931306,0.025355788,0.054843936,0.030043676666666668,0.9699563233333334,0
sprsound2022::41186340_6.6_0_p4_2104__event_003,sprsound2022,sprsound2022::41186340,calibration,False,0,normal,1.1370000000000005,0,0.022530029,0.13242787,0.07877307,0.077910323,0.922089677,0
sprsound2022::41186340_6.6_0_p4_2115__event_000,sprsound2022,sprsound2022::41186340,calibration,False,0,normal,1.3070000000000002,0,0.010611848,0.035475496,0.0095154,0.018534248,0.981465752,0
sprsound2022::41186340_6.6_0_p4_2115__event_001,sprsound2022,sprsound2022::41186340,calibration,False,0,normal,1.27,0,0.014956187,0.018307189,0.011893675,0.015052350333333332,0.9849476496666667,0
sprsound2022::41186340_6.6_0_p4_2115__event_002,sprsound2022,sprsound2022::41186340,calibration,False,0,normal,1.152,0,0.030516883,0.08273942,0.03686521,0.05004050433333334,0.9499594956666667,0
sprsound2022::41186340_6.6_0_p4_2115__event_003,sprsound2022,sprsound2022::41186340,calibration,False,0,normal,0.8310000000000013,0,0.05118203,0.12588505,0.07711938,0.08472882,0.91527118,0
sprsound2022::41186340_6.6_0_p4_2133__event_000,sprsound2022,sprsound2022::41186340,calibration,False,0,normal,1.6439999999999997,0,0.0067358655,0.0049463855,0.006070766,0.005917672333333335,0.9940823276666667,0
sprsound2022::41186340_6.6_0_p4_2135__event_000,sprsound2022,sprsound2022::41186340,calibration,False,0,normal,1.5710000000000002,0,0.0068656537,0.004332819,0.010289059,0.007162510566666666,0.9928374894333334,0
sprsound2022::41186340_6.6_0_p4_2135__event_001,sprsound2022,sprsound2022::41186340,calibration,False,0,normal,1.3040000000000005,0,0.004670203,0.025826197,0.016532395,0.015676264999999998,0.984323735,0
sprsound2022::41186340_6.6_0_p4_2135__event_002,sprsound2022,sprsound2022::41186340,calibration,False,0,normal,1.7839999999999998,0,0.009070659,0.0057265963,0.015407039,0.0100680981,0.9899319019,0
sprsound2022::41186340_6.6_0_p4_2194__event_000,sprsound2022,sprsound2022::41186340,calibration,False,0,normal,1.355,0,0.016340597,0.01771615,0.007518234,0.013858326999999998,0.986141673,0
sprsound2022::41186340_6.6_0_p4_2194__event_001,sprsound2022,sprsound2022::41186340,calibration,False,0,normal,1.3999999999999997,0,0.013537795,0.03347441,0.014144492,0.020385565666666668,0.9796144343333333,0
sprsound2022::41186340_6.6_0_p4_2207__event_000,sprsound2022,sprsound2022::41186340,calibration,False,0,normal,1.2260000000000002,0,0.025954477,0.023416,0.02655167,0.025307382333333333,0.9746926176666667,0
sprsound2022::41186340_6.6_0_p4_2207__event_001,sprsound2022,sprsound2022::41186340,calibration,False,0,normal,1.229,0,0.0069565023,0.01360854,0.008331987,0.009632343100000001,0.9903676569,0
sprsound2022::41186340_6.6_0_p4_2207__event_002,sprsound2022,sprsound2022::41186340,calibration,False,0,normal,1.1479999999999997,0,0.0071299775,0.013318066,0.030289441,0.016912494833333333,0.9830875051666667,0
sprsound2022::41186340_6.6_0_p4_2207__event_003,sprsound2022,sprsound2022::41186340,calibration,False,0,normal,0.5130000000000008,0,0.46053204,0.56084937,0.36969617,0.4636925266666667,0.5363074733333333,0
sprsound2022::41186340_6.6_0_p4_2236__event_000,sprsound2022,sprsound2022::41186340,calibration,False,0,normal,0.7080000000000002,0,0.69162923,0.56993383,0.81178486,0.6911159733333333,0.3088840266666667,1
sprsound2022::41186340_6.6_0_p4_2236__event_001,sprsound2022,sprsound2022::41186340,calibration,False,0,normal,1.6989999999999998,0,0.14199182,0.040821046,0.14030884,0.10770723533333333,0.8922927646666666,0
sprsound2022::41186340_6.6_0_p4_2266__event_000,sprsound2022,sprsound2022::41186340,calibration,False,0,normal,1.3610000000000009,0,0.16383739,0.16218212,0.24585982,0.19062644333333334,0.8093735566666667,0
sprsound2022::41186340_6.6_0_p4_2341__event_000,sprsound2022,sprsound2022::41186340,calibration,False,0,normal,1.2380000000000002,0,0.018856604,0.025071472,0.013861739,0.019263271666666665,0.9807367283333334,0
sprsound2022::41186340_6.6_0_p4_2341__event_001,sprsound2022,sprsound2022::41186340,calibration,False,0,normal,1.1449999999999996,0,0.13985877,0.13358372,0.17074123,0.14806123999999998,0.85193876,0
sprsound2022::41186340_6.6_0_p4_2341__event_002,sprsound2022,sprsound2022::41186340,calibration,False,0,normal,1.04,0,0.0143965725,0.02786971,0.016422817,0.019563033166666667,0.9804369668333334,0
sprsound2022::41186340_6.6_0_p4_2713__event_000,sprsound2022,sprsound2022::41186340,calibration,False,0,normal,1.045,0,0.020846823,0.03764766,0.057329126,0.03860786966666666,0.9613921303333334,0
sprsound2022::41186340_6.6_0_p4_2713__event_001,sprsound2022,sprsound2022::41186340,calibration,False,0,normal,0.8280000000000003,0,0.67384875,0.866851,0.94537115,0.8286903,0.1713097,1
sprsound2022::41186340_6.6_0_p4_2713__event_002,sprsound2022,sprsound2022::41186340,calibration,False,0,normal,0.8029999999999999,0,0.023872824,0.047844134,0.02038302,0.030699992666666665,0.9693000073333333,0
sprsound2022::41186340_6.6_0_p4_2713__event_003,sprsound2022,sprsound2022::41186340,calibration,False,0,normal,0.997,0,0.76290524,0.7665377,0.8875056,0.8056495133333333,0.19435048666666666,1
sprsound2022::41186340_6.6_0_p4_2713__event_004,sprsound2022,sprsound2022::41186340,calibration,False,0,normal,1.2060000000000004,0,0.8156056,0.78700083,0.9487899,0.8504654433333334,0.1495345566666666,1
sprsound2022::41186340_6.6_0_p4_2713__event_005,sprsound2022,sprsound2022::41186340,calibration,False,0,normal,1.093,0,0.108412154,0.13384077,0.21490082,0.15238458133333332,0.8476154186666667,0
sprsound2022::41186340_6.6_0_p4_2749__event_000,sprsound2022,sprsound2022::41186340,calibration,False,0,normal,1.091,0,0.028779048,0.05678455,0.040464118,0.04200923866666667,0.9579907613333334,0
sprsound2022::41186340_6.6_0_p4_2749__event_001,sprsound2022,sprsound2022::41186340,calibration,False,0,normal,1.094,0,0.05575497,0.08904685,0.1061371,0.08364630666666667,0.9163536933333334,0
sprsound2022::41186340_6.6_0_p4_2749__event_002,sprsound2022,sprsound2022::41186340,calibration,False,0,normal,1.114,0,0.04153208,0.029023439,0.04216091,0.037572143,0.962427857,0
sprsound2022::41186340_6.6_0_p4_2749__event_003,sprsound2022,sprsound2022::41186340,calibration,False,0,normal,1.1789999999999994,0,0.08986809,0.283436,0.30840647,0.22723685333333332,0.7727631466666667,0
sprsound2022::41186340_6.6_0_p4_2749__event_004,sprsound2022,sprsound2022::41186340,calibration,False,0,normal,1.6109999999999998,0,0.020862525,0.06852992,0.037841957,0.042411467333333334,0.9575885326666667,0
sprsound2022::41186340_6.6_0_p4_2951__event_000,sprsound2022,sprsound2022::41186340,calibration,False,0,normal,1.138,0,0.01959752,0.0215244,0.030829774,0.023983898,0.976016102,0
sprsound2022::41186340_6.6_0_p4_2951__event_001,sprsound2022,sprsound2022::41186340,calibration,False,0,normal,0.988,0,0.0146352975,0.013768611,0.0110528795,0.013152262666666666,0.9868477373333333,0
sprsound2022::41186340_6.6_0_p4_2951__event_002,sprsound2022,sprsound2022::41186340,calibration,False,0,normal,1.2380000000000004,0,0.041129883,0.08182748,0.16434121,0.09576619099999999,0.904233809,0
sprsound2022::41186340_6.6_0_p4_3021__event_000,sprsound2022,sprsound2022::41186340,calibration,False,0,normal,1.2990000000000002,0,0.005542548,0.005657493,0.0054095425,0.005536527833333333,0.9944634721666666,0
sprsound2022::41186340_6.6_0_p4_3021__event_001,sprsound2022,sprsound2022::41186340,calibration,False,0,normal,1.2550000000000003,0,0.03582453,0.07822858,0.052204452,0.05541918733333334,0.9445808126666666,0
sprsound2022::41186340_6.6_0_p4_3021__event_002,sprsound2022,sprsound2022::41186340,calibration,False,0,normal,1.0730000000000004,0,0.012981465,0.010632984,0.0047110617,0.0094418369,0.9905581631,0
sprsound2022::41186340_6.6_0_p4_3021__event_003,sprsound2022,sprsound2022::41186340,calibration,False,0,normal,1.21,0,0.0058205198,0.014816294,0.0070598996,0.0092322378,0.9907677622,0
sprsound2022::41186340_6.6_0_p4_3092__event_000,sprsound2022,sprsound2022::41186340,calibration,False,0,normal,0.8889999999999998,0,0.015013803,0.04803999,0.04199122,0.03501500433333333,0.9649849956666666,0
sprsound2022::41186340_6.6_0_p4_3092__event_001,sprsound2022,sprsound2022::41186340,calibration,False,0,normal,0.9989999999999996,0,0.039804712,0.06755008,0.111686,0.07301359733333333,0.9269864026666667,0
sprsound2022::41186340_6.6_0_p4_3092__event_002,sprsound2022,sprsound2022::41186340,calibration,False,0,normal,1.011,0,0.016030796,0.018998822,0.02576976,0.020266459333333334,0.9797335406666666,0
sprsound2022::41186340_6.6_0_p4_3092__event_003,sprsound2022,sprsound2022::41186340,calibration,False,0,normal,0.927,0,0.35071877,0.44076934,0.65623873,0.4825756133333334,0.5174243866666666,0
sprsound2022::41186340_6.6_0_p4_3092__event_004,sprsound2022,sprsound2022::41186340,calibration,False,0,normal,1.363,0,0.5349701,0.3945078,0.8322286,0.5872354999999999,0.4127645000000001,1
sprsound2022::41186340_6.6_0_p4_3126__event_000,sprsound2022,sprsound2022::41186340,calibration,False,0,normal,1.129,0,0.031013612,0.116732426,0.059044152,0.06893006333333333,0.9310699366666667,0
sprsound2022::41186340_6.6_0_p4_3126__event_001,sprsound2022,sprsound2022::41186340,calibration,False,0,normal,1.2359999999999998,0,0.002780223,0.005995725,0.0038322157,0.004202721233333334,0.9957972787666667,0
sprsound2022::41186340_6.6_0_p4_3159__event_000,sprsound2022,sprsound2022::41186340,calibration,False,0,normal,1.58,0,0.42391217,0.32404873,0.54176104,0.4299073133333334,0.5700926866666667,0
sprsound2022::41186340_6.6_0_p4_3198__event_000,sprsound2022,sprsound2022::41186340,calibration,False,0,normal,1.385,0,0.005152056,0.005398921,0.0048680482,0.005139675066666666,0.9948603249333333,0
sprsound2022::41186340_6.6_0_p4_3198__event_001,sprsound2022,sprsound2022::41186340,calibration,False,0,normal,1.4480000000000004,0,0.11271481,0.113303505,0.23302458,0.15301429833333333,0.8469857016666666,0
sprsound2022::41190734_9.5_0_p1_1182__event_000,sprsound2022,sprsound2022::41190734,calibration,False,0,normal,2.2870000000000004,0,0.012273952,0.014349894,0.024314119,0.01697932166666667,0.9830206783333333,0
sprsound2022::41190734_9.5_0_p1_1182__event_001,sprsound2022,sprsound2022::41190734,calibration,False,0,normal,1.6110000000000009,0,0.13911071,0.13812512,0.2750369,0.18409090999999997,0.81590909,0
sprsound2022::41190734_9.5_0_p1_1217__event_000,sprsound2022,sprsound2022::41190734,calibration,False,0,normal,2.16,0,0.072763495,0.03162493,0.11377877,0.07272239833333334,0.9272776016666666,0
sprsound2022::41190734_9.5_0_p1_1217__event_001,sprsound2022,sprsound2022::41190734,calibration,False,1,coarse_crackle,1.266,1,0.86550325,0.9178158,0.96539116,0.9162367366666665,0.0837632633333335,1
sprsound2022::41190734_9.5_0_p1_1217__event_002,sprsound2022,sprsound2022::41190734,calibration,False,0,normal,3.233,0,0.037351217,0.03076018,0.058865327,0.04232557466666667,0.9576744253333334,0
sprsound2022::41190734_9.5_0_p2_1206__event_000,sprsound2022,sprsound2022::41190734,calibration,False,0,normal,1.5950000000000006,0,0.14926659,0.19255988,0.29154414,0.2111235366666667,0.7888764633333333,0
sprsound2022::41190734_9.5_0_p2_1206__event_001,sprsound2022,sprsound2022::41190734,calibration,False,0,normal,2.938,0,0.011933107,0.010845559,0.01369642,0.012158362,0.987841638,0
sprsound2022::41190734_9.5_0_p2_1229__event_000,sprsound2022,sprsound2022::41190734,calibration,False,0,normal,2.107,0,0.05205006,0.014667817,0.050111137,0.03894300466666667,0.9610569953333333,0
sprsound2022::41190734_9.5_0_p2_1229__event_001,sprsound2022,sprsound2022::41190734,calibration,False,0,normal,3.585,0,0.08034856,0.053917956,0.09163537,0.07530062866666666,0.9246993713333334,0
sprsound2022::41190734_9.5_0_p2_1229__event_002,sprsound2022,sprsound2022::41190734,calibration,False,0,normal,1.2489999999999997,0,0.83165014,0.69683075,0.9184002,0.8156270299999999,0.18437297000000008,1
sprsound2022::41190734_9.5_0_p2_1333__event_000,sprsound2022,sprsound2022::41190734,calibration,False,0,normal,1.869,0,0.47972783,0.30327255,0.49726963,0.42675667000000006,0.5732433299999999,0
sprsound2022::41190734_9.5_0_p2_1333__event_001,sprsound2022,sprsound2022::41190734,calibration,False,0,normal,1.848,0,0.13884798,0.16063477,0.23014368,0.17654214333333332,0.8234578566666667,0
sprsound2022::41190734_9.5_0_p4_1170__event_000,sprsound2022,sprsound2022::41190734,calibration,False,0,normal,1.9210000000000005,0,0.002170394,0.005672568,0.006896065,0.004913009,0.995086991,0
sprsound2022::41190734_9.5_0_p4_1170__event_001,sprsound2022,sprsound2022::41190734,calibration,False,0,normal,1.913,0,0.057029244,0.050638985,0.18925682,0.09897501633333333,0.9010249836666666,0
sprsound2022::41190734_9.5_0_p4_1170__event_002,sprsound2022,sprsound2022::41190734,calibration,False,0,normal,1.5019999999999998,0,0.6089897,0.24055468,0.60475075,0.4847650433333333,0.5152349566666667,0
sprsound2022::41202647_2.2_0_p1_681__event_000,sprsound2022,sprsound2022::41202647,calibration,False,1,fine_crackle,1.468,1,0.009735617,0.02135565,0.01693121,0.01600749233333333,0.9839925076666667,0
sprsound2022::41202647_2.2_0_p3_683__event_000,sprsound2022,sprsound2022::41202647,calibration,False,0,normal,1.077,0,0.013173704,0.010105812,0.021417104,0.014898873333333333,0.9851011266666667,0
sprsound2022::41202647_2.2_0_p3_683__event_001,sprsound2022,sprsound2022::41202647,calibration,False,0,normal,0.6489999999999991,0,0.0061111012,0.02614548,0.012791194,0.015015925066666665,0.9849840749333333,0
sprsound2022::41202647_2.2_0_p3_683__event_002,sprsound2022,sprsound2022::41202647,calibration,False,0,normal,1.847,0,0.31149507,0.16131286,0.3175543,0.26345407666666665,0.7365459233333334,0
sprsound2022::41202647_2.2_0_p3_683__event_003,sprsound2022,sprsound2022::41202647,calibration,False,0,normal,3.082,0,0.01408243,0.01796934,0.0136835575,0.015245109166666666,0.9847548908333333,0
sprsound2022::41227367_6.7_1_p2_626__event_000,sprsound2022,sprsound2022::41227367,calibration,False,0,normal,3.238999999999999,0,0.06684566,0.065431304,0.07588612,0.06938769466666667,0.9306123053333333,0
sprsound2022::41227367_6.7_1_p2_626__event_001,sprsound2022,sprsound2022::41227367,calibration,False,0,normal,3.653,0,0.068284534,0.025560891,0.07151696,0.055120795,0.944879205,0
sprsound2022::41227367_6.7_1_p4_628__event_000,sprsound2022,sprsound2022::41227367,calibration,False,0,normal,0.7260000000000001,0,0.061260797,0.07637555,0.07961428,0.07241687566666666,0.9275831243333333,0
sprsound2022::41227367_6.7_1_p4_628__event_001,sprsound2022,sprsound2022::41227367,calibration,False,0,normal,1.481,0,0.0110069,0.01226748,0.02137049,0.014881623333333335,0.9851183766666667,0
sprsound2022::41227367_6.7_1_p4_628__event_002,sprsound2022,sprsound2022::41227367,calibration,False,0,normal,0.847999999999999,0,0.009817936,0.013800458,0.009631651,0.011083348333333333,0.9889166516666666,0
sprsound2022::41227367_6.7_1_p4_628__event_003,sprsound2022,sprsound2022::41227367,calibration,False,0,normal,1.0679999999999996,0,0.46195537,0.7081737,0.75916374,0.6430976033333333,0.3569023966666667,1
sprsound2022::41227367_6.7_1_p4_628__event_004,sprsound2022,sprsound2022::41227367,calibration,False,0,normal,0.9340000000000002,0,0.33570176,0.39003548,0.72958004,0.48510576,0.5148942400000001,0
sprsound2022::41227367_6.8_1_p1_2669__event_000,sprsound2022,sprsound2022::41227367,calibration,False,0,normal,1.4530000000000003,0,0.009200854,0.020826252,0.0122284815,0.014085195833333333,0.9859148041666667,0
sprsound2022::41227367_6.8_1_p1_2669__event_001,sprsound2022,sprsound2022::41227367,calibration,False,0,normal,1.4040000000000008,0,0.079706594,0.12550806,0.12578596,0.11033353800000001,0.889666462,0
sprsound2022::41227367_6.8_1_p1_2669__event_002,sprsound2022,sprsound2022::41227367,calibration,False,0,normal,1.2719999999999998,0,0.0040078545,0.0041107377,0.009547155,0.005888582399999999,0.9941114176,0
sprsound2022::41227367_6.8_1_p1_2669__event_003,sprsound2022,sprsound2022::41227367,calibration,False,0,normal,1.0489999999999997,0,0.017425135,0.016770914,0.03191014,0.022035396333333335,0.9779646036666667,0
sprsound2022::41227367_6.8_1_p2_2656__event_000,sprsound2022,sprsound2022::41227367,calibration,False,0,normal,1.9380000000000008,0,0.008863252,0.028075792,0.024413614,0.020450885999999998,0.979549114,0
sprsound2022::41227367_6.8_1_p2_2656__event_001,sprsound2022,sprsound2022::41227367,calibration,False,0,normal,0.745000000000001,0,0.0976134,0.104869775,0.11431127,0.10559814833333335,0.8944018516666666,0
sprsound2022::41227367_6.8_1_p2_2656__event_002,sprsound2022,sprsound2022::41227367,calibration,False,0,normal,1.33,0,0.57278204,0.5664789,0.76084393,0.63336829,0.36663171000000006,1
sprsound2022::41227367_6.8_1_p2_2656__event_003,sprsound2022,sprsound2022::41227367,calibration,False,0,normal,1.581,0,0.13834353,0.13389082,0.26923817,0.18049083999999996,0.8195091600000001,0
sprsound2022::41227367_6.8_1_p3_2695__event_000,sprsound2022,sprsound2022::41227367,calibration,False,0,normal,0.4880000000000013,0,0.22819893,0.40546083,0.32210204,0.31858726666666665,0.6814127333333333,0
sprsound2022::41227367_6.8_1_p4_2682__event_000,sprsound2022,sprsound2022::41227367,calibration,False,0,normal,1.857,0,0.013854035,0.008290685,0.025242778,0.015795832666666666,0.9842041673333334,0
sprsound2022::41227367_6.8_1_p4_2682__event_001,sprsound2022,sprsound2022::41227367,calibration,False,0,normal,0.6560000000000006,0,0.0093731545,0.017936753,0.005928579,0.0110794955,0.9889205045,0
sprsound2022::41227367_6.9_1_p1_2563__event_000,sprsound2022,sprsound2022::41227367,calibration,False,0,normal,1.2719999999999994,0,0.0028454321,0.005689008,0.0015563286,0.003363589566666667,0.9966364104333333,0
sprsound2022::41227367_6.9_1_p1_2563__event_001,sprsound2022,sprsound2022::41227367,calibration,False,0,normal,1.366999999999999,0,0.13504006,0.13996094,0.17981863,0.15160654333333334,0.8483934566666667,0
sprsound2022::41227367_6.9_1_p1_2563__event_002,sprsound2022,sprsound2022::41227367,calibration,False,0,normal,1.0829999999999984,0,0.026616244,0.09004409,0.06880914,0.061823157999999996,0.938176842,0
sprsound2022::41227367_6.9_1_p1_2563__event_003,sprsound2022,sprsound2022::41227367,calibration,False,0,normal,1.0980000000000008,0,0.0016472734,0.010533519,0.0042179385,0.005466243633333333,0.9945337563666666,0
sprsound2022::41227367_6.9_1_p1_2563__event_004,sprsound2022,sprsound2022::41227367,calibration,False,0,normal,1.459,0,0.45246044,0.5649416,0.64797723,0.5551264233333334,0.4448735766666666,1
sprsound2022::41227367_6.9_1_p1_2563__event_005,sprsound2022,sprsound2022::41227367,calibration,False,0,normal,1.5889999999999995,0,0.1506204,0.25669852,0.22842306,0.2119139933333333,0.7880860066666667,0
sprsound2022::41227367_6.9_1_p1_2563__event_006,sprsound2022,sprsound2022::41227367,calibration,False,0,normal,1.9000000000000004,0,0.27632728,0.17507374,0.16988765,0.20709622333333333,0.7929037766666667,0
sprsound2022::41227367_6.9_1_p1_2609__event_000,sprsound2022,sprsound2022::41227367,calibration,False,0,normal,0.9680000000000007,0,0.005719043,0.00608034,0.011511248,0.007770210333333333,0.9922297896666666,0
sprsound2022::41227367_6.9_1_p1_2609__event_001,sprsound2022,sprsound2022::41227367,calibration,False,0,normal,0.8490000000000002,0,0.058167115,0.08742395,0.038596906,0.06139599033333334,0.9386040096666667,0
sprsound2022::41227367_6.9_1_p1_2609__event_002,sprsound2022,sprsound2022::41227367,calibration,False,0,normal,0.8290000000000006,0,0.40336913,0.8040404,0.5528179,0.5867424766666667,0.4132575233333333,1
sprsound2022::41227367_6.9_1_p1_2685__event_000,sprsound2022,sprsound2022::41227367,calibration,False,0,normal,1.3979999999999997,0,0.002716875,0.0028242453,0.0034158537,0.0029856580000000004,0.997014342,0
sprsound2022::41227367_6.9_1_p1_2685__event_001,sprsound2022,sprsound2022::41227367,calibration,False,0,normal,1.209999999999999,0,0.09867343,0.10530525,0.097150676,0.100376452,0.899623548,0
sprsound2022::41227367_6.9_1_p1_2685__event_002,sprsound2022,sprsound2022::41227367,calibration,False,0,normal,1.122999999999999,0,0.02064609,0.011457618,0.040814314,0.024306007333333334,0.9756939926666667,0
sprsound2022::41227367_6.9_1_p1_2685__event_003,sprsound2022,sprsound2022::41227367,calibration,False,0,normal,0.7249999999999996,0,0.37447068,0.47172236,0.35900602,0.40173302,0.59826698,0
sprsound2022::41227367_6.9_1_p1_2685__event_004,sprsound2022,sprsound2022::41227367,calibration,False,0,normal,3.015000000000001,0,0.62439007,0.5548845,0.7200188,0.63309779,0.36690221,1
sprsound2022::41227367_6.9_1_p1_2710__event_000,sprsound2022,sprsound2022::41227367,calibration,False,0,normal,0.7739999999999999,0,0.040486343,0.05221981,0.04815245,0.04695286766666667,0.9530471323333334,0
sprsound2022::41227367_6.9_1_p1_2710__event_001,sprsound2022,sprsound2022::41227367,calibration,False,0,normal,0.6519999999999997,0,0.50168425,0.37374088,0.5915782,0.48900111,0.51099889,0
sprsound2022::41227367_6.9_1_p1_2710__event_002,sprsound2022,sprsound2022::41227367,calibration,False,0,normal,0.543000000000001,0,0.6209894,0.59414905,0.589286,0.6014748166666667,0.3985251833333333,1
sprsound2022::41227367_6.9_1_p1_2710__event_003,sprsound2022,sprsound2022::41227367,calibration,False,0,normal,0.6769999999999996,0,0.5922209,0.97099316,0.8701752,0.8111297533333334,0.18887024666666663,1
sprsound2022::41227367_6.9_1_p1_2710__event_004,sprsound2022,sprsound2022::41227367,calibration,False,0,normal,1.0679999999999996,0,0.20964795,0.29359683,0.47970834,0.32765103999999995,0.6723489600000001,0
sprsound2022::41227367_6.9_1_p1_2710__event_005,sprsound2022,sprsound2022::41227367,calibration,False,0,normal,0.9829999999999988,0,0.56854403,0.60667956,0.82562274,0.6669487766666666,0.33305122333333337,1
sprsound2022::41227367_6.9_1_p1_2794__event_000,sprsound2022,sprsound2022::41227367,calibration,False,0,normal,1.1029999999999998,0,0.1157469,0.1287113,0.089509346,0.11132251533333333,0.8886774846666666,0
sprsound2022::41227367_6.9_1_p1_2794__event_001,sprsound2022,sprsound2022::41227367,calibration,False,0,normal,1.2300000000000004,0,0.08853579,0.06519281,0.2508669,0.13486516666666667,0.8651348333333333,0
sprsound2022::41227367_6.9_1_p1_2794__event_002,sprsound2022,sprsound2022::41227367,calibration,False,0,normal,1.1529999999999987,0,0.017512707,0.019141281,0.025089543,0.020581177,0.979418823,0
sprsound2022::41227367_6.9_1_p1_2830__event_000,sprsound2022,sprsound2022::41227367,calibration,False,0,normal,1.645,0,0.014803019,0.008322898,0.022233449,0.015119788666666667,0.9848802113333334,0
sprsound2022::41227367_6.9_1_p1_2830__event_001,sprsound2022,sprsound2022::41227367,calibration,False,0,normal,1.138,0,0.01376549,0.0124006625,0.022017624,0.01606125883333333,0.9839387411666667,0
sprsound2022::41227367_6.9_1_p1_2830__event_002,sprsound2022,sprsound2022::41227367,calibration,False,0,normal,1.0050000000000008,0,0.002190784,0.005893577,0.006792512,0.004958957666666666,0.9950410423333333,0
sprsound2022::41227367_6.9_1_p1_2830__event_003,sprsound2022,sprsound2022::41227367,calibration,False,0,normal,1.5489999999999997,0,0.004826125,0.003979848,0.0055132206,0.004773064533333334,0.9952269354666666,0
sprsound2022::41227367_6.9_1_p1_2830__event_004,sprsound2022,sprsound2022::41227367,calibration,False,0,normal,1.34,0,0.2071301,0.20937726,0.32322302,0.24657679333333335,0.7534232066666666,0
sprsound2022::41227367_6.9_1_p1_2830__event_005,sprsound2022,sprsound2022::41227367,calibration,False,0,normal,1.129999999999999,0,0.46307126,0.6104429,0.7062251,0.5932464199999999,0.40675358000000006,1
sprsound2022::41227367_6.9_1_p1_2830__event_006,sprsound2022,sprsound2022::41227367,calibration,False,0,normal,0.5409999999999986,0,0.3838909,0.6519959,0.5035517,0.5131461666666667,0.4868538333333333,1
sprsound2022::41227367_6.9_1_p1_2830__event_007,sprsound2022,sprsound2022::41227367,calibration,False,0,normal,1.542,0,0.2790488,0.1927944,0.2859576,0.2526002666666667,0.7473997333333333,0
sprsound2022::41227367_6.9_1_p2_2575__event_000,sprsound2022,sprsound2022::41227367,calibration,False,0,normal,1.501,0,0.0042877463,0.00747082,0.0065775467,0.006112037666666667,0.9938879623333333,0
sprsound2022::41227367_6.9_1_p2_2575__event_001,sprsound2022,sprsound2022::41227367,calibration,False,0,normal,2.0540000000000003,0,0.009762455,0.0161466,0.015373971,0.013761008666666666,0.9862389913333334,0
sprsound2022::41227367_6.9_1_p2_2575__event_002,sprsound2022,sprsound2022::41227367,calibration,False,0,normal,1.4800000000000004,0,0.005987903,0.0047765872,0.0042266217,0.0049970373,0.9950029627,0
sprsound2022::41227367_6.9_1_p2_2575__event_003,sprsound2022,sprsound2022::41227367,calibration,False,0,normal,0.8940000000000001,0,0.053006805,0.12957986,0.051985163,0.07819060933333333,0.9218093906666667,0
sprsound2022::41227367_6.9_1_p2_2575__event_004,sprsound2022,sprsound2022::41227367,calibration,False,0,normal,0.6530000000000005,0,0.020755084,0.039563704,0.017529584,0.025949457333333332,0.9740505426666667,0
sprsound2022::41227367_6.9_1_p2_2659__event_000,sprsound2022,sprsound2022::41227367,calibration,False,0,normal,5.702,0,0.0113123255,0.022312723,0.012254786,0.015293278166666665,0.9847067218333333,0
sprsound2022::41227367_6.9_1_p2_2818__event_000,sprsound2022,sprsound2022::41227367,calibration,False,0,normal,1.219,0,0.031122576,0.036863197,0.05682453,0.041603434333333335,0.9583965656666666,0
sprsound2022::41227367_6.9_1_p2_2818__event_001,sprsound2022,sprsound2022::41227367,calibration,False,0,normal,0.6600000000000001,0,0.04292109,0.07978954,0.1169936,0.07990141,0.92009859,0
sprsound2022::41227367_6.9_1_p3_2586__event_000,sprsound2022,sprsound2022::41227367,calibration,False,0,normal,0.8980000000000015,0,0.021080216,0.02779467,0.015229087,0.021367991,0.978632009,0
sprsound2022::41227367_6.9_1_p3_2586__event_001,sprsound2022,sprsound2022::41227367,calibration,False,0,normal,0.8409999999999993,0,0.037725955,0.035042718,0.041666504,0.038145059,0.961854941,0
sprsound2022::41227367_6.9_1_p3_2586__event_002,sprsound2022,sprsound2022::41227367,calibration,False,0,normal,1.015,0,0.014095199,0.023029657,0.041568518,0.026231124666666664,0.9737688753333333,0
sprsound2022::41227367_6.9_1_p3_2586__event_003,sprsound2022,sprsound2022::41227367,calibration,False,0,normal,0.985,0,0.52178496,0.76587266,0.5889352,0.62553094,0.37446906,1
sprsound2022::41227367_6.9_1_p3_2586__event_004,sprsound2022,sprsound2022::41227367,calibration,False,0,normal,1.0519999999999998,0,0.3349343,0.17431043,0.19808714,0.23577729,0.76422271,0
sprsound2022::41227367_6.9_1_p3_2586__event_005,sprsound2022,sprsound2022::41227367,calibration,False,0,normal,1.0,0,0.7044599,0.5860805,0.80154693,0.6973624433333333,0.3026375566666667,1
sprsound2022::41227367_6.9_1_p3_2672__event_000,sprsound2022,sprsound2022::41227367,calibration,False,0,normal,1.157,0,0.016831134,0.011451862,0.031338386,0.019873794,0.980126206,0
sprsound2022::41227367_6.9_1_p3_2672__event_001,sprsound2022,sprsound2022::41227367,calibration,False,0,normal,1.266,0,0.022296583,0.031984348,0.026109736,0.026796889,0.973203111,0
sprsound2022::41227367_6.9_1_p3_2672__event_002,sprsound2022,sprsound2022::41227367,calibration,False,0,normal,1.2620000000000005,0,0.040224776,0.04021647,0.16972592,0.08338905533333334,0.9166109446666667,0
sprsound2022::41227367_6.9_1_p3_2672__event_003,sprsound2022,sprsound2022::41227367,calibration,False,0,normal,1.2630000000000008,0,0.017677886,0.016709905,0.03467424,0.023020677,0.976979323,0
sprsound2022::41227367_6.9_1_p3_2672__event_004,sprsound2022,sprsound2022::41227367,calibration,False,0,normal,1.274000000000001,0,0.042405117,0.074698195,0.12733363,0.08147898066666666,0.9185210193333333,0
sprsound2022::41227367_6.9_1_p3_2672__event_005,sprsound2022,sprsound2022::41227367,calibration,False,0,normal,1.0830000000000002,0,0.0039824345,0.006794735,0.004552132,0.005109767166666667,0.9948902328333333,0
sprsound2022::41227367_6.9_1_p3_2746__event_000,sprsound2022,sprsound2022::41227367,calibration,False,0,normal,1.349,0,0.08927457,0.21692021,0.34183905,0.21601127666666664,0.7839887233333334,0
sprsound2022::41227367_6.9_1_p3_2746__event_001,sprsound2022,sprsound2022::41227367,calibration,False,0,normal,1.219,0,0.04006524,0.030946355,0.04602645,0.03901268166666667,0.9609873183333333,0
sprsound2022::41227367_6.9_1_p3_2746__event_002,sprsound2022,sprsound2022::41227367,calibration,False,0,normal,1.393000000000001,0,0.008596899,0.0081720175,0.015805516,0.010858144166666667,0.9891418558333334,0
sprsound2022::41227367_6.9_1_p3_2746__event_003,sprsound2022,sprsound2022::41227367,calibration,False,0,normal,0.9770000000000004,0,0.36421248,0.37807778,0.70001847,0.48076957666666664,0.5192304233333334,0
sprsound2022::41227367_6.9_1_p3_2746__event_004,sprsound2022,sprsound2022::41227367,calibration,False,0,normal,1.303,0,0.013506444,0.005370523,0.017692253,0.01218974,0.98781026,0
sprsound2022::41227367_6.9_1_p3_2770__event_000,sprsound2022,sprsound2022::41227367,calibration,False,0,normal,0.8959999999999999,0,0.15684144,0.07815208,0.27712223,0.17070525,0.82929475,0
sprsound2022::41227367_6.9_1_p3_2842__event_000,sprsound2022,sprsound2022::41227367,calibration,False,0,normal,1.3590000000000002,0,0.008871984,0.005128072,0.0095498245,0.007849960166666668,0.9921500398333334,0
sprsound2022::41227367_6.9_1_p3_2842__event_001,sprsound2022,sprsound2022::41227367,calibration,False,0,normal,0.5839999999999996,0,0.14117323,0.28288752,0.24442248,0.22282774333333333,0.7771722566666667,0
sprsound2022::41227367_6.9_1_p4_2597__event_000,sprsound2022,sprsound2022::41227367,calibration,False,0,normal,1.524,0,0.0069334386,0.005186661,0.005999386,0.006039828533333333,0.9939601714666667,0
sprsound2022::41227367_6.9_1_p4_2597__event_001,sprsound2022,sprsound2022::41227367,calibration,False,0,normal,1.408,0,0.01508719,0.008479051,0.0221486,0.015238280333333335,0.9847617196666667,0
sprsound2022::41227367_6.9_1_p4_2597__event_002,sprsound2022,sprsound2022::41227367,calibration,False,0,normal,1.221,0,0.02332665,0.024333406,0.029085943,0.025581999666666664,0.9744180003333334,0
sprsound2022::41227367_6.9_1_p4_2597__event_003,sprsound2022,sprsound2022::41227367,calibration,False,0,normal,1.1130000000000004,0,0.03429605,0.03775577,0.03966237,0.037238063333333335,0.9627619366666667,0
sprsound2022::41227367_6.9_1_p4_2597__event_004,sprsound2022,sprsound2022::41227367,calibration,False,0,normal,1.5060000000000002,0,0.012900482,0.019188419,0.024262998,0.018783966333333336,0.9812160336666667,0
sprsound2022::41227367_6.9_1_p4_2597__event_005,sprsound2022,sprsound2022::41227367,calibration,False,0,normal,1.492,0,0.89625967,0.90554595,0.90068364,0.9008297533333334,0.09917024666666663,1
sprsound2022::41227367_6.9_1_p4_2620__event_000,sprsound2022,sprsound2022::41227367,calibration,False,0,normal,1.2090000000000003,0,0.010732136,0.01555535,0.045254774,0.023847419999999998,0.97615258,0
sprsound2022::41227367_6.9_1_p4_2620__event_001,sprsound2022,sprsound2022::41227367,calibration,False,0,normal,1.012,0,0.11497745,0.19254343,0.22665736,0.17805941333333333,0.8219405866666667,0
sprsound2022::41227367_6.9_1_p4_2620__event_002,sprsound2022,sprsound2022::41227367,calibration,False,0,normal,1.0009999999999994,0,0.07206512,0.124317855,0.19700631,0.13112976166666668,0.8688702383333333,0
sprsound2022::41227367_6.9_1_p4_2620__event_003,sprsound2022,sprsound2022::41227367,calibration,False,0,normal,0.8900000000000006,0,0.4063708,0.46553072,0.60226804,0.49138985333333335,0.5086101466666666,0
sprsound2022::41227367_6.9_1_p4_2620__event_004,sprsound2022,sprsound2022::41227367,calibration,False,0,normal,1.268000000000001,0,0.0069365366,0.008550215,0.017275048,0.010920599866666667,0.9890794001333333,0
sprsound2022::41227367_6.9_1_p4_2620__event_005,sprsound2022,sprsound2022::41227367,calibration,False,0,normal,0.9349999999999988,0,0.40927038,0.6611907,0.7550523,0.60850446,0.39149554,1
sprsound2022::41227367_6.9_1_p4_2698__event_000,sprsound2022,sprsound2022::41227367,calibration,False,0,normal,1.5149999999999997,0,0.14573987,0.110349596,0.23749238,0.164527282,0.835472718,0
sprsound2022::41227367_6.9_1_p4_2698__event_001,sprsound2022,sprsound2022::41227367,calibration,False,0,normal,2.0389999999999997,0,0.0036264877,0.0025251617,0.005577566,0.0039097384666666665,0.9960902615333334,0
sprsound2022::41227367_6.9_1_p4_2698__event_002,sprsound2022,sprsound2022::41227367,calibration,False,0,normal,2.1439999999999992,0,0.104984865,0.12828226,0.32981488,0.1876940016666667,0.8123059983333333,0
sprsound2022::41227367_6.9_1_p4_2758__event_000,sprsound2022,sprsound2022::41227367,calibration,False,0,normal,1.02,0,0.048911862,0.064313516,0.04856046,0.053928612666666674,0.9460713873333333,0
sprsound2022::41227367_6.9_1_p4_2758__event_001,sprsound2022,sprsound2022::41227367,calibration,False,0,normal,1.252000000000001,0,0.027525356,0.02092303,0.03559685,0.028015078666666665,0.9719849213333334,0
sprsound2022::41227367_6.9_1_p4_2758__event_002,sprsound2022,sprsound2022::41227367,calibration,False,0,normal,1.123000000000001,0,0.06574076,0.03644381,0.048389863,0.05019147766666667,0.9498085223333333,0
sprsound2022::41227367_6.9_1_p4_2758__event_003,sprsound2022,sprsound2022::41227367,calibration,False,0,normal,3.186,0,0.16907775,0.12633128,0.06992751,0.12177884666666665,0.8782211533333334,0
sprsound2022::41227367_6.9_1_p4_2758__event_004,sprsound2022,sprsound2022::41227367,calibration,False,0,normal,1.851,0,0.05476541,0.0401672,0.1137571,0.06956323666666667,0.9304367633333334,0
sprsound2022::41261802_10.5_0_p1_221__event_000,sprsound2022,sprsound2022::41261802,calibration,False,1,wheeze,0.7380000000000004,1,0.9928889,0.9995395,0.996997,0.9964751333333334,0.003524866666666626,1
sprsound2022::41261802_10.5_0_p1_221__event_001,sprsound2022,sprsound2022::41261802,calibration,False,1,wheeze,1.6740000000000004,1,0.9608362,0.92248833,0.943333,0.9422191766666667,0.05778082333333334,1
sprsound2022::41261802_10.5_0_p1_225__event_000,sprsound2022,sprsound2022::41261802,calibration,False,0,normal,2.417,0,0.0185387,0.012894659,0.023715414,0.01838292433333333,0.9816170756666667,0
sprsound2022::41261802_10.5_0_p1_225__event_001,sprsound2022,sprsound2022::41261802,calibration,False,0,normal,2.21,0,0.03688532,0.08083433,0.12209708,0.07993890999999999,0.92006109,0
sprsound2022::41261802_10.5_0_p1_225__event_002,sprsound2022,sprsound2022::41261802,calibration,False,0,normal,3.689000000000001,0,0.009199452,0.009499908,0.010517846,0.009739068666666666,0.9902609313333334,0
sprsound2022::41261802_10.5_0_p2_222__event_000,sprsound2022,sprsound2022::41261802,calibration,False,1,wheeze,1.35,1,0.99711525,0.9993942,0.9983714,0.9982936166666666,0.0017063833333333944,1
sprsound2022::41261802_10.5_0_p2_222__event_001,sprsound2022,sprsound2022::41261802,calibration,False,1,wheeze,1.8199999999999992,1,0.9634703,0.91701144,0.8292459,0.9032425466666667,0.0967574533333333,1
sprsound2022::41261802_10.5_0_p2_226__event_000,sprsound2022,sprsound2022::41261802,calibration,False,0,normal,2.319000000000001,0,0.043152057,0.06827485,0.080265604,0.06389750366666667,0.9361024963333333,0
sprsound2022::41261802_10.5_0_p2_226__event_001,sprsound2022,sprsound2022::41261802,calibration,False,0,normal,2.308,0,0.5270049,0.53520316,0.33748809,0.46656538333333336,0.5334346166666666,0
sprsound2022::41261802_10.5_0_p2_226__event_002,sprsound2022,sprsound2022::41261802,calibration,False,0,normal,3.0249999999999995,0,0.16994242,0.07836968,0.06440422,0.10423877333333333,0.8957612266666667,0
sprsound2022::41261802_10.5_0_p2_226__event_003,sprsound2022,sprsound2022::41261802,calibration,False,0,normal,2.912000000000001,0,0.55767524,0.6076063,0.5219906,0.5624240466666667,0.4375759533333333,1
sprsound2022::41261802_10.5_0_p3_227__event_000,sprsound2022,sprsound2022::41261802,calibration,False,0,normal,1.3980000000000006,0,0.018687593,0.0080331415,0.019363033,0.015361255833333332,0.9846387441666666,0
sprsound2022::41261802_10.5_0_p3_227__event_001,sprsound2022,sprsound2022::41261802,calibration,False,0,normal,1.258000000000001,0,0.0062459665,0.010133062,0.01272611,0.009701712833333334,0.9902982871666667,0
sprsound2022::41261802_10.5_0_p3_227__event_002,sprsound2022,sprsound2022::41261802,calibration,False,0,normal,1.4299999999999995,0,0.0103013525,0.013610692,0.022038057,0.0153167005,0.9846832995,0
sprsound2022::41261802_10.5_0_p3_227__event_003,sprsound2022,sprsound2022::41261802,calibration,False,0,normal,1.601,0,0.14123157,0.2725757,0.20425,0.20601909,0.79398091,0
sprsound2022::41262295_4.1_0_p1_1017__event_000,sprsound2022,sprsound2022::41262295,calibration,False,0,normal,1.6339999999999986,0,0.48692653,0.40087777,0.37752435,0.4217762166666667,0.5782237833333332,0
sprsound2022::41262295_4.1_0_p1_1017__event_001,sprsound2022,sprsound2022::41262295,calibration,False,0,normal,0.8879999999999999,0,0.048531167,0.06323112,0.088463455,0.066741914,0.933258086,0
sprsound2022::41262295_4.1_0_p1_1017__event_002,sprsound2022,sprsound2022::41262295,calibration,False,0,normal,2.274000000000001,0,0.035203297,0.028674208,0.026524955,0.030134153333333333,0.9698658466666666,0
sprsound2022::41262295_4.1_0_p1_1017__event_003,sprsound2022,sprsound2022::41262295,calibration,False,0,normal,2.1579999999999995,0,0.23803417,0.156542,0.35219434,0.24892350333333332,0.7510764966666666,0
sprsound2022::41262295_4.1_0_p2_1018__event_000,sprsound2022,sprsound2022::41262295,calibration,False,0,normal,1.572,0,0.039410435,0.08484679,0.14967054,0.09130925499999999,0.908690745,0
sprsound2022::41262295_4.1_0_p2_1018__event_001,sprsound2022,sprsound2022::41262295,calibration,False,0,normal,1.822,0,0.6424971,0.6300712,0.7779573,0.6835085333333334,0.3164914666666666,1
sprsound2022::41262295_4.1_0_p2_1018__event_002,sprsound2022,sprsound2022::41262295,calibration,False,0,normal,1.561,0,0.030546574,0.024599219,0.031185927,0.02877724,0.97122276,0
sprsound2022::41262295_4.1_0_p2_1018__event_003,sprsound2022,sprsound2022::41262295,calibration,False,0,normal,1.5809999999999995,0,0.78312075,0.5010386,0.78402936,0.6893962366666666,0.3106037633333334,1
sprsound2022::41262295_4.1_0_p2_1018__event_004,sprsound2022,sprsound2022::41262295,calibration,False,0,normal,2.173,0,0.024198256,0.010513237,0.015007613,0.016573035333333333,0.9834269646666667,0
sprsound2022::41262295_4.1_0_p3_1019__event_000,sprsound2022,sprsound2022::41262295,calibration,False,0,normal,1.99,0,0.0016213229,0.002048709,0.0025284353,0.0020661557333333334,0.9979338442666666,0
sprsound2022::41262295_4.1_0_p3_1019__event_001,sprsound2022,sprsound2022::41262295,calibration,False,0,normal,1.5010000000000003,0,0.0071597514,0.0046232403,0.017627396,0.009803462566666666,0.9901965374333334,0
sprsound2022::41262295_4.1_0_p3_1019__event_002,sprsound2022,sprsound2022::41262295,calibration,False,0,normal,1.3629999999999995,0,0.116591774,0.16155905,0.3649195,0.21435677466666667,0.7856432253333333,0
sprsound2022::41262295_4.1_0_p3_1019__event_003,sprsound2022,sprsound2022::41262295,calibration,False,0,normal,0.5579999999999998,0,0.10849819,0.13797021,0.14813761,0.13153533666666667,0.8684646633333333,0
sprsound2022::41262295_4.1_0_p4_1020__event_000,sprsound2022,sprsound2022::41262295,calibration,False,0,normal,1.7409999999999997,0,0.0030666867,0.006721786,0.008872277,0.0062202499,0.9937797501,0
sprsound2022::41262295_4.1_0_p4_1020__event_001,sprsound2022,sprsound2022::41262295,calibration,False,0,normal,1.7339999999999995,0,0.014023808,0.025784314,0.02557304,0.021793720666666665,0.9782062793333334,0
sprsound2022::41262295_4.1_0_p4_1020__event_002,sprsound2022,sprsound2022::41262295,calibration,False,0,normal,1.535,0,0.006431786,0.0051529063,0.011133888,0.0075728600999999994,0.9924271399,0
sprsound2022::41262295_4.1_0_p4_1020__event_003,sprsound2022,sprsound2022::41262295,calibration,False,0,normal,1.831999999999999,0,0.0029298936,0.0025012281,0.004407001,0.0032793742333333334,0.9967206257666666,0
sprsound2022::41262295_4.1_0_p4_1020__event_004,sprsound2022,sprsound2022::41262295,calibration,False,0,normal,1.5140000000000011,0,0.0058975285,0.015758773,0.017896155,0.013184152166666666,0.9868158478333333,0
sprsound2022::41262295_4.1_0_p4_1020__event_005,sprsound2022,sprsound2022::41262295,calibration,False,0,normal,1.423,0,0.0031324583,0.004163996,0.007950659,0.0050823711,0.9949176289,0
sprsound2022::41262295_4.1_0_p4_1020__event_006,sprsound2022,sprsound2022::41262295,calibration,False,0,normal,1.354000000000001,0,0.0055040773,0.008256876,0.010606372,0.008122441766666667,0.9918775582333333,0
sprsound2022::41262295_4.1_0_p4_1020__event_007,sprsound2022,sprsound2022::41262295,calibration,False,0,normal,1.1399999999999988,0,0.005345426,0.010633347,0.0073430287,0.007773933900000001,0.9922260661,0
sprsound2022::41263406_5.2_1_p1_1113__event_000,sprsound2022,sprsound2022::41263406,calibration,False,0,normal,1.4960000000000004,0,0.023147147,0.036954284,0.029994708,0.03003204633333333,0.9699679536666667,0
sprsound2022::41263406_5.2_1_p1_1113__event_001,sprsound2022,sprsound2022::41263406,calibration,False,0,normal,1.6310000000000002,0,0.004767413,0.007683705,0.003765192,0.005405436666666667,0.9945945633333333,0
sprsound2022::41263406_5.2_1_p1_1113__event_002,sprsound2022,sprsound2022::41263406,calibration,False,0,normal,1.2559999999999985,0,0.004207601,0.007769883,0.0035941885,0.0051905575,0.9948094425,0
sprsound2022::41263406_5.2_1_p1_1113__event_003,sprsound2022,sprsound2022::41263406,calibration,False,0,normal,1.503,0,0.012387244,0.022487693,0.013302023,0.016058986666666667,0.9839410133333333,0
sprsound2022::41263406_5.2_1_p1_1113__event_004,sprsound2022,sprsound2022::41263406,calibration,False,0,normal,1.447,0,0.007758217,0.015238101,0.008778681,0.010591666333333333,0.9894083336666667,0
sprsound2022::41263406_5.2_1_p1_1113__event_005,sprsound2022,sprsound2022::41263406,calibration,False,0,normal,1.2409999999999997,0,0.018653687,0.047248363,0.023400052,0.029767367333333336,0.9702326326666667,0
sprsound2022::41263406_5.2_1_p1_1113__event_006,sprsound2022,sprsound2022::41263406,calibration,False,0,normal,0.5100000000000007,0,0.031067302,0.036816698,0.033027332,0.033637110666666664,0.9663628893333334,0
sprsound2022::41263406_5.2_1_p2_1114__event_000,sprsound2022,sprsound2022::41263406,calibration,False,0,normal,1.254,0,0.18266456,0.083649024,0.12228914,0.12953424133333333,0.8704657586666666,0
sprsound2022::41263406_5.2_1_p2_1114__event_001,sprsound2022,sprsound2022::41263406,calibration,False,0,normal,1.2270000000000003,0,0.07980178,0.078653425,0.107895456,0.08878355366666667,0.9112164463333333,0
sprsound2022::41263406_5.2_1_p2_1114__event_002,sprsound2022,sprsound2022::41263406,calibration,False,0,normal,1.3230000000000004,0,0.16405244,0.092526376,0.3801455,0.21224143866666667,0.7877585613333333,0
sprsound2022::41263406_5.2_1_p2_1114__event_003,sprsound2022,sprsound2022::41263406,calibration,False,0,normal,1.1920000000000002,0,0.027813539,0.015748415,0.030317172,0.024626375333333336,0.9753736246666667,0
sprsound2022::41263406_5.2_1_p2_1114__event_004,sprsound2022,sprsound2022::41263406,calibration,False,0,normal,1.059000000000001,0,0.25234118,0.32083663,0.5096705,0.36094943666666673,0.6390505633333332,0
sprsound2022::41263406_5.2_1_p2_1118__event_000,sprsound2022,sprsound2022::41263406,calibration,False,0,normal,0.8210000000000001,0,0.14295356,0.14936002,0.27857074,0.19029477333333333,0.8097052266666667,0
sprsound2022::41263406_5.2_1_p2_1118__event_001,sprsound2022,sprsound2022::41263406,calibration,False,0,normal,0.918,0,0.07698282,0.1889129,0.24159445,0.16916339,0.83083661,0
sprsound2022::41263406_5.2_1_p2_1118__event_002,sprsound2022,sprsound2022::41263406,calibration,False,0,normal,0.859,0,0.04948307,0.093263105,0.13968204,0.09414273833333335,0.9058572616666667,0
sprsound2022::41263406_5.2_1_p2_1118__event_003,sprsound2022,sprsound2022::41263406,calibration,False,0,normal,0.6810000000000009,0,0.3781755,0.48328635,0.4375359,0.43299924999999995,0.56700075,0
sprsound2022::41263406_5.2_1_p2_1118__event_004,sprsound2022,sprsound2022::41263406,calibration,False,0,normal,0.6000000000000014,0,0.5124806,0.80189997,0.83429086,0.7162238099999999,0.2837761900000001,1
sprsound2022::41263406_5.2_1_p2_1118__event_005,sprsound2022,sprsound2022::41263406,calibration,False,0,normal,0.8200000000000003,0,0.18765923,0.22515565,0.21451372,0.20910953333333335,0.7908904666666666,0
sprsound2022::41263406_5.2_1_p4_1116__event_000,sprsound2022,sprsound2022::41263406,calibration,False,0,normal,1.466,0,0.029927313,0.027033685,0.065150864,0.040703954,0.959296046,0
sprsound2022::41263406_5.2_1_p4_1116__event_001,sprsound2022,sprsound2022::41263406,calibration,False,0,normal,1.303,0,0.008599825,0.0073009776,0.0126402825,0.009513695033333333,0.9904863049666667,0
sprsound2022::41263406_5.2_1_p4_1116__event_002,sprsound2022,sprsound2022::41263406,calibration,False,0,normal,1.6100000000000003,0,0.018037891,0.02813855,0.09340518,0.046527206999999994,0.953472793,0
sprsound2022::41263406_5.2_1_p4_1116__event_003,sprsound2022,sprsound2022::41263406,calibration,False,0,normal,1.6180000000000003,0,0.003839796,0.005354114,0.009616308,0.006270072666666667,0.9937299273333333,0
sprsound2022::41263406_5.2_1_p4_1116__event_004,sprsound2022,sprsound2022::41263406,calibration,False,0,normal,1.5670000000000002,0,0.19985914,0.25310972,0.32589418,0.2596210133333333,0.7403789866666667,0
sprsound2022::41263406_5.2_1_p4_1116__event_005,sprsound2022,sprsound2022::41263406,calibration,False,0,normal,1.5410000000000004,0,0.06483811,0.17447078,0.13097008,0.12342632333333332,0.8765736766666666,0
sprsound2022::41263406_5.2_1_p4_1116__event_006,sprsound2022,sprsound2022::41263406,calibration,False,0,normal,1.402000000000001,0,0.15779592,0.30440408,0.25364065,0.23861355000000004,0.7613864499999999,0
sprsound2022::41263406_5.2_1_p4_1116__event_007,sprsound2022,sprsound2022::41263406,calibration,False,0,normal,1.1769999999999996,0,0.023671828,0.03210195,0.028708987,0.02816092166666666,0.9718390783333334,0
sprsound2022::41263406_5.2_1_p4_1120__event_000,sprsound2022,sprsound2022::41263406,calibration,False,0,normal,1.25,0,0.16554503,0.16756167,0.3454396,0.22618210000000002,0.7738179,0
sprsound2022::41263406_5.2_1_p4_1120__event_001,sprsound2022,sprsound2022::41263406,calibration,False,0,normal,0.9370000000000004,0,0.07349473,0.021088766,0.09886699,0.06448349533333332,0.9355165046666667,0
sprsound2022::41263406_5.2_1_p4_1120__event_002,sprsound2022,sprsound2022::41263406,calibration,False,0,normal,1.245,0,0.12986742,0.08811722,0.09471475,0.10423313000000001,0.89576687,0
sprsound2022::41263406_5.2_1_p4_1120__event_003,sprsound2022,sprsound2022::41263406,calibration,False,0,normal,1.3339999999999996,0,0.019359656,0.015858112,0.034927677,0.023381815,0.976618185,0
sprsound2022::41263406_5.2_1_p4_1120__event_004,sprsound2022,sprsound2022::41263406,calibration,False,0,normal,1.279,0,0.006513282,0.031909782,0.019181566,0.019201543333333335,0.9807984566666667,0
sprsound2022::41263406_5.2_1_p4_1120__event_005,sprsound2022,sprsound2022::41263406,calibration,False,0,normal,2.2379999999999995,0,0.02834326,0.013881666,0.043262765,0.028495897000000003,0.971504103,0
sprsound2022::41263490_8.0_1_p4_896__event_000,sprsound2022,sprsound2022::41263490,calibration,False,0,normal,1.4420000000000002,0,0.0059687984,0.0066886493,0.018193504,0.010283650566666667,0.9897163494333333,0
sprsound2022::41263490_8.0_1_p4_896__event_001,sprsound2022,sprsound2022::41263490,calibration,False,0,normal,2.5040000000000013,0,0.03667559,0.033257566,0.048057523,0.03933022633333333,0.9606697736666667,0
sprsound2022::41263490_8.0_1_p4_896__event_002,sprsound2022,sprsound2022::41263490,calibration,False,0,normal,2.1169999999999995,0,0.08417639,0.041383415,0.081830926,0.06913024366666666,0.9308697563333334,0
sprsound2022::41267028_0.2_0_p1_2439__event_000,sprsound2022,sprsound2022::41267028,calibration,False,1,stridor,0.7700000000000005,1,0.99500835,0.9988507,0.9981396,0.9973328833333334,0.0026671166666666357,1
sprsound2022::41267028_0.2_0_p1_2439__event_001,sprsound2022,sprsound2022::41267028,calibration,False,1,stridor,1.0359999999999996,1,0.99855226,0.9977175,0.9965628,0.9976108533333333,0.002389146666666675,1
sprsound2022::41267028_0.2_0_p1_2439__event_002,sprsound2022,sprsound2022::41267028,calibration,False,1,stridor,0.9190000000000004,1,0.9988807,0.99908066,0.9964977,0.9981530200000001,0.0018469799999999426,1
sprsound2022::41267028_0.2_0_p1_2439__event_003,sprsound2022,sprsound2022::41267028,calibration,False,1,stridor,0.9329999999999998,1,0.997712,0.99415225,0.9910149,0.99429305,0.005706949999999988,1
sprsound2022::41267028_0.2_0_p1_2439__event_004,sprsound2022,sprsound2022::41267028,calibration,False,1,stridor,0.8849999999999998,1,0.9962365,0.9973314,0.99676216,0.9967766866666666,0.0032233133333333663,1
sprsound2022::41267028_0.2_0_p1_2439__event_005,sprsound2022,sprsound2022::41267028,calibration,False,1,stridor,0.613999999999999,1,0.9978376,0.99842393,0.9978356,0.9980323766666667,0.001967623333333335,1
sprsound2022::41267028_0.2_0_p1_2439__event_006,sprsound2022,sprsound2022::41267028,calibration,False,1,stridor,0.904,1,0.72689587,0.52755314,0.63392925,0.62945942,0.37054058,1
sprsound2022::41267028_0.2_0_p2_2452__event_000,sprsound2022,sprsound2022::41267028,calibration,False,1,stridor,1.173,1,0.99805695,0.99831307,0.9950164,0.9971288066666667,0.0028711933333332995,1
sprsound2022::41267028_0.2_0_p2_2452__event_001,sprsound2022,sprsound2022::41267028,calibration,False,1,stridor,1.177,1,0.99665475,0.99700063,0.997081,0.9969121266666666,0.0030878733333333797,1
sprsound2022::41267028_0.2_0_p2_2452__event_002,sprsound2022,sprsound2022::41267028,calibration,False,1,stridor,1.1759999999999993,1,0.9955656,0.99794143,0.99822456,0.9972438633333334,0.002756136666666631,1
sprsound2022::41267028_0.2_0_p3_2476__event_000,sprsound2022,sprsound2022::41267028,calibration,False,1,stridor,1.1870000000000005,1,0.9961278,0.9975788,0.99805933,0.9972553099999999,0.002744690000000105,1
sprsound2022::41267028_0.2_0_p3_2476__event_001,sprsound2022,sprsound2022::41267028,calibration,False,1,stridor,1.096,1,0.9918413,0.992896,0.9857078,0.9901483666666667,0.009851633333333276,1
sprsound2022::41267028_0.2_0_p3_2476__event_002,sprsound2022,sprsound2022::41267028,calibration,False,1,stridor,1.1159999999999997,1,0.9916569,0.996807,0.9490041,0.979156,0.020843999999999974,1
sprsound2022::41267028_0.2_0_p3_2476__event_003,sprsound2022,sprsound2022::41267028,calibration,False,1,stridor,0.434000000000001,1,0.9814089,0.9894896,0.9867464,0.9858816333333333,0.01411836666666666,1
sprsound2022::41267028_0.2_0_p3_2476__event_004,sprsound2022,sprsound2022::41267028,calibration,False,1,fine_crackle,1.2420000000000009,1,0.9168954,0.88076127,0.89020336,0.8959533433333333,0.10404665666666668,1
sprsound2022::41267028_0.3_0_p1_2225__event_000,sprsound2022,sprsound2022::41267028,calibration,False,1,wheeze,0.4269999999999996,1,0.9978822,0.99795413,0.9971986,0.99767831,0.002321690000000043,1
sprsound2022::41267028_0.3_0_p1_2225__event_001,sprsound2022,sprsound2022::41267028,calibration,False,1,wheeze,0.451,1,0.9983234,0.99605966,0.9973008,0.9972279533333334,0.002772046666666639,1
sprsound2022::41267028_0.3_0_p1_2225__event_002,sprsound2022,sprsound2022::41267028,calibration,False,1,wheeze,0.3700000000000001,1,0.96839786,0.9807797,0.91113466,0.9534374066666667,0.046562593333333346,1
sprsound2022::41267028_0.3_0_p1_2225__event_003,sprsound2022,sprsound2022::41267028,calibration,False,1,fine_crackle,0.3729999999999993,1,0.99422354,0.9979892,0.99718827,0.9964670033333333,0.0035329966666667323,1
sprsound2022::41267028_0.3_0_p1_2225__event_004,sprsound2022,sprsound2022::41267028,calibration,False,1,wheeze,0.6789999999999994,1,0.9918079,0.9931764,0.99644524,0.9938098466666666,0.0061901533333333925,1
sprsound2022::41267028_0.3_0_p1_2225__event_005,sprsound2022,sprsound2022::41267028,calibration,False,1,wheeze,0.4370000000000003,1,0.8463597,0.99086237,0.95693,0.9313840233333334,0.06861597666666663,1
sprsound2022::41267028_0.3_0_p1_2225__event_006,sprsound2022,sprsound2022::41267028,calibration,False,1,fine_crackle,0.4429999999999987,1,0.9923253,0.99717206,0.994862,0.9947864533333334,0.005213546666666624,1
sprsound2022::41267028_0.3_0_p1_2225__event_007,sprsound2022,sprsound2022::41267028,calibration,False,1,wheeze,0.4900000000000002,1,0.9907952,0.99705267,0.9964986,0.9947821566666667,0.005217843333333305,1
sprsound2022::41267028_0.3_0_p1_2284__event_000,sprsound2022,sprsound2022::41267028,calibration,False,1,wheeze,0.2769999999999999,1,0.99423486,0.998247,0.9971852,0.9965556866666666,0.003444313333333393,1
sprsound2022::41267028_0.3_0_p1_2284__event_001,sprsound2022,sprsound2022::41267028,calibration,False,1,fine_crackle,0.394,1,0.9878542,0.9961436,0.99295914,0.99231898,0.007681020000000038,1
sprsound2022::41267028_0.3_0_p1_2284__event_002,sprsound2022,sprsound2022::41267028,calibration,False,1,wheeze,0.4100000000000001,1,0.98664236,0.9967443,0.9970106,0.9934657533333334,0.006534246666666577,1
sprsound2022::41267028_0.3_0_p1_2284__event_003,sprsound2022,sprsound2022::41267028,calibration,False,1,wheeze,0.4209999999999998,1,0.9716662,0.9736843,0.97548485,0.9736117833333333,0.026388216666666686,1
sprsound2022::41267028_0.3_0_p1_2284__event_004,sprsound2022,sprsound2022::41267028,calibration,False,1,fine_crackle,0.3610000000000006,1,0.98515886,0.9936475,0.9907768,0.9898610533333333,0.010138946666666704,1
sprsound2022::41267028_0.3_0_p1_2284__event_005,sprsound2022,sprsound2022::41267028,calibration,False,1,fine_crackle,0.447,1,0.89572597,0.92938733,0.9465804,0.9238979,0.07610209999999995,1
sprsound2022::41267028_0.3_0_p1_2284__event_006,sprsound2022,sprsound2022::41267028,calibration,False,1,wheeze,0.3550000000000004,1,0.99131095,0.99334586,0.98813,0.9909289366666667,0.009071063333333296,1
sprsound2022::41267028_0.3_0_p1_2284__event_007,sprsound2022,sprsound2022::41267028,calibration,False,1,fine_crackle,0.3849999999999998,1,0.9923813,0.99478275,0.98916644,0.9921101633333334,0.00788983666666665,1
sprsound2022::41267028_0.3_0_p1_2284__event_008,sprsound2022,sprsound2022::41267028,calibration,False,1,wheeze,0.4380000000000006,1,0.8895706,0.9537597,0.94745624,0.93026218,0.06973781999999995,1
sprsound2022::41267028_0.3_0_p1_2284__event_009,sprsound2022,sprsound2022::41267028,calibration,False,1,fine_crackle,0.5389999999999997,1,0.9774669,0.9814109,0.9792853,0.9793877000000001,0.020612299999999917,1
sprsound2022::41267028_0.3_0_p1_2284__event_010,sprsound2022,sprsound2022::41267028,calibration,False,1,wheeze,0.447,1,0.995054,0.9943204,0.99788564,0.9957533466666666,0.0042466533333334056,1
sprsound2022::41267028_0.3_0_p1_2427__event_000,sprsound2022,sprsound2022::41267028,calibration,False,1,wheeze,0.3490000000000002,1,0.9978734,0.9986664,0.99300075,0.9965135166666667,0.0034864833333333456,1
sprsound2022::41267028_0.3_0_p1_2427__event_001,sprsound2022,sprsound2022::41267028,calibration,False,1,wheeze,0.4279999999999999,1,0.99733245,0.9996081,0.99935144,0.9987639966666667,0.001236003333333291,1
sprsound2022::41267028_0.3_0_p1_2427__event_002,sprsound2022,sprsound2022::41267028,calibration,False,1,fine_crackle,0.585,1,0.9776044,0.99257,0.9764297,0.9822013666666667,0.017798633333333314,1
sprsound2022::41267028_0.3_0_p1_2427__event_003,sprsound2022,sprsound2022::41267028,calibration,False,1,fine_crackle,0.532,1,0.8575144,0.95708984,0.86093605,0.8918467633333332,0.10815323666666676,1
sprsound2022::41267028_0.3_0_p1_2427__event_004,sprsound2022,sprsound2022::41267028,calibration,False,1,fine_crackle,0.6440000000000001,1,0.98756474,0.9956802,0.9924036,0.9918828466666666,0.008117153333333404,1
sprsound2022::41267028_0.3_0_p2_2211__event_000,sprsound2022,sprsound2022::41267028,calibration,False,1,wheeze,0.6150000000000002,1,0.99748623,0.9847055,0.9947464,0.9923127100000001,0.007687289999999902,1
sprsound2022::41267028_0.3_0_p2_2211__event_001,sprsound2022,sprsound2022::41267028,calibration,False,1,wheeze,0.565,1,0.99668664,0.9951159,0.99818283,0.9966617900000001,0.003338209999999897,1
sprsound2022::41267028_0.3_0_p2_2211__event_002,sprsound2022,sprsound2022::41267028,calibration,False,1,fine_crackle,0.4039999999999999,1,0.9943256,0.9960641,0.9948807,0.9950901333333334,0.004909866666666596,1
sprsound2022::41267028_0.3_0_p2_2211__event_003,sprsound2022,sprsound2022::41267028,calibration,False,1,wheeze,0.6579999999999995,1,0.9948066,0.9952016,0.99788874,0.9959656466666668,0.00403435333333324,1
sprsound2022::41267028_0.3_0_p2_2211__event_004,sprsound2022,sprsound2022::41267028,calibration,False,1,fine_crackle,0.5529999999999999,1,0.9919694,0.99633765,0.9933048,0.9938706166666668,0.006129383333333238,1
sprsound2022::41267028_0.3_0_p2_2211__event_005,sprsound2022,sprsound2022::41267028,calibration,False,1,wheeze,0.6550000000000002,1,0.9970481,0.99790454,0.99784243,0.9975983566666665,0.002401643333333481,1
sprsound2022::41267028_0.3_0_p2_2211__event_006,sprsound2022,sprsound2022::41267028,calibration,False,1,fine_crackle,0.6999999999999993,1,0.98589534,0.9888103,0.9839033,0.98620298,0.013797020000000049,1
sprsound2022::41267028_0.3_0_p2_2211__event_007,sprsound2022,sprsound2022::41267028,calibration,False,1,wheeze,0.6109999999999998,1,0.99723816,0.99858105,0.99922466,0.9983479566666666,0.0016520433333333528,1
sprsound2022::41267028_0.3_0_p2_2211__event_008,sprsound2022,sprsound2022::41267028,calibration,False,1,fine_crackle,0.455,1,0.99172896,0.99586993,0.99393106,0.9938433166666667,0.0061566833333333015,1
sprsound2022::41267028_0.3_0_p2_2211__event_009,sprsound2022,sprsound2022::41267028,calibration,False,1,wheeze,0.3390000000000004,1,0.9966594,0.9933889,0.9978021,0.9959501333333334,0.004049866666666624,1
sprsound2022::41267028_0.3_0_p2_2211__event_010,sprsound2022,sprsound2022::41267028,calibration,False,1,wheeze,0.4279999999999999,1,0.98605657,0.98288065,0.97980005,0.9829124233333334,0.017087576666666604,1
sprsound2022::41267028_0.3_0_p2_2269__event_000,sprsound2022,sprsound2022::41267028,calibration,False,1,wheeze,0.6100000000000001,1,0.9971756,0.9962063,0.9960742,0.9964853666666666,0.00351463333333335,1
sprsound2022::41267028_0.3_0_p2_2269__event_001,sprsound2022,sprsound2022::41267028,calibration,False,1,wheeze,0.5050000000000001,1,0.99580777,0.99725586,0.99818015,0.99708126,0.0029187400000000308,1
sprsound2022::41267028_0.3_0_p2_2269__event_002,sprsound2022,sprsound2022::41267028,calibration,False,1,wheeze,0.5259999999999998,1,0.9985183,0.9987118,0.9982582,0.9984961,0.0015039000000000025,1
sprsound2022::41267028_0.3_0_p2_2269__event_003,sprsound2022,sprsound2022::41267028,calibration,False,1,wheeze,0.4089999999999998,1,0.9972941,0.99944514,0.9978935,0.9982109133333333,0.0017890866666666616,1
sprsound2022::41267028_0.3_0_p2_2269__event_004,sprsound2022,sprsound2022::41267028,calibration,False,1,wheeze,0.532,1,0.99714833,0.9953166,0.99898213,0.99714902,0.0028509799999999474,1
sprsound2022::41267028_0.3_0_p2_2269__event_005,sprsound2022,sprsound2022::41267028,calibration,False,1,wheeze,0.5939999999999994,1,0.99616086,0.9950853,0.9977512,0.9963324533333333,0.003667546666666688,1
sprsound2022::41267028_0.3_0_p2_2269__event_006,sprsound2022,sprsound2022::41267028,calibration,False,1,wheeze,0.8039999999999994,1,0.9994623,0.99885225,0.9994987,0.9992710833333334,0.0007289166666666347,1
sprsound2022::41267028_0.3_0_p2_2269__event_007,sprsound2022,sprsound2022::41267028,calibration,False,1,fine_crackle,0.4950000000000001,1,0.9717029,0.9568655,0.96809465,0.96555435,0.034445649999999994,1
sprsound2022::41267028_0.3_0_p2_2269__event_008,sprsound2022,sprsound2022::41267028,calibration,False,1,fine_crackle,0.4500000000000002,1,0.97347194,0.9677385,0.978925,0.97337848,0.026621519999999954,1
sprsound2022::41267028_0.3_0_p2_2269__event_009,sprsound2022,sprsound2022::41267028,calibration,False,1,fine_crackle,0.5879999999999996,1,0.9868361,0.98566055,0.9865204,0.9863390166666667,0.01366098333333332,1
sprsound2022::41267028_0.3_0_p2_2269__event_010,sprsound2022,sprsound2022::41267028,calibration,False,1,fine_crackle,0.4750000000000005,1,0.9822863,0.97366863,0.98921156,0.9817221633333334,0.018277836666666603,1
sprsound2022::41267028_0.3_0_p2_2269__event_011,sprsound2022,sprsound2022::41267028,calibration,False,1,fine_crackle,0.4210000000000002,1,0.97868675,0.9843776,0.9830593,0.9820412166666667,0.01795878333333334,1
sprsound2022::41267028_0.3_0_p2_2269__event_012,sprsound2022,sprsound2022::41267028,calibration,False,1,fine_crackle,0.4590000000000005,1,0.9822004,0.972378,0.9768887,0.9771557,0.02284430000000004,1
sprsound2022::41267028_0.3_0_p2_2402__event_000,sprsound2022,sprsound2022::41267028,calibration,False,1,fine_crackle,0.7970000000000002,1,0.984364,0.98980486,0.98180455,0.98532447,0.014675529999999992,1
sprsound2022::41267028_0.3_0_p2_2402__event_001,sprsound2022,sprsound2022::41267028,calibration,False,1,fine_crackle,0.8609999999999998,1,0.9686838,0.9915671,0.9931954,0.9844821,0.015517899999999973,1
sprsound2022::41267028_0.3_0_p2_2402__event_002,sprsound2022,sprsound2022::41267028,calibration,False,1,fine_crackle,0.4400000000000004,1,0.99051803,0.99168265,0.98906696,0.9904225466666667,0.009577453333333263,1
sprsound2022::41267028_0.3_0_p2_2402__event_003,sprsound2022,sprsound2022::41267028,calibration,False,1,fine_crackle,0.6970000000000001,1,0.9817462,0.98512346,0.9884748,0.9851148200000001,0.014885179999999942,1
sprsound2022::41267028_0.3_0_p2_2402__event_004,sprsound2022,sprsound2022::41267028,calibration,False,1,fine_crackle,0.4670000000000005,1,0.97289586,0.9898941,0.97572494,0.9795049666666666,0.020495033333333357,1
sprsound2022::41267028_0.3_0_p2_2642__event_000,sprsound2022,sprsound2022::41267028,calibration,False,1,fine_crackle,0.5439999999999996,1,0.99522346,0.9975085,0.99662554,0.9964525000000001,0.0035474999999999257,1
sprsound2022::41267028_0.3_0_p2_2642__event_001,sprsound2022,sprsound2022::41267028,calibration,False,1,fine_crackle,0.5419999999999998,1,0.99576914,0.9985341,0.99566394,0.9966557266666666,0.003344273333333425,1
sprsound2022::41267028_0.3_0_p2_2642__event_002,sprsound2022,sprsound2022::41267028,calibration,False,1,fine_crackle,0.5380000000000003,1,0.9952415,0.99840635,0.99495476,0.99620087,0.003799129999999984,1
sprsound2022::41267028_0.3_0_p2_2642__event_003,sprsound2022,sprsound2022::41267028,calibration,False,1,fine_crackle,0.7309999999999999,1,0.9936743,0.99497426,0.9941263,0.9942582866666667,0.005741713333333287,1
sprsound2022::41267028_0.3_0_p2_2642__event_004,sprsound2022,sprsound2022::41267028,calibration,False,1,fine_crackle,0.6769999999999996,1,0.99331987,0.99718165,0.9933295,0.99461034,0.005389659999999963,1
sprsound2022::41267028_0.3_0_p2_2642__event_005,sprsound2022,sprsound2022::41267028,calibration,False,1,fine_crackle,0.7240000000000002,1,0.9968079,0.99851185,0.9973736,0.9975644499999999,0.002435550000000064,1
sprsound2022::41267028_0.3_0_p2_2642__event_006,sprsound2022,sprsound2022::41267028,calibration,False,1,fine_crackle,0.6769999999999996,1,0.9943719,0.9982998,0.9924448,0.9950388333333332,0.004961166666666794,1
sprsound2022::41267028_0.3_0_p2_2642__event_007,sprsound2022,sprsound2022::41267028,calibration,False,1,fine_crackle,0.7469999999999999,1,0.9926252,0.9977476,0.9921262,0.9941663333333333,0.005833666666666737,1
sprsound2022::41267028_0.3_0_p2_2642__event_008,sprsound2022,sprsound2022::41267028,calibration,False,1,fine_crackle,0.9619999999999996,1,0.992416,0.9973531,0.9945563,0.9947751333333333,0.005224866666666661,1
sprsound2022::41267028_0.3_0_p2_2642__event_009,sprsound2022,sprsound2022::41267028,calibration,False,1,fine_crackle,0.9640000000000002,1,0.8956326,0.89569116,0.92827845,0.9065340700000001,0.09346592999999992,1
sprsound2022::41267028_0.3_0_p2_2642__event_010,sprsound2022,sprsound2022::41267028,calibration,False,1,fine_crackle,0.7469999999999999,1,0.9949149,0.9975268,0.9956741,0.9960386,0.003961400000000004,1
sprsound2022::41267028_0.3_0_p2_2706__event_000,sprsound2022,sprsound2022::41267028,calibration,False,1,fine_crackle,0.6950000000000003,1,0.99366707,0.9982488,0.9918018,0.9945725566666667,0.005427443333333337,1
sprsound2022::41267028_0.3_0_p2_2706__event_001,sprsound2022,sprsound2022::41267028,calibration,False,1,fine_crackle,0.984,1,0.9778566,0.9757201,0.9721619,0.9752462,0.024753800000000048,1
sprsound2022::41267028_0.3_0_p2_2706__event_002,sprsound2022,sprsound2022::41267028,calibration,False,1,fine_crackle,0.6839999999999993,1,0.9950309,0.99802554,0.99180704,0.9949544933333333,0.005045506666666699,1
sprsound2022::41267028_0.3_0_p2_2706__event_003,sprsound2022,sprsound2022::41267028,calibration,False,1,fine_crackle,0.956999999999999,1,0.98377466,0.9872481,0.9813498,0.9841241866666666,0.015875813333333433,1
sprsound2022::41267028_0.3_0_p2_2706__event_004,sprsound2022,sprsound2022::41267028,calibration,False,1,fine_crackle,0.6160000000000001,1,0.98754,0.9949469,0.98572147,0.9894027900000001,0.010597209999999913,1
sprsound2022::41267028_0.3_0_p2_2706__event_005,sprsound2022,sprsound2022::41267028,calibration,False,1,fine_crackle,0.6440000000000006,1,0.9851811,0.9923139,0.9854199,0.9876383,0.012361700000000031,1
sprsound2022::41267028_0.3_0_p2_2706__event_006,sprsound2022,sprsound2022::41267028,calibration,False,1,fine_crackle,0.7229999999999999,1,0.9938105,0.99472106,0.99137175,0.9933011033333333,0.006698896666666676,1
sprsound2022::41267028_0.3_0_p2_2706__event_007,sprsound2022,sprsound2022::41267028,calibration,False,1,fine_crackle,0.6559999999999997,1,0.98950666,0.99767965,0.99227893,0.9931550800000001,0.006844919999999921,1
sprsound2022::41267028_0.3_0_p2_2706__event_008,sprsound2022,sprsound2022::41267028,calibration,False,1,fine_crackle,0.7969999999999997,1,0.9916671,0.99355596,0.98987657,0.9916998766666666,0.008300123333333409,1
sprsound2022::41267028_0.3_0_p2_2706__event_009,sprsound2022,sprsound2022::41267028,calibration,False,0,normal,0.853,0,0.032908343,0.054440934,0.041619245,0.042989507333333336,0.9570104926666667,0
sprsound2022::41267028_0.3_0_p3_2239__event_000,sprsound2022,sprsound2022::41267028,calibration,False,1,wheeze,0.4969999999999999,1,0.99876034,0.9979893,0.9990533,0.99860098,0.0013990200000000286,1
sprsound2022::41267028_0.3_0_p3_2239__event_001,sprsound2022,sprsound2022::41267028,calibration,False,1,wheeze,0.516,1,0.998868,0.99891746,0.9981414,0.9986422866666667,0.0013577133333333435,1
sprsound2022::41267028_0.3_0_p3_2239__event_002,sprsound2022,sprsound2022::41267028,calibration,False,1,wheeze,0.4329999999999998,1,0.99771273,0.99903166,0.9981592,0.9983011966666666,0.0016988033333333874,1
sprsound2022::41267028_0.3_0_p3_2239__event_003,sprsound2022,sprsound2022::41267028,calibration,False,1,wheeze,0.4859999999999989,1,0.99241126,0.9978237,0.9958532,0.99536272,0.004637279999999966,1
sprsound2022::41267028_0.3_0_p3_2239__event_004,sprsound2022,sprsound2022::41267028,calibration,False,1,wheeze,0.4900000000000002,1,0.993869,0.99659204,0.99669904,0.9957200266666666,0.004279973333333409,1
sprsound2022::41267028_0.3_0_p3_2239__event_005,sprsound2022,sprsound2022::41267028,calibration,False,1,wheeze,0.5979999999999999,1,0.99876815,0.9987556,0.9981,0.99854125,0.0014587499999999531,1
sprsound2022::41267028_0.3_0_p3_2239__event_006,sprsound2022,sprsound2022::41267028,calibration,False,1,wheeze,0.508,1,0.9969682,0.9962786,0.9975338,0.9969268666666666,0.0030731333333333666,1
sprsound2022::41267028_0.3_0_p3_2239__event_007,sprsound2022,sprsound2022::41267028,calibration,False,1,fine_crackle,0.5880000000000001,1,0.97707796,0.99328107,0.9818318,0.9840636100000001,0.01593638999999991,1
sprsound2022::41267028_0.3_0_p3_2239__event_008,sprsound2022,sprsound2022::41267028,calibration,False,1,fine_crackle,0.5230000000000001,1,0.99269074,0.99701655,0.9935277,0.9944116633333334,0.005588336666666582,1
sprsound2022::41267028_0.3_0_p3_2239__event_009,sprsound2022,sprsound2022::41267028,calibration,False,1,fine_crackle,0.5099999999999998,1,0.9932179,0.9980317,0.9917856,0.9943450666666666,0.005654933333333445,1
sprsound2022::41267028_0.3_0_p3_2239__event_010,sprsound2022,sprsound2022::41267028,calibration,False,1,fine_crackle,0.5369999999999999,1,0.99239457,0.99672216,0.9928444,0.9939870433333334,0.006012956666666569,1
sprsound2022::41267028_0.3_0_p3_2239__event_011,sprsound2022,sprsound2022::41267028,calibration,False,1,fine_crackle,0.4559999999999995,1,0.9948815,0.9984126,0.99661654,0.99663688,0.0033631200000000527,1
sprsound2022::41267028_0.3_0_p3_2239__event_012,sprsound2022,sprsound2022::41267028,calibration,False,1,fine_crackle,0.4459999999999997,1,0.98465616,0.9979018,0.98874706,0.9904350066666666,0.009564993333333383,1
sprsound2022::41267028_0.3_0_p3_2239__event_013,sprsound2022,sprsound2022::41267028,calibration,False,1,fine_crackle,0.8159999999999998,1,0.9674347,0.9927377,0.971799,0.9773237999999999,0.022676200000000146,1
sprsound2022::41267028_0.3_0_p3_2299__event_000,sprsound2022,sprsound2022::41267028,calibration,False,1,wheeze,0.513,1,0.8768404,0.8578228,0.8076827,0.8474486333333333,0.1525513666666667,1
sprsound2022::41267028_0.3_0_p3_2299__event_001,sprsound2022,sprsound2022::41267028,calibration,False,1,wheeze,0.472,1,0.9884913,0.995802,0.99286664,0.9923866466666666,0.00761335333333335,1
sprsound2022::41267028_0.3_0_p3_2299__event_002,sprsound2022,sprsound2022::41267028,calibration,False,1,fine_crackle,0.4089999999999999,1,0.98643935,0.9905047,0.9821783,0.9863741166666667,0.013625883333333255,1
sprsound2022::41267028_0.3_0_p3_2299__event_003,sprsound2022,sprsound2022::41267028,calibration,False,1,fine_crackle,0.6950000000000003,1,0.9837392,0.9886933,0.98131907,0.9845838566666667,0.015416143333333299,1
sprsound2022::41267028_0.3_0_p3_2629__event_000,sprsound2022,sprsound2022::41267028,calibration,False,1,fine_crackle,0.6269999999999998,1,0.98136216,0.99394965,0.9814958,0.9856025366666668,0.014397463333333249,1
sprsound2022::41267028_0.3_0_p3_2629__event_001,sprsound2022,sprsound2022::41267028,calibration,False,1,fine_crackle,0.9650000000000004,1,0.97909296,0.9861107,0.9468811,0.97069492,0.029305079999999983,1
sprsound2022::41267028_0.3_0_p3_2629__event_002,sprsound2022,sprsound2022::41267028,calibration,False,1,fine_crackle,0.7479999999999993,1,0.97936845,0.9897822,0.97867364,0.9826080966666666,0.017391903333333403,1
sprsound2022::41267028_0.3_0_p3_2629__event_003,sprsound2022,sprsound2022::41267028,calibration,False,1,fine_crackle,0.7750000000000004,1,0.9906369,0.9954521,0.98717993,0.9910896433333334,0.008910356666666619,1
sprsound2022::41267028_0.3_0_p3_2629__event_004,sprsound2022,sprsound2022::41267028,calibration,False,1,fine_crackle,0.7970000000000006,1,0.99497944,0.9979569,0.9933355,0.9954239466666667,0.00457605333333333,1
sprsound2022::41267028_0.3_0_p3_2718__event_000,sprsound2022,sprsound2022::41267028,calibration,False,1,fine_crackle,1.0990000000000002,1,0.9792215,0.98545176,0.95027894,0.9716507333333334,0.028349266666666595,1
sprsound2022::41267028_0.3_0_p3_2718__event_001,sprsound2022,sprsound2022::41267028,calibration,False,1,fine_crackle,0.9749999999999996,1,0.9887904,0.9978192,0.9854667,0.9906921,0.009307900000000036,1
sprsound2022::41267028_0.3_0_p3_2718__event_002,sprsound2022,sprsound2022::41267028,calibration,False,1,fine_crackle,0.9179999999999992,1,0.99251634,0.99821764,0.995155,0.9952963266666667,0.004703673333333325,1
sprsound2022::41267028_0.3_0_p3_2718__event_003,sprsound2022,sprsound2022::41267028,calibration,False,1,fine_crackle,0.9740000000000002,1,0.9784208,0.99621433,0.9828766,0.9858372433333334,0.014162756666666554,1
sprsound2022::41267028_0.3_0_p3_2718__event_004,sprsound2022,sprsound2022::41267028,calibration,False,1,fine_crackle,0.8060000000000009,1,0.9906736,0.9964889,0.9904546,0.9925390333333334,0.007460966666666624,1
sprsound2022::41267028_0.3_0_p3_2718__event_005,sprsound2022,sprsound2022::41267028,calibration,False,1,fine_crackle,0.9009999999999998,1,0.98197156,0.9973949,0.98748094,0.9889491333333332,0.01105086666666677,1
sprsound2022::41267028_0.3_0_p3_2718__event_006,sprsound2022,sprsound2022::41267028,calibration,False,1,fine_crackle,0.8109999999999999,1,0.98753756,0.9971697,0.9849882,0.9898984866666667,0.010101513333333312,1
sprsound2022::41267028_0.3_0_p3_2718__event_007,sprsound2022,sprsound2022::41267028,calibration,False,1,fine_crackle,0.79,1,0.98879427,0.9939262,0.98710525,0.9899419066666666,0.010058093333333407,1
sprsound2022::41267028_0.3_0_p3_2718__event_008,sprsound2022,sprsound2022::41267028,calibration,False,1,fine_crackle,1.1109999999999998,1,0.9777321,0.97556305,0.9416005,0.9649652166666667,0.03503478333333332,1
sprsound2022::41267028_0.3_0_p3_2718__event_009,sprsound2022,sprsound2022::41267028,calibration,False,1,fine_crackle,0.7640000000000002,1,0.9916967,0.9968315,0.9952082,0.9945787999999999,0.005421200000000126,1
sprsound2022::41267028_0.3_0_p3_2718__event_010,sprsound2022,sprsound2022::41267028,calibration,False,1,fine_crackle,0.9170000000000004,1,0.98919,0.99671125,0.99180377,0.99256834,0.007431659999999951,1
sprsound2022::41267028_0.3_0_p3_2718__event_011,sprsound2022,sprsound2022::41267028,calibration,False,1,fine_crackle,0.483,1,0.99417156,0.9946585,0.99510205,0.9946440366666667,0.0053559633333333245,1
sprsound2022::41267028_0.3_0_p3_2718__event_012,sprsound2022,sprsound2022::41267028,calibration,False,1,fine_crackle,0.5910000000000011,1,0.9831541,0.9796556,0.9660044,0.9762713666666666,0.023728633333333415,1
sprsound2022::41267028_0.3_0_p4_2254__event_000,sprsound2022,sprsound2022::41267028,calibration,False,1,wheeze,0.4430000000000005,1,0.9982601,0.9984126,0.99851733,0.9983966766666666,0.0016033233333333508,1
sprsound2022::41267028_0.3_0_p4_2254__event_001,sprsound2022,sprsound2022::41267028,calibration,False,1,wheeze,0.289,1,0.9947167,0.9961378,0.9950932,0.9953159,0.004684099999999969,1
sprsound2022::41267028_0.3_0_p4_2314__event_000,sprsound2022,sprsound2022::41267028,calibration,False,1,wheeze,0.579,1,0.99817836,0.9987112,0.9978538,0.9982477866666667,0.0017522133333333079,1
sprsound2022::41267028_0.3_0_p4_2389__event_000,sprsound2022,sprsound2022::41267028,calibration,False,1,fine_crackle,0.3510000000000008,1,0.9471133,0.9891595,0.9688908,0.9683878666666667,0.03161213333333335,1
sprsound2022::41267028_0.3_0_p4_2389__event_001,sprsound2022,sprsound2022::41267028,calibration,False,0,normal,0.4039999999999999,0,0.9854775,0.9858758,0.97481614,0.9820564800000001,0.01794351999999988,1
sprsound2022::41267028_0.3_0_p4_2655__event_000,sprsound2022,sprsound2022::41267028,calibration,False,1,fine_crackle,0.6970000000000001,1,0.98856807,0.9967078,0.98767996,0.9909852766666667,0.009014723333333308,1
sprsound2022::41267028_0.3_0_p4_2655__event_001,sprsound2022,sprsound2022::41267028,calibration,False,1,fine_crackle,0.688,1,0.9925311,0.9953192,0.9920609,0.9933037333333333,0.006696266666666673,1
sprsound2022::41267028_0.3_0_p4_2655__event_002,sprsound2022,sprsound2022::41267028,calibration,False,1,fine_crackle,0.6139999999999999,1,0.99666816,0.99914277,0.9938252,0.9965453766666666,0.003454623333333351,1
sprsound2022::41267028_0.3_0_p4_2655__event_003,sprsound2022,sprsound2022::41267028,calibration,False,1,fine_crackle,0.6390000000000002,1,0.9951401,0.9970163,0.99246526,0.9948738866666665,0.00512611333333346,1
sprsound2022::41267028_0.3_0_p4_2655__event_004,sprsound2022,sprsound2022::41267028,calibration,False,1,fine_crackle,0.7219999999999995,1,0.99418986,0.9944565,0.9908404,0.9931622533333333,0.0068377466666667,1
sprsound2022::41267028_0.3_0_p4_2655__event_005,sprsound2022,sprsound2022::41267028,calibration,False,1,fine_crackle,0.6370000000000005,1,0.9960473,0.99673635,0.99316347,0.9953157066666667,0.0046842933333333114,1
sprsound2022::41267028_0.3_0_p4_2655__event_006,sprsound2022,sprsound2022::41267028,calibration,False,1,fine_crackle,0.7070000000000007,1,0.9942525,0.9971148,0.9891712,0.9935128333333333,0.0064871666666667105,1
sprsound2022::41267028_0.3_0_p4_2655__event_007,sprsound2022,sprsound2022::41267028,calibration,False,1,fine_crackle,0.7089999999999996,1,0.9935954,0.9973937,0.9922937,0.9944276,0.005572400000000033,1
sprsound2022::41267028_0.3_0_p4_2655__event_008,sprsound2022,sprsound2022::41267028,calibration,False,1,fine_crackle,0.7010000000000005,1,0.9951616,0.9974413,0.99378043,0.99546111,0.004538889999999962,1
sprsound2022::41267028_0.3_0_p4_2655__event_009,sprsound2022,sprsound2022::41267028,calibration,False,1,fine_crackle,0.5969999999999995,1,0.9959131,0.9967445,0.99204695,0.9949015166666667,0.005098483333333292,1
sprsound2022::41267028_0.3_0_p4_2655__event_010,sprsound2022,sprsound2022::41267028,calibration,False,1,fine_crackle,0.7850000000000001,1,0.98641914,0.9944846,0.9888181,0.9899072800000001,0.010092719999999944,1
sprsound2022::41267028_0.3_0_p4_2655__event_011,sprsound2022,sprsound2022::41267028,calibration,False,1,fine_crackle,0.7729999999999997,1,0.99561846,0.9969202,0.9910822,0.9945402866666667,0.005459713333333283,1
sprsound2022::41271028_3.4_1_p1_1678__event_000,sprsound2022,sprsound2022::41271028,calibration,False,1,wheeze,0.6930000000000005,1,0.97748166,0.9834803,0.98234206,0.98110134,0.018898659999999956,1
sprsound2022::41271028_3.4_1_p1_1678__event_001,sprsound2022,sprsound2022::41271028,calibration,False,0,normal,1.999,0,0.39053628,0.253603,0.13684836,0.26032921333333336,0.7396707866666666,0
sprsound2022::41271028_3.4_1_p1_1678__event_002,sprsound2022,sprsound2022::41271028,calibration,False,0,normal,1.825000000000001,0,0.029085984,0.026287457,0.042150024,0.032507821666666666,0.9674921783333333,0
sprsound2022::41271028_3.4_1_p2_1702__event_000,sprsound2022,sprsound2022::41271028,calibration,False,0,normal,1.1959999999999995,0,0.024592739,0.025035694,0.039733984,0.029787472333333332,0.9702125276666667,0
sprsound2022::41271028_3.4_1_p2_1702__event_001,sprsound2022,sprsound2022::41271028,calibration,False,0,normal,0.9110000000000004,0,0.050349988,0.12190701,0.18285456,0.11837051933333333,0.8816294806666667,0
sprsound2022::41271028_3.4_1_p3_1690__event_000,sprsound2022,sprsound2022::41271028,calibration,False,0,normal,1.6869999999999998,0,0.038172025,0.017065205,0.13862857,0.06462193333333334,0.9353780666666667,0
sprsound2022::41271028_3.4_1_p3_1690__event_001,sprsound2022,sprsound2022::41271028,calibration,False,0,normal,1.374,0,0.3122956,0.31729373,0.60688126,0.4121568633333333,0.5878431366666668,0
sprsound2022::41271028_3.4_1_p3_1690__event_002,sprsound2022,sprsound2022::41271028,calibration,False,0,normal,0.956999999999999,0,0.07603938,0.075912975,0.08672478,0.079559045,0.920440955,0
sprsound2022::41271028_3.4_1_p4_1714__event_000,sprsound2022,sprsound2022::41271028,calibration,False,0,normal,1.181,0,0.17121683,0.19217254,0.21824019,0.19387652,0.80612348,0
sprsound2022::41271028_3.4_1_p4_1714__event_001,sprsound2022,sprsound2022::41271028,calibration,False,0,normal,1.0660000000000005,0,0.029544648,0.039082985,0.038971893,0.035866508666666665,0.9641334913333334,0
sprsound2022::41271028_3.4_1_p4_1714__event_002,sprsound2022,sprsound2022::41271028,calibration,False,0,normal,1.0700000000000005,0,0.026481517,0.04240766,0.037887916,0.03559236433333333,0.9644076356666667,0
sprsound2022::41271028_3.4_1_p4_1714__event_003,sprsound2022,sprsound2022::41271028,calibration,False,0,normal,1.2379999999999995,0,0.033722535,0.022049554,0.05536284,0.03704497633333333,0.9629550236666666,0
sprsound2022::41271028_3.4_1_p4_1714__event_004,sprsound2022,sprsound2022::41271028,calibration,False,0,normal,0.8900000000000006,0,0.011710546,0.026469203,0.0113705825,0.016516777166666666,0.9834832228333333,0
sprsound2022::41271028_3.4_1_p4_1714__event_005,sprsound2022,sprsound2022::41271028,calibration,False,1,coarse_crackle,1.1449999999999996,1,0.32983017,0.37100065,0.2343983,0.31174304,0.6882569599999999,0
sprsound2022::41274453_4.3_1_p1_1390__event_000,sprsound2022,sprsound2022::41274453,calibration,False,1,rhonchi,0.54,1,0.99534696,0.9982389,0.99584806,0.9964779733333334,0.0035220266666665667,1
sprsound2022::41274453_4.3_1_p1_1390__event_001,sprsound2022,sprsound2022::41274453,calibration,False,1,rhonchi,0.4930000000000003,1,0.9701009,0.9487462,0.95438045,0.9577425166666668,0.042257483333333234,1
sprsound2022::41274453_4.3_1_p1_1390__event_002,sprsound2022,sprsound2022::41274453,calibration,False,1,rhonchi,0.5020000000000007,1,0.9624607,0.9685597,0.97513515,0.9687185166666666,0.03128148333333336,1
sprsound2022::41274453_4.3_1_p2_1366__event_000,sprsound2022,sprsound2022::41274453,calibration,False,1,wheeze,0.5619999999999998,1,0.99662507,0.9967116,0.99553055,0.9962890733333335,0.003710926666666503,1
sprsound2022::41274453_4.3_1_p2_1366__event_001,sprsound2022,sprsound2022::41274453,calibration,False,0,normal,0.8169999999999993,0,0.035481796,0.07241888,0.045219667,0.05104011433333333,0.9489598856666667,0
sprsound2022::41274453_4.3_1_p2_1366__event_002,sprsound2022,sprsound2022::41274453,calibration,False,0,normal,0.8430000000000009,0,0.012384787,0.0129537005,0.023360826,0.0162331045,0.9837668955,0
sprsound2022::41274453_4.3_1_p2_1366__event_003,sprsound2022,sprsound2022::41274453,calibration,False,0,normal,0.9220000000000006,0,0.021666862,0.03626915,0.023668176,0.027201396,0.972798604,0
sprsound2022::41274453_4.3_1_p2_1366__event_004,sprsound2022,sprsound2022::41274453,calibration,False,1,rhonchi,0.6970000000000001,1,0.999435,0.99930215,0.9977927,0.9988432833333333,0.001156716666666724,1
sprsound2022::41274453_4.3_1_p2_1430__event_000,sprsound2022,sprsound2022::41274453,calibration,False,0,normal,0.7639999999999999,0,0.019103479,0.04812193,0.048634272,0.03861989366666666,0.9613801063333334,0
sprsound2022::41274453_4.3_1_p2_1430__event_001,sprsound2022,sprsound2022::41274453,calibration,False,0,normal,0.9369999999999994,0,0.024363613,0.04116931,0.033675022,0.033069314999999995,0.966930685,0
sprsound2022::41274453_4.3_1_p2_1430__event_002,sprsound2022,sprsound2022::41274453,calibration,False,0,normal,0.8460000000000001,0,0.0063270964,0.03435397,0.02842262,0.023034562133333335,0.9769654378666667,0
sprsound2022::41274453_4.3_1_p2_1430__event_003,sprsound2022,sprsound2022::41274453,calibration,False,0,normal,0.652000000000001,0,0.036073744,0.019762082,0.029444946,0.028426924000000003,0.971573076,0
sprsound2022::41274453_4.3_1_p3_1382__event_000,sprsound2022,sprsound2022::41274453,calibration,False,0,normal,1.3900000000000006,0,0.013823301,0.012751729,0.017323792,0.014632940666666669,0.9853670593333334,0
sprsound2022::41274453_4.3_1_p3_1382__event_001,sprsound2022,sprsound2022::41274453,calibration,False,0,normal,1.0710000000000002,0,0.004521007,0.008800239,0.0106752105,0.007998818833333332,0.9920011811666667,0
sprsound2022::41274453_4.3_1_p3_1382__event_002,sprsound2022,sprsound2022::41274453,calibration,False,0,normal,0.902,0,0.16459069,0.13230038,0.1401652,0.14568542333333334,0.8543145766666667,0
sprsound2022::41274453_4.3_1_p3_1414__event_000,sprsound2022,sprsound2022::41274453,calibration,False,0,normal,0.945,0,0.008993246,0.014183824,0.029000793,0.017392621,0.982607379,0
sprsound2022::41274453_4.3_1_p3_1414__event_001,sprsound2022,sprsound2022::41274453,calibration,False,0,normal,0.7499999999999996,0,0.0116925575,0.028591594,0.009307743,0.0165306315,0.9834693685,0
sprsound2022::41274453_4.3_1_p3_1414__event_002,sprsound2022,sprsound2022::41274453,calibration,False,0,normal,0.8790000000000004,0,0.008074952,0.0121481605,0.022786563,0.014336558499999999,0.9856634415,0
sprsound2022::41274453_4.3_1_p4_1357__event_000,sprsound2022,sprsound2022::41274453,calibration,False,0,normal,1.189,0,0.17795554,0.3403738,0.26555747,0.26129560333333335,0.7387043966666667,0
sprsound2022::41274453_4.3_1_p4_1357__event_001,sprsound2022,sprsound2022::41274453,calibration,False,0,normal,1.064,0,0.014700292,0.016476613,0.023146605,0.01810783666666667,0.9818921633333333,0
sprsound2022::41274453_4.3_1_p4_1357__event_002,sprsound2022,sprsound2022::41274453,calibration,False,0,normal,1.027,0,0.047192894,0.09315165,0.08787574,0.076073428,0.9239265720000001,0
sprsound2022::41274453_4.3_1_p4_1357__event_003,sprsound2022,sprsound2022::41274453,calibration,False,1,rhonchi,0.4750000000000001,1,0.9898498,0.99824834,0.9954224,0.9945068466666666,0.005493153333333445,1
sprsound2022::41274453_4.3_1_p4_1357__event_004,sprsound2022,sprsound2022::41274453,calibration,False,1,rhonchi,0.4100000000000001,1,0.98070943,0.96536916,0.989911,0.9786631966666667,0.02133680333333332,1
sprsound2022::41274453_4.3_1_p4_1357__event_005,sprsound2022,sprsound2022::41274453,calibration,False,1,rhonchi,0.8389999999999995,1,0.99061793,0.9957872,0.9885011,0.9916354100000001,0.008364589999999894,1
sprsound2022::41274453_4.3_1_p4_1357__event_006,sprsound2022,sprsound2022::41274453,calibration,False,0,normal,0.823999999999999,0,0.008201917,0.02247689,0.01612353,0.015600779,0.984399221,0
sprsound2022::41274453_4.3_1_p4_1357__event_007,sprsound2022,sprsound2022::41274453,calibration,False,1,rhonchi,0.439,1,0.95133,0.9673231,0.9577332,0.9587954333333334,0.04120456666666661,1
sprsound2022::41274453_4.3_1_p4_1398__event_000,sprsound2022,sprsound2022::41274453,calibration,False,1,rhonchi,0.4509999999999998,1,0.9978557,0.99865854,0.99802196,0.9981787333333333,0.0018212666666667099,1
sprsound2022::41274453_4.3_1_p4_1398__event_001,sprsound2022,sprsound2022::41274453,calibration,False,0,normal,1.0579999999999998,0,0.20515785,0.29919362,0.32803926,0.27746357666666666,0.7225364233333333,0
sprsound2022::41274453_4.3_1_p4_1422__event_000,sprsound2022,sprsound2022::41274453,calibration,False,0,normal,1.3369999999999995,0,0.013506597,0.028919784,0.013657119,0.0186945,0.9813055,0
sprsound2022::41274453_4.3_1_p4_1422__event_001,sprsound2022,sprsound2022::41274453,calibration,False,0,normal,0.955,0,0.03497858,0.07974861,0.04315384,0.05262701,0.94737299,0
sprsound2022::41274453_4.3_1_p4_1422__event_002,sprsound2022,sprsound2022::41274453,calibration,False,1,wheeze,0.5260000000000007,1,0.99352396,0.9937244,0.9958396,0.9943626533333333,0.005637346666666709,1
sprsound2022::41274453_4.3_1_p4_1422__event_003,sprsound2022,sprsound2022::41274453,calibration,False,1,wheeze,0.4329999999999998,1,0.99812967,0.9978568,0.99782914,0.9979385366666667,0.0020614633333333465,1
sprsound2022::41275381_2.6_0_p2_2206__event_000,sprsound2022,sprsound2022::41275381,calibration,False,0,normal,0.4900000000000002,0,0.7332191,0.730266,0.74445313,0.73597941,0.26402059,1
sprsound2022::41275381_2.6_0_p2_2206__event_001,sprsound2022,sprsound2022::41275381,calibration,False,0,normal,0.9740000000000002,0,0.82341874,0.8151124,0.90159446,0.8467085333333334,0.1532914666666666,1
sprsound2022::41275381_2.6_0_p2_2206__event_002,sprsound2022,sprsound2022::41275381,calibration,False,0,normal,1.987,0,0.0582463,0.059164125,0.05559373,0.057668051666666664,0.9423319483333333,0
sprsound2022::41275381_2.6_0_p2_2279__event_000,sprsound2022,sprsound2022::41275381,calibration,False,0,normal,1.1500000000000004,0,0.03172882,0.051403295,0.09041044,0.05784751833333333,0.9421524816666667,0
sprsound2022::41275381_2.6_0_p2_2279__event_001,sprsound2022,sprsound2022::41275381,calibration,False,0,normal,1.3650000000000002,0,0.6865023,0.7708012,0.86291456,0.77340602,0.22659397999999997,1
sprsound2022::41275381_2.6_0_p3_2192__event_000,sprsound2022,sprsound2022::41275381,calibration,False,0,normal,0.4190000000000005,0,0.19493529,0.36990172,0.35363826,0.3061584233333333,0.6938415766666667,0
sprsound2022::41275381_2.6_0_p3_2192__event_001,sprsound2022,sprsound2022::41275381,calibration,False,0,normal,1.0650000000000002,0,0.13712503,0.15371092,0.32967886,0.20683827,0.79316173,0
sprsound2022::41275381_2.6_0_p3_2192__event_002,sprsound2022,sprsound2022::41275381,calibration,False,0,normal,1.1209999999999996,0,0.29687065,0.6031523,0.67943776,0.5264869033333334,0.47351309666666663,1
sprsound2022::41275381_2.6_0_p3_2264__event_000,sprsound2022,sprsound2022::41275381,calibration,False,0,normal,1.35,0,0.005684667,0.0064474335,0.003425897,0.005185999166666667,0.9948140008333334,0
sprsound2022::41275381_2.6_0_p3_2264__event_001,sprsound2022,sprsound2022::41275381,calibration,False,0,normal,1.2369999999999997,0,0.0048308447,0.0022501466,0.005295346,0.004125445766666667,0.9958745542333334,0
sprsound2022::41275381_2.6_0_p3_2264__event_002,sprsound2022,sprsound2022::41275381,calibration,False,0,normal,1.2189999999999994,0,0.0035721294,0.0031367242,0.0024664022,0.0030584186,0.9969415814,0
sprsound2022::41275381_2.6_0_p3_2264__event_003,sprsound2022,sprsound2022::41275381,calibration,False,0,normal,1.1830000000000007,0,0.006603978,0.007858751,0.0043527437,0.006271824233333334,0.9937281757666667,0
sprsound2022::41275381_2.6_0_p3_2264__event_004,sprsound2022,sprsound2022::41275381,calibration,False,0,normal,0.3030000000000008,0,0.08215994,0.0905574,0.10123954,0.09131896,0.90868104,0
sprsound2022::41275381_2.6_0_p4_2178__event_000,sprsound2022,sprsound2022::41275381,calibration,False,0,normal,1.372,0,0.3409083,0.3424129,0.51332057,0.3988805899999999,0.6011194100000001,0
sprsound2022::41275381_2.6_0_p4_2178__event_001,sprsound2022,sprsound2022::41275381,calibration,False,0,normal,1.3579999999999997,0,0.17436476,0.45921427,0.5031946,0.3789245433333333,0.6210754566666667,0
sprsound2022::41275381_2.6_0_p4_2249__event_000,sprsound2022,sprsound2022::41275381,calibration,False,0,normal,1.226,0,0.017401354,0.019262364,0.01460249,0.017088735999999997,0.982911264,0
sprsound2022::41275381_2.6_0_p4_2249__event_001,sprsound2022,sprsound2022::41275381,calibration,False,0,normal,1.0069999999999997,0,0.054075498,0.06485481,0.08653569,0.06848866599999999,0.931511334,0
sprsound2022::41275381_2.6_0_p4_2249__event_002,sprsound2022,sprsound2022::41275381,calibration,False,0,normal,1.1509999999999998,0,0.006971618,0.0069294116,0.008789523,0.007563517533333334,0.9924364824666667,0
sprsound2022::41275381_2.6_0_p4_2249__event_003,sprsound2022,sprsound2022::41275381,calibration,False,0,normal,1.465,0,0.021719309,0.012091959,0.04076356,0.024858276,0.975141724,0
sprsound2022::41279835_14.1_0_p1_2945__event_000,sprsound2022,sprsound2022::41279835,calibration,False,1,fine_crackle,4.647,1,0.3337089,0.18183537,0.19645368,0.23733264999999995,0.7626673500000001,0
sprsound2022::41279835_14.1_0_p3_2054__event_000,sprsound2022,sprsound2022::41279835,calibration,False,0,normal,1.3420000000000003,0,0.30668482,0.26073784,0.3263235,0.29791538666666667,0.7020846133333334,0
sprsound2022::41279835_14.1_0_p3_2054__event_001,sprsound2022,sprsound2022::41279835,calibration,False,0,normal,1.1180000000000003,0,0.4564493,0.6988147,0.56073534,0.5719997800000001,0.42800021999999993,1
sprsound2022::41279835_14.1_0_p3_2054__event_002,sprsound2022,sprsound2022::41279835,calibration,False,0,normal,1.8339999999999996,0,0.40546426,0.31298035,0.594256,0.43756687,0.5624331300000001,0
sprsound2022::41279835_14.1_0_p3_2054__event_003,sprsound2022,sprsound2022::41279835,calibration,False,0,normal,0.559000000000001,0,0.45198554,0.5985314,0.5684376,0.5396515133333334,0.4603484866666666,1
sprsound2022::41279835_14.1_0_p4_2062__event_000,sprsound2022,sprsound2022::41279835,calibration,False,0,normal,0.8599999999999999,0,0.30392554,0.31681496,0.35008314,0.32360787999999996,0.67639212,0
sprsound2022::41279835_14.1_0_p4_2062__event_001,sprsound2022,sprsound2022::41279835,calibration,False,0,normal,0.827,0,0.3906898,0.27949497,0.6293888,0.43319119,0.5668088099999999,0
sprsound2022::63211196_9.1_0_p1_2144__event_000,sprsound2022,sprsound2022::63211196,calibration,False,0,normal,1.935,0,0.0017934914,0.004951788,0.004843649,0.0038629761333333333,0.9961370238666667,0
sprsound2022::63211196_9.1_0_p1_2144__event_001,sprsound2022,sprsound2022::63211196,calibration,False,0,normal,1.66,0,0.0052848016,0.006824756,0.004676424,0.0055953272,0.9944046728,0
sprsound2022::63211196_9.1_0_p1_2144__event_002,sprsound2022,sprsound2022::63211196,calibration,False,0,normal,1.747,0,0.0067981435,0.013815574,0.0068993117,0.009171009733333334,0.9908289902666667,0
sprsound2022::63211196_9.1_0_p1_2174__event_000,sprsound2022,sprsound2022::63211196,calibration,False,0,normal,2.896,0,0.0089095235,0.01320366,0.014471194,0.012194792500000001,0.9878052075,0
sprsound2022::63211196_9.1_0_p1_2174__event_001,sprsound2022,sprsound2022::63211196,calibration,False,0,normal,2.520999999999999,0,0.01964695,0.020440064,0.026096128,0.022061047333333333,0.9779389526666666,0
sprsound2022::63211196_9.1_0_p1_2960__event_000,sprsound2022,sprsound2022::63211196,calibration,False,0,normal,1.812,0,0.023637693,0.032080416,0.13708374,0.06426728300000001,0.935732717,0
sprsound2022::63211196_9.1_0_p1_2960__event_001,sprsound2022,sprsound2022::63211196,calibration,False,0,normal,1.897,0,0.0023073263,0.005229881,0.0056232354,0.004386814233333334,0.9956131857666667,0
sprsound2022::63211196_9.1_0_p1_3082__event_000,sprsound2022,sprsound2022::63211196,calibration,False,0,normal,2.344,0,0.0027284874,0.0029151912,0.0038081321,0.003150603566666667,0.9968493964333334,0
sprsound2022::63211196_9.1_0_p1_3082__event_001,sprsound2022,sprsound2022::63211196,calibration,False,0,normal,0.9469999999999992,0,0.009663233,0.043072693,0.02478481,0.025840245333333334,0.9741597546666667,0
sprsound2022::63211196_9.1_0_p1_3149__event_000,sprsound2022,sprsound2022::63211196,calibration,False,0,normal,1.99,0,0.0055974205,0.0069263307,0.0039699464,0.005497899200000001,0.9945021008,0
sprsound2022::63211196_9.1_0_p1_3149__event_001,sprsound2022,sprsound2022::63211196,calibration,False,0,normal,1.5459999999999994,0,0.014164314,0.030291613,0.039542835,0.027999587333333336,0.9720004126666667,0
sprsound2022::63211196_9.1_0_p2_2203__event_000,sprsound2022,sprsound2022::63211196,calibration,False,0,normal,1.6719999999999997,0,0.0055022635,0.005260179,0.007876393,0.006212945166666667,0.9937870548333333,0
sprsound2022::63211196_9.1_0_p2_2203__event_001,sprsound2022,sprsound2022::63211196,calibration,False,0,normal,1.367,0,0.16629052,0.18865879,0.20206529,0.18567153333333333,0.8143284666666667,0
sprsound2022::63211196_9.1_0_p2_2203__event_002,sprsound2022,sprsound2022::63211196,calibration,False,0,normal,1.4749999999999996,0,0.006705263,0.0131244585,0.015759785,0.011863168833333333,0.9881368311666666,0
sprsound2022::63211196_9.1_0_p2_2203__event_003,sprsound2022,sprsound2022::63211196,calibration,False,0,normal,2.1579999999999995,0,0.017291505,0.05219405,0.031513307,0.03366628733333333,0.9663337126666667,0
sprsound2022::63211196_9.1_0_p2_2924__event_000,sprsound2022,sprsound2022::63211196,calibration,False,0,normal,1.882,0,0.012314589,0.018983293,0.015921395,0.015739759000000002,0.984260241,0
sprsound2022::63211196_9.1_0_p2_2924__event_001,sprsound2022,sprsound2022::63211196,calibration,False,0,normal,1.918,0,0.0029019916,0.0076450026,0.011087153,0.007211382400000001,0.9927886176,0
sprsound2022::63211196_9.1_0_p2_2924__event_002,sprsound2022,sprsound2022::63211196,calibration,False,0,normal,1.3659999999999997,0,0.01637338,0.02651167,0.025879202,0.022921417333333333,0.9770785826666667,0
sprsound2022::63211196_9.1_0_p2_2924__event_003,sprsound2022,sprsound2022::63211196,calibration,False,0,normal,2.5760000000000005,0,0.07558166,0.054767683,0.116049714,0.082133019,0.917866981,0
sprsound2022::63211196_9.1_0_p2_3100__event_000,sprsound2022,sprsound2022::63211196,calibration,False,0,normal,1.876999999999999,0,0.004766868,0.0076508247,0.0072354185,0.006551037066666667,0.9934489629333333,0
sprsound2022::63211196_9.1_0_p2_3100__event_001,sprsound2022,sprsound2022::63211196,calibration,False,0,normal,1.5259999999999998,0,0.05313146,0.2743336,0.07842464,0.13529656666666667,0.8647034333333333,0
sprsound2022::63211196_9.1_0_p2_3100__event_002,sprsound2022,sprsound2022::63211196,calibration,False,0,normal,2.990000000000001,0,0.026504498,0.018630276,0.017059704,0.020731492666666667,0.9792685073333334,0
sprsound2022::63211196_9.1_0_p2_3164__event_000,sprsound2022,sprsound2022::63211196,calibration,False,0,normal,1.028,0,0.015431549,0.023110291,0.016457682,0.018333174,0.981666826,0
sprsound2022::63211196_9.1_0_p2_3164__event_001,sprsound2022,sprsound2022::63211196,calibration,False,0,normal,0.714,0,0.08827246,0.1476442,0.1587964,0.13157102,0.86842898,0
sprsound2022::63211196_9.1_0_p2_3164__event_002,sprsound2022,sprsound2022::63211196,calibration,False,0,normal,1.096,0,0.0065469155,0.021090876,0.0064081526,0.011348648033333334,0.9886513519666666,0
sprsound2022::63211196_9.1_0_p2_3164__event_003,sprsound2022,sprsound2022::63211196,calibration,False,0,normal,0.8650000000000002,0,0.0045589046,0.0052432604,0.00773069,0.005844285,0.994155715,0
sprsound2022::63211196_9.1_0_p2_3164__event_004,sprsound2022,sprsound2022::63211196,calibration,False,0,normal,0.9610000000000004,0,0.010953428,0.022220016,0.015522721,0.016232055,0.983767945,0
sprsound2022::63211196_9.1_0_p2_3194__event_000,sprsound2022,sprsound2022::63211196,calibration,False,0,normal,0.94,0,0.021549,0.019215753,0.024198838,0.021654530333333335,0.9783454696666667,0
sprsound2022::63211196_9.1_0_p2_3194__event_001,sprsound2022,sprsound2022::63211196,calibration,False,0,normal,1.6399999999999997,0,0.036248747,0.023753963,0.026007317,0.028670009,0.971329991,0
sprsound2022::63211196_9.1_0_p2_3194__event_002,sprsound2022,sprsound2022::63211196,calibration,False,0,normal,1.5250000000000004,0,0.13219018,0.06663678,0.22536588,0.14139761333333334,0.8586023866666667,0
sprsound2022::63211196_9.1_0_p2_3194__event_003,sprsound2022,sprsound2022::63211196,calibration,False,0,normal,0.907,0,0.019722225,0.020770628,0.033835094,0.024775982333333335,0.9752240176666667,0
sprsound2022::63211196_9.1_0_p2_3194__event_004,sprsound2022,sprsound2022::63211196,calibration,False,0,normal,0.7409999999999997,0,0.9067209,0.8720756,0.8567272,0.8785078999999999,0.1214921000000001,1
sprsound2022::63211196_9.1_0_p3_2159__event_000,sprsound2022,sprsound2022::63211196,calibration,False,0,normal,1.4229999999999996,0,0.014067602,0.014328879,0.008795698,0.012397393,0.987602607,0
sprsound2022::63211196_9.1_0_p3_2159__event_001,sprsound2022,sprsound2022::63211196,calibration,False,0,normal,1.6999999999999993,0,0.15114146,0.19729201,0.17544183,0.1746251,0.8253749,0
sprsound2022::63211196_9.1_0_p3_2159__event_002,sprsound2022,sprsound2022::63211196,calibration,False,0,normal,1.404,0,0.022286495,0.02218367,0.02259097,0.022353711666666665,0.9776462883333333,0
sprsound2022::63211196_9.1_0_p3_2159__event_003,sprsound2022,sprsound2022::63211196,calibration,False,0,normal,2.495,0,0.7274221,0.5507466,0.6628499,0.6470062,0.3529938,1
sprsound2022::63211196_9.1_0_p3_2942__event_000,sprsound2022,sprsound2022::63211196,calibration,False,0,normal,2.2079999999999993,0,0.038412042,0.022735432,0.05204114,0.037729538,0.962270462,0
sprsound2022::63211196_9.1_0_p3_2942__event_001,sprsound2022,sprsound2022::63211196,calibration,False,0,normal,3.0330000000000004,0,0.060378682,0.08603181,0.13060877,0.09233975400000001,0.907660246,0
sprsound2022::63211196_9.1_0_p3_2942__event_002,sprsound2022,sprsound2022::63211196,calibration,False,0,normal,3.8869999999999982,0,0.26478913,0.23998396,0.33349183,0.27942164,0.72057836,0
sprsound2022::63211196_9.1_0_p3_3117__event_000,sprsound2022,sprsound2022::63211196,calibration,False,0,normal,1.5090000000000003,0,0.044731986,0.16321108,0.080979764,0.09630761,0.90369239,0
sprsound2022::63211196_9.1_0_p3_3179__event_000,sprsound2022,sprsound2022::63211196,calibration,False,0,normal,2.0620000000000003,0,0.119411655,0.27523476,0.23155424,0.20873355166666666,0.7912664483333334,0
sprsound2022::63211196_9.1_0_p3_3179__event_001,sprsound2022,sprsound2022::63211196,calibration,False,0,normal,2.034,0,0.32533708,0.25731084,0.42046037,0.33436943,0.66563057,0
sprsound2022::63211196_9.1_0_p3_3179__event_002,sprsound2022,sprsound2022::63211196,calibration,False,0,normal,0.9699999999999988,0,0.0125368545,0.018911153,0.02037099,0.017272999166666667,0.9827270008333333,0
sprsound2022::63211196_9.1_0_p3_3179__event_003,sprsound2022,sprsound2022::63211196,calibration,False,0,normal,1.0939999999999994,0,0.047334123,0.021396259,0.031664487,0.03346495633333333,0.9665350436666666,0
sprsound2022::63211196_9.1_0_p4_2189__event_000,sprsound2022,sprsound2022::63211196,calibration,False,0,normal,1.7410000000000003,0,0.03190687,0.011478023,0.011219518,0.01820147033333333,0.9817985296666667,0
sprsound2022::63211196_9.1_0_p4_2189__event_001,sprsound2022,sprsound2022::63211196,calibration,False,0,normal,1.3239999999999998,0,0.0059827967,0.0077099013,0.009615218,0.007769305333333333,0.9922306946666667,0
sprsound2022::63211196_9.1_0_p4_2189__event_002,sprsound2022,sprsound2022::63211196,calibration,False,0,normal,1.2360000000000009,0,0.04771975,0.058004152,0.1069873,0.070903734,0.929096266,0
sprsound2022::63211196_9.1_0_p4_2189__event_003,sprsound2022,sprsound2022::63211196,calibration,False,0,normal,1.2359999999999989,0,0.1662329,0.255179,0.2743439,0.23191859999999997,0.7680814,0
sprsound2022::63211196_9.1_0_p4_2978__event_000,sprsound2022,sprsound2022::63211196,calibration,False,0,normal,1.897,0,0.28664264,0.40593052,0.40636817,0.36631377666666665,0.6336862233333334,0
sprsound2022::63211196_9.1_0_p4_2978__event_001,sprsound2022,sprsound2022::63211196,calibration,False,0,normal,1.6460000000000008,0,0.008943719,0.017452842,0.010708821,0.012368460666666666,0.9876315393333334,0
sprsound2022::63211196_9.1_0_p4_2978__event_002,sprsound2022,sprsound2022::63211196,calibration,False,0,normal,1.4620000000000002,0,0.20000061,0.13250515,0.26618335,0.19956303666666667,0.8004369633333334,0
sprsound2022::63211196_9.1_0_p4_3064__event_000,sprsound2022,sprsound2022::63211196,calibration,False,0,normal,3.485,0,0.06564554,0.06874394,0.04790977,0.06076641666666666,0.9392335833333333,0
sprsound2022::63211196_9.1_0_p4_3064__event_001,sprsound2022,sprsound2022::63211196,calibration,False,0,normal,1.4600000000000009,0,0.22317153,0.25077918,0.6187092,0.36421997,0.63578003,0
sprsound2022::63211196_9.1_0_p4_3133__event_000,sprsound2022,sprsound2022::63211196,calibration,False,0,normal,2.285,0,0.0024929922,0.003168951,0.0022452767,0.0026357399666666666,0.9973642600333333,0
sprsound2022::63211196_9.1_0_p4_3133__event_001,sprsound2022,sprsound2022::63211196,calibration,False,0,normal,1.136999999999999,0,0.0384332,0.121143244,0.11374019,0.09110554466666666,0.9088944553333334,0
sprsound2022::63211196_9.1_0_p4_3133__event_002,sprsound2022,sprsound2022::63211196,calibration,False,0,normal,1.976,0,0.12429017,0.09374429,0.07013888,0.09605778,0.90394222,0
sprsound2022::63211196_9.1_0_p4_3204__event_000,sprsound2022,sprsound2022::63211196,calibration,False,0,normal,2.0469999999999997,0,0.003584074,0.0048227343,0.0056018755,0.004669561266666667,0.9953304387333334,0
sprsound2022::63211196_9.1_0_p4_3204__event_001,sprsound2022,sprsound2022::63211196,calibration,False,0,normal,2.1389999999999993,0,0.011642231,0.017029908,0.007912752,0.012194963666666668,0.9878050363333334,0
sprsound2022::63211196_9.1_0_p4_3204__event_002,sprsound2022,sprsound2022::63211196,calibration,False,0,normal,2.145999999999999,0,0.012045355,0.011087919,0.0074287495,0.010187341166666667,0.9898126588333334,0
sprsound2022::63211196_9.1_0_p4_3204__event_003,sprsound2022,sprsound2022::63211196,calibration,False,0,normal,1.1319999999999997,0,0.014756526,0.02853341,0.022329919,0.021873285000000003,0.978126715,0
sprsound2022::63613821_9.2_1_p1_1300__event_000,sprsound2022,sprsound2022::63613821,calibration,False,1,coarse_crackle,1.8809999999999991,1,0.7443807,0.6285248,0.6614775,0.6781276666666667,0.3218723333333333,1
sprsound2022::63613821_9.2_1_p2_1167__event_000,sprsound2022,sprsound2022::63613821,calibration,False,0,normal,1.9690000000000003,0,0.40024108,0.37694648,0.48847893,0.42188883000000005,0.5781111699999999,0
sprsound2022::63613821_9.2_1_p2_1167__event_001,sprsound2022,sprsound2022::63613821,calibration,False,0,normal,1.221,0,0.28753036,0.48200983,0.491364,0.42030139666666666,0.5796986033333333,0
sprsound2022::63613821_9.2_1_p2_1167__event_002,sprsound2022,sprsound2022::63613821,calibration,False,0,normal,2.936,0,0.39530873,0.25542822,0.23180608,0.29418101,0.70581899,0
sprsound2022::63613821_9.2_1_p2_1356__event_000,sprsound2022,sprsound2022::63613821,calibration,False,0,normal,2.261,0,0.012186163,0.015501537,0.022648782,0.016778827333333333,0.9832211726666666,0
sprsound2022::63613821_9.2_1_p3_1157__event_000,sprsound2022,sprsound2022::63613821,calibration,False,0,normal,4.419,0,0.01084346,0.009530494,0.015693003,0.012022318999999998,0.987977681,0
sprsound2022::63613821_9.2_1_p3_1290__event_000,sprsound2022,sprsound2022::63613821,calibration,False,0,normal,2.0999999999999996,0,0.019279972,0.009461189,0.010378665,0.013039942,0.986960058,0
sprsound2022::63613821_9.2_1_p3_1290__event_001,sprsound2022,sprsound2022::63613821,calibration,False,0,normal,2.2140000000000004,0,0.005573431,0.0039334386,0.0049043675,0.0048037457000000006,0.9951962543,0
sprsound2022::63613821_9.2_1_p3_1290__event_002,sprsound2022,sprsound2022::63613821,calibration,False,0,normal,3.729,0,0.006779983,0.009912037,0.010435816,0.009042612,0.990957388,0
sprsound2022::63613821_9.2_1_p3_1365__event_000,sprsound2022,sprsound2022::63613821,calibration,False,0,normal,2.5500000000000003,0,0.002580682,0.0026065453,0.005977893,0.0037217067666666663,0.9962782932333333,0
sprsound2022::63613821_9.2_1_p3_1365__event_001,sprsound2022,sprsound2022::63613821,calibration,False,0,normal,1.556,0,0.002863803,0.0051347567,0.0064195846,0.0048060481,0.9951939519,0
sprsound2022::63613821_9.2_1_p3_1365__event_002,sprsound2022,sprsound2022::63613821,calibration,False,0,normal,1.975,0,0.020749534,0.023251217,0.04922363,0.031074793666666666,0.9689252063333333,0
sprsound2022::63613821_9.2_1_p4_1148__event_000,sprsound2022,sprsound2022::63613821,calibration,False,0,normal,1.8169999999999995,0,0.034852378,0.043739405,0.16253488,0.08037555433333333,0.9196244456666667,0
sprsound2022::63613821_9.2_1_p4_1148__event_001,sprsound2022,sprsound2022::63613821,calibration,False,0,normal,1.5449999999999997,0,0.014589707,0.016788302,0.022813188,0.018063732333333332,0.9819362676666666,0
sprsound2022::63613821_9.2_1_p4_1148__event_002,sprsound2022,sprsound2022::63613821,calibration,False,0,normal,1.362,0,0.009003174,0.009597652,0.010769105,0.009789977,0.990210023,0
sprsound2022::63613821_9.2_1_p4_1148__event_003,sprsound2022,sprsound2022::63613821,calibration,False,0,normal,1.362000000000001,0,0.009916493,0.013363948,0.012890964,0.012057134999999998,0.987942865,0
sprsound2022::63613821_9.2_1_p4_1270__event_000,sprsound2022,sprsound2022::63613821,calibration,False,0,normal,1.0649999999999995,0,0.012326285,0.021055408,0.015297152,0.01622628166666667,0.9837737183333334,0
sprsound2022::63613821_9.2_1_p4_1270__event_001,sprsound2022,sprsound2022::63613821,calibration,False,0,normal,2.002,0,0.012589455,0.009931278,0.011844729,0.011455154,0.988544846,0
sprsound2022::63613821_9.2_1_p4_1329__event_000,sprsound2022,sprsound2022::63613821,calibration,False,0,normal,1.512,0,0.019207142,0.0778526,0.035617325,0.04422568899999999,0.955774311,0
sprsound2022::63613821_9.2_1_p4_1329__event_001,sprsound2022,sprsound2022::63613821,calibration,False,0,normal,1.1629999999999994,0,0.015063825,0.026515516,0.021713408,0.021097583,0.978902417,0
sprsound2022::63613821_9.2_1_p4_1329__event_002,sprsound2022,sprsound2022::63613821,calibration,False,0,normal,3.457,0,0.017703325,0.010636809,0.011986467,0.013442200333333335,0.9865577996666667,0
sprsound2022::63613821_9.2_1_p4_1338__event_000,sprsound2022,sprsound2022::63613821,calibration,False,0,normal,1.954,0,0.009564606,0.021876981,0.019493043,0.01697821,0.98302179,0
sprsound2022::63613821_9.2_1_p4_1338__event_001,sprsound2022,sprsound2022::63613821,calibration,False,0,normal,1.6909999999999998,0,0.09745088,0.17931876,0.18817602,0.15498188666666665,0.8450181133333333,0
sprsound2022::63613821_9.2_1_p4_1338__event_002,sprsound2022,sprsound2022::63613821,calibration,False,0,normal,1.636000000000001,0,0.008209317,0.0071308287,0.016665641,0.010668595566666666,0.9893314044333333,0
sprsound2022::64678063_4.3_1_p1_2768__event_000,sprsound2022,sprsound2022::64678063,calibration,False,0,normal,1.234,0,0.4664769,0.45811233,0.5114694,0.47868621,0.52131379,0
sprsound2022::64678063_4.3_1_p1_2768__event_001,sprsound2022,sprsound2022::64678063,calibration,False,0,normal,1.487,0,0.0041590477,0.0044037513,0.0095785605,0.006047119833333333,0.9939528801666667,0
sprsound2022::64678063_4.3_1_p1_2768__event_002,sprsound2022,sprsound2022::64678063,calibration,False,0,normal,1.5440000000000005,0,0.00883807,0.013572181,0.017077416,0.013162555666666667,0.9868374443333333,0
sprsound2022::64678063_4.3_1_p1_2768__event_003,sprsound2022,sprsound2022::64678063,calibration,False,0,normal,0.5309999999999988,0,0.023386475,0.058202233,0.06169594,0.04776154933333333,0.9522384506666667,0
sprsound2022::64678063_4.3_1_p1_2840__event_000,sprsound2022,sprsound2022::64678063,calibration,False,0,normal,1.244,0,0.96916884,0.96899074,0.9643557,0.9675050933333335,0.032494906666666545,1
sprsound2022::64678063_4.3_1_p1_2840__event_001,sprsound2022,sprsound2022::64678063,calibration,False,0,normal,1.0090000000000003,0,0.03030389,0.03128114,0.0311169,0.030900643333333335,0.9690993566666667,0
sprsound2022::64678063_4.3_1_p1_2904__event_000,sprsound2022,sprsound2022::64678063,calibration,False,0,normal,1.611,0,0.22342414,0.21953152,0.45008463,0.29768009666666667,0.7023199033333334,0
sprsound2022::64678063_4.3_1_p1_2904__event_001,sprsound2022,sprsound2022::64678063,calibration,False,0,normal,1.7280000000000002,0,0.0035761017,0.009798052,0.005421999,0.006265384233333333,0.9937346157666667,0
sprsound2022::64678063_4.3_1_p1_2904__event_002,sprsound2022,sprsound2022::64678063,calibration,False,0,normal,1.457,0,0.0033916268,0.007301683,0.005433959,0.005375756266666667,0.9946242437333334,0
sprsound2022::64678063_4.3_1_p1_2904__event_003,sprsound2022,sprsound2022::64678063,calibration,False,0,normal,0.9830000000000004,0,0.04174486,0.05612812,0.10628565,0.06805287666666666,0.9319471233333333,0
sprsound2022::64678063_4.3_1_p1_2904__event_004,sprsound2022,sprsound2022::64678063,calibration,False,1,wheeze,0.3380000000000001,1,0.98798627,0.98742247,0.99287957,0.9894294366666667,0.010570563333333283,1
sprsound2022::64678063_4.3_1_p1_2904__event_005,sprsound2022,sprsound2022::64678063,calibration,False,1,wheeze,0.634,1,0.98422986,0.99672323,0.98530465,0.9887525799999999,0.011247420000000119,1
sprsound2022::64678063_4.3_1_p1_2922__event_000,sprsound2022,sprsound2022::64678063,calibration,False,0,normal,1.787,0,0.008753319,0.0073619434,0.017374296,0.011163186133333334,0.9888368138666667,0
sprsound2022::64678063_4.3_1_p1_2922__event_001,sprsound2022,sprsound2022::64678063,calibration,False,0,normal,1.552,0,0.009467246,0.02396495,0.03341704,0.022283078666666668,0.9777169213333333,0
sprsound2022::64678063_4.3_1_p1_2922__event_002,sprsound2022,sprsound2022::64678063,calibration,False,0,normal,1.882,0,0.017304651,0.011138325,0.037429094,0.021957356666666667,0.9780426433333334,0
sprsound2022::64678063_4.3_1_p1_2922__event_003,sprsound2022,sprsound2022::64678063,calibration,False,0,normal,1.519,0,0.03984544,0.026759451,0.06684235,0.044482413666666665,0.9555175863333334,0
sprsound2022::64678063_4.3_1_p1_2922__event_004,sprsound2022,sprsound2022::64678063,calibration,False,0,normal,1.471000000000001,0,0.0061707725,0.013102347,0.025472943,0.014915354166666667,0.9850846458333333,0
sprsound2022::64678063_4.3_1_p2_2708__event_000,sprsound2022,sprsound2022::64678063,calibration,False,0,normal,1.163,0,0.09310233,0.32545444,0.30151758,0.24002478333333332,0.7599752166666667,0
sprsound2022::64678063_4.3_1_p2_2708__event_001,sprsound2022,sprsound2022::64678063,calibration,False,0,normal,0.8609999999999998,0,0.39578438,0.82690376,0.6690278,0.63057198,0.36942801999999997,1
sprsound2022::64678063_4.3_1_p2_2708__event_002,sprsound2022,sprsound2022::64678063,calibration,False,0,normal,0.8629999999999995,0,0.9813276,0.99115354,0.97973216,0.9840711,0.015928900000000024,1
sprsound2022::64678063_4.3_1_p2_2792__event_000,sprsound2022,sprsound2022::64678063,calibration,False,0,normal,1.7400000000000002,0,0.05724405,0.03975646,0.05358252,0.050194343333333336,0.9498056566666666,0
sprsound2022::64678063_4.3_1_p2_2792__event_001,sprsound2022,sprsound2022::64678063,calibration,False,0,normal,1.215,0,0.11696172,0.106637746,0.0749967,0.09953205533333336,0.9004679446666667,0
sprsound2022::64678063_4.3_1_p2_2804__event_000,sprsound2022,sprsound2022::64678063,calibration,False,0,normal,1.2440000000000002,0,0.9646937,0.9657946,0.9629995,0.9644959333333333,0.03550406666666672,1
sprsound2022::64678063_4.3_1_p2_2804__event_001,sprsound2022,sprsound2022::64678063,calibration,False,0,normal,1.4689999999999994,0,0.5725331,0.3951124,0.62202424,0.5298899133333334,0.47011008666666665,1
sprsound2022::64678063_4.3_1_p2_2804__event_002,sprsound2022,sprsound2022::64678063,calibration,False,0,normal,1.1909999999999998,0,0.7905651,0.65578747,0.7231305,0.7231610233333333,0.2768389766666667,1
sprsound2022::64678063_4.3_1_p2_2804__event_003,sprsound2022,sprsound2022::64678063,calibration,False,0,normal,1.6220000000000008,0,0.01684557,0.012447772,0.021826232,0.017039858,0.982960142,0
sprsound2022::64678063_4.3_1_p2_2804__event_004,sprsound2022,sprsound2022::64678063,calibration,False,0,normal,0.6210000000000004,0,0.007277983,0.0116268275,0.010089554,0.009664788166666667,0.9903352118333333,0
sprsound2022::64678063_4.3_1_p2_2852__event_000,sprsound2022,sprsound2022::64678063,calibration,False,0,normal,1.6639999999999997,0,0.2962476,0.20635715,0.4050343,0.30254635,0.6974536499999999,0
sprsound2022::64678063_4.3_1_p2_2852__event_001,sprsound2022,sprsound2022::64678063,calibration,False,0,normal,1.2560000000000002,0,0.007927978,0.020534433,0.021759944,0.016740784999999998,0.983259215,0
sprsound2022::64678063_4.3_1_p2_2852__event_002,sprsound2022,sprsound2022::64678063,calibration,False,0,normal,1.492,0,0.042297024,0.011005788,0.05438434,0.035895717333333334,0.9641042826666667,0
sprsound2022::64678063_4.3_1_p2_2852__event_003,sprsound2022,sprsound2022::64678063,calibration,False,0,normal,0.8200000000000003,0,0.03810499,0.04056264,0.09059171,0.056419779999999996,0.94358022,0
sprsound2022::64678063_4.3_1_p2_2976__event_000,sprsound2022,sprsound2022::64678063,calibration,False,0,normal,1.201,0,0.109865084,0.06581816,0.12857857,0.10142060466666668,0.8985793953333333,0
sprsound2022::64678063_4.3_1_p2_2976__event_001,sprsound2022,sprsound2022::64678063,calibration,False,0,normal,1.444,0,0.01999613,0.03585479,0.044062547,0.033304489,0.966695511,0
sprsound2022::64678063_4.3_1_p2_2976__event_002,sprsound2022,sprsound2022::64678063,calibration,False,0,normal,1.3390000000000004,0,0.030037802,0.0104794055,0.02666981,0.0223956725,0.9776043275,0
sprsound2022::64678063_4.3_1_p2_2976__event_003,sprsound2022,sprsound2022::64678063,calibration,False,0,normal,1.0830000000000002,0,0.019565905,0.018975526,0.013169764,0.017237065,0.982762935,0
sprsound2022::64678063_4.3_1_p3_2732__event_000,sprsound2022,sprsound2022::64678063,calibration,False,0,normal,1.447,0,0.01048634,0.028020492,0.03449763,0.02433482066666667,0.9756651793333333,0
sprsound2022::64678063_4.3_1_p3_2732__event_001,sprsound2022,sprsound2022::64678063,calibration,False,0,normal,1.5890000000000004,0,0.0032395844,0.0072531444,0.0039291973,0.0048073086999999995,0.9951926913,0
sprsound2022::64678063_4.3_1_p3_2732__event_002,sprsound2022,sprsound2022::64678063,calibration,False,0,normal,1.4079999999999997,0,0.0046582664,0.012958514,0.00857423,0.0087303368,0.9912696632,0
sprsound2022::64678063_4.3_1_p3_2732__event_003,sprsound2022,sprsound2022::64678063,calibration,False,0,normal,0.9210000000000012,0,0.09302067,0.19047332,0.23659112,0.1733617033333333,0.8266382966666667,0
sprsound2022::64678063_4.3_1_p3_2756__event_000,sprsound2022,sprsound2022::64678063,calibration,False,0,normal,1.4860000000000002,0,0.010274181,0.0062097297,0.014952999,0.010478969900000001,0.9895210301,0
sprsound2022::64678063_4.3_1_p3_2756__event_001,sprsound2022,sprsound2022::64678063,calibration,False,0,normal,1.088,0,0.53105783,0.33732703,0.36223605,0.41020696999999995,0.58979303,0
sprsound2022::64678063_4.3_1_p3_2756__event_002,sprsound2022,sprsound2022::64678063,calibration,False,0,normal,1.4220000000000002,0,0.02535876,0.033127014,0.062758796,0.04041485666666667,0.9595851433333333,0
sprsound2022::64678063_4.3_1_p3_2756__event_003,sprsound2022,sprsound2022::64678063,calibration,False,0,normal,1.6399999999999997,0,0.0019341692,0.0023596114,0.0020652805,0.0021196870333333334,0.9978803129666667,0
sprsound2022::64678063_4.3_1_p3_2756__event_004,sprsound2022,sprsound2022::64678063,calibration,False,0,normal,1.5499999999999998,0,0.011379247,0.016206225,0.018488273,0.015357915,0.984642085,0
sprsound2022::64678063_4.3_1_p3_2756__event_005,sprsound2022,sprsound2022::64678063,calibration,False,0,normal,0.8439999999999994,0,0.03072086,0.07445473,0.062150832,0.055775474,0.944224526,0
sprsound2022::64678063_4.3_1_p3_2828__event_000,sprsound2022,sprsound2022::64678063,calibration,False,0,normal,1.159,0,0.023523059,0.02997063,0.02868964,0.027394443,0.972605557,0
sprsound2022::64678063_4.3_1_p3_2828__event_001,sprsound2022,sprsound2022::64678063,calibration,False,0,normal,1.525,0,0.037225258,0.035031278,0.07372287,0.048659801999999995,0.951340198,0
sprsound2022::64678063_4.3_1_p3_2828__event_002,sprsound2022,sprsound2022::64678063,calibration,False,0,normal,1.3669999999999995,0,0.8772431,0.74081385,0.7981507,0.80540255,0.19459744999999995,1
sprsound2022::64678063_4.3_1_p3_2828__event_003,sprsound2022,sprsound2022::64678063,calibration,False,0,normal,1.9739999999999993,0,0.0076792273,0.009893291,0.012913914,0.0101621441,0.9898378559,0
sprsound2022::64678063_4.3_1_p3_2828__event_004,sprsound2022,sprsound2022::64678063,calibration,False,0,normal,0.3520000000000003,0,0.058139868,0.106219195,0.12880623,0.09772176433333334,0.9022782356666667,0
sprsound2022::64678063_4.3_1_p3_2869__event_000,sprsound2022,sprsound2022::64678063,calibration,False,0,normal,1.1679999999999997,0,0.76800007,0.83647335,0.8747756,0.8264163400000001,0.17358365999999992,1
sprsound2022::64678063_4.3_1_p3_2869__event_001,sprsound2022,sprsound2022::64678063,calibration,False,0,normal,1.2769999999999992,0,0.11781254,0.06244515,0.11540633,0.09855467333333334,0.9014453266666667,0
sprsound2022::64678063_4.3_1_p3_2869__event_002,sprsound2022,sprsound2022::64678063,calibration,False,0,normal,1.149,0,0.09453432,0.103882164,0.15381171,0.117409398,0.8825906020000001,0
sprsound2022::64678063_4.3_1_p3_2869__event_003,sprsound2022,sprsound2022::64678063,calibration,False,0,normal,1.060999999999999,0,0.57643515,0.58102995,0.8377939,0.6650863333333333,0.33491366666666667,1
sprsound2022::64678063_4.3_1_p3_2958__event_000,sprsound2022,sprsound2022::64678063,calibration,False,0,normal,1.4429999999999998,0,0.009724398,0.019357592,0.03224929,0.020443760000000002,0.97955624,0
sprsound2022::64678063_4.3_1_p3_2958__event_001,sprsound2022,sprsound2022::64678063,calibration,False,0,normal,1.239,0,0.030952238,0.025273146,0.020310277,0.025511887,0.974488113,0
sprsound2022::64678063_4.3_1_p3_2958__event_002,sprsound2022,sprsound2022::64678063,calibration,False,0,normal,1.3710000000000004,0,0.025691366,0.029250056,0.04432397,0.033088464000000005,0.966911536,0
sprsound2022::64678063_4.3_1_p3_2958__event_003,sprsound2022,sprsound2022::64678063,calibration,False,0,normal,1.367,0,0.0024857386,0.0025862225,0.0058468943,0.0036396184666666665,0.9963603815333333,0
sprsound2022::64678063_4.3_1_p3_2958__event_004,sprsound2022,sprsound2022::64678063,calibration,False,0,normal,1.1049999999999995,0,0.019190993,0.00786785,0.027274668,0.018111170333333333,0.9818888296666667,0
sprsound2022::64678063_4.3_1_p3_2958__event_005,sprsound2022,sprsound2022::64678063,calibration,False,0,normal,0.4050000000000011,0,0.2502899,0.2916621,0.47944182,0.3404646066666667,0.6595353933333332,0
sprsound2022::64678063_4.3_1_p4_2744__event_000,sprsound2022,sprsound2022::64678063,calibration,False,0,normal,0.602,0,0.34301454,0.23276512,0.3754274,0.31706902,0.6829309800000001,0
sprsound2022::64678063_4.3_1_p4_2744__event_001,sprsound2022,sprsound2022::64678063,calibration,False,0,normal,1.263,0,0.018261502,0.029806508,0.06620152,0.03808984333333333,0.9619101566666667,0
sprsound2022::64678063_4.3_1_p4_2744__event_002,sprsound2022,sprsound2022::64678063,calibration,False,0,normal,1.1020000000000003,0,0.08861081,0.16391346,0.19234034,0.14828820333333334,0.8517117966666666,0
sprsound2022::64678063_4.3_1_p4_2744__event_003,sprsound2022,sprsound2022::64678063,calibration,False,0,normal,0.6419999999999995,0,0.12059759,0.19528937,0.22574116,0.18054270666666664,0.8194572933333334,0
sprsound2022::64678063_4.3_1_p4_2780__event_000,sprsound2022,sprsound2022::64678063,calibration,False,0,normal,1.482,0,0.011994427,0.025481608,0.045170058,0.027548697666666667,0.9724513023333333,0
sprsound2022::64678063_4.3_1_p4_2780__event_001,sprsound2022,sprsound2022::64678063,calibration,False,0,normal,1.4830000000000003,0,0.004584589,0.0037798693,0.008461262,0.005608573433333333,0.9943914265666667,0
sprsound2022::64678063_4.3_1_p4_2780__event_002,sprsound2022,sprsound2022::64678063,calibration,False,0,normal,1.443999999999999,0,0.005884861,0.010560022,0.011332223,0.009259035333333334,0.9907409646666666,0
sprsound2022::64678063_4.3_1_p4_2780__event_003,sprsound2022,sprsound2022::64678063,calibration,False,0,normal,0.33,0,0.6275062,0.8744278,0.85739064,0.7864415466666665,0.21355845333333345,1
sprsound2022::64678063_4.3_1_p4_2886__event_000,sprsound2022,sprsound2022::64678063,calibration,False,0,normal,1.0739999999999998,0,0.0092377635,0.013899308,0.012902794,0.012013288500000002,0.9879867115,0
sprsound2022::64678063_4.3_1_p4_2940__event_000,sprsound2022,sprsound2022::64678063,calibration,False,0,normal,1.631,0,0.01296288,0.011851719,0.0067068264,0.0105071418,0.9894928582,0
sprsound2022::64837947_4.0_1_p1_13__event_000,sprsound2022,sprsound2022::64837947,calibration,False,1,fine_crackle,1.0549999999999995,1,0.88478357,0.916424,0.9173877,0.9061984233333332,0.09380157666666677,1
sprsound2022::64837947_4.0_1_p1_13__event_001,sprsound2022,sprsound2022::64837947,calibration,False,1,fine_crackle,1.231999999999999,1,0.0601775,0.031126529,0.065168984,0.052157670999999996,0.947842329,0
sprsound2022::64837947_4.0_1_p1_13__event_002,sprsound2022,sprsound2022::64837947,calibration,False,0,normal,1.0860000000000003,0,0.043578375,0.06902511,0.025685525,0.04609633666666666,0.9539036633333333,0
sprsound2022::64837947_4.0_1_p2_14__event_000,sprsound2022,sprsound2022::64837947,calibration,False,0,normal,1.429,0,0.035117757,0.032230407,0.03567994,0.034342701333333336,0.9656572986666667,0
sprsound2022::64837947_4.0_1_p2_14__event_001,sprsound2022,sprsound2022::64837947,calibration,False,0,normal,1.6170000000000004,0,0.034088776,0.010871729,0.015125472,0.020028659,0.979971341,0
sprsound2022::64837947_4.0_1_p2_14__event_002,sprsound2022,sprsound2022::64837947,calibration,False,0,normal,1.6160000000000003,0,0.021887604,0.006483802,0.014048269,0.014139891666666668,0.9858601083333334,0
sprsound2022::64837947_4.0_1_p2_14__event_003,sprsound2022,sprsound2022::64837947,calibration,False,0,normal,1.5029999999999992,0,0.061276652,0.047168832,0.09065254,0.066366008,0.933633992,0
sprsound2022::64837947_4.0_1_p3_15__event_000,sprsound2022,sprsound2022::64837947,calibration,False,0,normal,1.2859999999999996,0,0.009127966,0.027619025,0.018909767,0.018552252666666668,0.9814477473333333,0
sprsound2022::64840083_1.6_0_p1_697__event_000,sprsound2022,sprsound2022::64840083,calibration,False,0,normal,1.2160000000000002,0,0.010314422,0.016392665,0.016969234,0.014558773666666669,0.9854412263333333,0
sprsound2022::64840083_1.6_0_p1_697__event_001,sprsound2022,sprsound2022::64840083,calibration,False,0,normal,1.3599999999999994,0,0.00425279,0.002479652,0.0040154275,0.0035826231666666666,0.9964173768333333,0
sprsound2022::64840083_1.6_0_p1_697__event_002,sprsound2022,sprsound2022::64840083,calibration,False,0,normal,1.266,0,0.0041372874,0.003934724,0.003702075,0.003924695466666666,0.9960753045333334,0
sprsound2022::64840083_1.6_0_p1_697__event_003,sprsound2022,sprsound2022::64840083,calibration,False,0,normal,1.253,0,0.007521722,0.023463095,0.01606681,0.015683875666666666,0.9843161243333334,0
sprsound2022::64840083_1.6_0_p1_697__event_004,sprsound2022,sprsound2022::64840083,calibration,False,0,normal,1.2599999999999998,0,0.015142088,0.023566531,0.025353532,0.021354050333333333,0.9786459496666666,0
sprsound2022::64840083_1.6_0_p1_697__event_005,sprsound2022,sprsound2022::64840083,calibration,False,0,normal,1.0169999999999997,0,0.018112231,0.04392422,0.018848509,0.026961653333333335,0.9730383466666667,0
sprsound2022::64840083_1.6_0_p1_697__event_006,sprsound2022,sprsound2022::64840083,calibration,False,0,normal,1.362,0,0.0053257374,0.011157296,0.0050669336,0.007183322333333333,0.9928166776666667,0
sprsound2022::64840083_1.6_0_p2_698__event_000,sprsound2022,sprsound2022::64840083,calibration,False,0,normal,1.5200000000000005,0,0.014588604,0.02226552,0.026653934,0.02116935266666667,0.9788306473333334,0
sprsound2022::64840083_1.6_0_p2_698__event_001,sprsound2022,sprsound2022::64840083,calibration,False,0,normal,1.1609999999999996,0,0.010039234,0.017832313,0.014925224,0.014265590333333333,0.9857344096666667,0
sprsound2022::64840083_1.6_0_p2_698__event_002,sprsound2022,sprsound2022::64840083,calibration,False,0,normal,1.266,0,0.011485287,0.014115079,0.021679183,0.01575984966666667,0.9842401503333333,0
sprsound2022::64840083_1.6_0_p2_698__event_003,sprsound2022,sprsound2022::64840083,calibration,False,0,normal,1.6010000000000009,0,0.0055748504,0.008080422,0.011053068,0.008236113466666667,0.9917638865333334,0
sprsound2022::64840083_1.6_0_p2_698__event_004,sprsound2022,sprsound2022::64840083,calibration,False,0,normal,1.5220000000000002,0,0.015697276,0.030123295,0.026663475,0.024161348666666665,0.9758386513333334,0
sprsound2022::64840083_1.6_0_p2_698__event_005,sprsound2022,sprsound2022::64840083,calibration,False,0,normal,1.6420000000000012,0,0.005049459,0.0069298185,0.015008622,0.008995966499999999,0.9910040335,0
sprsound2022::64840083_1.6_0_p2_698__event_006,sprsound2022,sprsound2022::64840083,calibration,False,0,normal,1.282,0,0.0064748973,0.008345204,0.016538544,0.010452881766666667,0.9895471182333333,0
sprsound2022::64840083_1.6_0_p3_699__event_000,sprsound2022,sprsound2022::64840083,calibration,False,0,normal,1.6069999999999998,0,0.0058284276,0.0060612243,0.0070441933,0.0063112817333333335,0.9936887182666667,0
sprsound2022::64840083_1.6_0_p3_699__event_001,sprsound2022,sprsound2022::64840083,calibration,False,0,normal,1.529,0,0.0057168906,0.011032644,0.0041875537,0.006979029433333332,0.9930209705666667,0
sprsound2022::64840083_1.6_0_p3_699__event_002,sprsound2022,sprsound2022::64840083,calibration,False,0,normal,1.5920000000000003,0,0.0056072683,0.0042962534,0.009614973,0.0065061649,0.9934938351,0
sprsound2022::64840083_1.6_0_p3_699__event_003,sprsound2022,sprsound2022::64840083,calibration,False,0,normal,1.535,0,0.01088085,0.0026426807,0.011797307,0.008440279233333334,0.9915597207666667,0
sprsound2022::64840083_1.6_0_p3_699__event_004,sprsound2022,sprsound2022::64840083,calibration,False,0,normal,1.5440000000000005,0,0.015304767,0.004642214,0.01632725,0.012091410333333335,0.9879085896666666,0
sprsound2022::64840083_1.6_0_p3_699__event_005,sprsound2022,sprsound2022::64840083,calibration,False,0,normal,1.4799999999999986,0,0.012784042,0.011063205,0.018612133,0.014153126666666668,0.9858468733333333,0
sprsound2022::64840083_1.6_0_p3_699__event_006,sprsound2022,sprsound2022::64840083,calibration,False,0,normal,1.0850000000000009,0,0.0041298866,0.0071758083,0.0095233815,0.0069430254666666665,0.9930569745333333,0
sprsound2022::64840083_1.6_0_p4_700__event_000,sprsound2022,sprsound2022::64840083,calibration,False,0,normal,1.2499999999999998,0,0.005930991,0.015064391,0.016450537,0.012481973,0.987518027,0
sprsound2022::64840083_1.6_0_p4_700__event_001,sprsound2022,sprsound2022::64840083,calibration,False,0,normal,1.3280000000000003,0,0.0066774944,0.004203575,0.00677599,0.005885686466666667,0.9941143135333333,0
sprsound2022::64840083_1.6_0_p4_700__event_002,sprsound2022,sprsound2022::64840083,calibration,False,0,normal,1.1989999999999998,0,0.01128752,0.015363524,0.016307555,0.014319533,0.985680467,0
sprsound2022::64840083_1.6_0_p4_700__event_003,sprsound2022,sprsound2022::64840083,calibration,False,0,normal,0.995,0,0.010344927,0.012432067,0.016698793,0.013158595666666667,0.9868414043333333,0
sprsound2022::64840083_1.6_0_p4_700__event_004,sprsound2022,sprsound2022::64840083,calibration,False,0,normal,1.0310000000000006,0,0.013673231,0.032011855,0.028868414,0.024851166666666664,0.9751488333333334,0
sprsound2022::64840083_1.6_0_p4_700__event_005,sprsound2022,sprsound2022::64840083,calibration,False,0,normal,1.2400000000000002,0,0.014218101,0.023931915,0.017160248,0.018436754666666666,0.9815632453333334,0
sprsound2022::64840083_1.6_0_p4_700__event_006,sprsound2022,sprsound2022::64840083,calibration,False,0,normal,1.154,0,0.015855744,0.031051623,0.039298803,0.02873539,0.97126461,0
sprsound2022::64840083_1.6_0_p4_700__event_007,sprsound2022,sprsound2022::64840083,calibration,False,0,normal,1.3919999999999997,0,0.003344658,0.012717535,0.00768676,0.007916317666666667,0.9920836823333333,0
sprsound2022::65039232_6.4_1_p2_374__event_000,sprsound2022,sprsound2022::65039232,calibration,False,0,normal,1.553,0,0.0050043003,0.015624043,0.006675682,0.009101341766666667,0.9908986582333333,0
sprsound2022::65039232_6.4_1_p2_374__event_001,sprsound2022,sprsound2022::65039232,calibration,False,0,normal,1.3859999999999992,0,0.0047754995,0.0044197063,0.008184123,0.0057931096,0.9942068904,0
sprsound2022::65039232_6.4_1_p2_374__event_002,sprsound2022,sprsound2022::65039232,calibration,False,0,normal,1.043,0,0.037181333,0.049012236,0.07106437,0.052419313,0.947580687,0
sprsound2022::65044049_0.8_1_p2_250__event_000,sprsound2022,sprsound2022::65044049,calibration,False,1,fine_crackle,2.480999999999999,1,0.524473,0.34189323,0.5018358,0.4560673433333333,0.5439326566666667,0
sprsound2022::65044049_0.8_1_p3_251__event_000,sprsound2022,sprsound2022::65044049,calibration,False,0,normal,1.436,0,0.11338795,0.12558973,0.19735308,0.14544358666666668,0.8545564133333333,0
sprsound2022::65045423_5.0_1_p1_213__event_000,sprsound2022,sprsound2022::65045423,calibration,False,0,normal,1.6010000000000004,0,0.002322389,0.008552924,0.006158462,0.005677925,0.994322075,0
sprsound2022::65045423_5.0_1_p1_213__event_001,sprsound2022,sprsound2022::65045423,calibration,False,0,normal,1.1769999999999996,0,0.006584767,0.007978017,0.018149357,0.010904047,0.989095953,0
sprsound2022::65045423_5.0_1_p1_213__event_002,sprsound2022,sprsound2022::65045423,calibration,False,0,normal,1.3099999999999987,0,0.009551975,0.008170248,0.014885359,0.010869194,0.989130806,0
sprsound2022::65045423_5.0_1_p1_213__event_003,sprsound2022,sprsound2022::65045423,calibration,False,0,normal,0.9749999999999996,0,0.0054468308,0.008344001,0.015423569,0.009738133599999999,0.9902618664,0
sprsound2022::65045423_5.0_1_p1_213__event_004,sprsound2022,sprsound2022::65045423,calibration,False,0,normal,1.128,0,0.042991593,0.035285924,0.07867961,0.052319042333333336,0.9476809576666667,0
sprsound2022::65045423_5.0_1_p1_213__event_005,sprsound2022,sprsound2022::65045423,calibration,False,0,normal,1.3119999999999998,0,0.1923726,0.31084237,0.17798221,0.22706572666666666,0.7729342733333333,0
sprsound2022::65045423_5.0_1_p1_213__event_006,sprsound2022,sprsound2022::65045423,calibration,False,0,normal,1.0429999999999993,0,0.03498381,0.10121346,0.05995689,0.06538472000000001,0.93461528,0
sprsound2022::65045423_5.0_1_p1_217__event_000,sprsound2022,sprsound2022::65045423,calibration,False,0,normal,0.3929999999999998,0,0.01795699,0.03150124,0.025020944,0.024826391333333333,0.9751736086666667,0
sprsound2022::65045423_5.0_1_p1_217__event_001,sprsound2022,sprsound2022::65045423,calibration,False,0,normal,1.5629999999999995,0,0.03239552,0.011706694,0.025774261,0.02329215833333333,0.9767078416666667,0
sprsound2022::65045423_5.0_1_p2_214__event_000,sprsound2022,sprsound2022::65045423,calibration,False,0,normal,2.015,0,0.03418787,0.032487195,0.042072196,0.036249087000000006,0.963750913,0
sprsound2022::65045423_5.0_1_p2_214__event_001,sprsound2022,sprsound2022::65045423,calibration,False,0,normal,1.2159999999999993,0,0.0231833,0.019904753,0.04712675,0.030071601000000003,0.969928399,0
sprsound2022::65045423_5.0_1_p2_214__event_002,sprsound2022,sprsound2022::65045423,calibration,False,0,normal,1.1620000000000008,0,0.023429003,0.04268525,0.05553596,0.040550071,0.959449929,0
sprsound2022::65045423_5.0_1_p2_214__event_003,sprsound2022,sprsound2022::65045423,calibration,False,0,normal,2.096,0,0.22220387,0.0711221,0.20277566,0.16536721,0.83463279,0
sprsound2022::65045423_5.0_1_p2_218__event_000,sprsound2022,sprsound2022::65045423,calibration,False,0,normal,1.4589999999999996,0,0.0664546,0.037709087,0.13220602,0.07878990233333334,0.9212100976666666,0
sprsound2022::65045423_5.0_1_p2_218__event_001,sprsound2022,sprsound2022::65045423,calibration,False,0,normal,1.3010000000000002,0,0.5682249,0.35931656,0.77597535,0.5678389366666666,0.4321610633333334,1
sprsound2022::65045423_5.0_1_p2_218__event_002,sprsound2022,sprsound2022::65045423,calibration,False,0,normal,1.165,0,0.6910489,0.6256868,0.7467693,0.6878350000000001,0.3121649999999999,1
sprsound2022::65045423_5.0_1_p2_218__event_003,sprsound2022,sprsound2022::65045423,calibration,False,0,normal,1.5879999999999992,0,0.23620394,0.16325885,0.3221248,0.24052919666666664,0.7594708033333334,0
sprsound2022::65045423_5.0_1_p3_215__event_000,sprsound2022,sprsound2022::65045423,calibration,False,0,normal,1.197000000000001,0,0.0050380183,0.009113815,0.0042811856,0.006144339633333333,0.9938556603666666,0
sprsound2022::65045423_5.0_1_p3_215__event_001,sprsound2022,sprsound2022::65045423,calibration,False,0,normal,1.1830000000000005,0,0.003882986,0.009540699,0.0045531737,0.005992286233333334,0.9940077137666666,0
sprsound2022::65045423_5.0_1_p3_215__event_002,sprsound2022,sprsound2022::65045423,calibration,False,0,normal,1.327,0,0.11751758,0.0275744,0.063331485,0.06947448833333335,0.9305255116666666,0
sprsound2022::65045423_5.0_1_p3_215__event_003,sprsound2022,sprsound2022::65045423,calibration,False,0,normal,0.5170000000000012,0,0.008690607,0.031863946,0.012776545,0.017777032666666664,0.9822229673333334,0
sprsound2022::65045423_5.0_1_p3_215__event_004,sprsound2022,sprsound2022::65045423,calibration,False,0,normal,1.0649999999999995,0,0.018201822,0.010410387,0.0185738,0.015728669666666667,0.9842713303333334,0
sprsound2022::65045423_5.0_1_p4_216__event_000,sprsound2022,sprsound2022::65045423,calibration,False,0,normal,1.8329999999999993,0,0.0018344652,0.0021477924,0.0031552315,0.002379163033333333,0.9976208369666667,0
sprsound2022::65045423_5.0_1_p4_216__event_001,sprsound2022,sprsound2022::65045423,calibration,False,0,normal,1.343,0,0.003631767,0.004524197,0.008750921,0.005635628333333333,0.9943643716666667,0
sprsound2022::65045423_5.0_1_p4_216__event_002,sprsound2022,sprsound2022::65045423,calibration,False,0,normal,1.4229999999999992,0,0.016157778,0.031705394,0.022727605,0.023530258999999998,0.9764697410000001,0
sprsound2022::65045423_5.0_1_p4_216__event_003,sprsound2022,sprsound2022::65045423,calibration,False,0,normal,1.3309999999999995,0,0.0119301835,0.015581565,0.019072821,0.015528189833333336,0.9844718101666666,0
sprsound2022::65045423_5.0_1_p4_216__event_004,sprsound2022,sprsound2022::65045423,calibration,False,0,normal,2.23,0,0.024330117,0.007326367,0.019692935,0.017116473,0.982883527,0
sprsound2022::65045423_5.0_1_p4_220__event_000,sprsound2022,sprsound2022::65045423,calibration,False,0,normal,1.185,0,0.0051425546,0.011301167,0.005732314,0.007392011866666667,0.9926079881333333,0
sprsound2022::65045423_5.0_1_p4_220__event_001,sprsound2022,sprsound2022::65045423,calibration,False,0,normal,1.258,0,0.038374297,0.047122944,0.07632373,0.05394032366666667,0.9460596763333333,0
sprsound2022::65045423_5.0_1_p4_220__event_002,sprsound2022,sprsound2022::65045423,calibration,False,0,normal,1.4049999999999994,0,0.019947555,0.010217066,0.01523644,0.015133687,0.984866313,0
sprsound2022::65045423_5.2_1_p1_2745__event_000,sprsound2022,sprsound2022::65045423,calibration,False,0,normal,0.8440000000000003,0,0.075594805,0.045616157,0.09169835,0.07096977066666667,0.9290302293333333,0
sprsound2022::65045423_5.2_1_p1_2745__event_001,sprsound2022,sprsound2022::65045423,calibration,False,0,normal,0.9089999999999998,0,0.11970333,0.07031538,0.10310633,0.09770834666666665,0.9022916533333334,0
sprsound2022::65045423_5.2_1_p1_2745__event_002,sprsound2022,sprsound2022::65045423,calibration,False,0,normal,0.5909999999999993,0,0.0055441805,0.011170317,0.011776949,0.009497148833333335,0.9905028511666667,0
sprsound2022::65045423_5.2_1_p1_2805__event_000,sprsound2022,sprsound2022::65045423,calibration,False,0,normal,2.093,0,0.012960897,0.01798714,0.012031235,0.014326423999999999,0.985673576,0
sprsound2022::65045423_5.2_1_p1_2805__event_001,sprsound2022,sprsound2022::65045423,calibration,False,0,normal,2.625,0,0.018852958,0.006747133,0.005857215,0.010485768666666666,0.9895142313333334,0
sprsound2022::65045423_5.2_1_p1_2805__event_002,sprsound2022,sprsound2022::65045423,calibration,False,0,normal,1.5669999999999993,0,0.14397624,0.31278744,0.4112201,0.2893279266666667,0.7106720733333334,0
sprsound2022::65045423_5.2_1_p1_2853__event_000,sprsound2022,sprsound2022::65045423,calibration,False,1,rhonchi,0.955,1,0.9936422,0.99784195,0.99250084,0.9946616633333334,0.00533833666666661,1
sprsound2022::65045423_5.2_1_p1_2853__event_001,sprsound2022,sprsound2022::65045423,calibration,False,1,rhonchi,0.7780000000000005,1,0.98619926,0.9949404,0.9768156,0.9859850866666666,0.014014913333333379,1
sprsound2022::65045423_5.2_1_p1_2853__event_002,sprsound2022,sprsound2022::65045423,calibration,False,1,rhonchi,0.2689999999999992,1,0.8632064,0.95873433,0.9362806,0.91940711,0.08059289000000003,1
sprsound2022::65045423_5.2_1_p1_2853__event_003,sprsound2022,sprsound2022::65045423,calibration,False,0,normal,1.633,0,0.092457026,0.06710296,0.14362198,0.10106065533333335,0.8989393446666667,0
sprsound2022::65045423_5.2_1_p1_2853__event_004,sprsound2022,sprsound2022::65045423,calibration,False,0,normal,1.5870000000000002,0,0.032778464,0.038105056,0.04564065,0.03884139,0.96115861,0
sprsound2022::65045423_5.2_1_p1_2853__event_005,sprsound2022,sprsound2022::65045423,calibration,False,0,normal,1.173,0,0.030802758,0.05225652,0.054941587,0.04600028833333333,0.9539997116666666,0
sprsound2022::65045423_5.2_1_p1_2853__event_006,sprsound2022,sprsound2022::65045423,calibration,False,0,normal,0.904,0,0.25748515,0.4052256,0.39516833,0.35262635999999997,0.6473736400000001,0
sprsound2022::65045423_5.2_1_p2_2684__event_000,sprsound2022,sprsound2022::65045423,calibration,False,0,normal,1.4660000000000002,0,0.23642221,0.47461239,0.3846781,0.3652375666666667,0.6347624333333333,0
sprsound2022::65045423_5.2_1_p2_2769__event_000,sprsound2022,sprsound2022::65045423,calibration,False,0,normal,1.338,0,0.27219367,0.17664419,0.34286022,0.26389935999999997,0.7361006400000001,0
sprsound2022::65045423_5.2_1_p2_2769__event_001,sprsound2022,sprsound2022::65045423,calibration,False,0,normal,1.2359999999999998,0,0.08396967,0.20136423,0.24664706,0.17732698666666669,0.8226730133333333,0
sprsound2022::65045423_5.2_1_p2_2781__event_000,sprsound2022,sprsound2022::65045423,calibration,False,0,normal,0.9389999999999998,0,0.09405409,0.23490754,0.1686546,0.16587207666666667,0.8341279233333333,0
sprsound2022::65045423_5.2_1_p2_2781__event_001,sprsound2022,sprsound2022::65045423,calibration,False,0,normal,1.5450000000000004,0,0.014192579,0.031236993,0.026754443,0.024061338333333335,0.9759386616666667,0
sprsound2022::65045423_5.2_1_p2_2781__event_002,sprsound2022,sprsound2022::65045423,calibration,False,0,normal,1.3080000000000007,0,0.035562795,0.016372258,0.022057816,0.02466428966666667,0.9753357103333333,0
sprsound2022::65045423_5.2_1_p2_2870__event_000,sprsound2022,sprsound2022::65045423,calibration,False,0,normal,1.896,0,0.013118246,0.014910931,0.022679413,0.016902863333333334,0.9830971366666666,0
sprsound2022::65045423_5.2_1_p2_2870__event_001,sprsound2022,sprsound2022::65045423,calibration,False,0,normal,1.7059999999999995,0,0.1540362,0.2069266,0.27405447,0.21167242333333336,0.7883275766666666,0
sprsound2022::65045423_5.2_1_p2_2870__event_002,sprsound2022,sprsound2022::65045423,calibration,False,1,rhonchi,0.6699999999999999,1,0.9926906,0.9994294,0.99720997,0.9964433233333333,0.0035566766666667027,1
sprsound2022::65045423_5.2_1_p2_2870__event_003,sprsound2022,sprsound2022::65045423,calibration,False,1,rhonchi,0.6639999999999999,1,0.9827899,0.9929107,0.983844,0.9865148666666667,0.013485133333333343,1
sprsound2022::65045423_5.2_1_p3_2757__event_000,sprsound2022,sprsound2022::65045423,calibration,False,0,normal,1.016,0,0.28276083,0.28274694,0.17019027,0.24523267999999998,0.75476732,0
sprsound2022::65045423_5.2_1_p3_2757__event_001,sprsound2022,sprsound2022::65045423,calibration,False,0,normal,1.0419999999999998,0,0.014129379,0.012600935,0.048259117,0.024996477,0.975003523,0
sprsound2022::65045423_5.2_1_p3_2841__event_000,sprsound2022,sprsound2022::65045423,calibration,False,0,normal,1.7539999999999996,0,0.0051339474,0.009481656,0.005821006,0.006812203133333333,0.9931877968666667,0
sprsound2022::65045423_5.2_1_p4_2733__event_000,sprsound2022,sprsound2022::65045423,calibration,False,0,normal,1.21,0,0.009382485,0.007733251,0.012124841,0.009746859,0.990253141,0
sprsound2022::65045423_5.2_1_p4_2733__event_001,sprsound2022,sprsound2022::65045423,calibration,False,0,normal,1.471,0,0.035203688,0.01174594,0.03874767,0.028565765999999996,0.971434234,0
sprsound2022::65045423_5.2_1_p4_2733__event_002,sprsound2022,sprsound2022::65045423,calibration,False,0,normal,0.7249999999999996,0,0.061764024,0.08028279,0.112437464,0.08482809266666667,0.9151719073333333,0
sprsound2022::65045423_5.2_1_p4_2829__event_000,sprsound2022,sprsound2022::65045423,calibration,False,0,normal,1.4139999999999997,0,0.016565377,0.0347123,0.060302246,0.03719330766666667,0.9628066923333334,0
sprsound2022::65052739_1.7_1_p1_417__event_000,sprsound2022,sprsound2022::65052739,calibration,False,0,normal,1.211,0,0.016912077,0.017890222,0.011292291,0.015364863333333334,0.9846351366666667,0
sprsound2022::65052739_1.7_1_p1_417__event_001,sprsound2022,sprsound2022::65052739,calibration,False,0,normal,0.9749999999999996,0,0.015180992,0.021612348,0.016923908,0.017905749333333335,0.9820942506666667,0
sprsound2022::65052739_1.7_1_p1_417__event_002,sprsound2022,sprsound2022::65052739,calibration,False,0,normal,1.016,0,0.013253381,0.016327748,0.022201587,0.01726090533333333,0.9827390946666666,0
sprsound2022::65052739_1.7_1_p1_417__event_003,sprsound2022,sprsound2022::65052739,calibration,False,0,normal,1.0870000000000006,0,0.013842907,0.009597448,0.0047848746,0.009408409866666667,0.9905915901333333,0
sprsound2022::65052739_1.7_1_p1_417__event_004,sprsound2022,sprsound2022::65052739,calibration,False,0,normal,1.1119999999999983,0,0.0046960916,0.007974675,0.0050764787,0.005915748433333334,0.9940842515666667,0
sprsound2022::65052739_1.7_1_p1_417__event_005,sprsound2022,sprsound2022::65052739,calibration,False,0,normal,1.6749999999999998,0,0.1897163,0.22459814,0.28607303,0.23346249,0.76653751,0
sprsound2022::65052739_1.7_1_p2_418__event_000,sprsound2022,sprsound2022::65052739,calibration,False,0,normal,0.9610000000000004,0,0.03793779,0.04084537,0.058284163,0.045689107666666666,0.9543108923333333,0
sprsound2022::65052739_1.7_1_p2_418__event_001,sprsound2022,sprsound2022::65052739,calibration,False,0,normal,1.2830000000000004,0,0.009609761,0.0077846977,0.008733529,0.008709329233333334,0.9912906707666667,0
sprsound2022::65052739_1.7_1_p2_418__event_002,sprsound2022,sprsound2022::65052739,calibration,False,0,normal,1.66,0,0.26127785,0.37680718,0.64224166,0.4267755633333334,0.5732244366666666,0
sprsound2022::65052739_1.7_1_p2_418__event_003,sprsound2022,sprsound2022::65052739,calibration,False,0,normal,1.5529999999999995,0,0.040372785,0.044405263,0.071273334,0.05201712733333333,0.9479828726666667,0
sprsound2022::65052739_1.7_1_p3_419__event_000,sprsound2022,sprsound2022::65052739,calibration,False,0,normal,1.1900000000000013,0,0.014252842,0.013064003,0.019123944,0.015480263,0.984519737,0
sprsound2022::65052739_1.7_1_p3_419__event_001,sprsound2022,sprsound2022::65052739,calibration,False,0,normal,1.2379999999999995,0,0.027679453,0.031143589,0.036527283,0.03178344166666667,0.9682165583333333,0
sprsound2022::65052739_1.7_1_p3_419__event_002,sprsound2022,sprsound2022::65052739,calibration,False,0,normal,1.4249999999999998,0,0.027017618,0.020689113,0.017550217,0.021752316000000004,0.978247684,0
sprsound2022::65052739_1.7_1_p3_419__event_003,sprsound2022,sprsound2022::65052739,calibration,False,0,normal,1.2920000000000016,0,0.053927734,0.10822677,0.11525618,0.092470228,0.907529772,0
sprsound2022::65052739_1.7_1_p3_419__event_004,sprsound2022,sprsound2022::65052739,calibration,False,0,normal,1.193999999999999,0,0.015496489,0.016292434,0.022815486,0.018201469666666668,0.9817985303333333,0
sprsound2022::65052739_1.7_1_p4_420__event_000,sprsound2022,sprsound2022::65052739,calibration,False,0,normal,0.9540000000000006,0,0.0076816813,0.009505217,0.012351542,0.009846146766666666,0.9901538532333334,0
sprsound2022::65052739_1.7_1_p4_420__event_001,sprsound2022,sprsound2022::65052739,calibration,False,0,normal,1.6449999999999996,0,0.015584385,0.016611824,0.022762788,0.01831966566666667,0.9816803343333333,0
sprsound2022::65052739_1.7_1_p4_420__event_002,sprsound2022,sprsound2022::65052739,calibration,False,0,normal,1.0149999999999997,0,0.030160734,0.046964075,0.08457811,0.053900973,0.946099027,0
sprsound2022::65052739_1.7_1_p4_420__event_003,sprsound2022,sprsound2022::65052739,calibration,False,0,normal,1.1929999999999996,0,0.1352713,0.116686605,0.204857,0.15227163500000002,0.847728365,0
sprsound2022::65052739_1.7_1_p4_420__event_004,sprsound2022,sprsound2022::65052739,calibration,False,0,normal,1.668,0,0.16386534,0.13724197,0.13095345,0.14402025333333335,0.8559797466666667,0
sprsound2022::65052739_1.7_1_p4_420__event_005,sprsound2022,sprsound2022::65052739,calibration,False,0,normal,1.6390000000000002,0,0.13063586,0.2707181,0.2668545,0.22273615333333333,0.7772638466666667,0
sprsound2022::65063170_5.1_0_p4_484__event_000,sprsound2022,sprsound2022::65063170,calibration,False,0,normal,1.481,0,0.020882063,0.023279073,0.027773753,0.023978296333333333,0.9760217036666666,0
sprsound2022::65063170_5.1_0_p4_484__event_001,sprsound2022,sprsound2022::65063170,calibration,False,0,normal,1.4520000000000004,0,0.020796647,0.017786987,0.011215942,0.01659985866666667,0.9834001413333333,0
sprsound2022::65064302_3.2_1_p1_1093__event_000,sprsound2022,sprsound2022::65064302,calibration,False,0,normal,1.9000000000000004,0,0.003291291,0.009259917,0.010935157,0.007828788333333333,0.9921712116666667,0
sprsound2022::65064302_3.2_1_p1_1093__event_001,sprsound2022,sprsound2022::65064302,calibration,False,0,normal,1.779,0,0.024423255,0.04832888,0.04958386,0.040778665,0.959221335,0
sprsound2022::65064302_3.2_1_p1_1093__event_002,sprsound2022,sprsound2022::65064302,calibration,False,0,normal,1.5510000000000002,0,0.007281784,0.024236502,0.022616196,0.018044827333333333,0.9819551726666667,0
sprsound2022::65064302_3.2_1_p1_1093__event_003,sprsound2022,sprsound2022::65064302,calibration,False,0,normal,1.4689999999999994,0,0.004383115,0.0037829946,0.009575766,0.005913958533333333,0.9940860414666667,0
sprsound2022::65064302_3.2_1_p1_1093__event_004,sprsound2022,sprsound2022::65064302,calibration,False,0,normal,1.1580000000000013,0,0.005512118,0.0050875354,0.032127503,0.014242385466666667,0.9857576145333333,0
sprsound2022::65064302_3.2_1_p1_1093__event_005,sprsound2022,sprsound2022::65064302,calibration,False,0,normal,1.543,0,0.054151196,0.08662601,0.075708576,0.07216192733333333,0.9278380726666666,0
sprsound2022::65064302_3.2_1_p2_1094__event_000,sprsound2022,sprsound2022::65064302,calibration,False,0,normal,1.543,0,0.017142853,0.053552616,0.028884575,0.033193348,0.966806652,0
sprsound2022::65064302_3.2_1_p2_1094__event_001,sprsound2022,sprsound2022::65064302,calibration,False,0,normal,1.5409999999999997,0,0.0057684947,0.030570256,0.011041377,0.0157933759,0.9842066241,0
sprsound2022::65064302_3.2_1_p2_1094__event_002,sprsound2022,sprsound2022::65064302,calibration,False,0,normal,1.3760000000000003,0,0.02725018,0.06723424,0.05080107,0.04842849666666666,0.9515715033333333,0
sprsound2022::65064302_3.2_1_p2_1094__event_003,sprsound2022,sprsound2022::65064302,calibration,False,0,normal,1.293,0,0.016285893,0.045372073,0.026546601,0.029401522333333333,0.9705984776666666,0
sprsound2022::65064302_3.2_1_p2_1094__event_004,sprsound2022,sprsound2022::65064302,calibration,False,0,normal,1.482000000000001,0,0.08872862,0.18309602,0.12692274,0.13291579333333334,0.8670842066666666,0
sprsound2022::65064302_3.2_1_p2_1094__event_005,sprsound2022,sprsound2022::65064302,calibration,False,0,normal,1.2609999999999992,0,0.012575088,0.017852426,0.019611262,0.016679592000000003,0.983320408,0
sprsound2022::65064302_3.2_1_p2_1094__event_006,sprsound2022,sprsound2022::65064302,calibration,False,0,normal,1.2739999999999991,0,0.009006013,0.027599985,0.031029861,0.02254528633333333,0.9774547136666667,0
sprsound2022::65064302_3.2_1_p2_1094__event_007,sprsound2022,sprsound2022::65064302,calibration,False,0,normal,0.697000000000001,0,0.05050673,0.09561475,0.09214984,0.07942377333333334,0.9205762266666666,0
sprsound2022::65064302_3.2_1_p4_1096__event_000,sprsound2022,sprsound2022::65064302,calibration,False,0,normal,1.47,0,0.018073091,0.014990869,0.04127633,0.024780096666666668,0.9752199033333333,0
sprsound2022::65064302_3.2_1_p4_1096__event_001,sprsound2022,sprsound2022::65064302,calibration,False,0,normal,1.3640000000000008,0,0.25850284,0.18596393,0.33885363,0.26110680000000003,0.7388931999999999,0
sprsound2022::65064302_3.2_1_p4_1096__event_002,sprsound2022,sprsound2022::65064302,calibration,False,0,normal,1.4620000000000002,0,0.062491227,0.084213994,0.10676252,0.084489247,0.915510753,0
sprsound2022::65064302_3.2_1_p4_1096__event_003,sprsound2022,sprsound2022::65064302,calibration,False,0,normal,1.37,0,0.17440823,0.14939573,0.26503572,0.19627989333333332,0.8037201066666667,0
sprsound2022::65064302_3.2_1_p4_1096__event_004,sprsound2022,sprsound2022::65064302,calibration,False,0,normal,0.9419999999999984,0,0.01707463,0.13465048,0.06035341,0.07069283999999999,0.92930716,0
sprsound2022::65064302_3.2_1_p4_1096__event_005,sprsound2022,sprsound2022::65064302,calibration,False,0,normal,1.6760000000000002,0,0.23420668,0.29169562,0.6014972,0.3757998333333334,0.6242001666666666,0
sprsound2022::65064302_3.2_1_p4_1096__event_006,sprsound2022,sprsound2022::65064302,calibration,False,0,normal,1.606999999999999,0,0.74757886,0.7138845,0.39262742,0.6180302599999999,0.38196974000000006,1
sprsound2022::65068248_2.2_0_p1_1201__event_000,sprsound2022,sprsound2022::65068248,calibration,False,0,normal,1.1509999999999998,0,0.005683756,0.005246946,0.0093497485,0.006760150166666666,0.9932398498333334,0
sprsound2022::65068248_2.2_0_p1_1201__event_001,sprsound2022,sprsound2022::65068248,calibration,False,0,normal,1.766,0,0.037555557,0.0144803645,0.031620886,0.027885602500000006,0.9721143975,0
sprsound2022::65068248_2.2_0_p1_1201__event_002,sprsound2022,sprsound2022::65068248,calibration,False,0,normal,0.6029999999999998,0,0.11697457,0.41571096,0.36709708,0.29992753666666666,0.7000724633333333,0
sprsound2022::65068248_2.2_0_p1_1236__event_000,sprsound2022,sprsound2022::65068248,calibration,False,0,normal,1.034,0,0.8083822,0.9120387,0.89954734,0.8733227466666668,0.12667725333333324,1
sprsound2022::65068248_2.2_0_p1_1236__event_001,sprsound2022,sprsound2022::65068248,calibration,False,0,normal,1.0299999999999998,0,0.027542017,0.10738243,0.08994108,0.07495517566666667,0.9250448243333333,0
sprsound2022::65068248_2.2_0_p2_1177__event_000,sprsound2022,sprsound2022::65068248,calibration,False,1,fine_crackle,1.1370000000000005,1,0.037279494,0.07143556,0.06509034,0.057935131333333334,0.9420648686666666,0
sprsound2022::65068248_2.2_0_p2_1177__event_001,sprsound2022,sprsound2022::65068248,calibration,False,1,fine_crackle,1.048,1,0.25784245,0.319641,0.28928104,0.28892149666666667,0.7110785033333333,0
sprsound2022::65068248_2.2_0_p2_1177__event_002,sprsound2022,sprsound2022::65068248,calibration,False,0,normal,1.99,0,0.030343985,0.026697597,0.03678944,0.031277007333333336,0.9687229926666666,0
sprsound2022::65068248_2.2_0_p2_1177__event_003,sprsound2022,sprsound2022::65068248,calibration,False,0,normal,1.878,0,0.31479344,0.5901308,0.72945815,0.54479413,0.45520587,1
sprsound2022::65068248_2.2_0_p2_1248__event_000,sprsound2022,sprsound2022::65068248,calibration,False,0,normal,1.1980000000000004,0,0.2666309,0.18153122,0.3629863,0.27038280666666664,0.7296171933333333,0
sprsound2022::65068248_2.2_0_p2_1248__event_001,sprsound2022,sprsound2022::65068248,calibration,False,0,normal,0.782,0,0.5462305,0.7599085,0.32685128,0.5443300933333334,0.4556699066666666,1
sprsound2022::65068248_2.2_0_p4_1259__event_000,sprsound2022,sprsound2022::65068248,calibration,False,0,normal,1.152,0,0.047542833,0.028239945,0.12254806,0.06611027933333334,0.9338897206666666,0
sprsound2022::65068248_2.2_0_p4_1259__event_001,sprsound2022,sprsound2022::65068248,calibration,False,0,normal,1.0810000000000004,0,0.871972,0.8043022,0.9211237,0.8657992999999999,0.13420070000000006,1
sprsound2022::65068248_2.2_0_p4_1259__event_002,sprsound2022,sprsound2022::65068248,calibration,False,0,normal,0.9689999999999994,0,0.9290652,0.94288266,0.9371613,0.9363697200000001,0.06363027999999993,1
sprsound2022::65080696_11.1_1_p1_1873__event_000,sprsound2022,sprsound2022::65080696,calibration,False,0,normal,2.0380000000000003,0,0.020549187,0.038506478,0.057855837,0.038970500666666665,0.9610294993333334,0
sprsound2022::65080696_11.1_1_p1_1934__event_000,sprsound2022,sprsound2022::65080696,calibration,False,0,normal,1.67,0,0.022895163,0.024255577,0.030660365,0.025937034999999997,0.974062965,0
sprsound2022::65080696_11.1_1_p1_1934__event_001,sprsound2022,sprsound2022::65080696,calibration,False,0,normal,1.666,0,0.12538408,0.070345946,0.27946115,0.15839705866666667,0.8416029413333334,0
sprsound2022::65080696_11.1_1_p1_1934__event_002,sprsound2022,sprsound2022::65080696,calibration,False,0,normal,1.5909999999999993,0,0.032157462,0.06309355,0.13760012,0.077617044,0.922382956,0
sprsound2022::65080696_11.1_1_p2_1890__event_000,sprsound2022,sprsound2022::65080696,calibration,False,0,normal,1.1500000000000004,0,0.83509034,0.71724826,0.5955273,0.7159553000000001,0.28404469999999993,1
sprsound2022::65080696_11.1_1_p2_1890__event_001,sprsound2022,sprsound2022::65080696,calibration,False,0,normal,3.727,0,0.058800142,0.051039957,0.030306574,0.046715557666666664,0.9532844423333333,0
sprsound2022::65080696_11.1_1_p2_1927__event_000,sprsound2022,sprsound2022::65080696,calibration,False,0,normal,2.029,0,0.02062371,0.019243581,0.010749564,0.016872285,0.983127715,0
sprsound2022::65080696_11.1_1_p2_1927__event_001,sprsound2022,sprsound2022::65080696,calibration,False,0,normal,1.1340000000000003,0,0.187563,0.21657827,0.12193723,0.1753595,0.8246405,0
sprsound2022::65080696_11.1_1_p2_1927__event_002,sprsound2022,sprsound2022::65080696,calibration,False,0,normal,3.5649999999999995,0,0.011061212,0.014774361,0.0072932057,0.011042926233333333,0.9889570737666666,0
sprsound2022::65080696_11.1_1_p2_1960__event_000,sprsound2022,sprsound2022::65080696,calibration,False,0,normal,1.37,0,0.14077768,0.15578616,0.21434528,0.17030304,0.82969696,0
sprsound2022::65080696_11.1_1_p2_1960__event_001,sprsound2022,sprsound2022::65080696,calibration,False,0,normal,1.7700000000000005,0,0.41941288,0.34052956,0.20165299,0.32053181000000003,0.6794681899999999,0
sprsound2022::65080696_11.1_1_p3_1911__event_000,sprsound2022,sprsound2022::65080696,calibration,False,0,normal,1.648,0,0.18428959,0.35331532,0.121880636,0.21982851533333334,0.7801714846666666,0
sprsound2022::65080696_11.1_1_p3_1911__event_001,sprsound2022,sprsound2022::65080696,calibration,False,0,normal,0.8410000000000002,0,0.20005389,0.2525527,0.25833136,0.2369793166666667,0.7630206833333333,0
sprsound2022::65080696_11.1_1_p3_1911__event_002,sprsound2022,sprsound2022::65080696,calibration,False,0,normal,2.2249999999999996,0,0.041172557,0.01371554,0.021666465,0.02551818733333333,0.9744818126666667,0
sprsound2022::65080696_11.1_1_p4_1831__event_000,sprsound2022,sprsound2022::65080696,calibration,False,1,fine_crackle,0.8040000000000003,1,0.9724964,0.97260565,0.9539239,0.9663419833333333,0.03365801666666668,1
sprsound2022::65080696_11.1_1_p4_1831__event_001,sprsound2022,sprsound2022::65080696,calibration,False,0,normal,2.5069999999999997,0,0.017257929,0.008859348,0.022191301,0.016102859333333334,0.9838971406666667,0
sprsound2022::65080696_11.1_1_p4_1955__event_000,sprsound2022,sprsound2022::65080696,calibration,False,0,normal,1.444,0,0.18504019,0.27389407,0.41065544,0.2898632333333333,0.7101367666666667,0
