sample_id,dataset,patient_id,protocol_role,locked,binary_label_id,fine_label_name,event_duration_seconds,target,probability_1_seed20260729,probability_1_seed20260730,probability_1_seed20260731,probability_1,probability_0,prediction
icbhi2017::111_1b2_Tc_sc_Meditron__cycle_000,icbhi2017,icbhi2017::111,calibration,False,0,normal,2.3280000000000003,0,0.55404663,0.2743788,0.38906828,0.4058312366666667,0.5941687633333332,0
icbhi2017::111_1b2_Tc_sc_Meditron__cycle_001,icbhi2017,icbhi2017::111,calibration,False,0,normal,2.6569999999999996,0,0.111670054,0.051963024,0.0902345,0.08462252599999999,0.915377474,0
icbhi2017::111_1b2_Tc_sc_Meditron__cycle_002,icbhi2017,icbhi2017::111,calibration,False,0,normal,2.5570000000000004,0,0.33945903,0.20795849,0.3647076,0.3040417066666667,0.6959582933333333,0
icbhi2017::111_1b2_Tc_sc_Meditron__cycle_003,icbhi2017,icbhi2017::111,calibration,False,0,normal,2.8000000000000007,0,0.10492292,0.07419891,0.099452734,0.09285818800000001,0.907141812,0
icbhi2017::111_1b2_Tc_sc_Meditron__cycle_004,icbhi2017,icbhi2017::111,calibration,False,0,normal,2.671999999999999,0,0.28831366,0.21200866,0.21296875,0.23776369,0.76223631,0
icbhi2017::111_1b2_Tc_sc_Meditron__cycle_005,icbhi2017,icbhi2017::111,calibration,False,0,normal,2.4000000000000004,0,0.3428629,0.18092965,0.2173551,0.24704921666666668,0.7529507833333333,0
icbhi2017::111_1b2_Tc_sc_Meditron__cycle_006,icbhi2017,icbhi2017::111,calibration,False,0,normal,2.657,0,0.50850254,0.29811865,0.43591717,0.41417945333333334,0.5858205466666666,0
icbhi2017::111_1b2_Tc_sc_Meditron__cycle_007,icbhi2017,icbhi2017::111,calibration,False,0,normal,1.8999999999999984,0,0.24077071,0.109302826,0.2039052,0.18465957866666668,0.8153404213333333,0
icbhi2017::111_1b3_Tc_sc_Meditron__cycle_000,icbhi2017,icbhi2017::111,calibration,False,0,normal,0.5569999999999999,0,0.9059787,0.8889431,0.9266793,0.9072003666666667,0.0927996333333333,1
icbhi2017::111_1b3_Tc_sc_Meditron__cycle_001,icbhi2017,icbhi2017::111,calibration,False,0,normal,2.6710000000000003,0,0.07088843,0.0377445,0.035481412,0.048038114,0.951961886,0
icbhi2017::111_1b3_Tc_sc_Meditron__cycle_002,icbhi2017,icbhi2017::111,calibration,False,0,normal,2.5,0,0.39054567,0.28220034,0.48436308,0.38570303,0.61429697,0
icbhi2017::111_1b3_Tc_sc_Meditron__cycle_003,icbhi2017,icbhi2017::111,calibration,False,0,normal,2.6430000000000007,0,0.56959474,0.36554512,0.44924945,0.46146310333333335,0.5385368966666666,0
icbhi2017::111_1b3_Tc_sc_Meditron__cycle_004,icbhi2017,icbhi2017::111,calibration,False,0,normal,2.5,0,0.26944345,0.17803761,0.24767204,0.2317177,0.7682823,0
icbhi2017::111_1b3_Tc_sc_Meditron__cycle_005,icbhi2017,icbhi2017::111,calibration,False,0,normal,2.6289999999999996,0,0.22606438,0.17316404,0.31142688,0.2368851,0.7631149,0
icbhi2017::111_1b3_Tc_sc_Meditron__cycle_006,icbhi2017,icbhi2017::111,calibration,False,0,normal,2.700000000000001,0,0.079256244,0.08084865,0.06927718,0.07646069133333333,0.9235393086666667,0
icbhi2017::111_1b3_Tc_sc_Meditron__cycle_007,icbhi2017,icbhi2017::111,calibration,False,0,normal,2.442,0,0.4173266,0.33118322,0.323983,0.35749760666666663,0.6425023933333334,0
icbhi2017::111_1b3_Tc_sc_Meditron__cycle_008,icbhi2017,icbhi2017::111,calibration,False,0,normal,1.3149999999999975,0,0.03272018,0.03799589,0.03359157,0.03476921333333333,0.9652307866666666,0
icbhi2017::116_1b2_Pl_sc_Meditron__cycle_000,icbhi2017,icbhi2017::116,calibration,False,0,normal,3.4280000000000004,0,0.35098132,0.3941368,0.32051528,0.3552111333333334,0.6447888666666666,0
icbhi2017::116_1b2_Pl_sc_Meditron__cycle_001,icbhi2017,icbhi2017::116,calibration,False,1,wheeze,7.0569999999999995,1,0.7350807,0.6425528,0.5247831,0.6341388666666666,0.36586113333333337,1
icbhi2017::116_1b2_Pl_sc_Meditron__cycle_002,icbhi2017,icbhi2017::116,calibration,False,1,wheeze,6.828999999999999,1,0.8538178,0.7620813,0.58936137,0.7350868233333333,0.2649131766666667,1
icbhi2017::116_1b2_Pl_sc_Meditron__cycle_003,icbhi2017,icbhi2017::116,calibration,False,0,normal,2.6140000000000008,0,0.05356099,0.03763776,0.06753438,0.05291104333333333,0.9470889566666667,0
icbhi2017::116_1b2_Tc_sc_Meditron__cycle_000,icbhi2017,icbhi2017::116,calibration,False,0,normal,6.513999999999999,0,0.09734062,0.17098825,0.18884811,0.15239232666666666,0.8476076733333333,0
icbhi2017::116_1b2_Tc_sc_Meditron__cycle_001,icbhi2017,icbhi2017::116,calibration,False,0,normal,5.471,0,0.05461868,0.07438968,0.08473149,0.07124661666666667,0.9287533833333333,0
icbhi2017::116_1b2_Tc_sc_Meditron__cycle_002,icbhi2017,icbhi2017::116,calibration,False,0,normal,6.615,0,0.038286448,0.085775375,0.090834595,0.07163213933333333,0.9283678606666667,0
icbhi2017::116_1b2_Tc_sc_Meditron__cycle_003,icbhi2017,icbhi2017::116,calibration,False,0,normal,1.3709999999999989,0,0.037125535,0.022858785,0.040478393,0.033487571,0.966512429,0
icbhi2017::125_1b1_Tc_sc_Meditron__cycle_000,icbhi2017,icbhi2017::125,calibration,False,0,normal,1.043,0,0.39576963,0.2710755,0.4246273,0.36382414333333335,0.6361758566666667,0
icbhi2017::125_1b1_Tc_sc_Meditron__cycle_001,icbhi2017,icbhi2017::125,calibration,False,0,normal,3.843,0,0.6389449,0.39836898,0.55119985,0.5295045766666667,0.4704954233333333,1
icbhi2017::125_1b1_Tc_sc_Meditron__cycle_002,icbhi2017,icbhi2017::125,calibration,False,1,crackle,4.271000000000001,1,0.6164433,0.41695365,0.5216326,0.5183431833333333,0.4816568166666667,1
icbhi2017::125_1b1_Tc_sc_Meditron__cycle_003,icbhi2017,icbhi2017::125,calibration,False,0,normal,2.828999999999999,0,0.5668176,0.30495217,0.33809572,0.4032884966666666,0.5967115033333334,0
icbhi2017::125_1b1_Tc_sc_Meditron__cycle_004,icbhi2017,icbhi2017::125,calibration,False,1,crackle,3.785,1,0.58545315,0.3405131,0.41276827,0.44624484000000003,0.5537551599999999,0
icbhi2017::125_1b1_Tc_sc_Meditron__cycle_005,icbhi2017,icbhi2017::125,calibration,False,0,normal,4.142999999999999,0,0.77871794,0.34544453,0.49603835,0.5400669400000001,0.4599330599999999,1
icbhi2017::129_1b1_Ar_sc_Meditron__cycle_000,icbhi2017,icbhi2017::129,calibration,False,0,normal,1.286,0,0.23849168,0.14779544,0.26992512,0.21873741333333332,0.7812625866666667,0
icbhi2017::129_1b1_Ar_sc_Meditron__cycle_001,icbhi2017,icbhi2017::129,calibration,False,1,crackle,2.671,1,0.095690764,0.04850531,0.13557808,0.09325805133333333,0.9067419486666667,0
icbhi2017::129_1b1_Ar_sc_Meditron__cycle_002,icbhi2017,icbhi2017::129,calibration,False,0,normal,2.6,0,0.15179534,0.08899553,0.24949738,0.16342941666666666,0.8365705833333333,0
icbhi2017::129_1b1_Ar_sc_Meditron__cycle_003,icbhi2017,icbhi2017::129,calibration,False,1,crackle,2.228,1,0.19743408,0.19099723,0.2585642,0.21566517,0.78433483,0
icbhi2017::129_1b1_Ar_sc_Meditron__cycle_004,icbhi2017,icbhi2017::129,calibration,False,1,crackle,2.4429999999999996,1,0.17658597,0.101447076,0.26408803,0.1807070253333333,0.8192929746666667,0
icbhi2017::129_1b1_Ar_sc_Meditron__cycle_005,icbhi2017,icbhi2017::129,calibration,False,1,crackle,2.572000000000001,1,0.10012082,0.07100126,0.18072951,0.11728386333333334,0.8827161366666667,0
icbhi2017::129_1b1_Ar_sc_Meditron__cycle_006,icbhi2017,icbhi2017::129,calibration,False,1,crackle,2.543000000000001,1,0.12459531,0.107596844,0.24149944,0.157897198,0.842102802,0
icbhi2017::129_1b1_Ar_sc_Meditron__cycle_007,icbhi2017,icbhi2017::129,calibration,False,0,normal,2.456999999999997,0,0.081811175,0.17963038,0.34145886,0.20096680499999997,0.799033195,0
icbhi2017::129_1b1_Ar_sc_Meditron__cycle_008,icbhi2017,icbhi2017::129,calibration,False,0,normal,0.7280000000000015,0,0.370843,0.44693363,0.34286076,0.38687913,0.6131208699999999,0
icbhi2017::140_2b2_Ll_mc_LittC2SE__cycle_000,icbhi2017,icbhi2017::140,calibration,False,0,normal,1.114,0,0.4744174,0.5562971,0.7252315,0.5853153333333333,0.4146846666666667,1
icbhi2017::140_2b2_Ll_mc_LittC2SE__cycle_001,icbhi2017,icbhi2017::140,calibration,False,0,normal,1.9710000000000003,0,0.5100791,0.26220378,0.4629011,0.4117279933333333,0.5882720066666667,0
icbhi2017::140_2b2_Ll_mc_LittC2SE__cycle_002,icbhi2017,icbhi2017::140,calibration,False,0,normal,2.072,0,0.5353179,0.47518533,0.56039065,0.5236312933333334,0.47636870666666664,1
icbhi2017::140_2b2_Ll_mc_LittC2SE__cycle_003,icbhi2017,icbhi2017::140,calibration,False,0,normal,1.928,0,0.32089987,0.27059633,0.38664824,0.32604814666666665,0.6739518533333333,0
icbhi2017::140_2b2_Ll_mc_LittC2SE__cycle_004,icbhi2017,icbhi2017::140,calibration,False,0,normal,2.457,0,0.34883633,0.36043832,0.5300273,0.41310065,0.5868993499999999,0
icbhi2017::140_2b2_Ll_mc_LittC2SE__cycle_005,icbhi2017,icbhi2017::140,calibration,False,0,normal,1.8859999999999992,0,0.3177518,0.37152192,0.5777424,0.4223387066666667,0.5776612933333334,0
icbhi2017::140_2b2_Ll_mc_LittC2SE__cycle_006,icbhi2017,icbhi2017::140,calibration,False,1,crackle,1.9860000000000009,1,0.7899146,0.79077315,0.7019213,0.7608696833333334,0.23913031666666662,1
icbhi2017::140_2b2_Ll_mc_LittC2SE__cycle_007,icbhi2017,icbhi2017::140,calibration,False,0,normal,2.0429999999999993,0,0.44172856,0.5298368,0.5377136,0.5030929866666667,0.4969070133333333,1
icbhi2017::140_2b2_Ll_mc_LittC2SE__cycle_008,icbhi2017,icbhi2017::140,calibration,False,0,normal,2.0,0,0.3940339,0.34885144,0.41568333,0.38618955666666666,0.6138104433333333,0
icbhi2017::140_2b2_Ll_mc_LittC2SE__cycle_009,icbhi2017,icbhi2017::140,calibration,False,0,normal,2.2570000000000014,0,0.5633409,0.45974457,0.6789144,0.56733329,0.43266671,1
icbhi2017::140_2b2_Ll_mc_LittC2SE__cycle_010,icbhi2017,icbhi2017::140,calibration,False,0,normal,0.2569999999999979,0,0.44869292,0.4383504,0.4652986,0.45078064,0.5492193599999999,0
icbhi2017::140_2b2_Tc_mc_LittC2SE__cycle_000,icbhi2017,icbhi2017::140,calibration,False,0,normal,1.814,0,0.09596351,0.049553815,0.077707484,0.07440826966666667,0.9255917303333333,0
icbhi2017::140_2b2_Tc_mc_LittC2SE__cycle_001,icbhi2017,icbhi2017::140,calibration,False,1,crackle,2.2289999999999996,1,0.18446718,0.28815654,0.23498218,0.23586863333333333,0.7641313666666667,0
icbhi2017::140_2b2_Tc_mc_LittC2SE__cycle_002,icbhi2017,icbhi2017::140,calibration,False,0,normal,2.357,0,0.12983806,0.2529929,0.08313301,0.15532132333333334,0.8446786766666666,0
icbhi2017::140_2b2_Tc_mc_LittC2SE__cycle_003,icbhi2017,icbhi2017::140,calibration,False,0,normal,2.0709999999999997,0,0.120144114,0.1686354,0.07824674,0.12234208466666667,0.8776579153333334,0
icbhi2017::140_2b2_Tc_mc_LittC2SE__cycle_004,icbhi2017,icbhi2017::140,calibration,False,0,normal,1.9139999999999997,0,0.1371827,0.3276343,0.33369005,0.26616901666666665,0.7338309833333334,0
icbhi2017::140_2b2_Tc_mc_LittC2SE__cycle_005,icbhi2017,icbhi2017::140,calibration,False,0,normal,2.043000000000001,0,0.08979207,0.09671867,0.18277356,0.12309476666666667,0.8769052333333334,0
icbhi2017::140_2b2_Tc_mc_LittC2SE__cycle_006,icbhi2017,icbhi2017::140,calibration,False,0,normal,2.0570000000000004,0,0.24032453,0.33382022,0.3186088,0.2975845166666667,0.7024154833333334,0
icbhi2017::140_2b2_Tc_mc_LittC2SE__cycle_007,icbhi2017,icbhi2017::140,calibration,False,0,normal,1.7579999999999991,0,0.14292982,0.13809451,0.18057589,0.15386674,0.84613326,0
icbhi2017::140_2b2_Tc_mc_LittC2SE__cycle_008,icbhi2017,icbhi2017::140,calibration,False,0,normal,2.213999999999998,0,0.07672322,0.13093045,0.20859684,0.13875017,0.86124983,0
icbhi2017::140_2b2_Tc_mc_LittC2SE__cycle_009,icbhi2017,icbhi2017::140,calibration,False,0,normal,1.471,0,0.0597105,0.07816903,0.10359853,0.08049268666666666,0.9195073133333334,0
icbhi2017::140_2b3_Ll_mc_LittC2SE__cycle_000,icbhi2017,icbhi2017::140,calibration,False,0,normal,3.272,0,0.60555214,0.42929888,0.5944132,0.5430880733333333,0.4569119266666667,1
icbhi2017::140_2b3_Ll_mc_LittC2SE__cycle_001,icbhi2017,icbhi2017::140,calibration,False,1,wheeze,2.114,1,0.61636317,0.57088757,0.5503523,0.5792010133333334,0.4207989866666666,1
icbhi2017::140_2b3_Ll_mc_LittC2SE__cycle_002,icbhi2017,icbhi2017::140,calibration,False,1,wheeze,2.4000000000000004,1,0.5136269,0.54607713,0.6950772,0.5849270766666667,0.41507292333333334,1
icbhi2017::140_2b3_Ll_mc_LittC2SE__cycle_003,icbhi2017,icbhi2017::140,calibration,False,1,wheeze,1.770999999999999,1,0.7843921,0.75142413,0.75053453,0.76211692,0.23788308000000002,1
icbhi2017::140_2b3_Ll_mc_LittC2SE__cycle_004,icbhi2017,icbhi2017::140,calibration,False,0,normal,1.9430000000000016,0,0.31702024,0.2135217,0.37621638,0.30225277333333334,0.6977472266666667,0
icbhi2017::140_2b3_Ll_mc_LittC2SE__cycle_005,icbhi2017,icbhi2017::140,calibration,False,0,normal,2.213999999999998,0,0.41687253,0.34724453,0.53396136,0.43269280666666665,0.5673071933333333,0
icbhi2017::140_2b3_Ll_mc_LittC2SE__cycle_006,icbhi2017,icbhi2017::140,calibration,False,0,normal,2.243000000000002,0,0.5765847,0.49392632,0.7029489,0.5911533066666667,0.40884669333333334,1
icbhi2017::140_2b3_Ll_mc_LittC2SE__cycle_007,icbhi2017,icbhi2017::140,calibration,False,0,normal,2.1999999999999993,0,0.35320264,0.38011405,0.5453518,0.42622283,0.5737771700000001,0
icbhi2017::140_2b3_Ll_mc_LittC2SE__cycle_008,icbhi2017,icbhi2017::140,calibration,False,0,normal,1.599999999999998,0,0.3952382,0.45112613,0.6443121,0.49689214333333337,0.5031078566666667,0
icbhi2017::140_2b3_Tc_mc_LittC2SE__cycle_000,icbhi2017,icbhi2017::140,calibration,False,0,normal,2.114,0,0.47832647,0.5787457,0.70771915,0.5882637733333334,0.41173622666666665,1
icbhi2017::140_2b3_Tc_mc_LittC2SE__cycle_001,icbhi2017,icbhi2017::140,calibration,False,1,wheeze,2.214,1,0.7575254,0.8565701,0.8127276,0.8089410333333333,0.19105896666666666,1
icbhi2017::140_2b3_Tc_mc_LittC2SE__cycle_002,icbhi2017,icbhi2017::140,calibration,False,1,wheeze,2.229,1,0.787273,0.876654,0.8631387,0.8423552333333334,0.1576447666666666,1
icbhi2017::140_2b3_Tc_mc_LittC2SE__cycle_003,icbhi2017,icbhi2017::140,calibration,False,1,wheeze,2.0999999999999996,1,0.4839333,0.48564875,0.5056331,0.4917383833333333,0.5082616166666667,0
icbhi2017::140_2b3_Tc_mc_LittC2SE__cycle_004,icbhi2017,icbhi2017::140,calibration,False,1,wheeze,1.857000000000001,1,0.5119743,0.5569714,0.6993504,0.5894320333333334,0.4105679666666666,1
icbhi2017::140_2b3_Tc_mc_LittC2SE__cycle_005,icbhi2017,icbhi2017::140,calibration,False,0,normal,2.270999999999999,0,0.20862631,0.16423126,0.30373657,0.22553137999999998,0.77446862,0
icbhi2017::140_2b3_Tc_mc_LittC2SE__cycle_006,icbhi2017,icbhi2017::140,calibration,False,0,normal,2.0999999999999996,0,0.22899678,0.15064275,0.31329632,0.23097861666666666,0.7690213833333334,0
icbhi2017::140_2b3_Tc_mc_LittC2SE__cycle_007,icbhi2017,icbhi2017::140,calibration,False,1,wheeze,2.286000000000002,1,0.28048182,0.44167736,0.46934363,0.39716760333333334,0.6028323966666667,0
icbhi2017::140_2b3_Tc_mc_LittC2SE__cycle_008,icbhi2017,icbhi2017::140,calibration,False,1,wheeze,2.099999999999998,1,0.51022553,0.74527913,0.810063,0.6885225533333333,0.31147744666666666,1
icbhi2017::140_2b3_Tc_mc_LittC2SE__cycle_009,icbhi2017,icbhi2017::140,calibration,False,0,normal,0.6720000000000006,0,0.21079174,0.1100901,0.22389653,0.18159278999999998,0.81840721,0
icbhi2017::158_1b3_Ar_mc_LittC2SE__cycle_000,icbhi2017,icbhi2017::158,calibration,False,0,normal,1.928,0,0.3868338,0.41557387,0.47554725,0.42598497333333335,0.5740150266666666,0
icbhi2017::158_1b3_Ar_mc_LittC2SE__cycle_001,icbhi2017,icbhi2017::158,calibration,False,0,normal,1.986,0,0.5911741,0.5368928,0.52581406,0.5512936533333334,0.44870634666666664,1
icbhi2017::158_1b3_Ar_mc_LittC2SE__cycle_002,icbhi2017,icbhi2017::158,calibration,False,0,normal,1.7710000000000004,0,0.5597946,0.6243642,0.6643782,0.616179,0.38382099999999997,1
icbhi2017::158_1b3_Ar_mc_LittC2SE__cycle_003,icbhi2017,icbhi2017::158,calibration,False,1,crackle,1.9289999999999992,1,0.67365474,0.58760345,0.63862836,0.6332955166666666,0.3667044833333334,1
icbhi2017::158_1b3_Ar_mc_LittC2SE__cycle_004,icbhi2017,icbhi2017::158,calibration,False,0,normal,1.4139999999999997,0,0.65809596,0.6492517,0.7397561,0.68236792,0.31763208,1
icbhi2017::158_1b3_Ar_mc_LittC2SE__cycle_005,icbhi2017,icbhi2017::158,calibration,False,1,crackle,1.7430000000000003,1,0.59919834,0.65601903,0.71065,0.6552891233333333,0.34471087666666667,1
icbhi2017::158_1b3_Ar_mc_LittC2SE__cycle_006,icbhi2017,icbhi2017::158,calibration,False,1,crackle,1.5140000000000011,1,0.61063826,0.49736366,0.4500702,0.5193573733333333,0.4806426266666667,1
icbhi2017::158_1b3_Ar_mc_LittC2SE__cycle_007,icbhi2017,icbhi2017::158,calibration,False,1,crackle,2.657,1,0.7384476,0.644347,0.60702205,0.6632722166666666,0.3367277833333334,1
icbhi2017::158_1b3_Ar_mc_LittC2SE__cycle_008,icbhi2017,icbhi2017::158,calibration,False,1,crackle,1.529,1,0.6119021,0.48442525,0.54018104,0.5455027966666667,0.4544972033333333,1
icbhi2017::158_1b3_Ar_mc_LittC2SE__cycle_009,icbhi2017,icbhi2017::158,calibration,False,1,crackle,1.9289999999999985,1,0.8851983,0.9412521,0.8556419,0.8940307666666666,0.10596923333333341,1
icbhi2017::158_1b3_Ar_mc_LittC2SE__cycle_010,icbhi2017,icbhi2017::158,calibration,False,0,normal,1.471,0,0.78689724,0.7918245,0.7518449,0.7768555466666668,0.22314445333333321,1
icbhi2017::158_1p2_Al_mc_AKGC417L__cycle_000,icbhi2017,icbhi2017::158,calibration,False,1,both,1.737,1,0.88479996,0.8995249,0.9394689,0.9079312533333334,0.09206874666666665,1
icbhi2017::158_1p2_Al_mc_AKGC417L__cycle_001,icbhi2017,icbhi2017::158,calibration,False,1,both,2.8710000000000004,1,0.8160158,0.86880946,0.9004052,0.8617434866666667,0.13825651333333333,1
icbhi2017::158_1p2_Al_mc_AKGC417L__cycle_002,icbhi2017,icbhi2017::158,calibration,False,0,normal,2.5039999999999996,0,0.32749298,0.24609742,0.33709458,0.30356166,0.69643834,0
icbhi2017::158_1p2_Al_mc_AKGC417L__cycle_003,icbhi2017,icbhi2017::158,calibration,False,1,both,2.388,1,0.8178851,0.76617914,0.8547555,0.8129399133333334,0.18706008666666663,1
icbhi2017::158_1p2_Al_mc_AKGC417L__cycle_004,icbhi2017,icbhi2017::158,calibration,False,0,normal,2.4540000000000006,0,0.47271973,0.47428745,0.25769317,0.40156678333333334,0.5984332166666666,0
icbhi2017::158_1p2_Al_mc_AKGC417L__cycle_005,icbhi2017,icbhi2017::158,calibration,False,0,normal,2.6210000000000004,0,0.55519944,0.55987126,0.68463385,0.5999015166666667,0.4000984833333333,1
icbhi2017::158_1p2_Al_mc_AKGC417L__cycle_006,icbhi2017,icbhi2017::158,calibration,False,0,normal,2.287000000000001,0,0.7975444,0.782376,0.7243887,0.7681030333333334,0.2318969666666666,1
icbhi2017::158_1p2_Al_mc_AKGC417L__cycle_007,icbhi2017,icbhi2017::158,calibration,False,0,normal,0.884999999999998,0,0.7551876,0.70514464,0.7558003,0.7387108466666668,0.26128915333333325,1
icbhi2017::158_1p2_Ar_mc_AKGC417L__cycle_000,icbhi2017,icbhi2017::158,calibration,False,1,both,1.737,1,0.92945886,0.9580523,0.9249267,0.9374792866666666,0.06252071333333342,1
icbhi2017::158_1p2_Ar_mc_AKGC417L__cycle_001,icbhi2017,icbhi2017::158,calibration,False,1,both,2.8710000000000004,1,0.78497225,0.8356679,0.8003519,0.8069973500000001,0.19300264999999994,1
icbhi2017::158_1p2_Ar_mc_AKGC417L__cycle_002,icbhi2017,icbhi2017::158,calibration,False,0,normal,2.5039999999999996,0,0.61482275,0.48922223,0.48894057,0.5309951833333333,0.4690048166666667,1
icbhi2017::158_1p2_Ar_mc_AKGC417L__cycle_003,icbhi2017,icbhi2017::158,calibration,False,1,both,2.388,1,0.75745034,0.740847,0.71360385,0.7373003966666668,0.2626996033333332,1
icbhi2017::158_1p2_Ar_mc_AKGC417L__cycle_004,icbhi2017,icbhi2017::158,calibration,False,0,normal,2.4540000000000006,0,0.47002545,0.6537244,0.5186515,0.5474671166666667,0.4525328833333333,1
icbhi2017::158_1p2_Ar_mc_AKGC417L__cycle_005,icbhi2017,icbhi2017::158,calibration,False,0,normal,2.6210000000000004,0,0.63611716,0.73118585,0.56295663,0.64341988,0.35658011999999994,1
icbhi2017::158_1p2_Ar_mc_AKGC417L__cycle_006,icbhi2017,icbhi2017::158,calibration,False,0,normal,2.287000000000001,0,0.90576786,0.93956,0.8242233,0.8898503866666666,0.1101496133333334,1
icbhi2017::158_1p2_Ar_mc_AKGC417L__cycle_007,icbhi2017,icbhi2017::158,calibration,False,0,normal,0.884999999999998,0,0.855606,0.83476514,0.9115235,0.8672982133333332,0.13270178666666677,1
icbhi2017::158_1p2_Ll_mc_AKGC417L__cycle_000,icbhi2017,icbhi2017::158,calibration,False,1,crackle,1.737,1,0.97067696,0.9927805,0.97299427,0.9788172433333333,0.02118275666666669,1
icbhi2017::158_1p2_Ll_mc_AKGC417L__cycle_001,icbhi2017,icbhi2017::158,calibration,False,1,crackle,2.8710000000000004,1,0.9572599,0.98604935,0.9779244,0.97374455,0.026255449999999958,1
icbhi2017::158_1p2_Ll_mc_AKGC417L__cycle_002,icbhi2017,icbhi2017::158,calibration,False,1,crackle,2.5039999999999996,1,0.9544319,0.9580765,0.93688166,0.9497966866666667,0.05020331333333328,1
icbhi2017::158_1p2_Ll_mc_AKGC417L__cycle_003,icbhi2017,icbhi2017::158,calibration,False,1,both,2.388,1,0.97323585,0.9701765,0.9705547,0.97132235,0.02867765,1
icbhi2017::158_1p2_Ll_mc_AKGC417L__cycle_004,icbhi2017,icbhi2017::158,calibration,False,1,crackle,2.4540000000000006,1,0.9144948,0.9367962,0.90126395,0.9175183166666666,0.08248168333333339,1
icbhi2017::158_1p2_Ll_mc_AKGC417L__cycle_005,icbhi2017,icbhi2017::158,calibration,False,1,crackle,2.6210000000000004,1,0.9112651,0.9672435,0.9434522,0.9406536,0.05934640000000002,1
icbhi2017::158_1p2_Ll_mc_AKGC417L__cycle_006,icbhi2017,icbhi2017::158,calibration,False,0,normal,2.287000000000001,0,0.947405,0.922027,0.89601827,0.9218167566666667,0.07818324333333326,1
icbhi2017::158_1p2_Ll_mc_AKGC417L__cycle_007,icbhi2017,icbhi2017::158,calibration,False,0,normal,0.884999999999998,0,0.45144778,0.53415096,0.6087354,0.5314447133333333,0.4685552866666667,1
icbhi2017::158_1p2_Lr_mc_AKGC417L__cycle_000,icbhi2017,icbhi2017::158,calibration,False,1,both,1.737,1,0.9660855,0.97937757,0.94927603,0.9649130333333334,0.03508696666666655,1
icbhi2017::158_1p2_Lr_mc_AKGC417L__cycle_001,icbhi2017,icbhi2017::158,calibration,False,1,both,2.8710000000000004,1,0.919865,0.9682331,0.8536495,0.9139158666666667,0.08608413333333331,1
icbhi2017::158_1p2_Lr_mc_AKGC417L__cycle_002,icbhi2017,icbhi2017::158,calibration,False,1,both,2.5039999999999996,1,0.7378582,0.6309895,0.60524786,0.6580318533333332,0.34196814666666675,1
icbhi2017::158_1p2_Lr_mc_AKGC417L__cycle_003,icbhi2017,icbhi2017::158,calibration,False,1,both,2.388,1,0.43571764,0.7015871,0.4090021,0.5154356133333333,0.4845643866666667,1
icbhi2017::158_1p2_Lr_mc_AKGC417L__cycle_004,icbhi2017,icbhi2017::158,calibration,False,0,normal,2.4540000000000006,0,0.6780568,0.8104704,0.7124525,0.7336599,0.26634009999999997,1
icbhi2017::158_1p2_Lr_mc_AKGC417L__cycle_005,icbhi2017,icbhi2017::158,calibration,False,0,normal,2.6210000000000004,0,0.4212232,0.75787127,0.57947904,0.5861911699999999,0.4138088300000001,1
icbhi2017::158_1p2_Lr_mc_AKGC417L__cycle_006,icbhi2017,icbhi2017::158,calibration,False,0,normal,2.287000000000001,0,0.6705017,0.85997295,0.7332898,0.75458815,0.24541185,1
icbhi2017::158_1p2_Lr_mc_AKGC417L__cycle_007,icbhi2017,icbhi2017::158,calibration,False,1,wheeze,0.884999999999998,1,0.44929236,0.7202295,0.3455005,0.5050074533333333,0.4949925466666667,1
icbhi2017::158_1p2_Pl_mc_AKGC417L__cycle_000,icbhi2017,icbhi2017::158,calibration,False,1,both,1.737,1,0.9072915,0.9128178,0.9013591,0.9071561333333333,0.09284386666666666,1
icbhi2017::158_1p2_Pl_mc_AKGC417L__cycle_001,icbhi2017,icbhi2017::158,calibration,False,1,both,2.8710000000000004,1,0.8098217,0.8980733,0.90674704,0.8715473466666666,0.12845265333333344,1
icbhi2017::158_1p2_Pl_mc_AKGC417L__cycle_002,icbhi2017,icbhi2017::158,calibration,False,1,crackle,2.5039999999999996,1,0.6749112,0.69832456,0.6555546,0.6762634533333333,0.32373654666666674,1
icbhi2017::158_1p2_Pl_mc_AKGC417L__cycle_003,icbhi2017,icbhi2017::158,calibration,False,1,both,2.388,1,0.58612204,0.6263074,0.63082504,0.6144181599999999,0.38558184000000006,1
icbhi2017::158_1p2_Pl_mc_AKGC417L__cycle_004,icbhi2017,icbhi2017::158,calibration,False,1,wheeze,2.4540000000000006,1,0.75861233,0.767869,0.7610979,0.76252641,0.23747359,1
icbhi2017::158_1p2_Pl_mc_AKGC417L__cycle_005,icbhi2017,icbhi2017::158,calibration,False,1,wheeze,2.6210000000000004,1,0.86240774,0.8262159,0.9040091,0.8642109133333333,0.13578908666666667,1
icbhi2017::158_1p2_Pl_mc_AKGC417L__cycle_006,icbhi2017,icbhi2017::158,calibration,False,0,normal,2.287000000000001,0,0.7923462,0.832228,0.76392066,0.7961649533333334,0.20383504666666663,1
icbhi2017::158_1p2_Pl_mc_AKGC417L__cycle_007,icbhi2017,icbhi2017::158,calibration,False,0,normal,0.884999999999998,0,0.68575495,0.7877952,0.73639125,0.7366471333333333,0.2633528666666667,1
icbhi2017::158_1p2_Pr_mc_AKGC417L__cycle_000,icbhi2017,icbhi2017::158,calibration,False,1,crackle,1.737,1,0.76775855,0.69613993,0.696059,0.7199858266666667,0.28001417333333334,1
icbhi2017::158_1p2_Pr_mc_AKGC417L__cycle_001,icbhi2017,icbhi2017::158,calibration,False,1,both,2.8710000000000004,1,0.94495326,0.9635691,0.8936482,0.9340568533333333,0.06594314666666667,1
icbhi2017::158_1p2_Pr_mc_AKGC417L__cycle_002,icbhi2017,icbhi2017::158,calibration,False,1,both,2.5039999999999996,1,0.7875878,0.9347902,0.6835041,0.8019607,0.19803930000000003,1
icbhi2017::158_1p2_Pr_mc_AKGC417L__cycle_003,icbhi2017,icbhi2017::158,calibration,False,1,both,2.388,1,0.9325904,0.970691,0.8587664,0.9206826,0.07931739999999998,1
icbhi2017::158_1p2_Pr_mc_AKGC417L__cycle_004,icbhi2017,icbhi2017::158,calibration,False,1,both,2.4540000000000006,1,0.74535125,0.8853681,0.6938923,0.77487055,0.22512944999999995,1
icbhi2017::158_1p2_Pr_mc_AKGC417L__cycle_005,icbhi2017,icbhi2017::158,calibration,False,0,normal,2.6210000000000004,0,0.79817194,0.8758816,0.76499414,0.8130158933333332,0.18698410666666676,1
icbhi2017::158_1p2_Pr_mc_AKGC417L__cycle_006,icbhi2017,icbhi2017::158,calibration,False,1,crackle,2.287000000000001,1,0.6245404,0.5961955,0.52725744,0.5826644466666666,0.4173355533333334,1
icbhi2017::158_1p2_Pr_mc_AKGC417L__cycle_007,icbhi2017,icbhi2017::158,calibration,False,1,wheeze,0.884999999999998,1,0.76141083,0.8970576,0.8114229,0.82329711,0.17670288999999995,1
icbhi2017::158_1p2_Tc_mc_AKGC417L__cycle_000,icbhi2017,icbhi2017::158,calibration,False,1,crackle,1.737,1,0.13108142,0.11247966,0.20244819,0.14866975666666668,0.8513302433333333,0
icbhi2017::158_1p2_Tc_mc_AKGC417L__cycle_001,icbhi2017,icbhi2017::158,calibration,False,1,crackle,2.8710000000000004,1,0.25908577,0.2018508,0.49490362,0.31861339666666666,0.6813866033333333,0
icbhi2017::158_1p2_Tc_mc_AKGC417L__cycle_002,icbhi2017,icbhi2017::158,calibration,False,0,normal,2.5039999999999996,0,0.20479187,0.115439646,0.32738143,0.215870982,0.784129018,0
icbhi2017::158_1p2_Tc_mc_AKGC417L__cycle_003,icbhi2017,icbhi2017::158,calibration,False,0,normal,2.388,0,0.3045212,0.34037796,0.4819326,0.37561058666666663,0.6243894133333334,0
icbhi2017::158_1p2_Tc_mc_AKGC417L__cycle_004,icbhi2017,icbhi2017::158,calibration,False,0,normal,2.4540000000000006,0,0.25238302,0.10990069,0.48031682,0.28086684333333334,0.7191331566666667,0
icbhi2017::158_1p2_Tc_mc_AKGC417L__cycle_005,icbhi2017,icbhi2017::158,calibration,False,0,normal,2.6210000000000004,0,0.22302423,0.11725607,0.37190014,0.23739348000000002,0.76260652,0
icbhi2017::158_1p2_Tc_mc_AKGC417L__cycle_006,icbhi2017,icbhi2017::158,calibration,False,0,normal,2.287000000000001,0,0.5133414,0.4243297,0.6447402,0.5274704333333333,0.4725295666666667,1
icbhi2017::158_1p2_Tc_mc_AKGC417L__cycle_007,icbhi2017,icbhi2017::158,calibration,False,0,normal,0.884999999999998,0,0.22121477,0.22310995,0.4453055,0.2965434066666667,0.7034565933333333,0
icbhi2017::158_1p3_Al_mc_AKGC417L__cycle_000,icbhi2017,icbhi2017::158,calibration,False,1,wheeze,1.6030000000000002,1,0.8026238,0.705584,0.8005903,0.7695993666666667,0.23040063333333327,1
icbhi2017::158_1p3_Al_mc_AKGC417L__cycle_001,icbhi2017,icbhi2017::158,calibration,False,1,both,2.8379999999999996,1,0.6003749,0.5141612,0.6040579,0.5728646666666667,0.4271353333333333,1
icbhi2017::158_1p3_Al_mc_AKGC417L__cycle_002,icbhi2017,icbhi2017::158,calibration,False,1,both,2.404,1,0.85728645,0.9221951,0.80056465,0.8600154,0.13998460000000001,1
icbhi2017::158_1p3_Al_mc_AKGC417L__cycle_003,icbhi2017,icbhi2017::158,calibration,False,1,crackle,2.354,1,0.91248095,0.9139093,0.872983,0.8997910833333332,0.10020891666666676,1
icbhi2017::158_1p3_Al_mc_AKGC417L__cycle_004,icbhi2017,icbhi2017::158,calibration,False,1,both,2.271000000000001,1,0.89381915,0.8962923,0.9047271,0.8982795166666667,0.10172048333333328,1
icbhi2017::158_1p3_Al_mc_AKGC417L__cycle_005,icbhi2017,icbhi2017::158,calibration,False,1,both,2.2029999999999994,1,0.88613534,0.8836856,0.8617141,0.8771783466666667,0.12282165333333328,1
icbhi2017::158_1p3_Al_mc_AKGC417L__cycle_006,icbhi2017,icbhi2017::158,calibration,False,1,wheeze,2.2540000000000013,1,0.56237835,0.67763084,0.5713624,0.6037905299999999,0.39620947000000006,1
icbhi2017::158_1p3_Al_mc_AKGC417L__cycle_007,icbhi2017,icbhi2017::158,calibration,False,1,wheeze,2.286999999999999,1,0.9068614,0.79215443,0.86473674,0.8545841900000001,0.14541580999999992,1
icbhi2017::158_1p3_Al_mc_AKGC417L__cycle_008,icbhi2017,icbhi2017::158,calibration,False,0,normal,0.8509999999999991,0,0.7919549,0.811674,0.7075259,0.7703849333333332,0.22961506666666676,1
icbhi2017::158_1p3_Ar_mc_AKGC417L__cycle_000,icbhi2017,icbhi2017::158,calibration,False,1,both,1.6030000000000002,1,0.73585564,0.71414715,0.6555081,0.7018369633333333,0.29816303666666666,1
icbhi2017::158_1p3_Ar_mc_AKGC417L__cycle_001,icbhi2017,icbhi2017::158,calibration,False,1,wheeze,2.8379999999999996,1,0.68205476,0.6933066,0.6783661,0.68457582,0.31542418000000005,1
icbhi2017::158_1p3_Ar_mc_AKGC417L__cycle_002,icbhi2017,icbhi2017::158,calibration,False,1,wheeze,2.404,1,0.68263435,0.6777802,0.5464205,0.6356116833333333,0.3643883166666667,1
icbhi2017::158_1p3_Ar_mc_AKGC417L__cycle_003,icbhi2017,icbhi2017::158,calibration,False,1,both,2.354,1,0.53948385,0.67012084,0.4164849,0.5420298633333333,0.45797013666666675,1
icbhi2017::158_1p3_Ar_mc_AKGC417L__cycle_004,icbhi2017,icbhi2017::158,calibration,False,1,both,2.271000000000001,1,0.74072045,0.77087903,0.6319154,0.7145049600000001,0.2854950399999999,1
icbhi2017::158_1p3_Ar_mc_AKGC417L__cycle_005,icbhi2017,icbhi2017::158,calibration,False,1,both,2.2029999999999994,1,0.79559064,0.6904003,0.7170451,0.7343453466666666,0.2656546533333334,1
icbhi2017::158_1p3_Ar_mc_AKGC417L__cycle_006,icbhi2017,icbhi2017::158,calibration,False,1,wheeze,2.2540000000000013,1,0.8916304,0.91063267,0.8689847,0.8904159233333333,0.1095840766666667,1
icbhi2017::158_1p3_Ar_mc_AKGC417L__cycle_007,icbhi2017,icbhi2017::158,calibration,False,1,wheeze,2.286999999999999,1,0.84795827,0.89574206,0.82120305,0.8549677933333334,0.1450322066666666,1
icbhi2017::158_1p3_Ar_mc_AKGC417L__cycle_008,icbhi2017,icbhi2017::158,calibration,False,0,normal,0.8509999999999991,0,0.77438325,0.8833477,0.9016747,0.8531352166666667,0.1468647833333333,1
icbhi2017::158_1p3_Ll_mc_AKGC417L__cycle_000,icbhi2017,icbhi2017::158,calibration,False,1,wheeze,1.6030000000000002,1,0.9887432,0.9909738,0.99195486,0.9905572866666666,0.009442713333333352,1
icbhi2017::158_1p3_Ll_mc_AKGC417L__cycle_001,icbhi2017,icbhi2017::158,calibration,False,1,wheeze,2.8379999999999996,1,0.57238054,0.7655378,0.55625963,0.6313926566666667,0.36860734333333334,1
icbhi2017::158_1p3_Ll_mc_AKGC417L__cycle_002,icbhi2017,icbhi2017::158,calibration,False,1,wheeze,2.404,1,0.9556521,0.9435201,0.94341147,0.9475278899999999,0.05247211000000007,1
icbhi2017::158_1p3_Ll_mc_AKGC417L__cycle_003,icbhi2017,icbhi2017::158,calibration,False,1,crackle,2.354,1,0.93062335,0.8838783,0.79995424,0.8714852966666666,0.12851470333333337,1
icbhi2017::158_1p3_Ll_mc_AKGC417L__cycle_004,icbhi2017,icbhi2017::158,calibration,False,1,wheeze,2.271000000000001,1,0.87862086,0.90300715,0.8631601,0.8815960366666666,0.11840396333333336,1
icbhi2017::158_1p3_Ll_mc_AKGC417L__cycle_005,icbhi2017,icbhi2017::158,calibration,False,1,both,2.2029999999999994,1,0.9169026,0.9009812,0.81306106,0.87698162,0.12301837999999998,1
icbhi2017::158_1p3_Ll_mc_AKGC417L__cycle_006,icbhi2017,icbhi2017::158,calibration,False,1,both,2.2540000000000013,1,0.94156885,0.9408742,0.9253786,0.9359405500000001,0.0640594499999999,1
icbhi2017::158_1p3_Ll_mc_AKGC417L__cycle_007,icbhi2017,icbhi2017::158,calibration,False,1,wheeze,2.286999999999999,1,0.8639654,0.9045715,0.8911448,0.8865605666666667,0.11343943333333328,1
icbhi2017::158_1p3_Ll_mc_AKGC417L__cycle_008,icbhi2017,icbhi2017::158,calibration,False,0,normal,0.8509999999999991,0,0.8007063,0.82078344,0.80586135,0.80911703,0.19088296999999999,1
icbhi2017::158_1p3_Lr_mc_AKGC417L__cycle_000,icbhi2017,icbhi2017::158,calibration,False,1,both,1.6030000000000002,1,0.7864842,0.8435487,0.77454543,0.8015261100000001,0.19847388999999993,1
icbhi2017::158_1p3_Lr_mc_AKGC417L__cycle_001,icbhi2017,icbhi2017::158,calibration,False,1,wheeze,2.8379999999999996,1,0.8384398,0.9246852,0.8420635,0.8683961666666667,0.13160383333333325,1
icbhi2017::158_1p3_Lr_mc_AKGC417L__cycle_002,icbhi2017,icbhi2017::158,calibration,False,1,wheeze,2.404,1,0.8771396,0.8613689,0.7649206,0.8344763666666667,0.1655236333333333,1
icbhi2017::158_1p3_Lr_mc_AKGC417L__cycle_003,icbhi2017,icbhi2017::158,calibration,False,1,wheeze,2.354,1,0.7798807,0.78411454,0.65397406,0.7393231,0.2606769,1
icbhi2017::158_1p3_Lr_mc_AKGC417L__cycle_004,icbhi2017,icbhi2017::158,calibration,False,1,both,2.271000000000001,1,0.9419721,0.97968835,0.92400795,0.9485561333333333,0.05144386666666667,1
icbhi2017::158_1p3_Lr_mc_AKGC417L__cycle_005,icbhi2017,icbhi2017::158,calibration,False,1,both,2.2029999999999994,1,0.8417606,0.8517784,0.7734905,0.8223431666666666,0.17765683333333337,1
icbhi2017::158_1p3_Lr_mc_AKGC417L__cycle_006,icbhi2017,icbhi2017::158,calibration,False,1,both,2.2540000000000013,1,0.9399863,0.9694084,0.9201645,0.9431864000000001,0.05681359999999991,1
icbhi2017::158_1p3_Lr_mc_AKGC417L__cycle_007,icbhi2017,icbhi2017::158,calibration,False,1,wheeze,2.286999999999999,1,0.96737415,0.9882718,0.9705446,0.9753968500000001,0.024603149999999907,1
icbhi2017::158_1p3_Lr_mc_AKGC417L__cycle_008,icbhi2017,icbhi2017::158,calibration,False,1,wheeze,0.8509999999999991,1,0.92396045,0.941785,0.94847757,0.93807434,0.061925659999999993,1
icbhi2017::158_1p3_Pl_mc_AKGC417L__cycle_000,icbhi2017,icbhi2017::158,calibration,False,1,wheeze,1.6030000000000002,1,0.37315363,0.4553124,0.5470645,0.4585101766666666,0.5414898233333334,0
icbhi2017::158_1p3_Pl_mc_AKGC417L__cycle_001,icbhi2017,icbhi2017::158,calibration,False,1,wheeze,2.8379999999999996,1,0.45839188,0.46468267,0.52507055,0.4827150333333334,0.5172849666666666,0
icbhi2017::158_1p3_Pl_mc_AKGC417L__cycle_002,icbhi2017,icbhi2017::158,calibration,False,1,wheeze,2.404,1,0.75136995,0.71165097,0.6953594,0.7194601066666667,0.2805398933333333,1
icbhi2017::158_1p3_Pl_mc_AKGC417L__cycle_003,icbhi2017,icbhi2017::158,calibration,False,1,wheeze,2.354,1,0.84306234,0.83761895,0.8002502,0.8269771633333333,0.17302283666666674,1
icbhi2017::158_1p3_Pl_mc_AKGC417L__cycle_004,icbhi2017,icbhi2017::158,calibration,False,1,both,2.271000000000001,1,0.88494486,0.8439042,0.8571079,0.8619856533333333,0.13801434666666668,1
icbhi2017::158_1p3_Pl_mc_AKGC417L__cycle_005,icbhi2017,icbhi2017::158,calibration,False,1,both,2.2029999999999994,1,0.801261,0.65576494,0.64933246,0.7021194666666667,0.2978805333333333,1
icbhi2017::158_1p3_Pl_mc_AKGC417L__cycle_006,icbhi2017,icbhi2017::158,calibration,False,1,both,2.2540000000000013,1,0.8294847,0.82404757,0.78165454,0.8117289366666666,0.18827106333333343,1
icbhi2017::158_1p3_Pl_mc_AKGC417L__cycle_007,icbhi2017,icbhi2017::158,calibration,False,1,wheeze,2.286999999999999,1,0.72166437,0.5401783,0.5747996,0.61221409,0.38778590999999996,1
icbhi2017::158_1p3_Pl_mc_AKGC417L__cycle_008,icbhi2017,icbhi2017::158,calibration,False,0,normal,0.8509999999999991,0,0.40392953,0.53042144,0.44503573,0.45979556666666666,0.5402044333333333,0
icbhi2017::158_1p3_Pr_mc_AKGC417L__cycle_000,icbhi2017,icbhi2017::158,calibration,False,1,wheeze,1.6030000000000002,1,0.78562844,0.6777021,0.75159794,0.7383094933333333,0.2616905066666667,1
icbhi2017::158_1p3_Pr_mc_AKGC417L__cycle_001,icbhi2017,icbhi2017::158,calibration,False,1,wheeze,2.8379999999999996,1,0.8930245,0.82103616,0.8597721,0.8579442533333334,0.14205574666666665,1
icbhi2017::158_1p3_Pr_mc_AKGC417L__cycle_002,icbhi2017,icbhi2017::158,calibration,False,1,wheeze,2.404,1,0.8088326,0.8254703,0.7535236,0.7959421666666667,0.20405783333333327,1
icbhi2017::158_1p3_Pr_mc_AKGC417L__cycle_003,icbhi2017,icbhi2017::158,calibration,False,1,both,2.354,1,0.8897663,0.8956845,0.8851103,0.8901870333333334,0.10981296666666662,1
icbhi2017::158_1p3_Pr_mc_AKGC417L__cycle_004,icbhi2017,icbhi2017::158,calibration,False,1,wheeze,2.271000000000001,1,0.9284012,0.94244206,0.86803484,0.9129593666666667,0.08704063333333334,1
icbhi2017::158_1p3_Pr_mc_AKGC417L__cycle_005,icbhi2017,icbhi2017::158,calibration,False,1,both,2.2029999999999994,1,0.8008322,0.73697597,0.80005896,0.7792890433333333,0.22071095666666674,1
icbhi2017::158_1p3_Pr_mc_AKGC417L__cycle_006,icbhi2017,icbhi2017::158,calibration,False,1,wheeze,2.2540000000000013,1,0.84319824,0.9052171,0.8334897,0.8606350133333334,0.13936498666666663,1
icbhi2017::158_1p3_Pr_mc_AKGC417L__cycle_007,icbhi2017,icbhi2017::158,calibration,False,1,both,2.286999999999999,1,0.9564053,0.96586645,0.9346955,0.9523224166666667,0.04767758333333327,1
icbhi2017::158_1p3_Pr_mc_AKGC417L__cycle_008,icbhi2017,icbhi2017::158,calibration,False,1,wheeze,0.8509999999999991,1,0.94521976,0.9739853,0.94025975,0.9531549366666666,0.04684506333333338,1
icbhi2017::158_1p3_Tc_mc_AKGC417L__cycle_000,icbhi2017,icbhi2017::158,calibration,False,1,wheeze,1.6030000000000002,1,0.23323345,0.15442339,0.34494224,0.24419969333333333,0.7558003066666666,0
icbhi2017::158_1p3_Tc_mc_AKGC417L__cycle_001,icbhi2017,icbhi2017::158,calibration,False,1,wheeze,2.8379999999999996,1,0.39448977,0.4026383,0.5222109,0.4397796566666667,0.5602203433333333,0
icbhi2017::158_1p3_Tc_mc_AKGC417L__cycle_002,icbhi2017,icbhi2017::158,calibration,False,1,wheeze,2.404,1,0.2891794,0.3652964,0.4831805,0.37921876666666665,0.6207812333333333,0
icbhi2017::158_1p3_Tc_mc_AKGC417L__cycle_003,icbhi2017,icbhi2017::158,calibration,False,0,normal,2.354,0,0.16590518,0.09441311,0.32746568,0.19592799000000002,0.80407201,0
icbhi2017::158_1p3_Tc_mc_AKGC417L__cycle_004,icbhi2017,icbhi2017::158,calibration,False,1,wheeze,2.271000000000001,1,0.15730229,0.11890835,0.25076056,0.17565706666666667,0.8243429333333333,0
icbhi2017::158_1p3_Tc_mc_AKGC417L__cycle_005,icbhi2017,icbhi2017::158,calibration,False,1,wheeze,2.2029999999999994,1,0.29616538,0.31840953,0.39598468,0.33685319666666663,0.6631468033333334,0
icbhi2017::158_1p3_Tc_mc_AKGC417L__cycle_006,icbhi2017,icbhi2017::158,calibration,False,1,wheeze,2.2540000000000013,1,0.43924704,0.44261637,0.56235665,0.4814066866666667,0.5185933133333334,0
icbhi2017::158_1p3_Tc_mc_AKGC417L__cycle_007,icbhi2017,icbhi2017::158,calibration,False,1,wheeze,2.286999999999999,1,0.3612014,0.30453926,0.5223597,0.39603345333333334,0.6039665466666666,0
icbhi2017::158_1p3_Tc_mc_AKGC417L__cycle_008,icbhi2017,icbhi2017::158,calibration,False,0,normal,0.8509999999999991,0,0.35638165,0.33446172,0.50895965,0.39993434,0.6000656600000001,0
icbhi2017::158_1p4_Al_mc_AKGC417L__cycle_000,icbhi2017,icbhi2017::158,calibration,False,1,both,2.471,1,0.9158013,0.96738774,0.9302684,0.9378191466666667,0.06218085333333334,1
icbhi2017::158_1p4_Al_mc_AKGC417L__cycle_001,icbhi2017,icbhi2017::158,calibration,False,1,both,2.2369999999999997,1,0.90747535,0.9803289,0.9417303,0.9431781833333334,0.056821816666666636,1
icbhi2017::158_1p4_Al_mc_AKGC417L__cycle_002,icbhi2017,icbhi2017::158,calibration,False,1,crackle,2.17,1,0.8411613,0.8992524,0.78249276,0.84096882,0.15903118000000005,1
icbhi2017::158_1p4_Al_mc_AKGC417L__cycle_003,icbhi2017,icbhi2017::158,calibration,False,0,normal,2.154000000000001,0,0.68923557,0.6008473,0.5285823,0.6062217233333334,0.39377827666666665,1
icbhi2017::158_1p4_Al_mc_AKGC417L__cycle_004,icbhi2017,icbhi2017::158,calibration,False,1,crackle,2.0700000000000003,1,0.8927017,0.900601,0.87383676,0.8890464866666666,0.11095351333333336,1
icbhi2017::158_1p4_Al_mc_AKGC417L__cycle_005,icbhi2017,icbhi2017::158,calibration,False,1,crackle,2.237,1,0.74855393,0.8814794,0.7766506,0.8022279766666666,0.19777202333333344,1
icbhi2017::158_1p4_Al_mc_AKGC417L__cycle_006,icbhi2017,icbhi2017::158,calibration,False,0,normal,2.0699999999999985,0,0.3450801,0.13711183,0.09450918,0.19223370333333334,0.8077662966666667,0
icbhi2017::158_1p4_Al_mc_AKGC417L__cycle_007,icbhi2017,icbhi2017::158,calibration,False,1,both,2.054000000000002,1,0.8217988,0.7742367,0.61001086,0.7353487866666667,0.2646512133333333,1
icbhi2017::158_1p4_Al_mc_AKGC417L__cycle_008,icbhi2017,icbhi2017::158,calibration,False,0,normal,2.0199999999999996,0,0.8248318,0.91318095,0.8221291,0.8533806166666666,0.14661938333333335,1
icbhi2017::158_1p4_Ar_mc_AKGC417L__cycle_000,icbhi2017,icbhi2017::158,calibration,False,1,both,2.471,1,0.8208355,0.827784,0.6682077,0.7722757333333333,0.22772426666666667,1
icbhi2017::158_1p4_Ar_mc_AKGC417L__cycle_001,icbhi2017,icbhi2017::158,calibration,False,1,crackle,2.2369999999999997,1,0.7890282,0.86264986,0.7457866,0.7991548866666666,0.20084511333333344,1
icbhi2017::158_1p4_Ar_mc_AKGC417L__cycle_002,icbhi2017,icbhi2017::158,calibration,False,1,crackle,2.17,1,0.8837824,0.8414518,0.716222,0.8138187333333334,0.18618126666666657,1
icbhi2017::158_1p4_Ar_mc_AKGC417L__cycle_003,icbhi2017,icbhi2017::158,calibration,False,0,normal,2.154000000000001,0,0.7251531,0.7189378,0.6830543,0.7090484,0.2909516,1
icbhi2017::158_1p4_Ar_mc_AKGC417L__cycle_004,icbhi2017,icbhi2017::158,calibration,False,1,crackle,2.0700000000000003,1,0.83310366,0.85958207,0.81024593,0.8343105533333333,0.16568944666666674,1
icbhi2017::158_1p4_Ar_mc_AKGC417L__cycle_005,icbhi2017,icbhi2017::158,calibration,False,1,crackle,2.237,1,0.7448785,0.81367064,0.79093444,0.7831611933333334,0.21683880666666655,1
icbhi2017::158_1p4_Ar_mc_AKGC417L__cycle_006,icbhi2017,icbhi2017::158,calibration,False,0,normal,2.0699999999999985,0,0.64929146,0.7034721,0.6112574,0.6546736533333334,0.3453263466666666,1
icbhi2017::158_1p4_Ar_mc_AKGC417L__cycle_007,icbhi2017,icbhi2017::158,calibration,False,1,crackle,2.054000000000002,1,0.9515962,0.9763995,0.9316372,0.9532109666666666,0.046789033333333396,1
icbhi2017::158_1p4_Ar_mc_AKGC417L__cycle_008,icbhi2017,icbhi2017::158,calibration,False,1,crackle,2.0199999999999996,1,0.7636295,0.914205,0.7488693,0.8089012666666666,0.19109873333333338,1
icbhi2017::158_1p4_Lr_mc_AKGC417L__cycle_000,icbhi2017,icbhi2017::158,calibration,False,1,both,2.471,1,0.77985036,0.8417433,0.7236334,0.7817423533333333,0.2182576466666667,1
icbhi2017::158_1p4_Lr_mc_AKGC417L__cycle_001,icbhi2017,icbhi2017::158,calibration,False,1,both,2.2369999999999997,1,0.67584145,0.820648,0.8190848,0.7718580833333334,0.2281419166666666,1
icbhi2017::158_1p4_Lr_mc_AKGC417L__cycle_002,icbhi2017,icbhi2017::158,calibration,False,1,both,2.17,1,0.76227295,0.82103425,0.7720679,0.7851250333333333,0.21487496666666672,1
icbhi2017::158_1p4_Lr_mc_AKGC417L__cycle_003,icbhi2017,icbhi2017::158,calibration,False,1,wheeze,2.154000000000001,1,0.5163249,0.5525952,0.57067406,0.5465313866666667,0.4534686133333333,1
icbhi2017::158_1p4_Lr_mc_AKGC417L__cycle_004,icbhi2017,icbhi2017::158,calibration,False,1,wheeze,2.0700000000000003,1,0.8116499,0.919615,0.77973235,0.8369990833333333,0.16300091666666672,1
icbhi2017::158_1p4_Lr_mc_AKGC417L__cycle_005,icbhi2017,icbhi2017::158,calibration,False,1,wheeze,2.237,1,0.63895696,0.8838312,0.7514178,0.7580686533333334,0.2419313466666666,1
icbhi2017::158_1p4_Lr_mc_AKGC417L__cycle_006,icbhi2017,icbhi2017::158,calibration,False,1,wheeze,2.0699999999999985,1,0.536603,0.68657416,0.57649463,0.5998905966666667,0.40010940333333334,1
icbhi2017::158_1p4_Lr_mc_AKGC417L__cycle_007,icbhi2017,icbhi2017::158,calibration,False,1,both,2.054000000000002,1,0.9515143,0.97936225,0.883373,0.9380831833333333,0.06191681666666671,1
icbhi2017::158_1p4_Lr_mc_AKGC417L__cycle_008,icbhi2017,icbhi2017::158,calibration,False,1,both,2.0199999999999996,1,0.8952721,0.9684189,0.9149927,0.9262279000000001,0.0737720999999999,1
icbhi2017::158_1p4_Pl_mc_AKGC417L__cycle_000,icbhi2017,icbhi2017::158,calibration,False,1,wheeze,2.471,1,0.52125216,0.4082771,0.52566576,0.4850650066666667,0.5149349933333334,0
icbhi2017::158_1p4_Pl_mc_AKGC417L__cycle_001,icbhi2017,icbhi2017::158,calibration,False,1,both,2.2369999999999997,1,0.8337604,0.8419427,0.82308745,0.8329301833333332,0.16706981666666676,1
icbhi2017::158_1p4_Pl_mc_AKGC417L__cycle_002,icbhi2017,icbhi2017::158,calibration,False,1,crackle,2.17,1,0.410331,0.465045,0.458851,0.4447423333333333,0.5552576666666666,0
icbhi2017::158_1p4_Pl_mc_AKGC417L__cycle_003,icbhi2017,icbhi2017::158,calibration,False,0,normal,2.154000000000001,0,0.7757856,0.75411856,0.7317437,0.7538826200000001,0.24611737999999994,1
icbhi2017::158_1p4_Pl_mc_AKGC417L__cycle_004,icbhi2017,icbhi2017::158,calibration,False,1,crackle,2.0700000000000003,1,0.78659075,0.799753,0.7037348,0.7633595166666667,0.23664048333333332,1
icbhi2017::158_1p4_Pl_mc_AKGC417L__cycle_005,icbhi2017,icbhi2017::158,calibration,False,1,crackle,2.237,1,0.7910376,0.802404,0.765246,0.7862292000000001,0.21377079999999993,1
icbhi2017::158_1p4_Pl_mc_AKGC417L__cycle_006,icbhi2017,icbhi2017::158,calibration,False,0,normal,2.0699999999999985,0,0.90377754,0.95893025,0.928092,0.9302665966666667,0.06973340333333333,1
icbhi2017::158_1p4_Pl_mc_AKGC417L__cycle_007,icbhi2017,icbhi2017::158,calibration,False,1,both,2.054000000000002,1,0.8649059,0.9491185,0.89843744,0.9041539466666667,0.09584605333333329,1
icbhi2017::158_1p4_Pl_mc_AKGC417L__cycle_008,icbhi2017,icbhi2017::158,calibration,False,1,both,2.0199999999999996,1,0.90723896,0.95571935,0.9352134,0.9327239033333333,0.06727609666666667,1
icbhi2017::158_1p4_Pr_mc_AKGC417L__cycle_000,icbhi2017,icbhi2017::158,calibration,False,1,wheeze,2.471,1,0.8734443,0.91540337,0.9062264,0.8983580233333334,0.10164197666666663,1
icbhi2017::158_1p4_Pr_mc_AKGC417L__cycle_001,icbhi2017,icbhi2017::158,calibration,False,1,both,2.2369999999999997,1,0.7848987,0.88504606,0.8184309,0.8294585533333333,0.1705414466666667,1
icbhi2017::158_1p4_Pr_mc_AKGC417L__cycle_002,icbhi2017,icbhi2017::158,calibration,False,1,both,2.17,1,0.8469892,0.89351314,0.83806014,0.8595208266666666,0.14047917333333337,1
icbhi2017::158_1p4_Pr_mc_AKGC417L__cycle_003,icbhi2017,icbhi2017::158,calibration,False,1,both,2.154000000000001,1,0.8983293,0.9305428,0.899208,0.9093600333333333,0.09063996666666674,1
icbhi2017::158_1p4_Pr_mc_AKGC417L__cycle_004,icbhi2017,icbhi2017::158,calibration,False,1,both,2.0700000000000003,1,0.9435733,0.9425675,0.84127957,0.9091401233333333,0.09085987666666673,1
icbhi2017::158_1p4_Pr_mc_AKGC417L__cycle_005,icbhi2017,icbhi2017::158,calibration,False,1,both,2.237,1,0.97126937,0.987148,0.97511023,0.9778425333333334,0.022157466666666625,1
icbhi2017::158_1p4_Pr_mc_AKGC417L__cycle_006,icbhi2017,icbhi2017::158,calibration,False,1,wheeze,2.0699999999999985,1,0.9390146,0.96839297,0.92472726,0.9440449433333334,0.05595505666666656,1
icbhi2017::158_1p4_Pr_mc_AKGC417L__cycle_007,icbhi2017,icbhi2017::158,calibration,False,1,both,2.054000000000002,1,0.9811256,0.9917812,0.95930564,0.9774041466666666,0.02259585333333336,1
icbhi2017::158_1p4_Pr_mc_AKGC417L__cycle_008,icbhi2017,icbhi2017::158,calibration,False,1,both,2.0199999999999996,1,0.92061836,0.9623339,0.81810284,0.9003517,0.09964830000000002,1
icbhi2017::158_1p4_Tc_mc_AKGC417L__cycle_000,icbhi2017,icbhi2017::158,calibration,False,1,crackle,2.471,1,0.58390206,0.79906774,0.7712041,0.7180579666666667,0.28194203333333334,1
icbhi2017::158_1p4_Tc_mc_AKGC417L__cycle_001,icbhi2017,icbhi2017::158,calibration,False,1,crackle,2.2369999999999997,1,0.3143344,0.4755949,0.43406436,0.4079978866666667,0.5920021133333333,0
icbhi2017::158_1p4_Tc_mc_AKGC417L__cycle_002,icbhi2017,icbhi2017::158,calibration,False,0,normal,2.17,0,0.29533818,0.31193495,0.36131772,0.3228636166666667,0.6771363833333333,0
icbhi2017::158_1p4_Tc_mc_AKGC417L__cycle_003,icbhi2017,icbhi2017::158,calibration,False,0,normal,2.154000000000001,0,0.26828858,0.19560176,0.3815254,0.2818052466666667,0.7181947533333333,0
icbhi2017::158_1p4_Tc_mc_AKGC417L__cycle_004,icbhi2017,icbhi2017::158,calibration,False,1,crackle,2.0700000000000003,1,0.27433234,0.35074064,0.4597114,0.3615947933333333,0.6384052066666668,0
icbhi2017::158_1p4_Tc_mc_AKGC417L__cycle_005,icbhi2017,icbhi2017::158,calibration,False,0,normal,2.237,0,0.2997355,0.2502588,0.42510924,0.3250345133333334,0.6749654866666666,0
icbhi2017::158_1p4_Tc_mc_AKGC417L__cycle_006,icbhi2017,icbhi2017::158,calibration,False,0,normal,2.0699999999999985,0,0.21437128,0.22452742,0.44891483,0.29593784333333334,0.7040621566666667,0
icbhi2017::158_1p4_Tc_mc_AKGC417L__cycle_007,icbhi2017,icbhi2017::158,calibration,False,1,crackle,2.054000000000002,1,0.4917217,0.712808,0.82341224,0.6759806466666666,0.3240193533333334,1
icbhi2017::158_1p4_Tc_mc_AKGC417L__cycle_008,icbhi2017,icbhi2017::158,calibration,False,0,normal,2.0199999999999996,0,0.5267303,0.57350683,0.7224503,0.6075624766666666,0.39243752333333337,1
icbhi2017::158_2p2_Ar_mc_AKGC417L__cycle_000,icbhi2017,icbhi2017::158,calibration,False,1,crackle,2.254,1,0.9539649,0.78096825,0.8836611,0.8728647500000001,0.12713524999999992,1
icbhi2017::158_2p2_Ar_mc_AKGC417L__cycle_001,icbhi2017,icbhi2017::158,calibration,False,1,both,2.287,1,0.82606405,0.23307104,0.5793476,0.5461608966666667,0.4538391033333333,1
icbhi2017::158_2p2_Ar_mc_AKGC417L__cycle_002,icbhi2017,icbhi2017::158,calibration,False,1,wheeze,1.9200000000000008,1,0.84023905,0.59964424,0.6718115,0.7038982633333334,0.2961017366666666,1
icbhi2017::158_2p2_Ar_mc_AKGC417L__cycle_003,icbhi2017,icbhi2017::158,calibration,False,0,normal,1.8359999999999983,0,0.594993,0.39228952,0.4147502,0.46734424,0.5326557599999999,0
icbhi2017::158_2p2_Ar_mc_AKGC417L__cycle_004,icbhi2017,icbhi2017::158,calibration,False,1,both,1.7200000000000006,1,0.5382061,0.25953746,0.38965598,0.3957998466666666,0.6042001533333334,0
icbhi2017::158_2p2_Ar_mc_AKGC417L__cycle_005,icbhi2017,icbhi2017::158,calibration,False,1,crackle,1.9860000000000009,1,0.38961387,0.26016068,0.20599094,0.28525516333333334,0.7147448366666667,0
icbhi2017::158_2p2_Ar_mc_AKGC417L__cycle_006,icbhi2017,icbhi2017::158,calibration,False,1,crackle,1.886999999999999,1,0.51704794,0.39537367,0.43574637,0.44938932666666664,0.5506106733333334,0
icbhi2017::158_2p2_Ar_mc_AKGC417L__cycle_007,icbhi2017,icbhi2017::158,calibration,False,1,crackle,2.1370000000000005,1,0.713932,0.82618755,0.6587223,0.7329472833333334,0.26705271666666663,1
icbhi2017::158_2p2_Ar_mc_AKGC417L__cycle_008,icbhi2017,icbhi2017::158,calibration,False,1,crackle,2.120000000000001,1,0.49858508,0.5019515,0.45095342,0.48383,0.51617,0
icbhi2017::158_2p3_Lr_mc_AKGC417L__cycle_000,icbhi2017,icbhi2017::158,calibration,False,1,crackle,1.119,1,0.3515955,0.42690736,0.32934022,0.3692810266666667,0.6307189733333334,0
icbhi2017::158_2p3_Lr_mc_AKGC417L__cycle_001,icbhi2017,icbhi2017::158,calibration,False,1,crackle,2.087,1,0.3425468,0.49618843,0.36903074,0.4025886566666667,0.5974113433333332,0
icbhi2017::158_2p3_Lr_mc_AKGC417L__cycle_002,icbhi2017,icbhi2017::158,calibration,False,1,both,1.836,1,0.45740637,0.610871,0.36364964,0.47730900333333337,0.5226909966666666,0
icbhi2017::158_2p3_Lr_mc_AKGC417L__cycle_003,icbhi2017,icbhi2017::158,calibration,False,1,crackle,1.636,1,0.80171216,0.87282306,0.94280654,0.8724472533333333,0.12755274666666672,1
icbhi2017::158_2p3_Lr_mc_AKGC417L__cycle_004,icbhi2017,icbhi2017::158,calibration,False,1,crackle,1.5860000000000003,1,0.5082906,0.5174048,0.4145835,0.4800929666666667,0.5199070333333333,0
icbhi2017::158_2p3_Lr_mc_AKGC417L__cycle_005,icbhi2017,icbhi2017::158,calibration,False,1,crackle,1.6359999999999992,1,0.40005887,0.39941773,0.1935452,0.33100726666666663,0.6689927333333334,0
icbhi2017::158_2p3_Lr_mc_AKGC417L__cycle_006,icbhi2017,icbhi2017::158,calibration,False,1,crackle,1.5690000000000008,1,0.78318524,0.6262864,0.4771249,0.6288655133333333,0.3711344866666667,1
icbhi2017::158_2p3_Lr_mc_AKGC417L__cycle_007,icbhi2017,icbhi2017::158,calibration,False,1,crackle,1.7199999999999989,1,0.46715325,0.6503121,0.4348398,0.51743505,0.48256495,1
icbhi2017::158_2p3_Lr_mc_AKGC417L__cycle_008,icbhi2017,icbhi2017::158,calibration,False,1,both,1.502000000000001,1,0.8586575,0.8576464,0.8587381,0.8583473333333332,0.14165266666666676,1
icbhi2017::158_2p3_Lr_mc_AKGC417L__cycle_009,icbhi2017,icbhi2017::158,calibration,False,1,both,1.6199999999999992,1,0.86388636,0.8999205,0.92971426,0.8978403733333332,0.10215962666666678,1
icbhi2017::158_2p3_Lr_mc_AKGC417L__cycle_010,icbhi2017,icbhi2017::158,calibration,False,1,both,1.568999999999999,1,0.6769299,0.6240351,0.7878876,0.6962842,0.3037158,1
icbhi2017::158_2p3_Lr_mc_AKGC417L__cycle_011,icbhi2017,icbhi2017::158,calibration,False,1,both,1.5690000000000026,1,0.9228761,0.906947,0.9736137,0.9344789333333333,0.06552106666666668,1
icbhi2017::158_2p3_Tc_mc_AKGC417L__cycle_000,icbhi2017,icbhi2017::158,calibration,False,1,wheeze,1.119,1,0.81712663,0.79922193,0.7320969,0.7828151533333334,0.2171848466666666,1
icbhi2017::158_2p3_Tc_mc_AKGC417L__cycle_001,icbhi2017,icbhi2017::158,calibration,False,1,both,2.087,1,0.59216195,0.68190384,0.3546158,0.5428938633333333,0.45710613666666666,1
icbhi2017::158_2p3_Tc_mc_AKGC417L__cycle_002,icbhi2017,icbhi2017::158,calibration,False,1,wheeze,1.836,1,0.86241287,0.9521848,0.90323246,0.9059433766666666,0.09405662333333342,1
icbhi2017::158_2p3_Tc_mc_AKGC417L__cycle_003,icbhi2017,icbhi2017::158,calibration,False,1,wheeze,1.636,1,0.8494522,0.9659473,0.951822,0.9224071666666666,0.07759283333333344,1
icbhi2017::158_2p3_Tc_mc_AKGC417L__cycle_004,icbhi2017,icbhi2017::158,calibration,False,1,wheeze,1.5860000000000003,1,0.1763137,0.339692,0.37135264,0.2957861133333333,0.7042138866666667,0
icbhi2017::158_2p3_Tc_mc_AKGC417L__cycle_005,icbhi2017,icbhi2017::158,calibration,False,1,both,1.6359999999999992,1,0.31171507,0.7232537,0.54846996,0.52781291,0.47218709000000003,1
icbhi2017::158_2p3_Tc_mc_AKGC417L__cycle_006,icbhi2017,icbhi2017::158,calibration,False,1,wheeze,1.5690000000000008,1,0.6276056,0.65202934,0.7995094,0.6930481133333334,0.3069518866666666,1
icbhi2017::158_2p3_Tc_mc_AKGC417L__cycle_007,icbhi2017,icbhi2017::158,calibration,False,1,wheeze,1.7199999999999989,1,0.52093494,0.5285574,0.63371265,0.56106833,0.43893167,1
icbhi2017::158_2p3_Tc_mc_AKGC417L__cycle_008,icbhi2017,icbhi2017::158,calibration,False,1,wheeze,1.502000000000001,1,0.40263632,0.6154946,0.53952086,0.51921726,0.48078274,1
icbhi2017::158_2p3_Tc_mc_AKGC417L__cycle_009,icbhi2017,icbhi2017::158,calibration,False,1,wheeze,1.6199999999999992,1,0.55323917,0.76639223,0.7136587,0.6777633666666666,0.3222366333333334,1
icbhi2017::158_2p3_Tc_mc_AKGC417L__cycle_010,icbhi2017,icbhi2017::158,calibration,False,1,wheeze,1.568999999999999,1,0.4604258,0.7098039,0.63425964,0.6014964466666667,0.3985035533333333,1
icbhi2017::158_2p3_Tc_mc_AKGC417L__cycle_011,icbhi2017,icbhi2017::158,calibration,False,1,wheeze,1.5690000000000026,1,0.6482788,0.7849034,0.7827122,0.7386314666666666,0.26136853333333343,1
icbhi2017::163_2b2_Al_mc_AKGC417L__cycle_000,icbhi2017,icbhi2017::163,calibration,False,0,normal,3.74,0,0.19146918,0.4300234,0.23547216,0.2856549133333333,0.7143450866666667,0
icbhi2017::163_2b2_Al_mc_AKGC417L__cycle_001,icbhi2017,icbhi2017::163,calibration,False,0,normal,4.788,0,0.40227652,0.633335,0.29591462,0.44384204666666666,0.5561579533333334,0
icbhi2017::163_2b2_Al_mc_AKGC417L__cycle_002,icbhi2017,icbhi2017::163,calibration,False,0,normal,4.703999999999999,0,0.2547367,0.4192314,0.3296646,0.3345442333333333,0.6654557666666667,0
icbhi2017::163_2b2_Al_mc_AKGC417L__cycle_003,icbhi2017,icbhi2017::163,calibration,False,0,normal,4.112,0,0.3502062,0.47287315,0.42678836,0.41662256999999997,0.5833774300000001,0
icbhi2017::163_2b2_Al_mc_AKGC417L__cycle_004,icbhi2017,icbhi2017::163,calibration,False,0,normal,2.588999999999998,0,0.18118061,0.51317936,0.39600053,0.36345350000000004,0.6365464999999999,0
icbhi2017::163_2b2_Ar_mc_AKGC417L__cycle_000,icbhi2017,icbhi2017::163,calibration,False,0,normal,3.74,0,0.19959794,0.26676124,0.2198084,0.22872252666666668,0.7712774733333333,0
icbhi2017::163_2b2_Ar_mc_AKGC417L__cycle_001,icbhi2017,icbhi2017::163,calibration,False,0,normal,4.788,0,0.08856734,0.081499085,0.060164023,0.07674348266666665,0.9232565173333334,0
icbhi2017::163_2b2_Ar_mc_AKGC417L__cycle_002,icbhi2017,icbhi2017::163,calibration,False,0,normal,4.703999999999999,0,0.07119837,0.06639947,0.096032776,0.077876872,0.922123128,0
icbhi2017::163_2b2_Ar_mc_AKGC417L__cycle_003,icbhi2017,icbhi2017::163,calibration,False,0,normal,4.112,0,0.2215896,0.18198812,0.19139984,0.19832585333333333,0.8016741466666667,0
icbhi2017::163_2b2_Ar_mc_AKGC417L__cycle_004,icbhi2017,icbhi2017::163,calibration,False,0,normal,2.588999999999998,0,0.11446079,0.09328158,0.14803025,0.11859087333333333,0.8814091266666667,0
icbhi2017::163_2b2_Ll_mc_AKGC417L__cycle_000,icbhi2017,icbhi2017::163,calibration,False,0,normal,3.74,0,0.82024133,0.8804299,0.7467753,0.8158155100000001,0.18418448999999992,1
icbhi2017::163_2b2_Ll_mc_AKGC417L__cycle_001,icbhi2017,icbhi2017::163,calibration,False,1,crackle,4.788,1,0.7017033,0.842899,0.64267206,0.7290914533333334,0.27090854666666664,1
icbhi2017::163_2b2_Ll_mc_AKGC417L__cycle_002,icbhi2017,icbhi2017::163,calibration,False,1,crackle,4.703999999999999,1,0.53443056,0.6276603,0.40569547,0.5225954433333333,0.4774045566666667,1
icbhi2017::163_2b2_Ll_mc_AKGC417L__cycle_003,icbhi2017,icbhi2017::163,calibration,False,0,normal,4.112,0,0.76330703,0.8162087,0.75194466,0.7771534633333333,0.22284653666666665,1
icbhi2017::163_2b2_Ll_mc_AKGC417L__cycle_004,icbhi2017,icbhi2017::163,calibration,False,0,normal,2.588999999999998,0,0.6876923,0.69490945,0.8341531,0.7389182833333333,0.2610817166666667,1
icbhi2017::163_2b2_Lr_mc_AKGC417L__cycle_000,icbhi2017,icbhi2017::163,calibration,False,1,crackle,3.74,1,0.604616,0.3314787,0.39888647,0.44499372333333337,0.5550062766666666,0
icbhi2017::163_2b2_Lr_mc_AKGC417L__cycle_001,icbhi2017,icbhi2017::163,calibration,False,0,normal,4.788,0,0.5728049,0.6244899,0.46154281,0.55294587,0.44705413000000005,1
icbhi2017::163_2b2_Lr_mc_AKGC417L__cycle_002,icbhi2017,icbhi2017::163,calibration,False,1,crackle,4.703999999999999,1,0.58728623,0.70905435,0.63618034,0.64417364,0.35582636,1
icbhi2017::163_2b2_Lr_mc_AKGC417L__cycle_003,icbhi2017,icbhi2017::163,calibration,False,1,crackle,4.112,1,0.68082005,0.70578057,0.64998686,0.6788624933333334,0.32113750666666663,1
icbhi2017::163_2b2_Lr_mc_AKGC417L__cycle_004,icbhi2017,icbhi2017::163,calibration,False,0,normal,2.588999999999998,0,0.31200558,0.45812577,0.61962086,0.4632507366666667,0.5367492633333333,0
icbhi2017::163_2b2_Pl_mc_AKGC417L__cycle_000,icbhi2017,icbhi2017::163,calibration,False,1,crackle,3.74,1,0.8183815,0.7105618,0.46833727,0.66576019,0.33423981,1
icbhi2017::163_2b2_Pl_mc_AKGC417L__cycle_001,icbhi2017,icbhi2017::163,calibration,False,1,crackle,4.788,1,0.7135342,0.5661158,0.31075537,0.5301351233333333,0.46986487666666665,1
icbhi2017::163_2b2_Pl_mc_AKGC417L__cycle_002,icbhi2017,icbhi2017::163,calibration,False,0,normal,4.703999999999999,0,0.28662497,0.366568,0.22169863,0.29163053333333333,0.7083694666666667,0
icbhi2017::163_2b2_Pl_mc_AKGC417L__cycle_003,icbhi2017,icbhi2017::163,calibration,False,0,normal,4.112,0,0.73798895,0.7546807,0.53094506,0.6745382366666667,0.3254617633333333,1
icbhi2017::163_2b2_Pl_mc_AKGC417L__cycle_004,icbhi2017,icbhi2017::163,calibration,False,0,normal,2.588999999999998,0,0.96041626,0.9838213,0.9801005,0.9747793533333334,0.02522064666666657,1
icbhi2017::163_2b2_Pr_mc_AKGC417L__cycle_000,icbhi2017,icbhi2017::163,calibration,False,0,normal,3.74,0,0.18621163,0.37414154,0.16127971,0.2405442933333333,0.7594557066666667,0
icbhi2017::163_2b2_Pr_mc_AKGC417L__cycle_001,icbhi2017,icbhi2017::163,calibration,False,0,normal,4.788,0,0.9091047,0.71523386,0.78511083,0.8031497966666666,0.19685020333333336,1
icbhi2017::163_2b2_Pr_mc_AKGC417L__cycle_002,icbhi2017,icbhi2017::163,calibration,False,0,normal,4.703999999999999,0,0.6410935,0.5030865,0.5744031,0.5728610333333334,0.4271389666666666,1
icbhi2017::163_2b2_Pr_mc_AKGC417L__cycle_003,icbhi2017,icbhi2017::163,calibration,False,0,normal,4.112,0,0.8416291,0.7600585,0.72085965,0.7741824166666667,0.22581758333333335,1
icbhi2017::163_2b2_Pr_mc_AKGC417L__cycle_004,icbhi2017,icbhi2017::163,calibration,False,0,normal,2.588999999999998,0,0.7466157,0.67905784,0.63366413,0.68644589,0.31355411,1
icbhi2017::163_2b2_Tc_mc_AKGC417L__cycle_000,icbhi2017,icbhi2017::163,calibration,False,0,normal,3.74,0,0.07537861,0.15269329,0.07091635,0.09966275000000001,0.90033725,0
icbhi2017::163_2b2_Tc_mc_AKGC417L__cycle_001,icbhi2017,icbhi2017::163,calibration,False,0,normal,4.788,0,0.044673596,0.14924465,0.047559693,0.08049264633333335,0.9195073536666667,0
icbhi2017::163_2b2_Tc_mc_AKGC417L__cycle_002,icbhi2017,icbhi2017::163,calibration,False,0,normal,4.703999999999999,0,0.0444188,0.13120942,0.069238186,0.08162213533333333,0.9183778646666667,0
icbhi2017::163_2b2_Tc_mc_AKGC417L__cycle_003,icbhi2017,icbhi2017::163,calibration,False,0,normal,4.112,0,0.1604526,0.18023655,0.13505699,0.15858204666666667,0.8414179533333334,0
icbhi2017::163_2b2_Tc_mc_AKGC417L__cycle_004,icbhi2017,icbhi2017::163,calibration,False,0,normal,2.588999999999998,0,0.035418827,0.11004607,0.042864766,0.06277655433333333,0.9372234456666667,0
icbhi2017::163_8b3_Al_mc_AKGC417L__cycle_000,icbhi2017,icbhi2017::163,calibration,False,0,normal,3.333,0,0.19317164,0.1001975,0.15456755,0.14931223000000002,0.85068777,0
icbhi2017::163_8b3_Al_mc_AKGC417L__cycle_001,icbhi2017,icbhi2017::163,calibration,False,0,normal,3.0289999999999995,0,0.118427865,0.18644962,0.17474137,0.15987295166666668,0.8401270483333333,0
icbhi2017::163_8b3_Al_mc_AKGC417L__cycle_002,icbhi2017,icbhi2017::163,calibration,False,0,normal,3.4850000000000003,0,0.49964115,0.41619053,0.41281852,0.4428834,0.5571166000000001,0
icbhi2017::163_8b3_Al_mc_AKGC417L__cycle_003,icbhi2017,icbhi2017::163,calibration,False,0,normal,3.3339999999999996,0,0.6177529,0.80533254,0.70958334,0.7108895933333333,0.28911040666666665,1
icbhi2017::163_8b3_Al_mc_AKGC417L__cycle_004,icbhi2017,icbhi2017::163,calibration,False,0,normal,2.724,0,0.63710284,0.6165635,0.64221615,0.63196083,0.36803916999999997,1
icbhi2017::163_8b3_Al_mc_AKGC417L__cycle_005,icbhi2017,icbhi2017::163,calibration,False,0,normal,3.620999999999998,0,0.16847397,0.38524798,0.27624723,0.2766563933333333,0.7233436066666667,0
icbhi2017::163_8b3_Ar_mc_AKGC417L__cycle_000,icbhi2017,icbhi2017::163,calibration,False,0,normal,3.333,0,0.11327235,0.044962566,0.1338175,0.09735080533333333,0.9026491946666667,0
icbhi2017::163_8b3_Ar_mc_AKGC417L__cycle_001,icbhi2017,icbhi2017::163,calibration,False,0,normal,3.0289999999999995,0,0.04774112,0.064404964,0.14154652,0.08456420133333332,0.9154357986666667,0
icbhi2017::163_8b3_Ar_mc_AKGC417L__cycle_002,icbhi2017,icbhi2017::163,calibration,False,0,normal,3.4850000000000003,0,0.26710284,0.1794339,0.23324433,0.22659369,0.77340631,0
icbhi2017::163_8b3_Ar_mc_AKGC417L__cycle_003,icbhi2017,icbhi2017::163,calibration,False,0,normal,3.3339999999999996,0,0.11213053,0.112078436,0.18874362,0.137650862,0.862349138,0
icbhi2017::163_8b3_Ar_mc_AKGC417L__cycle_004,icbhi2017,icbhi2017::163,calibration,False,0,normal,2.724,0,0.09802637,0.074326254,0.20066343,0.12433868466666669,0.8756613153333334,0
icbhi2017::163_8b3_Ar_mc_AKGC417L__cycle_005,icbhi2017,icbhi2017::163,calibration,False,0,normal,3.620999999999998,0,0.07314077,0.09567873,0.14976591,0.10619513666666668,0.8938048633333333,0
icbhi2017::163_8b3_Ll_mc_AKGC417L__cycle_000,icbhi2017,icbhi2017::163,calibration,False,0,normal,3.333,0,0.6124941,0.69878453,0.48860684,0.5999618233333334,0.40003817666666663,1
icbhi2017::163_8b3_Ll_mc_AKGC417L__cycle_001,icbhi2017,icbhi2017::163,calibration,False,0,normal,3.0289999999999995,0,0.83830833,0.7951536,0.6552771,0.7629130100000001,0.2370869899999999,1
icbhi2017::163_8b3_Ll_mc_AKGC417L__cycle_002,icbhi2017,icbhi2017::163,calibration,False,0,normal,3.4850000000000003,0,0.90121543,0.9216518,0.8187732,0.8805468099999999,0.1194531900000001,1
icbhi2017::163_8b3_Ll_mc_AKGC417L__cycle_003,icbhi2017,icbhi2017::163,calibration,False,0,normal,3.3339999999999996,0,0.6804507,0.6121927,0.5055923,0.5994119,0.4005881,1
icbhi2017::163_8b3_Ll_mc_AKGC417L__cycle_004,icbhi2017,icbhi2017::163,calibration,False,0,normal,2.724,0,0.91075134,0.856476,0.8736793,0.8803022133333332,0.11969778666666675,1
icbhi2017::163_8b3_Ll_mc_AKGC417L__cycle_005,icbhi2017,icbhi2017::163,calibration,False,0,normal,3.620999999999998,0,0.8271296,0.7284608,0.5955698,0.7170534000000001,0.28294659999999994,1
icbhi2017::163_8b3_Lr_mc_AKGC417L__cycle_000,icbhi2017,icbhi2017::163,calibration,False,0,normal,3.333,0,0.4678482,0.21857905,0.17634761,0.28759162,0.7124083800000001,0
icbhi2017::163_8b3_Lr_mc_AKGC417L__cycle_001,icbhi2017,icbhi2017::163,calibration,False,0,normal,3.0289999999999995,0,0.1403916,0.021852994,0.06451258,0.07558572466666667,0.9244142753333333,0
icbhi2017::163_8b3_Lr_mc_AKGC417L__cycle_002,icbhi2017,icbhi2017::163,calibration,False,0,normal,3.4850000000000003,0,0.22276679,0.078853436,0.19576773,0.1657959853333333,0.8342040146666667,0
icbhi2017::163_8b3_Lr_mc_AKGC417L__cycle_003,icbhi2017,icbhi2017::163,calibration,False,0,normal,3.3339999999999996,0,0.26297054,0.072723635,0.20498979,0.1802279883333333,0.8197720116666667,0
icbhi2017::163_8b3_Lr_mc_AKGC417L__cycle_004,icbhi2017,icbhi2017::163,calibration,False,0,normal,2.724,0,0.14126551,0.028560208,0.114296876,0.09470753133333333,0.9052924686666667,0
icbhi2017::163_8b3_Lr_mc_AKGC417L__cycle_005,icbhi2017,icbhi2017::163,calibration,False,0,normal,3.620999999999998,0,0.14682484,0.026083633,0.058427658,0.07711204366666667,0.9228879563333333,0
icbhi2017::163_8b3_Pl_mc_AKGC417L__cycle_000,icbhi2017,icbhi2017::163,calibration,False,0,normal,3.333,0,0.29101703,0.14256488,0.17974798,0.2044432966666667,0.7955567033333333,0
icbhi2017::163_8b3_Pl_mc_AKGC417L__cycle_001,icbhi2017,icbhi2017::163,calibration,False,0,normal,3.0289999999999995,0,0.83049613,0.74626684,0.7854431,0.7874020233333333,0.2125979766666667,1
icbhi2017::163_8b3_Pl_mc_AKGC417L__cycle_002,icbhi2017,icbhi2017::163,calibration,False,0,normal,3.4850000000000003,0,0.8909873,0.8353158,0.85423386,0.8601789866666666,0.1398210133333334,1
icbhi2017::163_8b3_Pl_mc_AKGC417L__cycle_003,icbhi2017,icbhi2017::163,calibration,False,0,normal,3.3339999999999996,0,0.7385187,0.6901951,0.7503724,0.7263620666666667,0.2736379333333333,1
icbhi2017::163_8b3_Pl_mc_AKGC417L__cycle_004,icbhi2017,icbhi2017::163,calibration,False,0,normal,2.724,0,0.9249941,0.92861176,0.941368,0.9316579533333332,0.06834204666666677,1
icbhi2017::163_8b3_Pl_mc_AKGC417L__cycle_005,icbhi2017,icbhi2017::163,calibration,False,0,normal,3.620999999999998,0,0.62930936,0.33386058,0.55431473,0.5058282233333333,0.4941717766666667,1
icbhi2017::163_8b3_Pr_mc_AKGC417L__cycle_000,icbhi2017,icbhi2017::163,calibration,False,0,normal,3.333,0,0.3913738,0.6225472,0.3347778,0.4495662666666666,0.5504337333333333,0
icbhi2017::163_8b3_Pr_mc_AKGC417L__cycle_001,icbhi2017,icbhi2017::163,calibration,False,0,normal,3.0289999999999995,0,0.47568592,0.6496979,0.650996,0.5921266066666667,0.4078733933333333,1
icbhi2017::163_8b3_Pr_mc_AKGC417L__cycle_002,icbhi2017,icbhi2017::163,calibration,False,0,normal,3.4850000000000003,0,0.7096023,0.7716334,0.78853834,0.7565913466666667,0.24340865333333328,1
icbhi2017::163_8b3_Pr_mc_AKGC417L__cycle_003,icbhi2017,icbhi2017::163,calibration,False,0,normal,3.3339999999999996,0,0.5104637,0.8119532,0.79230005,0.70490565,0.29509434999999995,1
icbhi2017::163_8b3_Pr_mc_AKGC417L__cycle_004,icbhi2017,icbhi2017::163,calibration,False,0,normal,2.724,0,0.7529728,0.8527455,0.79012996,0.7986160866666667,0.20138391333333328,1
icbhi2017::163_8b3_Pr_mc_AKGC417L__cycle_005,icbhi2017,icbhi2017::163,calibration,False,0,normal,3.620999999999998,0,0.3371225,0.7152368,0.47207433,0.5081445433333333,0.49185545666666675,1
icbhi2017::192_2b1_Al_mc_LittC2SE__cycle_000,icbhi2017,icbhi2017::192,calibration,False,0,normal,0.985,0,0.3506879,0.3592904,0.4375534,0.38251056666666666,0.6174894333333334,0
icbhi2017::192_2b1_Al_mc_LittC2SE__cycle_001,icbhi2017,icbhi2017::192,calibration,False,1,wheeze,2.7,1,0.98400486,0.9882704,0.9822349,0.98483672,0.015163280000000001,1
icbhi2017::192_2b1_Al_mc_LittC2SE__cycle_002,icbhi2017,icbhi2017::192,calibration,False,1,wheeze,3.272,1,0.9740606,0.9457536,0.9103024,0.9433722000000001,0.056627799999999895,1
icbhi2017::192_2b1_Al_mc_LittC2SE__cycle_003,icbhi2017,icbhi2017::192,calibration,False,1,wheeze,2.742,1,0.96111697,0.93982095,0.8261924,0.90904344,0.09095655999999996,1
icbhi2017::192_2b1_Al_mc_LittC2SE__cycle_004,icbhi2017,icbhi2017::192,calibration,False,1,wheeze,2.843,1,0.8993229,0.92567176,0.81652105,0.8805052366666667,0.11949476333333331,1
icbhi2017::192_2b1_Al_mc_LittC2SE__cycle_005,icbhi2017,icbhi2017::192,calibration,False,1,both,2.9290000000000003,1,0.9318389,0.94431025,0.92966723,0.9352721266666667,0.0647278733333333,1
icbhi2017::192_2b1_Al_mc_LittC2SE__cycle_006,icbhi2017,icbhi2017::192,calibration,False,1,wheeze,2.9000000000000004,1,0.87524426,0.85155684,0.86835754,0.8650528799999999,0.1349471200000001,1
icbhi2017::192_2b1_Al_mc_LittC2SE__cycle_007,icbhi2017,icbhi2017::192,calibration,False,1,wheeze,1.5429999999999993,1,0.99688184,0.99370617,0.99093443,0.9938408133333333,0.006159186666666705,1
icbhi2017::192_2b1_Ar_mc_LittC2SE__cycle_000,icbhi2017,icbhi2017::192,calibration,False,0,normal,1.042,0,0.5730694,0.41770288,0.4531552,0.48130915999999996,0.5186908400000001,0
icbhi2017::192_2b1_Ar_mc_LittC2SE__cycle_001,icbhi2017,icbhi2017::192,calibration,False,1,wheeze,2.658,1,0.9732065,0.9515243,0.96792746,0.9642194199999999,0.03578058000000006,1
icbhi2017::192_2b1_Ar_mc_LittC2SE__cycle_002,icbhi2017,icbhi2017::192,calibration,False,1,wheeze,2.728,1,0.94117624,0.868469,0.9233795,0.9110082466666668,0.0889917533333332,1
icbhi2017::192_2b1_Ar_mc_LittC2SE__cycle_003,icbhi2017,icbhi2017::192,calibration,False,1,wheeze,2.9289999999999994,1,0.8464486,0.75634116,0.86642134,0.8230703666666667,0.17692963333333334,1
icbhi2017::192_2b1_Ar_mc_LittC2SE__cycle_004,icbhi2017,icbhi2017::192,calibration,False,1,wheeze,3.157,1,0.85323423,0.85077566,0.84982085,0.8512769133333333,0.14872308666666667,1
icbhi2017::192_2b1_Ar_mc_LittC2SE__cycle_005,icbhi2017,icbhi2017::192,calibration,False,1,wheeze,2.928000000000001,1,0.8266142,0.745486,0.8234547,0.7985183,0.20148169999999999,1
icbhi2017::192_2b1_Ar_mc_LittC2SE__cycle_006,icbhi2017,icbhi2017::192,calibration,False,1,wheeze,3.028999999999998,1,0.9258184,0.896185,0.91254777,0.9115170566666667,0.08848294333333329,1
icbhi2017::192_2b1_Ar_mc_LittC2SE__cycle_007,icbhi2017,icbhi2017::192,calibration,False,1,wheeze,1.143000000000001,1,0.9953524,0.99261016,0.9935707,0.99384442,0.006155580000000049,1
icbhi2017::192_2b2_Al_mc_LittC2SE__cycle_000,icbhi2017,icbhi2017::192,calibration,False,1,wheeze,2.528,1,0.6647719,0.6410456,0.5661253,0.6239809333333333,0.37601906666666673,1
icbhi2017::192_2b2_Al_mc_LittC2SE__cycle_001,icbhi2017,icbhi2017::192,calibration,False,1,both,2.5149999999999997,1,0.91131765,0.87221426,0.76415336,0.8492284233333334,0.15077157666666663,1
icbhi2017::192_2b2_Al_mc_LittC2SE__cycle_002,icbhi2017,icbhi2017::192,calibration,False,1,wheeze,2.9850000000000003,1,0.9301152,0.957164,0.8941077,0.9271289666666668,0.07287103333333322,1
icbhi2017::192_2b2_Al_mc_LittC2SE__cycle_003,icbhi2017,icbhi2017::192,calibration,False,1,both,2.8859999999999992,1,0.9641418,0.9800807,0.93839693,0.9608731433333334,0.0391268566666666,1
icbhi2017::192_2b2_Al_mc_LittC2SE__cycle_004,icbhi2017,icbhi2017::192,calibration,False,1,wheeze,2.9860000000000007,1,0.8704698,0.90574175,0.90425617,0.8934892400000001,0.10651075999999993,1
icbhi2017::192_2b2_Al_mc_LittC2SE__cycle_005,icbhi2017,icbhi2017::192,calibration,False,1,wheeze,2.9140000000000015,1,0.9171756,0.91754425,0.9099642,0.9148946833333333,0.08510531666666665,1
icbhi2017::192_2b2_Al_mc_LittC2SE__cycle_006,icbhi2017,icbhi2017::192,calibration,False,1,wheeze,2.799999999999997,1,0.9450945,0.89631444,0.866235,0.90254798,0.09745201999999997,1
icbhi2017::192_2b2_Al_mc_LittC2SE__cycle_007,icbhi2017,icbhi2017::192,calibration,False,1,wheeze,0.314,1,0.64721143,0.78566015,0.8694352,0.7674355933333333,0.23256440666666667,1
icbhi2017::192_2b2_Ar_mc_LittC2SE__cycle_000,icbhi2017,icbhi2017::192,calibration,False,0,normal,1.972,0,0.9126182,0.7595383,0.888619,0.8535918333333333,0.14640816666666667,1
icbhi2017::192_2b2_Ar_mc_LittC2SE__cycle_001,icbhi2017,icbhi2017::192,calibration,False,1,wheeze,2.9280000000000004,1,0.9198408,0.90200263,0.9157294,0.9125242766666667,0.08747572333333331,1
icbhi2017::192_2b2_Ar_mc_LittC2SE__cycle_002,icbhi2017,icbhi2017::192,calibration,False,1,wheeze,3.1710000000000003,1,0.94777054,0.90738636,0.9519474,0.9357014333333332,0.06429856666666678,1
icbhi2017::192_2b2_Ar_mc_LittC2SE__cycle_003,icbhi2017,icbhi2017::192,calibration,False,1,wheeze,3.1579999999999995,1,0.9237046,0.9229105,0.9189843,0.9218664666666667,0.07813353333333328,1
icbhi2017::192_2b2_Ar_mc_LittC2SE__cycle_004,icbhi2017,icbhi2017::192,calibration,False,1,wheeze,2.785,1,0.8639818,0.9212625,0.8749044,0.8867162333333334,0.11328376666666662,1
icbhi2017::192_2b2_Ar_mc_LittC2SE__cycle_005,icbhi2017,icbhi2017::192,calibration,False,1,wheeze,2.8290000000000006,1,0.8762403,0.9384104,0.92056704,0.9117392466666666,0.08826075333333339,1
icbhi2017::192_2b2_Ar_mc_LittC2SE__cycle_006,icbhi2017,icbhi2017::192,calibration,False,1,wheeze,2.785999999999998,1,0.80854434,0.82004464,0.8681186,0.8322358599999999,0.16776414000000006,1
icbhi2017::192_2b2_Ar_mc_LittC2SE__cycle_007,icbhi2017,icbhi2017::192,calibration,False,1,wheeze,0.3000000000000007,1,0.93610406,0.9153273,0.8753492,0.9089268533333333,0.09107314666666666,1
icbhi2017::192_2b3_Al_mc_LittC2SE__cycle_000,icbhi2017,icbhi2017::192,calibration,False,1,crackle,2.414,1,0.7604978,0.84000444,0.7971976,0.79923328,0.20076671999999995,1
icbhi2017::192_2b3_Al_mc_LittC2SE__cycle_001,icbhi2017,icbhi2017::192,calibration,False,1,wheeze,3.1710000000000003,1,0.962125,0.94183785,0.8969288,0.9336305500000001,0.06636944999999994,1
icbhi2017::192_2b3_Al_mc_LittC2SE__cycle_002,icbhi2017,icbhi2017::192,calibration,False,1,wheeze,3.4000000000000004,1,0.96952885,0.96903205,0.9489477,0.9625028666666667,0.037497133333333266,1
icbhi2017::192_2b3_Al_mc_LittC2SE__cycle_003,icbhi2017,icbhi2017::192,calibration,False,1,wheeze,2.9429999999999996,1,0.90864336,0.9158776,0.8542489,0.8929232866666666,0.10707671333333335,1
icbhi2017::192_2b3_Al_mc_LittC2SE__cycle_004,icbhi2017,icbhi2017::192,calibration,False,1,wheeze,3.343,1,0.9372497,0.94091785,0.8692658,0.9158111166666666,0.08418888333333341,1
icbhi2017::192_2b3_Al_mc_LittC2SE__cycle_005,icbhi2017,icbhi2017::192,calibration,False,1,wheeze,2.799999999999999,1,0.96889436,0.96053755,0.87577075,0.9350675533333334,0.06493244666666664,1
icbhi2017::192_2b3_Al_mc_LittC2SE__cycle_006,icbhi2017,icbhi2017::192,calibration,False,1,wheeze,1.7570000000000014,1,0.9734397,0.9487155,0.89823973,0.9401316433333333,0.05986835666666668,1
icbhi2017::192_2b3_Ar_mc_LittC2SE__cycle_000,icbhi2017,icbhi2017::192,calibration,False,0,normal,2.443,0,0.5504731,0.46052754,0.51666844,0.5092230266666666,0.49077697333333337,1
icbhi2017::192_2b3_Ar_mc_LittC2SE__cycle_001,icbhi2017,icbhi2017::192,calibration,False,1,wheeze,3.1570000000000005,1,0.87875974,0.8816016,0.87419116,0.8781841666666667,0.12181583333333335,1
icbhi2017::192_2b3_Ar_mc_LittC2SE__cycle_002,icbhi2017,icbhi2017::192,calibration,False,1,wheeze,3.2569999999999997,1,0.9643026,0.972954,0.9782748,0.9718437999999999,0.028156200000000076,1
icbhi2017::192_2b3_Ar_mc_LittC2SE__cycle_003,icbhi2017,icbhi2017::192,calibration,False,1,wheeze,3.2140000000000004,1,0.89578605,0.8899131,0.9078476,0.8978489166666668,0.10215108333333323,1
icbhi2017::192_2b3_Ar_mc_LittC2SE__cycle_004,icbhi2017,icbhi2017::192,calibration,False,1,wheeze,3.115,1,0.9469369,0.9564776,0.9426167,0.9486770666666667,0.051322933333333265,1
icbhi2017::192_2b3_Ar_mc_LittC2SE__cycle_005,icbhi2017,icbhi2017::192,calibration,False,1,wheeze,2.9570000000000007,1,0.9702248,0.9731828,0.96700525,0.9701376166666668,0.029862383333333242,1
icbhi2017::192_2b3_Ar_mc_LittC2SE__cycle_006,icbhi2017,icbhi2017::192,calibration,False,1,wheeze,1.686,1,0.9678087,0.9652996,0.9702134,0.9677739000000001,0.032226099999999924,1
icbhi2017::197_1b1_Al_sc_Meditron__cycle_000,icbhi2017,icbhi2017::197,calibration,False,0,normal,7.157,0,0.27341524,0.40735805,0.50855273,0.39644200666666674,0.6035579933333333,0
icbhi2017::197_1b1_Al_sc_Meditron__cycle_001,icbhi2017,icbhi2017::197,calibration,False,0,normal,5.785,0,0.7495801,0.6968667,0.7415862,0.7293443333333333,0.27065566666666674,1
icbhi2017::197_1b1_Al_sc_Meditron__cycle_002,icbhi2017,icbhi2017::197,calibration,False,0,normal,6.999999999999998,0,0.68895936,0.58365494,0.6220044,0.6315395666666667,0.36846043333333334,1
icbhi2017::197_1b1_Tc_sc_Meditron__cycle_000,icbhi2017,icbhi2017::197,calibration,False,0,normal,4.9990000000000006,0,0.21168052,0.31378826,0.31110972,0.2788595,0.7211405,0
icbhi2017::197_1b1_Tc_sc_Meditron__cycle_001,icbhi2017,icbhi2017::197,calibration,False,1,crackle,4.515,1,0.19636762,0.20180118,0.21772501,0.20529793666666665,0.7947020633333334,0
icbhi2017::197_1b1_Tc_sc_Meditron__cycle_002,icbhi2017,icbhi2017::197,calibration,False,0,normal,3.943,0,0.21635951,0.191693,0.24744388,0.21849879666666663,0.7815012033333334,0
icbhi2017::197_1b1_Tc_sc_Meditron__cycle_003,icbhi2017,icbhi2017::197,calibration,False,0,normal,3.757,0,0.27578238,0.31901065,0.3443169,0.3130366433333333,0.6869633566666666,0
icbhi2017::197_1b1_Tc_sc_Meditron__cycle_004,icbhi2017,icbhi2017::197,calibration,False,1,wheeze,2.3569999999999993,1,0.27650118,0.22762442,0.28364578,0.26259046,0.73740954,0
icbhi2017::204_2b5_Al_mc_AKGC417L__cycle_000,icbhi2017,icbhi2017::204,calibration,False,0,normal,0.762,0,0.78901106,0.8832259,0.85778964,0.8433422,0.15665779999999996,1
icbhi2017::204_2b5_Al_mc_AKGC417L__cycle_001,icbhi2017,icbhi2017::204,calibration,False,1,wheeze,3.5709999999999997,1,0.69625217,0.698794,0.53851193,0.6445193666666666,0.35548063333333335,1
icbhi2017::204_2b5_Al_mc_AKGC417L__cycle_002,icbhi2017,icbhi2017::204,calibration,False,1,wheeze,3.3099999999999996,1,0.9709542,0.96571964,0.9501913,0.96228838,0.037711619999999946,1
icbhi2017::204_2b5_Al_mc_AKGC417L__cycle_003,icbhi2017,icbhi2017::204,calibration,False,1,wheeze,3.761,1,0.9648282,0.93823594,0.9031147,0.9353929466666667,0.06460705333333328,1
icbhi2017::204_2b5_Al_mc_AKGC417L__cycle_004,icbhi2017,icbhi2017::204,calibration,False,0,normal,4.155000000000001,0,0.89577013,0.8760204,0.9192221,0.8970042100000001,0.10299578999999992,1
icbhi2017::204_2b5_Al_mc_AKGC417L__cycle_005,icbhi2017,icbhi2017::204,calibration,False,1,wheeze,2.892999999999999,1,0.9818901,0.9768638,0.9078028,0.9555189000000001,0.04448109999999994,1
icbhi2017::204_2b5_Al_mc_AKGC417L__cycle_006,icbhi2017,icbhi2017::204,calibration,False,0,normal,1.5,0,0.23981948,0.12229945,0.24287567,0.20166486666666664,0.7983351333333334,0
icbhi2017::204_2b5_Ar_mc_AKGC417L__cycle_000,icbhi2017,icbhi2017::204,calibration,False,0,normal,0.7739999999999999,0,0.3460187,0.386307,0.37511817,0.36914795666666667,0.6308520433333333,0
icbhi2017::204_2b5_Ar_mc_AKGC417L__cycle_001,icbhi2017,icbhi2017::204,calibration,False,1,wheeze,3.4400000000000004,1,0.23731269,0.06778761,0.09892651,0.1346756033333333,0.8653243966666667,0
icbhi2017::204_2b5_Ar_mc_AKGC417L__cycle_002,icbhi2017,icbhi2017::204,calibration,False,1,wheeze,3.5,1,0.23433238,0.13147628,0.18638745,0.18406537,0.81593463,0
icbhi2017::204_2b5_Ar_mc_AKGC417L__cycle_003,icbhi2017,icbhi2017::204,calibration,False,0,normal,3.892999999999999,0,0.67849237,0.8312868,0.706812,0.7388637233333334,0.2611362766666666,1
icbhi2017::204_2b5_Ar_mc_AKGC417L__cycle_004,icbhi2017,icbhi2017::204,calibration,False,0,normal,3.916,0,0.6469644,0.50433165,0.47397053,0.5417555266666666,0.4582444733333334,1
icbhi2017::204_2b5_Ar_mc_AKGC417L__cycle_005,icbhi2017,icbhi2017::204,calibration,False,0,normal,2.953000000000001,0,0.48662153,0.21205425,0.19559312,0.2980896333333334,0.7019103666666666,0
icbhi2017::204_2b5_Ar_mc_AKGC417L__cycle_006,icbhi2017,icbhi2017::204,calibration,False,0,normal,1.4639999999999986,0,0.5145291,0.31378335,0.2811548,0.36982241666666665,0.6301775833333334,0
icbhi2017::204_2b5_Ll_mc_AKGC417L__cycle_000,icbhi2017,icbhi2017::204,calibration,False,0,normal,0.881,0,0.8974835,0.9433652,0.90633786,0.9157288533333334,0.08427114666666657,1
icbhi2017::204_2b5_Ll_mc_AKGC417L__cycle_001,icbhi2017,icbhi2017::204,calibration,False,0,normal,3.607,0,0.95828575,0.9182642,0.8923282,0.9229593833333333,0.07704061666666673,1
icbhi2017::204_2b5_Ll_mc_AKGC417L__cycle_002,icbhi2017,icbhi2017::204,calibration,False,0,normal,3.476,0,0.9573049,0.96830565,0.9616051,0.9624052166666667,0.037594783333333326,1
icbhi2017::204_2b5_Ll_mc_AKGC417L__cycle_003,icbhi2017,icbhi2017::204,calibration,False,0,normal,3.810000000000001,0,0.9883505,0.9885675,0.983293,0.9867370000000001,0.013262999999999914,1
icbhi2017::204_2b5_Ll_mc_AKGC417L__cycle_004,icbhi2017,icbhi2017::204,calibration,False,0,normal,3.833,0,0.9396643,0.8870864,0.8838218,0.9035241666666667,0.09647583333333332,1
icbhi2017::204_2b5_Ll_mc_AKGC417L__cycle_005,icbhi2017,icbhi2017::204,calibration,False,0,normal,3.8930000000000007,0,0.93921876,0.87489885,0.86572814,0.8932819166666667,0.10671808333333332,1
icbhi2017::204_2b5_Ll_mc_AKGC417L__cycle_006,icbhi2017,icbhi2017::204,calibration,False,0,normal,0.4519999999999982,0,0.79407555,0.6957891,0.67448807,0.7214509066666667,0.27854909333333333,1
icbhi2017::204_7p5_Al_mc_AKGC417L__cycle_000,icbhi2017,icbhi2017::204,calibration,False,0,normal,2.798,0,0.5373214,0.32235998,0.43972558,0.4331356533333333,0.5668643466666667,0
icbhi2017::204_7p5_Al_mc_AKGC417L__cycle_001,icbhi2017,icbhi2017::204,calibration,False,0,normal,2.952,0,0.6403866,0.514928,0.4950917,0.5501354333333334,0.44986456666666663,1
icbhi2017::204_7p5_Al_mc_AKGC417L__cycle_002,icbhi2017,icbhi2017::204,calibration,False,0,normal,3.1910000000000007,0,0.3456542,0.3718763,0.35382053,0.35711701000000007,0.6428829899999999,0
icbhi2017::204_7p5_Al_mc_AKGC417L__cycle_003,icbhi2017,icbhi2017::204,calibration,False,0,normal,2.963999999999998,0,0.7501817,0.43123385,0.28334627,0.48825393999999994,0.5117460600000001,0
icbhi2017::204_7p5_Al_mc_AKGC417L__cycle_004,icbhi2017,icbhi2017::204,calibration,False,0,normal,3.0600000000000005,0,0.5776912,0.2474803,0.22052294,0.3485648133333333,0.6514351866666668,0
icbhi2017::204_7p5_Al_mc_AKGC417L__cycle_005,icbhi2017,icbhi2017::204,calibration,False,0,normal,3.1309999999999985,0,0.7457328,0.3205607,0.42302158,0.49643835999999997,0.50356164,0
icbhi2017::204_7p5_Al_mc_AKGC417L__cycle_006,icbhi2017,icbhi2017::204,calibration,False,0,normal,1.785,0,0.13587885,0.17662348,0.0639406,0.12548097666666666,0.8745190233333333,0
icbhi2017::204_7p5_Ar_mc_AKGC417L__cycle_000,icbhi2017,icbhi2017::204,calibration,False,0,normal,2.702,0,0.3720064,0.18682265,0.24337621,0.2674017533333333,0.7325982466666667,0
icbhi2017::204_7p5_Ar_mc_AKGC417L__cycle_001,icbhi2017,icbhi2017::204,calibration,False,0,normal,3.048,0,0.30483383,0.19483177,0.093853526,0.19783970866666664,0.8021602913333333,0
icbhi2017::204_7p5_Ar_mc_AKGC417L__cycle_002,icbhi2017,icbhi2017::204,calibration,False,0,normal,3.0829999999999993,0,0.5564385,0.14480413,0.10603458,0.26909240333333334,0.7309075966666667,0
icbhi2017::204_7p5_Ar_mc_AKGC417L__cycle_003,icbhi2017,icbhi2017::204,calibration,False,0,normal,2.976000000000001,0,0.30601653,0.08935963,0.06088575,0.15208730333333334,0.8479126966666667,0
icbhi2017::204_7p5_Ar_mc_AKGC417L__cycle_004,icbhi2017,icbhi2017::204,calibration,False,0,normal,3.1430000000000007,0,0.21685591,0.28734258,0.07469467,0.19296438666666668,0.8070356133333333,0
icbhi2017::204_7p5_Ar_mc_AKGC417L__cycle_005,icbhi2017,icbhi2017::204,calibration,False,0,normal,3.035999999999998,0,0.69510937,0.27226868,0.16481863,0.3773988933333334,0.6226011066666666,0
icbhi2017::204_7p5_Ar_mc_AKGC417L__cycle_006,icbhi2017,icbhi2017::204,calibration,False,0,normal,1.904,0,0.7876668,0.504425,0.36403915,0.55204365,0.44795635,1
icbhi2017::204_7p5_Ll_mc_AKGC417L__cycle_000,icbhi2017,icbhi2017::204,calibration,False,0,normal,2.846,0,0.4803561,0.19031736,0.23395696,0.3015434733333333,0.6984565266666667,0
icbhi2017::204_7p5_Ll_mc_AKGC417L__cycle_001,icbhi2017,icbhi2017::204,calibration,False,0,normal,2.952,0,0.5517297,0.12562263,0.16059378,0.27931537,0.72068463,0
icbhi2017::204_7p5_Ll_mc_AKGC417L__cycle_002,icbhi2017,icbhi2017::204,calibration,False,0,normal,3.0359999999999996,0,0.65034676,0.48217908,0.15884794,0.43045792666666666,0.5695420733333334,0
icbhi2017::204_7p5_Ll_mc_AKGC417L__cycle_003,icbhi2017,icbhi2017::204,calibration,False,0,normal,3.202,0,0.5439118,0.57931757,0.19514199,0.4394571199999999,0.5605428800000001,0
icbhi2017::204_7p5_Ll_mc_AKGC417L__cycle_004,icbhi2017,icbhi2017::204,calibration,False,0,normal,3.072000000000001,0,0.6768772,0.68511856,0.29342625,0.5518073366666667,0.4481926633333333,1
icbhi2017::204_7p5_Ll_mc_AKGC417L__cycle_005,icbhi2017,icbhi2017::204,calibration,False,0,normal,3.022999999999998,0,0.74677217,0.4275162,0.17818634,0.45082490333333336,0.5491750966666666,0
icbhi2017::204_7p5_Ll_mc_AKGC417L__cycle_006,icbhi2017,icbhi2017::204,calibration,False,0,normal,1.738000000000003,0,0.82245964,0.81700826,0.40374184,0.6810699133333333,0.31893008666666667,1
icbhi2017::204_7p5_Lr_mc_AKGC417L__cycle_000,icbhi2017,icbhi2017::204,calibration,False,0,normal,2.738,0,0.7166325,0.1379143,0.10761773,0.32072151,0.67927849,0
icbhi2017::204_7p5_Lr_mc_AKGC417L__cycle_001,icbhi2017,icbhi2017::204,calibration,False,0,normal,3.071,0,0.40383357,0.18143871,0.061300755,0.21552434499999998,0.784475655,0
icbhi2017::204_7p5_Lr_mc_AKGC417L__cycle_002,icbhi2017,icbhi2017::204,calibration,False,0,normal,3.048,0,0.29404962,0.052245133,0.034440674,0.12691180900000001,0.873088191,0
icbhi2017::204_7p5_Lr_mc_AKGC417L__cycle_003,icbhi2017,icbhi2017::204,calibration,False,0,normal,3.0950000000000006,0,0.27979973,0.25593355,0.047232654,0.19432197800000003,0.8056780219999999,0
icbhi2017::204_7p5_Lr_mc_AKGC417L__cycle_004,icbhi2017,icbhi2017::204,calibration,False,0,normal,3.0589999999999993,0,0.26737773,0.17225805,0.05448737,0.16470771666666664,0.8352922833333334,0
icbhi2017::204_7p5_Lr_mc_AKGC417L__cycle_005,icbhi2017,icbhi2017::204,calibration,False,0,normal,3.0840000000000014,0,0.44700828,0.10002631,0.046695255,0.19790994833333334,0.8020900516666667,0
icbhi2017::204_7p5_Lr_mc_AKGC417L__cycle_006,icbhi2017,icbhi2017::204,calibration,False,0,normal,1.796999999999997,0,0.54566556,0.26703995,0.15236254,0.32168935,0.67831065,0
icbhi2017::204_7p5_Pr_mc_AKGC417L__cycle_000,icbhi2017,icbhi2017::204,calibration,False,0,normal,2.905,0,0.60255784,0.38806632,0.36045596,0.4503600400000001,0.5496399599999999,0
icbhi2017::204_7p5_Pr_mc_AKGC417L__cycle_001,icbhi2017,icbhi2017::204,calibration,False,0,normal,2.881,0,0.51867205,0.1520908,0.14699642,0.2725864233333333,0.7274135766666667,0
icbhi2017::204_7p5_Pr_mc_AKGC417L__cycle_002,icbhi2017,icbhi2017::204,calibration,False,0,normal,3.249999999999999,0,0.77514833,0.4342132,0.3049744,0.5047786433333333,0.49522135666666667,1
icbhi2017::204_7p5_Pr_mc_AKGC417L__cycle_003,icbhi2017,icbhi2017::204,calibration,False,0,normal,3.119,0,0.6824312,0.45903105,0.24853891,0.46333372,0.5366662799999999,0
icbhi2017::204_7p5_Pr_mc_AKGC417L__cycle_004,icbhi2017,icbhi2017::204,calibration,False,0,normal,2.881,0,0.7008677,0.5207525,0.45039055,0.5573369166666666,0.4426630833333334,1
icbhi2017::204_7p5_Pr_mc_AKGC417L__cycle_005,icbhi2017,icbhi2017::204,calibration,False,0,normal,3.190999999999999,0,0.63798404,0.4078533,0.35253122,0.46612285333333325,0.5338771466666667,0
icbhi2017::204_7p5_Pr_mc_AKGC417L__cycle_006,icbhi2017,icbhi2017::204,calibration,False,0,normal,1.654,0,0.63866824,0.51158077,0.6698085,0.6066858366666666,0.39331416333333336,1
icbhi2017::204_7p5_Tc_mc_AKGC417L__cycle_000,icbhi2017,icbhi2017::204,calibration,False,0,normal,2.941,0,0.682943,0.32224673,0.17273746,0.3926423966666666,0.6073576033333334,0
icbhi2017::204_7p5_Tc_mc_AKGC417L__cycle_001,icbhi2017,icbhi2017::204,calibration,False,0,normal,2.7380000000000004,0,0.5434875,0.3792844,0.17261213,0.36512801000000006,0.6348719899999999,0
icbhi2017::204_7p5_Tc_mc_AKGC417L__cycle_002,icbhi2017,icbhi2017::204,calibration,False,0,normal,3.202,0,0.5631637,0.2077366,0.23686284,0.33592104666666667,0.6640789533333333,0
icbhi2017::204_7p5_Tc_mc_AKGC417L__cycle_003,icbhi2017,icbhi2017::204,calibration,False,0,normal,3.0,0,0.42320988,0.2880609,0.087025404,0.266098728,0.733901272,0
icbhi2017::204_7p5_Tc_mc_AKGC417L__cycle_004,icbhi2017,icbhi2017::204,calibration,False,0,normal,2.9879999999999995,0,0.27677754,0.13541365,0.085033424,0.165741538,0.834258462,0
icbhi2017::204_7p5_Tc_mc_AKGC417L__cycle_005,icbhi2017,icbhi2017::204,calibration,False,0,normal,3.238999999999999,0,0.55283266,0.13786602,0.11545131,0.2687166633333333,0.7312833366666667,0
icbhi2017::204_7p5_Tc_mc_AKGC417L__cycle_006,icbhi2017,icbhi2017::204,calibration,False,0,normal,1.7729999999999997,0,0.2698398,0.16395614,0.15832175,0.19737256333333333,0.8026274366666667,0
icbhi2017::222_1b1_Ar_sc_Meditron__cycle_000,icbhi2017,icbhi2017::222,calibration,False,0,normal,5.4518,0,0.22973736,0.29744053,0.23047203,0.25254997333333334,0.7474500266666666,0
icbhi2017::222_1b1_Ar_sc_Meditron__cycle_001,icbhi2017,icbhi2017::222,calibration,False,0,normal,4.743,0,0.07710801,0.041206133,0.08395469,0.06742294433333333,0.9325770556666667,0
icbhi2017::222_1b1_Ar_sc_Meditron__cycle_002,icbhi2017,icbhi2017::222,calibration,False,0,normal,5.908000000000001,0,0.08194981,0.049736656,0.10337064,0.07835236866666667,0.9216476313333333,0
icbhi2017::222_1b1_Ar_sc_Meditron__cycle_003,icbhi2017,icbhi2017::222,calibration,False,0,normal,6.027999999999999,0,0.15046108,0.1972704,0.2504792,0.19940356,0.80059644,0
icbhi2017::222_1b1_Ar_sc_Meditron__cycle_004,icbhi2017,icbhi2017::222,calibration,False,0,normal,9.438000000000002,0,0.21452379,0.3163758,0.18394834,0.2382826433333333,0.7617173566666667,0
icbhi2017::222_1b1_Ar_sc_Meditron__cycle_005,icbhi2017,icbhi2017::222,calibration,False,0,normal,8.25,0,0.3559301,0.1775103,0.362528,0.29865613333333335,0.7013438666666667,0
icbhi2017::222_1b1_Ar_sc_Meditron__cycle_006,icbhi2017,icbhi2017::222,calibration,False,0,normal,8.068999999999996,0,0.072509065,0.081618674,0.21211155,0.12207976300000001,0.877920237,0
icbhi2017::222_1b1_Ar_sc_Meditron__cycle_007,icbhi2017,icbhi2017::222,calibration,False,0,normal,8.178000000000004,0,0.06986933,0.13985853,0.24652052,0.15208279333333333,0.8479172066666667,0
icbhi2017::222_1b1_Ar_sc_Meditron__cycle_008,icbhi2017,icbhi2017::222,calibration,False,0,normal,8.140999999999998,0,0.040768765,0.0564405,0.1334432,0.076884155,0.923115845,0
icbhi2017::222_1b1_Ar_sc_Meditron__cycle_009,icbhi2017,icbhi2017::222,calibration,False,0,normal,2.426000000000002,0,0.11228531,0.1202456,0.19775759,0.1434295,0.8565705,0
icbhi2017::222_1b1_Lr_sc_Meditron__cycle_000,icbhi2017,icbhi2017::222,calibration,False,1,crackle,2.6267,1,0.1706171,0.13147672,0.1599478,0.1540138733333333,0.8459861266666667,0
icbhi2017::222_1b1_Lr_sc_Meditron__cycle_001,icbhi2017,icbhi2017::222,calibration,False,0,normal,2.9853000000000005,0,0.12355006,0.030899264,0.07231599,0.075588438,0.924411562,0
icbhi2017::222_1b1_Lr_sc_Meditron__cycle_002,icbhi2017,icbhi2017::222,calibration,False,1,crackle,3.1422999999999988,1,0.34953016,0.14055644,0.21741572,0.23583410666666668,0.7641658933333333,0
icbhi2017::222_1b1_Lr_sc_Meditron__cycle_003,icbhi2017,icbhi2017::222,calibration,False,0,normal,1.904,0,0.11941003,0.03617432,0.08679222,0.08079219,0.91920781,0
icbhi2017::222_1b1_Lr_sc_Meditron__cycle_004,icbhi2017,icbhi2017::222,calibration,False,0,normal,1.843,0,0.11474153,0.06371215,0.12848416,0.10231261333333334,0.8976873866666667,0
icbhi2017::222_1b1_Lr_sc_Meditron__cycle_005,icbhi2017,icbhi2017::222,calibration,False,1,crackle,3.327,1,0.22208716,0.05240607,0.14592579,0.14013967333333335,0.8598603266666667,0
icbhi2017::222_1b1_Lr_sc_Meditron__cycle_006,icbhi2017,icbhi2017::222,calibration,False,0,normal,2.3180000000000014,0,0.06391604,0.04498867,0.09483166,0.06791212333333334,0.9320878766666667,0
icbhi2017::222_1b1_Lr_sc_Meditron__cycle_007,icbhi2017,icbhi2017::222,calibration,False,1,crackle,3.064,1,0.4369638,0.2542894,0.3081171,0.33312343333333333,0.6668765666666667,0
icbhi2017::222_1b1_Lr_sc_Meditron__cycle_008,icbhi2017,icbhi2017::222,calibration,False,0,normal,2.088999999999998,0,0.15215094,0.052211232,0.1119435,0.10543522400000001,0.894564776,0
icbhi2017::222_1b1_Lr_sc_Meditron__cycle_009,icbhi2017,icbhi2017::222,calibration,False,1,crackle,3.5169999999999995,1,0.18353832,0.058555905,0.10941751,0.11717057833333333,0.8828294216666667,0
icbhi2017::222_1b1_Lr_sc_Meditron__cycle_010,icbhi2017,icbhi2017::222,calibration,False,1,crackle,3.9209999999999994,1,0.22888857,0.15468535,0.14150168,0.1750252,0.8249748,0
icbhi2017::222_1b1_Lr_sc_Meditron__cycle_011,icbhi2017,icbhi2017::222,calibration,False,1,crackle,2.4980000000000047,1,0.11990224,0.059833497,0.19042823,0.12338798899999999,0.876612011,0
icbhi2017::222_1b1_Lr_sc_Meditron__cycle_012,icbhi2017,icbhi2017::222,calibration,False,1,crackle,3.747,1,0.5878493,0.31270388,0.6138997,0.5048176266666666,0.49518237333333337,1
icbhi2017::222_1b1_Lr_sc_Meditron__cycle_013,icbhi2017,icbhi2017::222,calibration,False,1,crackle,3.8359999999999985,1,0.051554628,0.036107205,0.073129535,0.05359712266666666,0.9464028773333333,0
icbhi2017::222_1b1_Lr_sc_Meditron__cycle_014,icbhi2017,icbhi2017::222,calibration,False,1,crackle,4.256999999999998,1,0.18292333,0.032917496,0.064691044,0.09351062333333333,0.9064893766666666,0
icbhi2017::222_1b1_Lr_sc_Meditron__cycle_015,icbhi2017,icbhi2017::222,calibration,False,1,crackle,4.463999999999999,1,0.18316342,0.07800393,0.14180876,0.13432537,0.86567463,0
icbhi2017::222_1b1_Lr_sc_Meditron__cycle_016,icbhi2017,icbhi2017::222,calibration,False,1,crackle,4.6200000000000045,1,0.11673558,0.026911642,0.09510681,0.07958467733333334,0.9204153226666667,0
icbhi2017::222_1b1_Lr_sc_Meditron__cycle_017,icbhi2017,icbhi2017::222,calibration,False,0,normal,3.960000000000001,0,0.118895195,0.013995005,0.0483643,0.06041816666666666,0.9395818333333333,0
icbhi2017::222_1b1_Lr_sc_Meditron__cycle_018,icbhi2017,icbhi2017::222,calibration,False,1,crackle,4.850999999999992,1,0.16944113,0.051849525,0.16927062,0.13018709166666667,0.8698129083333334,0
icbhi2017::222_1b1_Lr_sc_Meditron__cycle_019,icbhi2017,icbhi2017::222,calibration,False,0,normal,3.332000000000008,0,0.24353437,0.10231537,0.17163354,0.17249442666666667,0.8275055733333333,0
icbhi2017::222_1b1_Pr_sc_Meditron__cycle_000,icbhi2017,icbhi2017::222,calibration,False,0,normal,5.14633,0,0.09896068,0.17336509,0.09423088,0.12218555000000002,0.87781445,0
icbhi2017::222_1b1_Pr_sc_Meditron__cycle_001,icbhi2017,icbhi2017::222,calibration,False,0,normal,4.270900000000001,0,0.07135366,0.05223273,0.17417918,0.09925519,0.90074481,0
icbhi2017::222_1b1_Pr_sc_Meditron__cycle_002,icbhi2017,icbhi2017::222,calibration,False,0,normal,7.2758,0,0.16818649,0.0939027,0.3193338,0.19380766333333332,0.8061923366666667,0
icbhi2017::222_1b1_Pr_sc_Meditron__cycle_003,icbhi2017,icbhi2017::222,calibration,False,0,normal,5.442,0,0.35938355,0.14264376,0.3513057,0.2844443366666667,0.7155556633333333,0
icbhi2017::222_1b1_Pr_sc_Meditron__cycle_004,icbhi2017,icbhi2017::222,calibration,False,0,normal,5.045999999999999,0,0.34018353,0.13493624,0.32092166,0.26534714333333337,0.7346528566666666,0
icbhi2017::222_1b1_Pr_sc_Meditron__cycle_005,icbhi2017,icbhi2017::222,calibration,False,0,normal,4.111000000000001,0,0.101796456,0.14108267,0.28031573,0.17439828533333332,0.8256017146666667,0
icbhi2017::222_1b1_Pr_sc_Meditron__cycle_006,icbhi2017,icbhi2017::222,calibration,False,0,normal,8.690000000000001,0,0.12029668,0.12421655,0.22148913,0.15533412,0.84466588,0
icbhi2017::222_1b1_Pr_sc_Meditron__cycle_007,icbhi2017,icbhi2017::222,calibration,False,1,wheeze,7.3459999999999965,1,0.21794595,0.15882748,0.23347428,0.20341590333333334,0.7965840966666666,0
icbhi2017::222_1b1_Pr_sc_Meditron__cycle_008,icbhi2017,icbhi2017::222,calibration,False,1,wheeze,6.939,1,0.90861726,0.6783551,0.58418304,0.7237184666666666,0.2762815333333334,1
icbhi2017::222_1b1_Pr_sc_Meditron__cycle_009,icbhi2017,icbhi2017::222,calibration,False,1,wheeze,3.3659999999999997,1,0.49498668,0.47768554,0.35311165,0.4419279566666667,0.5580720433333333,0
icbhi2017::222_1b1_Pr_sc_Meditron__cycle_010,icbhi2017,icbhi2017::222,calibration,False,1,wheeze,2.727000000000004,1,0.19635554,0.27673948,0.16459619,0.21256373666666664,0.7874362633333334,0
icbhi2017::222_1b1_Pr_sc_Meditron__cycle_011,icbhi2017,icbhi2017::222,calibration,False,1,wheeze,3.4540000000000006,1,0.849587,0.69173634,0.8050543,0.78212588,0.21787411999999995,1
icbhi2017::222_1b1_Pr_sc_Meditron__cycle_012,icbhi2017,icbhi2017::222,calibration,False,1,wheeze,3.3659999999999997,1,0.8175834,0.68537974,0.6513477,0.7181036133333333,0.2818963866666667,1
icbhi2017::222_1b1_Pr_sc_Meditron__cycle_013,icbhi2017,icbhi2017::222,calibration,False,1,wheeze,4.9339999999999975,1,0.9037558,0.7203619,0.8132929,0.8124701999999999,0.18752980000000008,1
icbhi2017::222_1b1_Pr_sc_Meditron__cycle_014,icbhi2017,icbhi2017::222,calibration,False,1,wheeze,1.093999999999994,1,0.91355366,0.5426372,0.86100453,0.7723984633333334,0.2276015366666666,1
icbhi2017::226_1b1_Al_sc_Meditron__cycle_000,icbhi2017,icbhi2017::226,calibration,False,0,normal,0.957,0,0.20051752,0.17656855,0.3177377,0.23160792333333333,0.7683920766666666,0
icbhi2017::226_1b1_Al_sc_Meditron__cycle_001,icbhi2017,icbhi2017::226,calibration,False,0,normal,1.885,0,0.14382337,0.098770216,0.21066236,0.15108531533333333,0.8489146846666666,0
icbhi2017::226_1b1_Al_sc_Meditron__cycle_002,icbhi2017,icbhi2017::226,calibration,False,1,crackle,2.0570000000000004,1,0.10729104,0.09800709,0.1325317,0.11260994333333334,0.8873900566666667,0
icbhi2017::226_1b1_Al_sc_Meditron__cycle_003,icbhi2017,icbhi2017::226,calibration,False,1,crackle,2.258,1,0.18074028,0.070154056,0.15484399,0.13524610866666667,0.8647538913333334,0
icbhi2017::226_1b1_Al_sc_Meditron__cycle_004,icbhi2017,icbhi2017::226,calibration,False,0,normal,2.157,0,0.13637266,0.12177841,0.235064,0.16440502333333334,0.8355949766666666,0
icbhi2017::226_1b1_Al_sc_Meditron__cycle_005,icbhi2017,icbhi2017::226,calibration,False,0,normal,2.0570000000000004,0,0.19090827,0.120165415,0.21301629,0.17469665833333334,0.8253033416666666,0
icbhi2017::226_1b1_Al_sc_Meditron__cycle_006,icbhi2017,icbhi2017::226,calibration,False,0,normal,2.142999999999999,0,0.054735154,0.044629592,0.11320194,0.070855562,0.929144438,0
icbhi2017::226_1b1_Al_sc_Meditron__cycle_007,icbhi2017,icbhi2017::226,calibration,False,0,normal,2.3710000000000004,0,0.04475104,0.030246947,0.06778832,0.047595435666666665,0.9524045643333333,0
icbhi2017::226_1b1_Al_sc_Meditron__cycle_008,icbhi2017,icbhi2017::226,calibration,False,0,normal,2.3999999999999986,0,0.120412245,0.12777852,0.19091903,0.14636993166666667,0.8536300683333333,0
icbhi2017::226_1b1_Al_sc_Meditron__cycle_009,icbhi2017,icbhi2017::226,calibration,False,0,normal,1.657,0,0.09022681,0.0541754,0.1505386,0.09831360333333333,0.9016863966666666,0
icbhi2017::226_1b1_Ll_sc_Meditron__cycle_000,icbhi2017,icbhi2017::226,calibration,False,0,normal,2.0999999999999996,0,0.04776575,0.12256234,0.05067043,0.07366617333333335,0.9263338266666666,0
icbhi2017::226_1b1_Ll_sc_Meditron__cycle_001,icbhi2017,icbhi2017::226,calibration,False,1,crackle,1.857,1,0.21180806,0.249146,0.3277062,0.26288675333333333,0.7371132466666667,0
icbhi2017::226_1b1_Ll_sc_Meditron__cycle_002,icbhi2017,icbhi2017::226,calibration,False,1,crackle,1.8289999999999995,1,0.24451357,0.28332055,0.3346712,0.2875017733333334,0.7124982266666666,0
icbhi2017::226_1b1_Ll_sc_Meditron__cycle_003,icbhi2017,icbhi2017::226,calibration,False,1,crackle,1.957,1,0.10295201,0.12738164,0.1144579,0.11493051666666666,0.8850694833333334,0
icbhi2017::226_1b1_Ll_sc_Meditron__cycle_004,icbhi2017,icbhi2017::226,calibration,False,0,normal,2.014000000000001,0,0.037587024,0.08221752,0.06759012,0.062464887999999996,0.937535112,0
icbhi2017::226_1b1_Ll_sc_Meditron__cycle_005,icbhi2017,icbhi2017::226,calibration,False,1,crackle,1.9149999999999991,1,0.07663198,0.08697208,0.1431979,0.10226732,0.8977326800000001,0
icbhi2017::226_1b1_Ll_sc_Meditron__cycle_006,icbhi2017,icbhi2017::226,calibration,False,1,crackle,1.971,1,0.08289471,0.060758922,0.05877724,0.06747695733333334,0.9325230426666666,0
icbhi2017::226_1b1_Ll_sc_Meditron__cycle_007,icbhi2017,icbhi2017::226,calibration,False,1,crackle,2.1999999999999993,1,0.09350697,0.14841981,0.17657252,0.13949976666666666,0.8605002333333334,0
icbhi2017::226_1b1_Ll_sc_Meditron__cycle_008,icbhi2017,icbhi2017::226,calibration,False,0,normal,2.0139999999999993,0,0.11696022,0.15014808,0.15159763,0.13956864333333333,0.8604313566666667,0
icbhi2017::226_1b1_Ll_sc_Meditron__cycle_009,icbhi2017,icbhi2017::226,calibration,False,0,normal,1.9860000000000009,0,0.10597715,0.09474369,0.17296922,0.12456335333333335,0.8754366466666667,0
icbhi2017::226_1b1_Pl_sc_LittC2SE__cycle_000,icbhi2017,icbhi2017::226,calibration,False,0,normal,1.171,0,0.3827492,0.29375324,0.36471334,0.34707192666666664,0.6529280733333334,0
icbhi2017::226_1b1_Pl_sc_LittC2SE__cycle_001,icbhi2017,icbhi2017::226,calibration,False,0,normal,2.343,0,0.0055020684,0.016168514,0.021612056,0.014427546133333335,0.9855724538666667,0
icbhi2017::226_1b1_Pl_sc_LittC2SE__cycle_002,icbhi2017,icbhi2017::226,calibration,False,1,crackle,2.2,1,0.052584,0.043379173,0.11909027,0.07168448100000001,0.928315519,0
icbhi2017::226_1b1_Pl_sc_LittC2SE__cycle_003,icbhi2017,icbhi2017::226,calibration,False,1,crackle,2.1289999999999996,1,0.08662545,0.09559834,0.13052411,0.10424929999999999,0.8957507,0
icbhi2017::226_1b1_Pl_sc_LittC2SE__cycle_004,icbhi2017,icbhi2017::226,calibration,False,0,normal,1.9570000000000007,0,0.040593725,0.021429298,0.06519778,0.04240693433333333,0.9575930656666667,0
icbhi2017::226_1b1_Pl_sc_LittC2SE__cycle_005,icbhi2017,icbhi2017::226,calibration,False,1,crackle,1.885,1,0.17455222,0.13190557,0.21848366,0.17498048333333335,0.8250195166666666,0
icbhi2017::226_1b1_Pl_sc_LittC2SE__cycle_006,icbhi2017,icbhi2017::226,calibration,False,1,crackle,1.9719999999999995,1,0.07288041,0.1168225,0.1381967,0.10929987000000001,0.89070013,0
icbhi2017::226_1b1_Pl_sc_LittC2SE__cycle_007,icbhi2017,icbhi2017::226,calibration,False,0,normal,1.843,0,0.06044154,0.03360194,0.085509606,0.05985102866666667,0.9401489713333333,0
icbhi2017::226_1b1_Pl_sc_LittC2SE__cycle_008,icbhi2017,icbhi2017::226,calibration,False,0,normal,1.956999999999999,0,0.092657626,0.04509606,0.16690469,0.101552792,0.898447208,0
icbhi2017::226_1b1_Pl_sc_LittC2SE__cycle_009,icbhi2017,icbhi2017::226,calibration,False,1,crackle,1.9430000000000016,1,0.018049777,0.024099007,0.032134976,0.024761253333333334,0.9752387466666667,0
icbhi2017::226_1b1_Pl_sc_LittC2SE__cycle_010,icbhi2017,icbhi2017::226,calibration,False,0,normal,0.5429999999999993,0,0.047932982,0.062186692,0.11970494,0.07660820466666667,0.9233917953333334,0
